USE emojistudy_db;

INSERT INTO emoji_versions (emoji_version_id,emoji_version,emoji_version_name,emojipedia_url_ext) VALUES (1, 1.0, 'Emoji 1.0', 'emoji-1.0');
INSERT INTO emoji_versions (emoji_version_id,emoji_version,emoji_version_name,emojipedia_url_ext) VALUES (2, 2.0, 'Emoji 2.0', 'emoji-2.0');
INSERT INTO emoji_versions (emoji_version_id,emoji_version,emoji_version_name,emojipedia_url_ext) VALUES (3, 3.0, 'Emoji 3.0', 'emoji-3.0');
INSERT INTO emoji_versions (emoji_version_id,emoji_version,emoji_version_name,emojipedia_url_ext) VALUES (4, 4.0, 'Emoji 4.0', 'emoji-4.0');
INSERT INTO emoji_versions (emoji_version_id,emoji_version,emoji_version_name,emojipedia_url_ext) VALUES (5, 5.0, 'Emoji 5.0', 'emoji-5.0');

INSERT INTO codepoints (codepoint_id,codepoint,isComponent,isModifier,isModifierBase) VALUES (1, '23', 1, 0, 0);
INSERT INTO codepoints (codepoint_id,codepoint,isComponent,isModifier,isModifierBase) VALUES (2, '2A', 1, 0, 0);
INSERT INTO codepoints (codepoint_id,codepoint,isComponent,isModifier,isModifierBase) VALUES (3, '30', 1, 0, 0);
INSERT INTO codepoints (codepoint_id,codepoint,isComponent,isModifier,isModifierBase) VALUES (4, '31', 1, 0, 0);
INSERT INTO codepoints (codepoint_id,codepoint,isComponent,isModifier,isModifierBase) VALUES (5, '32', 1, 0, 0);
INSERT INTO codepoints (codepoint_id,codepoint,isComponent,isModifier,isModifierBase) VALUES (6, '33', 1, 0, 0);
INSERT INTO codepoints (codepoint_id,codepoint,isComponent,isModifier,isModifierBase) VALUES (7, '34', 1, 0, 0);
INSERT INTO codepoints (codepoint_id,codepoint,isComponent,isModifier,isModifierBase) VALUES (8, '35', 1, 0, 0);
INSERT INTO codepoints (codepoint_id,codepoint,isComponent,isModifier,isModifierBase) VALUES (9, '36', 1, 0, 0);
INSERT INTO codepoints (codepoint_id,codepoint,isComponent,isModifier,isModifierBase) VALUES (10, '37', 1, 0, 0);
INSERT INTO codepoints (codepoint_id,codepoint,isComponent,isModifier,isModifierBase) VALUES (11, '38', 1, 0, 0);
INSERT INTO codepoints (codepoint_id,codepoint,isComponent,isModifier,isModifierBase) VALUES (12, '39', 1, 0, 0);
INSERT INTO codepoints (codepoint_id,codepoint,isComponent,isModifier,isModifierBase) VALUES (13, 'A9', 0, 0, 0);
INSERT INTO codepoints (codepoint_id,codepoint,isComponent,isModifier,isModifierBase) VALUES (14, 'AE', 0, 0, 0);
INSERT INTO codepoints (codepoint_id,codepoint,isComponent,isModifier,isModifierBase) VALUES (15, '203C', 0, 0, 0);
INSERT INTO codepoints (codepoint_id,codepoint,isComponent,isModifier,isModifierBase) VALUES (16, '2049', 0, 0, 0);
INSERT INTO codepoints (codepoint_id,codepoint,isComponent,isModifier,isModifierBase) VALUES (17, '2122', 0, 0, 0);
INSERT INTO codepoints (codepoint_id,codepoint,isComponent,isModifier,isModifierBase) VALUES (18, '2139', 0, 0, 0);
INSERT INTO codepoints (codepoint_id,codepoint,isComponent,isModifier,isModifierBase) VALUES (19, '2194', 0, 0, 0);
INSERT INTO codepoints (codepoint_id,codepoint,isComponent,isModifier,isModifierBase) VALUES (20, '2195', 0, 0, 0);
INSERT INTO codepoints (codepoint_id,codepoint,isComponent,isModifier,isModifierBase) VALUES (21, '2196', 0, 0, 0);
INSERT INTO codepoints (codepoint_id,codepoint,isComponent,isModifier,isModifierBase) VALUES (22, '2197', 0, 0, 0);
INSERT INTO codepoints (codepoint_id,codepoint,isComponent,isModifier,isModifierBase) VALUES (23, '2198', 0, 0, 0);
INSERT INTO codepoints (codepoint_id,codepoint,isComponent,isModifier,isModifierBase) VALUES (24, '2199', 0, 0, 0);
INSERT INTO codepoints (codepoint_id,codepoint,isComponent,isModifier,isModifierBase) VALUES (25, '21A9', 0, 0, 0);
INSERT INTO codepoints (codepoint_id,codepoint,isComponent,isModifier,isModifierBase) VALUES (26, '21AA', 0, 0, 0);
INSERT INTO codepoints (codepoint_id,codepoint,isComponent,isModifier,isModifierBase) VALUES (27, '231A', 0, 0, 0);
INSERT INTO codepoints (codepoint_id,codepoint,isComponent,isModifier,isModifierBase) VALUES (28, '231B', 0, 0, 0);
INSERT INTO codepoints (codepoint_id,codepoint,isComponent,isModifier,isModifierBase) VALUES (29, '2328', 0, 0, 0);
INSERT INTO codepoints (codepoint_id,codepoint,isComponent,isModifier,isModifierBase) VALUES (30, '23CF', 0, 0, 0);
INSERT INTO codepoints (codepoint_id,codepoint,isComponent,isModifier,isModifierBase) VALUES (31, '23E9', 0, 0, 0);
INSERT INTO codepoints (codepoint_id,codepoint,isComponent,isModifier,isModifierBase) VALUES (32, '23EA', 0, 0, 0);
INSERT INTO codepoints (codepoint_id,codepoint,isComponent,isModifier,isModifierBase) VALUES (33, '23EB', 0, 0, 0);
INSERT INTO codepoints (codepoint_id,codepoint,isComponent,isModifier,isModifierBase) VALUES (34, '23EC', 0, 0, 0);
INSERT INTO codepoints (codepoint_id,codepoint,isComponent,isModifier,isModifierBase) VALUES (35, '23ED', 0, 0, 0);
INSERT INTO codepoints (codepoint_id,codepoint,isComponent,isModifier,isModifierBase) VALUES (36, '23EE', 0, 0, 0);
INSERT INTO codepoints (codepoint_id,codepoint,isComponent,isModifier,isModifierBase) VALUES (37, '23EF', 0, 0, 0);
INSERT INTO codepoints (codepoint_id,codepoint,isComponent,isModifier,isModifierBase) VALUES (38, '23F0', 0, 0, 0);
INSERT INTO codepoints (codepoint_id,codepoint,isComponent,isModifier,isModifierBase) VALUES (39, '23F1', 0, 0, 0);
INSERT INTO codepoints (codepoint_id,codepoint,isComponent,isModifier,isModifierBase) VALUES (40, '23F2', 0, 0, 0);
INSERT INTO codepoints (codepoint_id,codepoint,isComponent,isModifier,isModifierBase) VALUES (41, '23F3', 0, 0, 0);
INSERT INTO codepoints (codepoint_id,codepoint,isComponent,isModifier,isModifierBase) VALUES (42, '23F8', 0, 0, 0);
INSERT INTO codepoints (codepoint_id,codepoint,isComponent,isModifier,isModifierBase) VALUES (43, '23F9', 0, 0, 0);
INSERT INTO codepoints (codepoint_id,codepoint,isComponent,isModifier,isModifierBase) VALUES (44, '23FA', 0, 0, 0);
INSERT INTO codepoints (codepoint_id,codepoint,isComponent,isModifier,isModifierBase) VALUES (45, '24C2', 0, 0, 0);
INSERT INTO codepoints (codepoint_id,codepoint,isComponent,isModifier,isModifierBase) VALUES (46, '25AA', 0, 0, 0);
INSERT INTO codepoints (codepoint_id,codepoint,isComponent,isModifier,isModifierBase) VALUES (47, '25AB', 0, 0, 0);
INSERT INTO codepoints (codepoint_id,codepoint,isComponent,isModifier,isModifierBase) VALUES (48, '25B6', 0, 0, 0);
INSERT INTO codepoints (codepoint_id,codepoint,isComponent,isModifier,isModifierBase) VALUES (49, '25C0', 0, 0, 0);
INSERT INTO codepoints (codepoint_id,codepoint,isComponent,isModifier,isModifierBase) VALUES (50, '25FB', 0, 0, 0);
INSERT INTO codepoints (codepoint_id,codepoint,isComponent,isModifier,isModifierBase) VALUES (51, '25FC', 0, 0, 0);
INSERT INTO codepoints (codepoint_id,codepoint,isComponent,isModifier,isModifierBase) VALUES (52, '25FD', 0, 0, 0);
INSERT INTO codepoints (codepoint_id,codepoint,isComponent,isModifier,isModifierBase) VALUES (53, '25FE', 0, 0, 0);
INSERT INTO codepoints (codepoint_id,codepoint,isComponent,isModifier,isModifierBase) VALUES (54, '2600', 0, 0, 0);
INSERT INTO codepoints (codepoint_id,codepoint,isComponent,isModifier,isModifierBase) VALUES (55, '2601', 0, 0, 0);
INSERT INTO codepoints (codepoint_id,codepoint,isComponent,isModifier,isModifierBase) VALUES (56, '2602', 0, 0, 0);
INSERT INTO codepoints (codepoint_id,codepoint,isComponent,isModifier,isModifierBase) VALUES (57, '2603', 0, 0, 0);
INSERT INTO codepoints (codepoint_id,codepoint,isComponent,isModifier,isModifierBase) VALUES (58, '2604', 0, 0, 0);
INSERT INTO codepoints (codepoint_id,codepoint,isComponent,isModifier,isModifierBase) VALUES (59, '260E', 0, 0, 0);
INSERT INTO codepoints (codepoint_id,codepoint,isComponent,isModifier,isModifierBase) VALUES (60, '2611', 0, 0, 0);
INSERT INTO codepoints (codepoint_id,codepoint,isComponent,isModifier,isModifierBase) VALUES (61, '2614', 0, 0, 0);
INSERT INTO codepoints (codepoint_id,codepoint,isComponent,isModifier,isModifierBase) VALUES (62, '2615', 0, 0, 0);
INSERT INTO codepoints (codepoint_id,codepoint,isComponent,isModifier,isModifierBase) VALUES (63, '2618', 0, 0, 0);
INSERT INTO codepoints (codepoint_id,codepoint,isComponent,isModifier,isModifierBase) VALUES (64, '261D', 0, 0, 1);
INSERT INTO codepoints (codepoint_id,codepoint,isComponent,isModifier,isModifierBase) VALUES (65, '2620', 0, 0, 0);
INSERT INTO codepoints (codepoint_id,codepoint,isComponent,isModifier,isModifierBase) VALUES (66, '2622', 0, 0, 0);
INSERT INTO codepoints (codepoint_id,codepoint,isComponent,isModifier,isModifierBase) VALUES (67, '2623', 0, 0, 0);
INSERT INTO codepoints (codepoint_id,codepoint,isComponent,isModifier,isModifierBase) VALUES (68, '2626', 0, 0, 0);
INSERT INTO codepoints (codepoint_id,codepoint,isComponent,isModifier,isModifierBase) VALUES (69, '262A', 0, 0, 0);
INSERT INTO codepoints (codepoint_id,codepoint,isComponent,isModifier,isModifierBase) VALUES (70, '262E', 0, 0, 0);
INSERT INTO codepoints (codepoint_id,codepoint,isComponent,isModifier,isModifierBase) VALUES (71, '262F', 0, 0, 0);
INSERT INTO codepoints (codepoint_id,codepoint,isComponent,isModifier,isModifierBase) VALUES (72, '2638', 0, 0, 0);
INSERT INTO codepoints (codepoint_id,codepoint,isComponent,isModifier,isModifierBase) VALUES (73, '2639', 0, 0, 0);
INSERT INTO codepoints (codepoint_id,codepoint,isComponent,isModifier,isModifierBase) VALUES (74, '263A', 0, 0, 0);
INSERT INTO codepoints (codepoint_id,codepoint,isComponent,isModifier,isModifierBase) VALUES (75, '2640', 0, 0, 0);
INSERT INTO codepoints (codepoint_id,codepoint,isComponent,isModifier,isModifierBase) VALUES (76, '2642', 0, 0, 0);
INSERT INTO codepoints (codepoint_id,codepoint,isComponent,isModifier,isModifierBase) VALUES (77, '2648', 0, 0, 0);
INSERT INTO codepoints (codepoint_id,codepoint,isComponent,isModifier,isModifierBase) VALUES (78, '2649', 0, 0, 0);
INSERT INTO codepoints (codepoint_id,codepoint,isComponent,isModifier,isModifierBase) VALUES (79, '264A', 0, 0, 0);
INSERT INTO codepoints (codepoint_id,codepoint,isComponent,isModifier,isModifierBase) VALUES (80, '264B', 0, 0, 0);
INSERT INTO codepoints (codepoint_id,codepoint,isComponent,isModifier,isModifierBase) VALUES (81, '264C', 0, 0, 0);
INSERT INTO codepoints (codepoint_id,codepoint,isComponent,isModifier,isModifierBase) VALUES (82, '264D', 0, 0, 0);
INSERT INTO codepoints (codepoint_id,codepoint,isComponent,isModifier,isModifierBase) VALUES (83, '264E', 0, 0, 0);
INSERT INTO codepoints (codepoint_id,codepoint,isComponent,isModifier,isModifierBase) VALUES (84, '264F', 0, 0, 0);
INSERT INTO codepoints (codepoint_id,codepoint,isComponent,isModifier,isModifierBase) VALUES (85, '2650', 0, 0, 0);
INSERT INTO codepoints (codepoint_id,codepoint,isComponent,isModifier,isModifierBase) VALUES (86, '2651', 0, 0, 0);
INSERT INTO codepoints (codepoint_id,codepoint,isComponent,isModifier,isModifierBase) VALUES (87, '2652', 0, 0, 0);
INSERT INTO codepoints (codepoint_id,codepoint,isComponent,isModifier,isModifierBase) VALUES (88, '2653', 0, 0, 0);
INSERT INTO codepoints (codepoint_id,codepoint,isComponent,isModifier,isModifierBase) VALUES (89, '2660', 0, 0, 0);
INSERT INTO codepoints (codepoint_id,codepoint,isComponent,isModifier,isModifierBase) VALUES (90, '2663', 0, 0, 0);
INSERT INTO codepoints (codepoint_id,codepoint,isComponent,isModifier,isModifierBase) VALUES (91, '2665', 0, 0, 0);
INSERT INTO codepoints (codepoint_id,codepoint,isComponent,isModifier,isModifierBase) VALUES (92, '2666', 0, 0, 0);
INSERT INTO codepoints (codepoint_id,codepoint,isComponent,isModifier,isModifierBase) VALUES (93, '2668', 0, 0, 0);
INSERT INTO codepoints (codepoint_id,codepoint,isComponent,isModifier,isModifierBase) VALUES (94, '267B', 0, 0, 0);
INSERT INTO codepoints (codepoint_id,codepoint,isComponent,isModifier,isModifierBase) VALUES (95, '267F', 0, 0, 0);
INSERT INTO codepoints (codepoint_id,codepoint,isComponent,isModifier,isModifierBase) VALUES (96, '2692', 0, 0, 0);
INSERT INTO codepoints (codepoint_id,codepoint,isComponent,isModifier,isModifierBase) VALUES (97, '2693', 0, 0, 0);
INSERT INTO codepoints (codepoint_id,codepoint,isComponent,isModifier,isModifierBase) VALUES (98, '2694', 0, 0, 0);
INSERT INTO codepoints (codepoint_id,codepoint,isComponent,isModifier,isModifierBase) VALUES (99, '2695', 0, 0, 0);
INSERT INTO codepoints (codepoint_id,codepoint,isComponent,isModifier,isModifierBase) VALUES (100, '2696', 0, 0, 0);
INSERT INTO codepoints (codepoint_id,codepoint,isComponent,isModifier,isModifierBase) VALUES (101, '2697', 0, 0, 0);
INSERT INTO codepoints (codepoint_id,codepoint,isComponent,isModifier,isModifierBase) VALUES (102, '2699', 0, 0, 0);
INSERT INTO codepoints (codepoint_id,codepoint,isComponent,isModifier,isModifierBase) VALUES (103, '269B', 0, 0, 0);
INSERT INTO codepoints (codepoint_id,codepoint,isComponent,isModifier,isModifierBase) VALUES (104, '269C', 0, 0, 0);
INSERT INTO codepoints (codepoint_id,codepoint,isComponent,isModifier,isModifierBase) VALUES (105, '26A0', 0, 0, 0);
INSERT INTO codepoints (codepoint_id,codepoint,isComponent,isModifier,isModifierBase) VALUES (106, '26A1', 0, 0, 0);
INSERT INTO codepoints (codepoint_id,codepoint,isComponent,isModifier,isModifierBase) VALUES (107, '26AA', 0, 0, 0);
INSERT INTO codepoints (codepoint_id,codepoint,isComponent,isModifier,isModifierBase) VALUES (108, '26AB', 0, 0, 0);
INSERT INTO codepoints (codepoint_id,codepoint,isComponent,isModifier,isModifierBase) VALUES (109, '26B0', 0, 0, 0);
INSERT INTO codepoints (codepoint_id,codepoint,isComponent,isModifier,isModifierBase) VALUES (110, '26B1', 0, 0, 0);
INSERT INTO codepoints (codepoint_id,codepoint,isComponent,isModifier,isModifierBase) VALUES (111, '26BD', 0, 0, 0);
INSERT INTO codepoints (codepoint_id,codepoint,isComponent,isModifier,isModifierBase) VALUES (112, '26BE', 0, 0, 0);
INSERT INTO codepoints (codepoint_id,codepoint,isComponent,isModifier,isModifierBase) VALUES (113, '26C4', 0, 0, 0);
INSERT INTO codepoints (codepoint_id,codepoint,isComponent,isModifier,isModifierBase) VALUES (114, '26C5', 0, 0, 0);
INSERT INTO codepoints (codepoint_id,codepoint,isComponent,isModifier,isModifierBase) VALUES (115, '26C8', 0, 0, 0);
INSERT INTO codepoints (codepoint_id,codepoint,isComponent,isModifier,isModifierBase) VALUES (116, '26CE', 0, 0, 0);
INSERT INTO codepoints (codepoint_id,codepoint,isComponent,isModifier,isModifierBase) VALUES (117, '26CF', 0, 0, 0);
INSERT INTO codepoints (codepoint_id,codepoint,isComponent,isModifier,isModifierBase) VALUES (118, '26D1', 0, 0, 0);
INSERT INTO codepoints (codepoint_id,codepoint,isComponent,isModifier,isModifierBase) VALUES (119, '26D3', 0, 0, 0);
INSERT INTO codepoints (codepoint_id,codepoint,isComponent,isModifier,isModifierBase) VALUES (120, '26D4', 0, 0, 0);
INSERT INTO codepoints (codepoint_id,codepoint,isComponent,isModifier,isModifierBase) VALUES (121, '26E9', 0, 0, 0);
INSERT INTO codepoints (codepoint_id,codepoint,isComponent,isModifier,isModifierBase) VALUES (122, '26EA', 0, 0, 0);
INSERT INTO codepoints (codepoint_id,codepoint,isComponent,isModifier,isModifierBase) VALUES (123, '26F0', 0, 0, 0);
INSERT INTO codepoints (codepoint_id,codepoint,isComponent,isModifier,isModifierBase) VALUES (124, '26F1', 0, 0, 0);
INSERT INTO codepoints (codepoint_id,codepoint,isComponent,isModifier,isModifierBase) VALUES (125, '26F2', 0, 0, 0);
INSERT INTO codepoints (codepoint_id,codepoint,isComponent,isModifier,isModifierBase) VALUES (126, '26F3', 0, 0, 0);
INSERT INTO codepoints (codepoint_id,codepoint,isComponent,isModifier,isModifierBase) VALUES (127, '26F4', 0, 0, 0);
INSERT INTO codepoints (codepoint_id,codepoint,isComponent,isModifier,isModifierBase) VALUES (128, '26F5', 0, 0, 0);
INSERT INTO codepoints (codepoint_id,codepoint,isComponent,isModifier,isModifierBase) VALUES (129, '26F7', 0, 0, 0);
INSERT INTO codepoints (codepoint_id,codepoint,isComponent,isModifier,isModifierBase) VALUES (130, '26F8', 0, 0, 0);
INSERT INTO codepoints (codepoint_id,codepoint,isComponent,isModifier,isModifierBase) VALUES (131, '26F9', 0, 0, 1);
INSERT INTO codepoints (codepoint_id,codepoint,isComponent,isModifier,isModifierBase) VALUES (132, '26FA', 0, 0, 0);
INSERT INTO codepoints (codepoint_id,codepoint,isComponent,isModifier,isModifierBase) VALUES (133, '26FD', 0, 0, 0);
INSERT INTO codepoints (codepoint_id,codepoint,isComponent,isModifier,isModifierBase) VALUES (134, '2702', 0, 0, 0);
INSERT INTO codepoints (codepoint_id,codepoint,isComponent,isModifier,isModifierBase) VALUES (135, '2705', 0, 0, 0);
INSERT INTO codepoints (codepoint_id,codepoint,isComponent,isModifier,isModifierBase) VALUES (136, '2708', 0, 0, 0);
INSERT INTO codepoints (codepoint_id,codepoint,isComponent,isModifier,isModifierBase) VALUES (137, '2709', 0, 0, 0);
INSERT INTO codepoints (codepoint_id,codepoint,isComponent,isModifier,isModifierBase) VALUES (138, '270A', 0, 0, 1);
INSERT INTO codepoints (codepoint_id,codepoint,isComponent,isModifier,isModifierBase) VALUES (139, '270B', 0, 0, 1);
INSERT INTO codepoints (codepoint_id,codepoint,isComponent,isModifier,isModifierBase) VALUES (140, '270C', 0, 0, 1);
INSERT INTO codepoints (codepoint_id,codepoint,isComponent,isModifier,isModifierBase) VALUES (141, '270D', 0, 0, 1);
INSERT INTO codepoints (codepoint_id,codepoint,isComponent,isModifier,isModifierBase) VALUES (142, '270F', 0, 0, 0);
INSERT INTO codepoints (codepoint_id,codepoint,isComponent,isModifier,isModifierBase) VALUES (143, '2712', 0, 0, 0);
INSERT INTO codepoints (codepoint_id,codepoint,isComponent,isModifier,isModifierBase) VALUES (144, '2714', 0, 0, 0);
INSERT INTO codepoints (codepoint_id,codepoint,isComponent,isModifier,isModifierBase) VALUES (145, '2716', 0, 0, 0);
INSERT INTO codepoints (codepoint_id,codepoint,isComponent,isModifier,isModifierBase) VALUES (146, '271D', 0, 0, 0);
INSERT INTO codepoints (codepoint_id,codepoint,isComponent,isModifier,isModifierBase) VALUES (147, '2721', 0, 0, 0);
INSERT INTO codepoints (codepoint_id,codepoint,isComponent,isModifier,isModifierBase) VALUES (148, '2728', 0, 0, 0);
INSERT INTO codepoints (codepoint_id,codepoint,isComponent,isModifier,isModifierBase) VALUES (149, '2733', 0, 0, 0);
INSERT INTO codepoints (codepoint_id,codepoint,isComponent,isModifier,isModifierBase) VALUES (150, '2734', 0, 0, 0);
INSERT INTO codepoints (codepoint_id,codepoint,isComponent,isModifier,isModifierBase) VALUES (151, '2744', 0, 0, 0);
INSERT INTO codepoints (codepoint_id,codepoint,isComponent,isModifier,isModifierBase) VALUES (152, '2747', 0, 0, 0);
INSERT INTO codepoints (codepoint_id,codepoint,isComponent,isModifier,isModifierBase) VALUES (153, '274C', 0, 0, 0);
INSERT INTO codepoints (codepoint_id,codepoint,isComponent,isModifier,isModifierBase) VALUES (154, '274E', 0, 0, 0);
INSERT INTO codepoints (codepoint_id,codepoint,isComponent,isModifier,isModifierBase) VALUES (155, '2753', 0, 0, 0);
INSERT INTO codepoints (codepoint_id,codepoint,isComponent,isModifier,isModifierBase) VALUES (156, '2754', 0, 0, 0);
INSERT INTO codepoints (codepoint_id,codepoint,isComponent,isModifier,isModifierBase) VALUES (157, '2755', 0, 0, 0);
INSERT INTO codepoints (codepoint_id,codepoint,isComponent,isModifier,isModifierBase) VALUES (158, '2757', 0, 0, 0);
INSERT INTO codepoints (codepoint_id,codepoint,isComponent,isModifier,isModifierBase) VALUES (159, '2763', 0, 0, 0);
INSERT INTO codepoints (codepoint_id,codepoint,isComponent,isModifier,isModifierBase) VALUES (160, '2764', 0, 0, 0);
INSERT INTO codepoints (codepoint_id,codepoint,isComponent,isModifier,isModifierBase) VALUES (161, '2795', 0, 0, 0);
INSERT INTO codepoints (codepoint_id,codepoint,isComponent,isModifier,isModifierBase) VALUES (162, '2796', 0, 0, 0);
INSERT INTO codepoints (codepoint_id,codepoint,isComponent,isModifier,isModifierBase) VALUES (163, '2797', 0, 0, 0);
INSERT INTO codepoints (codepoint_id,codepoint,isComponent,isModifier,isModifierBase) VALUES (164, '27A1', 0, 0, 0);
INSERT INTO codepoints (codepoint_id,codepoint,isComponent,isModifier,isModifierBase) VALUES (165, '27B0', 0, 0, 0);
INSERT INTO codepoints (codepoint_id,codepoint,isComponent,isModifier,isModifierBase) VALUES (166, '27BF', 0, 0, 0);
INSERT INTO codepoints (codepoint_id,codepoint,isComponent,isModifier,isModifierBase) VALUES (167, '2934', 0, 0, 0);
INSERT INTO codepoints (codepoint_id,codepoint,isComponent,isModifier,isModifierBase) VALUES (168, '2935', 0, 0, 0);
INSERT INTO codepoints (codepoint_id,codepoint,isComponent,isModifier,isModifierBase) VALUES (169, '2B05', 0, 0, 0);
INSERT INTO codepoints (codepoint_id,codepoint,isComponent,isModifier,isModifierBase) VALUES (170, '2B06', 0, 0, 0);
INSERT INTO codepoints (codepoint_id,codepoint,isComponent,isModifier,isModifierBase) VALUES (171, '2B07', 0, 0, 0);
INSERT INTO codepoints (codepoint_id,codepoint,isComponent,isModifier,isModifierBase) VALUES (172, '2B1B', 0, 0, 0);
INSERT INTO codepoints (codepoint_id,codepoint,isComponent,isModifier,isModifierBase) VALUES (173, '2B1C', 0, 0, 0);
INSERT INTO codepoints (codepoint_id,codepoint,isComponent,isModifier,isModifierBase) VALUES (174, '2B50', 0, 0, 0);
INSERT INTO codepoints (codepoint_id,codepoint,isComponent,isModifier,isModifierBase) VALUES (175, '2B55', 0, 0, 0);
INSERT INTO codepoints (codepoint_id,codepoint,isComponent,isModifier,isModifierBase) VALUES (176, '3030', 0, 0, 0);
INSERT INTO codepoints (codepoint_id,codepoint,isComponent,isModifier,isModifierBase) VALUES (177, '303D', 0, 0, 0);
INSERT INTO codepoints (codepoint_id,codepoint,isComponent,isModifier,isModifierBase) VALUES (178, '3297', 0, 0, 0);
INSERT INTO codepoints (codepoint_id,codepoint,isComponent,isModifier,isModifierBase) VALUES (179, '3299', 0, 0, 0);
INSERT INTO codepoints (codepoint_id,codepoint,isComponent,isModifier,isModifierBase) VALUES (180, '1F004', 0, 0, 0);
INSERT INTO codepoints (codepoint_id,codepoint,isComponent,isModifier,isModifierBase) VALUES (181, '1F0CF', 0, 0, 0);
INSERT INTO codepoints (codepoint_id,codepoint,isComponent,isModifier,isModifierBase) VALUES (182, '1F170', 0, 0, 0);
INSERT INTO codepoints (codepoint_id,codepoint,isComponent,isModifier,isModifierBase) VALUES (183, '1F171', 0, 0, 0);
INSERT INTO codepoints (codepoint_id,codepoint,isComponent,isModifier,isModifierBase) VALUES (184, '1F17E', 0, 0, 0);
INSERT INTO codepoints (codepoint_id,codepoint,isComponent,isModifier,isModifierBase) VALUES (185, '1F17F', 0, 0, 0);
INSERT INTO codepoints (codepoint_id,codepoint,isComponent,isModifier,isModifierBase) VALUES (186, '1F18E', 0, 0, 0);
INSERT INTO codepoints (codepoint_id,codepoint,isComponent,isModifier,isModifierBase) VALUES (187, '1F191', 0, 0, 0);
INSERT INTO codepoints (codepoint_id,codepoint,isComponent,isModifier,isModifierBase) VALUES (188, '1F192', 0, 0, 0);
INSERT INTO codepoints (codepoint_id,codepoint,isComponent,isModifier,isModifierBase) VALUES (189, '1F193', 0, 0, 0);
INSERT INTO codepoints (codepoint_id,codepoint,isComponent,isModifier,isModifierBase) VALUES (190, '1F194', 0, 0, 0);
INSERT INTO codepoints (codepoint_id,codepoint,isComponent,isModifier,isModifierBase) VALUES (191, '1F195', 0, 0, 0);
INSERT INTO codepoints (codepoint_id,codepoint,isComponent,isModifier,isModifierBase) VALUES (192, '1F196', 0, 0, 0);
INSERT INTO codepoints (codepoint_id,codepoint,isComponent,isModifier,isModifierBase) VALUES (193, '1F197', 0, 0, 0);
INSERT INTO codepoints (codepoint_id,codepoint,isComponent,isModifier,isModifierBase) VALUES (194, '1F198', 0, 0, 0);
INSERT INTO codepoints (codepoint_id,codepoint,isComponent,isModifier,isModifierBase) VALUES (195, '1F199', 0, 0, 0);
INSERT INTO codepoints (codepoint_id,codepoint,isComponent,isModifier,isModifierBase) VALUES (196, '1F19A', 0, 0, 0);
INSERT INTO codepoints (codepoint_id,codepoint,isComponent,isModifier,isModifierBase) VALUES (197, '1F1E6', 1, 0, 0);
INSERT INTO codepoints (codepoint_id,codepoint,isComponent,isModifier,isModifierBase) VALUES (198, '1F1E7', 1, 0, 0);
INSERT INTO codepoints (codepoint_id,codepoint,isComponent,isModifier,isModifierBase) VALUES (199, '1F1E8', 1, 0, 0);
INSERT INTO codepoints (codepoint_id,codepoint,isComponent,isModifier,isModifierBase) VALUES (200, '1F1E9', 1, 0, 0);
INSERT INTO codepoints (codepoint_id,codepoint,isComponent,isModifier,isModifierBase) VALUES (201, '1F1EA', 1, 0, 0);
INSERT INTO codepoints (codepoint_id,codepoint,isComponent,isModifier,isModifierBase) VALUES (202, '1F1EB', 1, 0, 0);
INSERT INTO codepoints (codepoint_id,codepoint,isComponent,isModifier,isModifierBase) VALUES (203, '1F1EC', 1, 0, 0);
INSERT INTO codepoints (codepoint_id,codepoint,isComponent,isModifier,isModifierBase) VALUES (204, '1F1ED', 1, 0, 0);
INSERT INTO codepoints (codepoint_id,codepoint,isComponent,isModifier,isModifierBase) VALUES (205, '1F1EE', 1, 0, 0);
INSERT INTO codepoints (codepoint_id,codepoint,isComponent,isModifier,isModifierBase) VALUES (206, '1F1EF', 1, 0, 0);
INSERT INTO codepoints (codepoint_id,codepoint,isComponent,isModifier,isModifierBase) VALUES (207, '1F1F0', 1, 0, 0);
INSERT INTO codepoints (codepoint_id,codepoint,isComponent,isModifier,isModifierBase) VALUES (208, '1F1F1', 1, 0, 0);
INSERT INTO codepoints (codepoint_id,codepoint,isComponent,isModifier,isModifierBase) VALUES (209, '1F1F2', 1, 0, 0);
INSERT INTO codepoints (codepoint_id,codepoint,isComponent,isModifier,isModifierBase) VALUES (210, '1F1F3', 1, 0, 0);
INSERT INTO codepoints (codepoint_id,codepoint,isComponent,isModifier,isModifierBase) VALUES (211, '1F1F4', 1, 0, 0);
INSERT INTO codepoints (codepoint_id,codepoint,isComponent,isModifier,isModifierBase) VALUES (212, '1F1F5', 1, 0, 0);
INSERT INTO codepoints (codepoint_id,codepoint,isComponent,isModifier,isModifierBase) VALUES (213, '1F1F6', 1, 0, 0);
INSERT INTO codepoints (codepoint_id,codepoint,isComponent,isModifier,isModifierBase) VALUES (214, '1F1F7', 1, 0, 0);
INSERT INTO codepoints (codepoint_id,codepoint,isComponent,isModifier,isModifierBase) VALUES (215, '1F1F8', 1, 0, 0);
INSERT INTO codepoints (codepoint_id,codepoint,isComponent,isModifier,isModifierBase) VALUES (216, '1F1F9', 1, 0, 0);
INSERT INTO codepoints (codepoint_id,codepoint,isComponent,isModifier,isModifierBase) VALUES (217, '1F1FA', 1, 0, 0);
INSERT INTO codepoints (codepoint_id,codepoint,isComponent,isModifier,isModifierBase) VALUES (218, '1F1FB', 1, 0, 0);
INSERT INTO codepoints (codepoint_id,codepoint,isComponent,isModifier,isModifierBase) VALUES (219, '1F1FC', 1, 0, 0);
INSERT INTO codepoints (codepoint_id,codepoint,isComponent,isModifier,isModifierBase) VALUES (220, '1F1FD', 1, 0, 0);
INSERT INTO codepoints (codepoint_id,codepoint,isComponent,isModifier,isModifierBase) VALUES (221, '1F1FE', 1, 0, 0);
INSERT INTO codepoints (codepoint_id,codepoint,isComponent,isModifier,isModifierBase) VALUES (222, '1F1FF', 1, 0, 0);
INSERT INTO codepoints (codepoint_id,codepoint,isComponent,isModifier,isModifierBase) VALUES (223, '1F201', 0, 0, 0);
INSERT INTO codepoints (codepoint_id,codepoint,isComponent,isModifier,isModifierBase) VALUES (224, '1F202', 0, 0, 0);
INSERT INTO codepoints (codepoint_id,codepoint,isComponent,isModifier,isModifierBase) VALUES (225, '1F21A', 0, 0, 0);
INSERT INTO codepoints (codepoint_id,codepoint,isComponent,isModifier,isModifierBase) VALUES (226, '1F22F', 0, 0, 0);
INSERT INTO codepoints (codepoint_id,codepoint,isComponent,isModifier,isModifierBase) VALUES (227, '1F232', 0, 0, 0);
INSERT INTO codepoints (codepoint_id,codepoint,isComponent,isModifier,isModifierBase) VALUES (228, '1F233', 0, 0, 0);
INSERT INTO codepoints (codepoint_id,codepoint,isComponent,isModifier,isModifierBase) VALUES (229, '1F234', 0, 0, 0);
INSERT INTO codepoints (codepoint_id,codepoint,isComponent,isModifier,isModifierBase) VALUES (230, '1F235', 0, 0, 0);
INSERT INTO codepoints (codepoint_id,codepoint,isComponent,isModifier,isModifierBase) VALUES (231, '1F236', 0, 0, 0);
INSERT INTO codepoints (codepoint_id,codepoint,isComponent,isModifier,isModifierBase) VALUES (232, '1F237', 0, 0, 0);
INSERT INTO codepoints (codepoint_id,codepoint,isComponent,isModifier,isModifierBase) VALUES (233, '1F238', 0, 0, 0);
INSERT INTO codepoints (codepoint_id,codepoint,isComponent,isModifier,isModifierBase) VALUES (234, '1F239', 0, 0, 0);
INSERT INTO codepoints (codepoint_id,codepoint,isComponent,isModifier,isModifierBase) VALUES (235, '1F23A', 0, 0, 0);
INSERT INTO codepoints (codepoint_id,codepoint,isComponent,isModifier,isModifierBase) VALUES (236, '1F250', 0, 0, 0);
INSERT INTO codepoints (codepoint_id,codepoint,isComponent,isModifier,isModifierBase) VALUES (237, '1F251', 0, 0, 0);
INSERT INTO codepoints (codepoint_id,codepoint,isComponent,isModifier,isModifierBase) VALUES (238, '1F300', 0, 0, 0);
INSERT INTO codepoints (codepoint_id,codepoint,isComponent,isModifier,isModifierBase) VALUES (239, '1F301', 0, 0, 0);
INSERT INTO codepoints (codepoint_id,codepoint,isComponent,isModifier,isModifierBase) VALUES (240, '1F302', 0, 0, 0);
INSERT INTO codepoints (codepoint_id,codepoint,isComponent,isModifier,isModifierBase) VALUES (241, '1F303', 0, 0, 0);
INSERT INTO codepoints (codepoint_id,codepoint,isComponent,isModifier,isModifierBase) VALUES (242, '1F304', 0, 0, 0);
INSERT INTO codepoints (codepoint_id,codepoint,isComponent,isModifier,isModifierBase) VALUES (243, '1F305', 0, 0, 0);
INSERT INTO codepoints (codepoint_id,codepoint,isComponent,isModifier,isModifierBase) VALUES (244, '1F306', 0, 0, 0);
INSERT INTO codepoints (codepoint_id,codepoint,isComponent,isModifier,isModifierBase) VALUES (245, '1F307', 0, 0, 0);
INSERT INTO codepoints (codepoint_id,codepoint,isComponent,isModifier,isModifierBase) VALUES (246, '1F308', 0, 0, 0);
INSERT INTO codepoints (codepoint_id,codepoint,isComponent,isModifier,isModifierBase) VALUES (247, '1F309', 0, 0, 0);
INSERT INTO codepoints (codepoint_id,codepoint,isComponent,isModifier,isModifierBase) VALUES (248, '1F30A', 0, 0, 0);
INSERT INTO codepoints (codepoint_id,codepoint,isComponent,isModifier,isModifierBase) VALUES (249, '1F30B', 0, 0, 0);
INSERT INTO codepoints (codepoint_id,codepoint,isComponent,isModifier,isModifierBase) VALUES (250, '1F30C', 0, 0, 0);
INSERT INTO codepoints (codepoint_id,codepoint,isComponent,isModifier,isModifierBase) VALUES (251, '1F30D', 0, 0, 0);
INSERT INTO codepoints (codepoint_id,codepoint,isComponent,isModifier,isModifierBase) VALUES (252, '1F30E', 0, 0, 0);
INSERT INTO codepoints (codepoint_id,codepoint,isComponent,isModifier,isModifierBase) VALUES (253, '1F30F', 0, 0, 0);
INSERT INTO codepoints (codepoint_id,codepoint,isComponent,isModifier,isModifierBase) VALUES (254, '1F310', 0, 0, 0);
INSERT INTO codepoints (codepoint_id,codepoint,isComponent,isModifier,isModifierBase) VALUES (255, '1F311', 0, 0, 0);
INSERT INTO codepoints (codepoint_id,codepoint,isComponent,isModifier,isModifierBase) VALUES (256, '1F312', 0, 0, 0);
INSERT INTO codepoints (codepoint_id,codepoint,isComponent,isModifier,isModifierBase) VALUES (257, '1F313', 0, 0, 0);
INSERT INTO codepoints (codepoint_id,codepoint,isComponent,isModifier,isModifierBase) VALUES (258, '1F314', 0, 0, 0);
INSERT INTO codepoints (codepoint_id,codepoint,isComponent,isModifier,isModifierBase) VALUES (259, '1F315', 0, 0, 0);
INSERT INTO codepoints (codepoint_id,codepoint,isComponent,isModifier,isModifierBase) VALUES (260, '1F316', 0, 0, 0);
INSERT INTO codepoints (codepoint_id,codepoint,isComponent,isModifier,isModifierBase) VALUES (261, '1F317', 0, 0, 0);
INSERT INTO codepoints (codepoint_id,codepoint,isComponent,isModifier,isModifierBase) VALUES (262, '1F318', 0, 0, 0);
INSERT INTO codepoints (codepoint_id,codepoint,isComponent,isModifier,isModifierBase) VALUES (263, '1F319', 0, 0, 0);
INSERT INTO codepoints (codepoint_id,codepoint,isComponent,isModifier,isModifierBase) VALUES (264, '1F31A', 0, 0, 0);
INSERT INTO codepoints (codepoint_id,codepoint,isComponent,isModifier,isModifierBase) VALUES (265, '1F31B', 0, 0, 0);
INSERT INTO codepoints (codepoint_id,codepoint,isComponent,isModifier,isModifierBase) VALUES (266, '1F31C', 0, 0, 0);
INSERT INTO codepoints (codepoint_id,codepoint,isComponent,isModifier,isModifierBase) VALUES (267, '1F31D', 0, 0, 0);
INSERT INTO codepoints (codepoint_id,codepoint,isComponent,isModifier,isModifierBase) VALUES (268, '1F31E', 0, 0, 0);
INSERT INTO codepoints (codepoint_id,codepoint,isComponent,isModifier,isModifierBase) VALUES (269, '1F31F', 0, 0, 0);
INSERT INTO codepoints (codepoint_id,codepoint,isComponent,isModifier,isModifierBase) VALUES (270, '1F320', 0, 0, 0);
INSERT INTO codepoints (codepoint_id,codepoint,isComponent,isModifier,isModifierBase) VALUES (271, '1F321', 0, 0, 0);
INSERT INTO codepoints (codepoint_id,codepoint,isComponent,isModifier,isModifierBase) VALUES (272, '1F324', 0, 0, 0);
INSERT INTO codepoints (codepoint_id,codepoint,isComponent,isModifier,isModifierBase) VALUES (273, '1F325', 0, 0, 0);
INSERT INTO codepoints (codepoint_id,codepoint,isComponent,isModifier,isModifierBase) VALUES (274, '1F326', 0, 0, 0);
INSERT INTO codepoints (codepoint_id,codepoint,isComponent,isModifier,isModifierBase) VALUES (275, '1F327', 0, 0, 0);
INSERT INTO codepoints (codepoint_id,codepoint,isComponent,isModifier,isModifierBase) VALUES (276, '1F328', 0, 0, 0);
INSERT INTO codepoints (codepoint_id,codepoint,isComponent,isModifier,isModifierBase) VALUES (277, '1F329', 0, 0, 0);
INSERT INTO codepoints (codepoint_id,codepoint,isComponent,isModifier,isModifierBase) VALUES (278, '1F32A', 0, 0, 0);
INSERT INTO codepoints (codepoint_id,codepoint,isComponent,isModifier,isModifierBase) VALUES (279, '1F32B', 0, 0, 0);
INSERT INTO codepoints (codepoint_id,codepoint,isComponent,isModifier,isModifierBase) VALUES (280, '1F32C', 0, 0, 0);
INSERT INTO codepoints (codepoint_id,codepoint,isComponent,isModifier,isModifierBase) VALUES (281, '1F32D', 0, 0, 0);
INSERT INTO codepoints (codepoint_id,codepoint,isComponent,isModifier,isModifierBase) VALUES (282, '1F32E', 0, 0, 0);
INSERT INTO codepoints (codepoint_id,codepoint,isComponent,isModifier,isModifierBase) VALUES (283, '1F32F', 0, 0, 0);
INSERT INTO codepoints (codepoint_id,codepoint,isComponent,isModifier,isModifierBase) VALUES (284, '1F330', 0, 0, 0);
INSERT INTO codepoints (codepoint_id,codepoint,isComponent,isModifier,isModifierBase) VALUES (285, '1F331', 0, 0, 0);
INSERT INTO codepoints (codepoint_id,codepoint,isComponent,isModifier,isModifierBase) VALUES (286, '1F332', 0, 0, 0);
INSERT INTO codepoints (codepoint_id,codepoint,isComponent,isModifier,isModifierBase) VALUES (287, '1F333', 0, 0, 0);
INSERT INTO codepoints (codepoint_id,codepoint,isComponent,isModifier,isModifierBase) VALUES (288, '1F334', 0, 0, 0);
INSERT INTO codepoints (codepoint_id,codepoint,isComponent,isModifier,isModifierBase) VALUES (289, '1F335', 0, 0, 0);
INSERT INTO codepoints (codepoint_id,codepoint,isComponent,isModifier,isModifierBase) VALUES (290, '1F336', 0, 0, 0);
INSERT INTO codepoints (codepoint_id,codepoint,isComponent,isModifier,isModifierBase) VALUES (291, '1F337', 0, 0, 0);
INSERT INTO codepoints (codepoint_id,codepoint,isComponent,isModifier,isModifierBase) VALUES (292, '1F338', 0, 0, 0);
INSERT INTO codepoints (codepoint_id,codepoint,isComponent,isModifier,isModifierBase) VALUES (293, '1F339', 0, 0, 0);
INSERT INTO codepoints (codepoint_id,codepoint,isComponent,isModifier,isModifierBase) VALUES (294, '1F33A', 0, 0, 0);
INSERT INTO codepoints (codepoint_id,codepoint,isComponent,isModifier,isModifierBase) VALUES (295, '1F33B', 0, 0, 0);
INSERT INTO codepoints (codepoint_id,codepoint,isComponent,isModifier,isModifierBase) VALUES (296, '1F33C', 0, 0, 0);
INSERT INTO codepoints (codepoint_id,codepoint,isComponent,isModifier,isModifierBase) VALUES (297, '1F33D', 0, 0, 0);
INSERT INTO codepoints (codepoint_id,codepoint,isComponent,isModifier,isModifierBase) VALUES (298, '1F33E', 0, 0, 0);
INSERT INTO codepoints (codepoint_id,codepoint,isComponent,isModifier,isModifierBase) VALUES (299, '1F33F', 0, 0, 0);
INSERT INTO codepoints (codepoint_id,codepoint,isComponent,isModifier,isModifierBase) VALUES (300, '1F340', 0, 0, 0);
INSERT INTO codepoints (codepoint_id,codepoint,isComponent,isModifier,isModifierBase) VALUES (301, '1F341', 0, 0, 0);
INSERT INTO codepoints (codepoint_id,codepoint,isComponent,isModifier,isModifierBase) VALUES (302, '1F342', 0, 0, 0);
INSERT INTO codepoints (codepoint_id,codepoint,isComponent,isModifier,isModifierBase) VALUES (303, '1F343', 0, 0, 0);
INSERT INTO codepoints (codepoint_id,codepoint,isComponent,isModifier,isModifierBase) VALUES (304, '1F344', 0, 0, 0);
INSERT INTO codepoints (codepoint_id,codepoint,isComponent,isModifier,isModifierBase) VALUES (305, '1F345', 0, 0, 0);
INSERT INTO codepoints (codepoint_id,codepoint,isComponent,isModifier,isModifierBase) VALUES (306, '1F346', 0, 0, 0);
INSERT INTO codepoints (codepoint_id,codepoint,isComponent,isModifier,isModifierBase) VALUES (307, '1F347', 0, 0, 0);
INSERT INTO codepoints (codepoint_id,codepoint,isComponent,isModifier,isModifierBase) VALUES (308, '1F348', 0, 0, 0);
INSERT INTO codepoints (codepoint_id,codepoint,isComponent,isModifier,isModifierBase) VALUES (309, '1F349', 0, 0, 0);
INSERT INTO codepoints (codepoint_id,codepoint,isComponent,isModifier,isModifierBase) VALUES (310, '1F34A', 0, 0, 0);
INSERT INTO codepoints (codepoint_id,codepoint,isComponent,isModifier,isModifierBase) VALUES (311, '1F34B', 0, 0, 0);
INSERT INTO codepoints (codepoint_id,codepoint,isComponent,isModifier,isModifierBase) VALUES (312, '1F34C', 0, 0, 0);
INSERT INTO codepoints (codepoint_id,codepoint,isComponent,isModifier,isModifierBase) VALUES (313, '1F34D', 0, 0, 0);
INSERT INTO codepoints (codepoint_id,codepoint,isComponent,isModifier,isModifierBase) VALUES (314, '1F34E', 0, 0, 0);
INSERT INTO codepoints (codepoint_id,codepoint,isComponent,isModifier,isModifierBase) VALUES (315, '1F34F', 0, 0, 0);
INSERT INTO codepoints (codepoint_id,codepoint,isComponent,isModifier,isModifierBase) VALUES (316, '1F350', 0, 0, 0);
INSERT INTO codepoints (codepoint_id,codepoint,isComponent,isModifier,isModifierBase) VALUES (317, '1F351', 0, 0, 0);
INSERT INTO codepoints (codepoint_id,codepoint,isComponent,isModifier,isModifierBase) VALUES (318, '1F352', 0, 0, 0);
INSERT INTO codepoints (codepoint_id,codepoint,isComponent,isModifier,isModifierBase) VALUES (319, '1F353', 0, 0, 0);
INSERT INTO codepoints (codepoint_id,codepoint,isComponent,isModifier,isModifierBase) VALUES (320, '1F354', 0, 0, 0);
INSERT INTO codepoints (codepoint_id,codepoint,isComponent,isModifier,isModifierBase) VALUES (321, '1F355', 0, 0, 0);
INSERT INTO codepoints (codepoint_id,codepoint,isComponent,isModifier,isModifierBase) VALUES (322, '1F356', 0, 0, 0);
INSERT INTO codepoints (codepoint_id,codepoint,isComponent,isModifier,isModifierBase) VALUES (323, '1F357', 0, 0, 0);
INSERT INTO codepoints (codepoint_id,codepoint,isComponent,isModifier,isModifierBase) VALUES (324, '1F358', 0, 0, 0);
INSERT INTO codepoints (codepoint_id,codepoint,isComponent,isModifier,isModifierBase) VALUES (325, '1F359', 0, 0, 0);
INSERT INTO codepoints (codepoint_id,codepoint,isComponent,isModifier,isModifierBase) VALUES (326, '1F35A', 0, 0, 0);
INSERT INTO codepoints (codepoint_id,codepoint,isComponent,isModifier,isModifierBase) VALUES (327, '1F35B', 0, 0, 0);
INSERT INTO codepoints (codepoint_id,codepoint,isComponent,isModifier,isModifierBase) VALUES (328, '1F35C', 0, 0, 0);
INSERT INTO codepoints (codepoint_id,codepoint,isComponent,isModifier,isModifierBase) VALUES (329, '1F35D', 0, 0, 0);
INSERT INTO codepoints (codepoint_id,codepoint,isComponent,isModifier,isModifierBase) VALUES (330, '1F35E', 0, 0, 0);
INSERT INTO codepoints (codepoint_id,codepoint,isComponent,isModifier,isModifierBase) VALUES (331, '1F35F', 0, 0, 0);
INSERT INTO codepoints (codepoint_id,codepoint,isComponent,isModifier,isModifierBase) VALUES (332, '1F360', 0, 0, 0);
INSERT INTO codepoints (codepoint_id,codepoint,isComponent,isModifier,isModifierBase) VALUES (333, '1F361', 0, 0, 0);
INSERT INTO codepoints (codepoint_id,codepoint,isComponent,isModifier,isModifierBase) VALUES (334, '1F362', 0, 0, 0);
INSERT INTO codepoints (codepoint_id,codepoint,isComponent,isModifier,isModifierBase) VALUES (335, '1F363', 0, 0, 0);
INSERT INTO codepoints (codepoint_id,codepoint,isComponent,isModifier,isModifierBase) VALUES (336, '1F364', 0, 0, 0);
INSERT INTO codepoints (codepoint_id,codepoint,isComponent,isModifier,isModifierBase) VALUES (337, '1F365', 0, 0, 0);
INSERT INTO codepoints (codepoint_id,codepoint,isComponent,isModifier,isModifierBase) VALUES (338, '1F366', 0, 0, 0);
INSERT INTO codepoints (codepoint_id,codepoint,isComponent,isModifier,isModifierBase) VALUES (339, '1F367', 0, 0, 0);
INSERT INTO codepoints (codepoint_id,codepoint,isComponent,isModifier,isModifierBase) VALUES (340, '1F368', 0, 0, 0);
INSERT INTO codepoints (codepoint_id,codepoint,isComponent,isModifier,isModifierBase) VALUES (341, '1F369', 0, 0, 0);
INSERT INTO codepoints (codepoint_id,codepoint,isComponent,isModifier,isModifierBase) VALUES (342, '1F36A', 0, 0, 0);
INSERT INTO codepoints (codepoint_id,codepoint,isComponent,isModifier,isModifierBase) VALUES (343, '1F36B', 0, 0, 0);
INSERT INTO codepoints (codepoint_id,codepoint,isComponent,isModifier,isModifierBase) VALUES (344, '1F36C', 0, 0, 0);
INSERT INTO codepoints (codepoint_id,codepoint,isComponent,isModifier,isModifierBase) VALUES (345, '1F36D', 0, 0, 0);
INSERT INTO codepoints (codepoint_id,codepoint,isComponent,isModifier,isModifierBase) VALUES (346, '1F36E', 0, 0, 0);
INSERT INTO codepoints (codepoint_id,codepoint,isComponent,isModifier,isModifierBase) VALUES (347, '1F36F', 0, 0, 0);
INSERT INTO codepoints (codepoint_id,codepoint,isComponent,isModifier,isModifierBase) VALUES (348, '1F370', 0, 0, 0);
INSERT INTO codepoints (codepoint_id,codepoint,isComponent,isModifier,isModifierBase) VALUES (349, '1F371', 0, 0, 0);
INSERT INTO codepoints (codepoint_id,codepoint,isComponent,isModifier,isModifierBase) VALUES (350, '1F372', 0, 0, 0);
INSERT INTO codepoints (codepoint_id,codepoint,isComponent,isModifier,isModifierBase) VALUES (351, '1F373', 0, 0, 0);
INSERT INTO codepoints (codepoint_id,codepoint,isComponent,isModifier,isModifierBase) VALUES (352, '1F374', 0, 0, 0);
INSERT INTO codepoints (codepoint_id,codepoint,isComponent,isModifier,isModifierBase) VALUES (353, '1F375', 0, 0, 0);
INSERT INTO codepoints (codepoint_id,codepoint,isComponent,isModifier,isModifierBase) VALUES (354, '1F376', 0, 0, 0);
INSERT INTO codepoints (codepoint_id,codepoint,isComponent,isModifier,isModifierBase) VALUES (355, '1F377', 0, 0, 0);
INSERT INTO codepoints (codepoint_id,codepoint,isComponent,isModifier,isModifierBase) VALUES (356, '1F378', 0, 0, 0);
INSERT INTO codepoints (codepoint_id,codepoint,isComponent,isModifier,isModifierBase) VALUES (357, '1F379', 0, 0, 0);
INSERT INTO codepoints (codepoint_id,codepoint,isComponent,isModifier,isModifierBase) VALUES (358, '1F37A', 0, 0, 0);
INSERT INTO codepoints (codepoint_id,codepoint,isComponent,isModifier,isModifierBase) VALUES (359, '1F37B', 0, 0, 0);
INSERT INTO codepoints (codepoint_id,codepoint,isComponent,isModifier,isModifierBase) VALUES (360, '1F37C', 0, 0, 0);
INSERT INTO codepoints (codepoint_id,codepoint,isComponent,isModifier,isModifierBase) VALUES (361, '1F37D', 0, 0, 0);
INSERT INTO codepoints (codepoint_id,codepoint,isComponent,isModifier,isModifierBase) VALUES (362, '1F37E', 0, 0, 0);
INSERT INTO codepoints (codepoint_id,codepoint,isComponent,isModifier,isModifierBase) VALUES (363, '1F37F', 0, 0, 0);
INSERT INTO codepoints (codepoint_id,codepoint,isComponent,isModifier,isModifierBase) VALUES (364, '1F380', 0, 0, 0);
INSERT INTO codepoints (codepoint_id,codepoint,isComponent,isModifier,isModifierBase) VALUES (365, '1F381', 0, 0, 0);
INSERT INTO codepoints (codepoint_id,codepoint,isComponent,isModifier,isModifierBase) VALUES (366, '1F382', 0, 0, 0);
INSERT INTO codepoints (codepoint_id,codepoint,isComponent,isModifier,isModifierBase) VALUES (367, '1F383', 0, 0, 0);
INSERT INTO codepoints (codepoint_id,codepoint,isComponent,isModifier,isModifierBase) VALUES (368, '1F384', 0, 0, 0);
INSERT INTO codepoints (codepoint_id,codepoint,isComponent,isModifier,isModifierBase) VALUES (369, '1F385', 0, 0, 1);
INSERT INTO codepoints (codepoint_id,codepoint,isComponent,isModifier,isModifierBase) VALUES (370, '1F386', 0, 0, 0);
INSERT INTO codepoints (codepoint_id,codepoint,isComponent,isModifier,isModifierBase) VALUES (371, '1F387', 0, 0, 0);
INSERT INTO codepoints (codepoint_id,codepoint,isComponent,isModifier,isModifierBase) VALUES (372, '1F388', 0, 0, 0);
INSERT INTO codepoints (codepoint_id,codepoint,isComponent,isModifier,isModifierBase) VALUES (373, '1F389', 0, 0, 0);
INSERT INTO codepoints (codepoint_id,codepoint,isComponent,isModifier,isModifierBase) VALUES (374, '1F38A', 0, 0, 0);
INSERT INTO codepoints (codepoint_id,codepoint,isComponent,isModifier,isModifierBase) VALUES (375, '1F38B', 0, 0, 0);
INSERT INTO codepoints (codepoint_id,codepoint,isComponent,isModifier,isModifierBase) VALUES (376, '1F38C', 0, 0, 0);
INSERT INTO codepoints (codepoint_id,codepoint,isComponent,isModifier,isModifierBase) VALUES (377, '1F38D', 0, 0, 0);
INSERT INTO codepoints (codepoint_id,codepoint,isComponent,isModifier,isModifierBase) VALUES (378, '1F38E', 0, 0, 0);
INSERT INTO codepoints (codepoint_id,codepoint,isComponent,isModifier,isModifierBase) VALUES (379, '1F38F', 0, 0, 0);
INSERT INTO codepoints (codepoint_id,codepoint,isComponent,isModifier,isModifierBase) VALUES (380, '1F390', 0, 0, 0);
INSERT INTO codepoints (codepoint_id,codepoint,isComponent,isModifier,isModifierBase) VALUES (381, '1F391', 0, 0, 0);
INSERT INTO codepoints (codepoint_id,codepoint,isComponent,isModifier,isModifierBase) VALUES (382, '1F392', 0, 0, 0);
INSERT INTO codepoints (codepoint_id,codepoint,isComponent,isModifier,isModifierBase) VALUES (383, '1F393', 0, 0, 0);
INSERT INTO codepoints (codepoint_id,codepoint,isComponent,isModifier,isModifierBase) VALUES (384, '1F396', 0, 0, 0);
INSERT INTO codepoints (codepoint_id,codepoint,isComponent,isModifier,isModifierBase) VALUES (385, '1F397', 0, 0, 0);
INSERT INTO codepoints (codepoint_id,codepoint,isComponent,isModifier,isModifierBase) VALUES (386, '1F399', 0, 0, 0);
INSERT INTO codepoints (codepoint_id,codepoint,isComponent,isModifier,isModifierBase) VALUES (387, '1F39A', 0, 0, 0);
INSERT INTO codepoints (codepoint_id,codepoint,isComponent,isModifier,isModifierBase) VALUES (388, '1F39B', 0, 0, 0);
INSERT INTO codepoints (codepoint_id,codepoint,isComponent,isModifier,isModifierBase) VALUES (389, '1F39E', 0, 0, 0);
INSERT INTO codepoints (codepoint_id,codepoint,isComponent,isModifier,isModifierBase) VALUES (390, '1F39F', 0, 0, 0);
INSERT INTO codepoints (codepoint_id,codepoint,isComponent,isModifier,isModifierBase) VALUES (391, '1F3A0', 0, 0, 0);
INSERT INTO codepoints (codepoint_id,codepoint,isComponent,isModifier,isModifierBase) VALUES (392, '1F3A1', 0, 0, 0);
INSERT INTO codepoints (codepoint_id,codepoint,isComponent,isModifier,isModifierBase) VALUES (393, '1F3A2', 0, 0, 0);
INSERT INTO codepoints (codepoint_id,codepoint,isComponent,isModifier,isModifierBase) VALUES (394, '1F3A3', 0, 0, 0);
INSERT INTO codepoints (codepoint_id,codepoint,isComponent,isModifier,isModifierBase) VALUES (395, '1F3A4', 0, 0, 0);
INSERT INTO codepoints (codepoint_id,codepoint,isComponent,isModifier,isModifierBase) VALUES (396, '1F3A5', 0, 0, 0);
INSERT INTO codepoints (codepoint_id,codepoint,isComponent,isModifier,isModifierBase) VALUES (397, '1F3A6', 0, 0, 0);
INSERT INTO codepoints (codepoint_id,codepoint,isComponent,isModifier,isModifierBase) VALUES (398, '1F3A7', 0, 0, 0);
INSERT INTO codepoints (codepoint_id,codepoint,isComponent,isModifier,isModifierBase) VALUES (399, '1F3A8', 0, 0, 0);
INSERT INTO codepoints (codepoint_id,codepoint,isComponent,isModifier,isModifierBase) VALUES (400, '1F3A9', 0, 0, 0);
INSERT INTO codepoints (codepoint_id,codepoint,isComponent,isModifier,isModifierBase) VALUES (401, '1F3AA', 0, 0, 0);
INSERT INTO codepoints (codepoint_id,codepoint,isComponent,isModifier,isModifierBase) VALUES (402, '1F3AB', 0, 0, 0);
INSERT INTO codepoints (codepoint_id,codepoint,isComponent,isModifier,isModifierBase) VALUES (403, '1F3AC', 0, 0, 0);
INSERT INTO codepoints (codepoint_id,codepoint,isComponent,isModifier,isModifierBase) VALUES (404, '1F3AD', 0, 0, 0);
INSERT INTO codepoints (codepoint_id,codepoint,isComponent,isModifier,isModifierBase) VALUES (405, '1F3AE', 0, 0, 0);
INSERT INTO codepoints (codepoint_id,codepoint,isComponent,isModifier,isModifierBase) VALUES (406, '1F3AF', 0, 0, 0);
INSERT INTO codepoints (codepoint_id,codepoint,isComponent,isModifier,isModifierBase) VALUES (407, '1F3B0', 0, 0, 0);
INSERT INTO codepoints (codepoint_id,codepoint,isComponent,isModifier,isModifierBase) VALUES (408, '1F3B1', 0, 0, 0);
INSERT INTO codepoints (codepoint_id,codepoint,isComponent,isModifier,isModifierBase) VALUES (409, '1F3B2', 0, 0, 0);
INSERT INTO codepoints (codepoint_id,codepoint,isComponent,isModifier,isModifierBase) VALUES (410, '1F3B3', 0, 0, 0);
INSERT INTO codepoints (codepoint_id,codepoint,isComponent,isModifier,isModifierBase) VALUES (411, '1F3B4', 0, 0, 0);
INSERT INTO codepoints (codepoint_id,codepoint,isComponent,isModifier,isModifierBase) VALUES (412, '1F3B5', 0, 0, 0);
INSERT INTO codepoints (codepoint_id,codepoint,isComponent,isModifier,isModifierBase) VALUES (413, '1F3B6', 0, 0, 0);
INSERT INTO codepoints (codepoint_id,codepoint,isComponent,isModifier,isModifierBase) VALUES (414, '1F3B7', 0, 0, 0);
INSERT INTO codepoints (codepoint_id,codepoint,isComponent,isModifier,isModifierBase) VALUES (415, '1F3B8', 0, 0, 0);
INSERT INTO codepoints (codepoint_id,codepoint,isComponent,isModifier,isModifierBase) VALUES (416, '1F3B9', 0, 0, 0);
INSERT INTO codepoints (codepoint_id,codepoint,isComponent,isModifier,isModifierBase) VALUES (417, '1F3BA', 0, 0, 0);
INSERT INTO codepoints (codepoint_id,codepoint,isComponent,isModifier,isModifierBase) VALUES (418, '1F3BB', 0, 0, 0);
INSERT INTO codepoints (codepoint_id,codepoint,isComponent,isModifier,isModifierBase) VALUES (419, '1F3BC', 0, 0, 0);
INSERT INTO codepoints (codepoint_id,codepoint,isComponent,isModifier,isModifierBase) VALUES (420, '1F3BD', 0, 0, 0);
INSERT INTO codepoints (codepoint_id,codepoint,isComponent,isModifier,isModifierBase) VALUES (421, '1F3BE', 0, 0, 0);
INSERT INTO codepoints (codepoint_id,codepoint,isComponent,isModifier,isModifierBase) VALUES (422, '1F3BF', 0, 0, 0);
INSERT INTO codepoints (codepoint_id,codepoint,isComponent,isModifier,isModifierBase) VALUES (423, '1F3C0', 0, 0, 0);
INSERT INTO codepoints (codepoint_id,codepoint,isComponent,isModifier,isModifierBase) VALUES (424, '1F3C1', 0, 0, 0);
INSERT INTO codepoints (codepoint_id,codepoint,isComponent,isModifier,isModifierBase) VALUES (425, '1F3C2', 0, 0, 1);
INSERT INTO codepoints (codepoint_id,codepoint,isComponent,isModifier,isModifierBase) VALUES (426, '1F3C3', 0, 0, 1);
INSERT INTO codepoints (codepoint_id,codepoint,isComponent,isModifier,isModifierBase) VALUES (427, '1F3C4', 0, 0, 1);
INSERT INTO codepoints (codepoint_id,codepoint,isComponent,isModifier,isModifierBase) VALUES (428, '1F3C5', 0, 0, 0);
INSERT INTO codepoints (codepoint_id,codepoint,isComponent,isModifier,isModifierBase) VALUES (429, '1F3C6', 0, 0, 0);
INSERT INTO codepoints (codepoint_id,codepoint,isComponent,isModifier,isModifierBase) VALUES (430, '1F3C7', 0, 0, 1);
INSERT INTO codepoints (codepoint_id,codepoint,isComponent,isModifier,isModifierBase) VALUES (431, '1F3C8', 0, 0, 0);
INSERT INTO codepoints (codepoint_id,codepoint,isComponent,isModifier,isModifierBase) VALUES (432, '1F3C9', 0, 0, 0);
INSERT INTO codepoints (codepoint_id,codepoint,isComponent,isModifier,isModifierBase) VALUES (433, '1F3CA', 0, 0, 1);
INSERT INTO codepoints (codepoint_id,codepoint,isComponent,isModifier,isModifierBase) VALUES (434, '1F3CB', 0, 0, 1);
INSERT INTO codepoints (codepoint_id,codepoint,isComponent,isModifier,isModifierBase) VALUES (435, '1F3CC', 0, 0, 1);
INSERT INTO codepoints (codepoint_id,codepoint,isComponent,isModifier,isModifierBase) VALUES (436, '1F3CD', 0, 0, 0);
INSERT INTO codepoints (codepoint_id,codepoint,isComponent,isModifier,isModifierBase) VALUES (437, '1F3CE', 0, 0, 0);
INSERT INTO codepoints (codepoint_id,codepoint,isComponent,isModifier,isModifierBase) VALUES (438, '1F3CF', 0, 0, 0);
INSERT INTO codepoints (codepoint_id,codepoint,isComponent,isModifier,isModifierBase) VALUES (439, '1F3D0', 0, 0, 0);
INSERT INTO codepoints (codepoint_id,codepoint,isComponent,isModifier,isModifierBase) VALUES (440, '1F3D1', 0, 0, 0);
INSERT INTO codepoints (codepoint_id,codepoint,isComponent,isModifier,isModifierBase) VALUES (441, '1F3D2', 0, 0, 0);
INSERT INTO codepoints (codepoint_id,codepoint,isComponent,isModifier,isModifierBase) VALUES (442, '1F3D3', 0, 0, 0);
INSERT INTO codepoints (codepoint_id,codepoint,isComponent,isModifier,isModifierBase) VALUES (443, '1F3D4', 0, 0, 0);
INSERT INTO codepoints (codepoint_id,codepoint,isComponent,isModifier,isModifierBase) VALUES (444, '1F3D5', 0, 0, 0);
INSERT INTO codepoints (codepoint_id,codepoint,isComponent,isModifier,isModifierBase) VALUES (445, '1F3D6', 0, 0, 0);
INSERT INTO codepoints (codepoint_id,codepoint,isComponent,isModifier,isModifierBase) VALUES (446, '1F3D7', 0, 0, 0);
INSERT INTO codepoints (codepoint_id,codepoint,isComponent,isModifier,isModifierBase) VALUES (447, '1F3D8', 0, 0, 0);
INSERT INTO codepoints (codepoint_id,codepoint,isComponent,isModifier,isModifierBase) VALUES (448, '1F3D9', 0, 0, 0);
INSERT INTO codepoints (codepoint_id,codepoint,isComponent,isModifier,isModifierBase) VALUES (449, '1F3DA', 0, 0, 0);
INSERT INTO codepoints (codepoint_id,codepoint,isComponent,isModifier,isModifierBase) VALUES (450, '1F3DB', 0, 0, 0);
INSERT INTO codepoints (codepoint_id,codepoint,isComponent,isModifier,isModifierBase) VALUES (451, '1F3DC', 0, 0, 0);
INSERT INTO codepoints (codepoint_id,codepoint,isComponent,isModifier,isModifierBase) VALUES (452, '1F3DD', 0, 0, 0);
INSERT INTO codepoints (codepoint_id,codepoint,isComponent,isModifier,isModifierBase) VALUES (453, '1F3DE', 0, 0, 0);
INSERT INTO codepoints (codepoint_id,codepoint,isComponent,isModifier,isModifierBase) VALUES (454, '1F3DF', 0, 0, 0);
INSERT INTO codepoints (codepoint_id,codepoint,isComponent,isModifier,isModifierBase) VALUES (455, '1F3E0', 0, 0, 0);
INSERT INTO codepoints (codepoint_id,codepoint,isComponent,isModifier,isModifierBase) VALUES (456, '1F3E1', 0, 0, 0);
INSERT INTO codepoints (codepoint_id,codepoint,isComponent,isModifier,isModifierBase) VALUES (457, '1F3E2', 0, 0, 0);
INSERT INTO codepoints (codepoint_id,codepoint,isComponent,isModifier,isModifierBase) VALUES (458, '1F3E3', 0, 0, 0);
INSERT INTO codepoints (codepoint_id,codepoint,isComponent,isModifier,isModifierBase) VALUES (459, '1F3E4', 0, 0, 0);
INSERT INTO codepoints (codepoint_id,codepoint,isComponent,isModifier,isModifierBase) VALUES (460, '1F3E5', 0, 0, 0);
INSERT INTO codepoints (codepoint_id,codepoint,isComponent,isModifier,isModifierBase) VALUES (461, '1F3E6', 0, 0, 0);
INSERT INTO codepoints (codepoint_id,codepoint,isComponent,isModifier,isModifierBase) VALUES (462, '1F3E7', 0, 0, 0);
INSERT INTO codepoints (codepoint_id,codepoint,isComponent,isModifier,isModifierBase) VALUES (463, '1F3E8', 0, 0, 0);
INSERT INTO codepoints (codepoint_id,codepoint,isComponent,isModifier,isModifierBase) VALUES (464, '1F3E9', 0, 0, 0);
INSERT INTO codepoints (codepoint_id,codepoint,isComponent,isModifier,isModifierBase) VALUES (465, '1F3EA', 0, 0, 0);
INSERT INTO codepoints (codepoint_id,codepoint,isComponent,isModifier,isModifierBase) VALUES (466, '1F3EB', 0, 0, 0);
INSERT INTO codepoints (codepoint_id,codepoint,isComponent,isModifier,isModifierBase) VALUES (467, '1F3EC', 0, 0, 0);
INSERT INTO codepoints (codepoint_id,codepoint,isComponent,isModifier,isModifierBase) VALUES (468, '1F3ED', 0, 0, 0);
INSERT INTO codepoints (codepoint_id,codepoint,isComponent,isModifier,isModifierBase) VALUES (469, '1F3EE', 0, 0, 0);
INSERT INTO codepoints (codepoint_id,codepoint,isComponent,isModifier,isModifierBase) VALUES (470, '1F3EF', 0, 0, 0);
INSERT INTO codepoints (codepoint_id,codepoint,isComponent,isModifier,isModifierBase) VALUES (471, '1F3F0', 0, 0, 0);
INSERT INTO codepoints (codepoint_id,codepoint,isComponent,isModifier,isModifierBase) VALUES (472, '1F3F3', 0, 0, 0);
INSERT INTO codepoints (codepoint_id,codepoint,isComponent,isModifier,isModifierBase) VALUES (473, '1F3F4', 0, 0, 0);
INSERT INTO codepoints (codepoint_id,codepoint,isComponent,isModifier,isModifierBase) VALUES (474, '1F3F5', 0, 0, 0);
INSERT INTO codepoints (codepoint_id,codepoint,isComponent,isModifier,isModifierBase) VALUES (475, '1F3F7', 0, 0, 0);
INSERT INTO codepoints (codepoint_id,codepoint,isComponent,isModifier,isModifierBase) VALUES (476, '1F3F8', 0, 0, 0);
INSERT INTO codepoints (codepoint_id,codepoint,isComponent,isModifier,isModifierBase) VALUES (477, '1F3F9', 0, 0, 0);
INSERT INTO codepoints (codepoint_id,codepoint,isComponent,isModifier,isModifierBase) VALUES (478, '1F3FA', 0, 0, 0);
INSERT INTO codepoints (codepoint_id,codepoint,isComponent,isModifier,isModifierBase) VALUES (479, '1F3FB', 1, 1, 0);
INSERT INTO codepoints (codepoint_id,codepoint,isComponent,isModifier,isModifierBase) VALUES (480, '1F3FC', 1, 1, 0);
INSERT INTO codepoints (codepoint_id,codepoint,isComponent,isModifier,isModifierBase) VALUES (481, '1F3FD', 1, 1, 0);
INSERT INTO codepoints (codepoint_id,codepoint,isComponent,isModifier,isModifierBase) VALUES (482, '1F3FE', 1, 1, 0);
INSERT INTO codepoints (codepoint_id,codepoint,isComponent,isModifier,isModifierBase) VALUES (483, '1F3FF', 1, 1, 0);
INSERT INTO codepoints (codepoint_id,codepoint,isComponent,isModifier,isModifierBase) VALUES (484, '1F400', 0, 0, 0);
INSERT INTO codepoints (codepoint_id,codepoint,isComponent,isModifier,isModifierBase) VALUES (485, '1F401', 0, 0, 0);
INSERT INTO codepoints (codepoint_id,codepoint,isComponent,isModifier,isModifierBase) VALUES (486, '1F402', 0, 0, 0);
INSERT INTO codepoints (codepoint_id,codepoint,isComponent,isModifier,isModifierBase) VALUES (487, '1F403', 0, 0, 0);
INSERT INTO codepoints (codepoint_id,codepoint,isComponent,isModifier,isModifierBase) VALUES (488, '1F404', 0, 0, 0);
INSERT INTO codepoints (codepoint_id,codepoint,isComponent,isModifier,isModifierBase) VALUES (489, '1F405', 0, 0, 0);
INSERT INTO codepoints (codepoint_id,codepoint,isComponent,isModifier,isModifierBase) VALUES (490, '1F406', 0, 0, 0);
INSERT INTO codepoints (codepoint_id,codepoint,isComponent,isModifier,isModifierBase) VALUES (491, '1F407', 0, 0, 0);
INSERT INTO codepoints (codepoint_id,codepoint,isComponent,isModifier,isModifierBase) VALUES (492, '1F408', 0, 0, 0);
INSERT INTO codepoints (codepoint_id,codepoint,isComponent,isModifier,isModifierBase) VALUES (493, '1F409', 0, 0, 0);
INSERT INTO codepoints (codepoint_id,codepoint,isComponent,isModifier,isModifierBase) VALUES (494, '1F40A', 0, 0, 0);
INSERT INTO codepoints (codepoint_id,codepoint,isComponent,isModifier,isModifierBase) VALUES (495, '1F40B', 0, 0, 0);
INSERT INTO codepoints (codepoint_id,codepoint,isComponent,isModifier,isModifierBase) VALUES (496, '1F40C', 0, 0, 0);
INSERT INTO codepoints (codepoint_id,codepoint,isComponent,isModifier,isModifierBase) VALUES (497, '1F40D', 0, 0, 0);
INSERT INTO codepoints (codepoint_id,codepoint,isComponent,isModifier,isModifierBase) VALUES (498, '1F40E', 0, 0, 0);
INSERT INTO codepoints (codepoint_id,codepoint,isComponent,isModifier,isModifierBase) VALUES (499, '1F40F', 0, 0, 0);
INSERT INTO codepoints (codepoint_id,codepoint,isComponent,isModifier,isModifierBase) VALUES (500, '1F410', 0, 0, 0);
INSERT INTO codepoints (codepoint_id,codepoint,isComponent,isModifier,isModifierBase) VALUES (501, '1F411', 0, 0, 0);
INSERT INTO codepoints (codepoint_id,codepoint,isComponent,isModifier,isModifierBase) VALUES (502, '1F412', 0, 0, 0);
INSERT INTO codepoints (codepoint_id,codepoint,isComponent,isModifier,isModifierBase) VALUES (503, '1F413', 0, 0, 0);
INSERT INTO codepoints (codepoint_id,codepoint,isComponent,isModifier,isModifierBase) VALUES (504, '1F414', 0, 0, 0);
INSERT INTO codepoints (codepoint_id,codepoint,isComponent,isModifier,isModifierBase) VALUES (505, '1F415', 0, 0, 0);
INSERT INTO codepoints (codepoint_id,codepoint,isComponent,isModifier,isModifierBase) VALUES (506, '1F416', 0, 0, 0);
INSERT INTO codepoints (codepoint_id,codepoint,isComponent,isModifier,isModifierBase) VALUES (507, '1F417', 0, 0, 0);
INSERT INTO codepoints (codepoint_id,codepoint,isComponent,isModifier,isModifierBase) VALUES (508, '1F418', 0, 0, 0);
INSERT INTO codepoints (codepoint_id,codepoint,isComponent,isModifier,isModifierBase) VALUES (509, '1F419', 0, 0, 0);
INSERT INTO codepoints (codepoint_id,codepoint,isComponent,isModifier,isModifierBase) VALUES (510, '1F41A', 0, 0, 0);
INSERT INTO codepoints (codepoint_id,codepoint,isComponent,isModifier,isModifierBase) VALUES (511, '1F41B', 0, 0, 0);
INSERT INTO codepoints (codepoint_id,codepoint,isComponent,isModifier,isModifierBase) VALUES (512, '1F41C', 0, 0, 0);
INSERT INTO codepoints (codepoint_id,codepoint,isComponent,isModifier,isModifierBase) VALUES (513, '1F41D', 0, 0, 0);
INSERT INTO codepoints (codepoint_id,codepoint,isComponent,isModifier,isModifierBase) VALUES (514, '1F41E', 0, 0, 0);
INSERT INTO codepoints (codepoint_id,codepoint,isComponent,isModifier,isModifierBase) VALUES (515, '1F41F', 0, 0, 0);
INSERT INTO codepoints (codepoint_id,codepoint,isComponent,isModifier,isModifierBase) VALUES (516, '1F420', 0, 0, 0);
INSERT INTO codepoints (codepoint_id,codepoint,isComponent,isModifier,isModifierBase) VALUES (517, '1F421', 0, 0, 0);
INSERT INTO codepoints (codepoint_id,codepoint,isComponent,isModifier,isModifierBase) VALUES (518, '1F422', 0, 0, 0);
INSERT INTO codepoints (codepoint_id,codepoint,isComponent,isModifier,isModifierBase) VALUES (519, '1F423', 0, 0, 0);
INSERT INTO codepoints (codepoint_id,codepoint,isComponent,isModifier,isModifierBase) VALUES (520, '1F424', 0, 0, 0);
INSERT INTO codepoints (codepoint_id,codepoint,isComponent,isModifier,isModifierBase) VALUES (521, '1F425', 0, 0, 0);
INSERT INTO codepoints (codepoint_id,codepoint,isComponent,isModifier,isModifierBase) VALUES (522, '1F426', 0, 0, 0);
INSERT INTO codepoints (codepoint_id,codepoint,isComponent,isModifier,isModifierBase) VALUES (523, '1F427', 0, 0, 0);
INSERT INTO codepoints (codepoint_id,codepoint,isComponent,isModifier,isModifierBase) VALUES (524, '1F428', 0, 0, 0);
INSERT INTO codepoints (codepoint_id,codepoint,isComponent,isModifier,isModifierBase) VALUES (525, '1F429', 0, 0, 0);
INSERT INTO codepoints (codepoint_id,codepoint,isComponent,isModifier,isModifierBase) VALUES (526, '1F42A', 0, 0, 0);
INSERT INTO codepoints (codepoint_id,codepoint,isComponent,isModifier,isModifierBase) VALUES (527, '1F42B', 0, 0, 0);
INSERT INTO codepoints (codepoint_id,codepoint,isComponent,isModifier,isModifierBase) VALUES (528, '1F42C', 0, 0, 0);
INSERT INTO codepoints (codepoint_id,codepoint,isComponent,isModifier,isModifierBase) VALUES (529, '1F42D', 0, 0, 0);
INSERT INTO codepoints (codepoint_id,codepoint,isComponent,isModifier,isModifierBase) VALUES (530, '1F42E', 0, 0, 0);
INSERT INTO codepoints (codepoint_id,codepoint,isComponent,isModifier,isModifierBase) VALUES (531, '1F42F', 0, 0, 0);
INSERT INTO codepoints (codepoint_id,codepoint,isComponent,isModifier,isModifierBase) VALUES (532, '1F430', 0, 0, 0);
INSERT INTO codepoints (codepoint_id,codepoint,isComponent,isModifier,isModifierBase) VALUES (533, '1F431', 0, 0, 0);
INSERT INTO codepoints (codepoint_id,codepoint,isComponent,isModifier,isModifierBase) VALUES (534, '1F432', 0, 0, 0);
INSERT INTO codepoints (codepoint_id,codepoint,isComponent,isModifier,isModifierBase) VALUES (535, '1F433', 0, 0, 0);
INSERT INTO codepoints (codepoint_id,codepoint,isComponent,isModifier,isModifierBase) VALUES (536, '1F434', 0, 0, 0);
INSERT INTO codepoints (codepoint_id,codepoint,isComponent,isModifier,isModifierBase) VALUES (537, '1F435', 0, 0, 0);
INSERT INTO codepoints (codepoint_id,codepoint,isComponent,isModifier,isModifierBase) VALUES (538, '1F436', 0, 0, 0);
INSERT INTO codepoints (codepoint_id,codepoint,isComponent,isModifier,isModifierBase) VALUES (539, '1F437', 0, 0, 0);
INSERT INTO codepoints (codepoint_id,codepoint,isComponent,isModifier,isModifierBase) VALUES (540, '1F438', 0, 0, 0);
INSERT INTO codepoints (codepoint_id,codepoint,isComponent,isModifier,isModifierBase) VALUES (541, '1F439', 0, 0, 0);
INSERT INTO codepoints (codepoint_id,codepoint,isComponent,isModifier,isModifierBase) VALUES (542, '1F43A', 0, 0, 0);
INSERT INTO codepoints (codepoint_id,codepoint,isComponent,isModifier,isModifierBase) VALUES (543, '1F43B', 0, 0, 0);
INSERT INTO codepoints (codepoint_id,codepoint,isComponent,isModifier,isModifierBase) VALUES (544, '1F43C', 0, 0, 0);
INSERT INTO codepoints (codepoint_id,codepoint,isComponent,isModifier,isModifierBase) VALUES (545, '1F43D', 0, 0, 0);
INSERT INTO codepoints (codepoint_id,codepoint,isComponent,isModifier,isModifierBase) VALUES (546, '1F43E', 0, 0, 0);
INSERT INTO codepoints (codepoint_id,codepoint,isComponent,isModifier,isModifierBase) VALUES (547, '1F43F', 0, 0, 0);
INSERT INTO codepoints (codepoint_id,codepoint,isComponent,isModifier,isModifierBase) VALUES (548, '1F440', 0, 0, 0);
INSERT INTO codepoints (codepoint_id,codepoint,isComponent,isModifier,isModifierBase) VALUES (549, '1F441', 0, 0, 0);
INSERT INTO codepoints (codepoint_id,codepoint,isComponent,isModifier,isModifierBase) VALUES (550, '1F442', 0, 0, 1);
INSERT INTO codepoints (codepoint_id,codepoint,isComponent,isModifier,isModifierBase) VALUES (551, '1F443', 0, 0, 1);
INSERT INTO codepoints (codepoint_id,codepoint,isComponent,isModifier,isModifierBase) VALUES (552, '1F444', 0, 0, 0);
INSERT INTO codepoints (codepoint_id,codepoint,isComponent,isModifier,isModifierBase) VALUES (553, '1F445', 0, 0, 0);
INSERT INTO codepoints (codepoint_id,codepoint,isComponent,isModifier,isModifierBase) VALUES (554, '1F446', 0, 0, 1);
INSERT INTO codepoints (codepoint_id,codepoint,isComponent,isModifier,isModifierBase) VALUES (555, '1F447', 0, 0, 1);
INSERT INTO codepoints (codepoint_id,codepoint,isComponent,isModifier,isModifierBase) VALUES (556, '1F448', 0, 0, 1);
INSERT INTO codepoints (codepoint_id,codepoint,isComponent,isModifier,isModifierBase) VALUES (557, '1F449', 0, 0, 1);
INSERT INTO codepoints (codepoint_id,codepoint,isComponent,isModifier,isModifierBase) VALUES (558, '1F44A', 0, 0, 1);
INSERT INTO codepoints (codepoint_id,codepoint,isComponent,isModifier,isModifierBase) VALUES (559, '1F44B', 0, 0, 1);
INSERT INTO codepoints (codepoint_id,codepoint,isComponent,isModifier,isModifierBase) VALUES (560, '1F44C', 0, 0, 1);
INSERT INTO codepoints (codepoint_id,codepoint,isComponent,isModifier,isModifierBase) VALUES (561, '1F44D', 0, 0, 1);
INSERT INTO codepoints (codepoint_id,codepoint,isComponent,isModifier,isModifierBase) VALUES (562, '1F44E', 0, 0, 1);
INSERT INTO codepoints (codepoint_id,codepoint,isComponent,isModifier,isModifierBase) VALUES (563, '1F44F', 0, 0, 1);
INSERT INTO codepoints (codepoint_id,codepoint,isComponent,isModifier,isModifierBase) VALUES (564, '1F450', 0, 0, 1);
INSERT INTO codepoints (codepoint_id,codepoint,isComponent,isModifier,isModifierBase) VALUES (565, '1F451', 0, 0, 0);
INSERT INTO codepoints (codepoint_id,codepoint,isComponent,isModifier,isModifierBase) VALUES (566, '1F452', 0, 0, 0);
INSERT INTO codepoints (codepoint_id,codepoint,isComponent,isModifier,isModifierBase) VALUES (567, '1F453', 0, 0, 0);
INSERT INTO codepoints (codepoint_id,codepoint,isComponent,isModifier,isModifierBase) VALUES (568, '1F454', 0, 0, 0);
INSERT INTO codepoints (codepoint_id,codepoint,isComponent,isModifier,isModifierBase) VALUES (569, '1F455', 0, 0, 0);
INSERT INTO codepoints (codepoint_id,codepoint,isComponent,isModifier,isModifierBase) VALUES (570, '1F456', 0, 0, 0);
INSERT INTO codepoints (codepoint_id,codepoint,isComponent,isModifier,isModifierBase) VALUES (571, '1F457', 0, 0, 0);
INSERT INTO codepoints (codepoint_id,codepoint,isComponent,isModifier,isModifierBase) VALUES (572, '1F458', 0, 0, 0);
INSERT INTO codepoints (codepoint_id,codepoint,isComponent,isModifier,isModifierBase) VALUES (573, '1F459', 0, 0, 0);
INSERT INTO codepoints (codepoint_id,codepoint,isComponent,isModifier,isModifierBase) VALUES (574, '1F45A', 0, 0, 0);
INSERT INTO codepoints (codepoint_id,codepoint,isComponent,isModifier,isModifierBase) VALUES (575, '1F45B', 0, 0, 0);
INSERT INTO codepoints (codepoint_id,codepoint,isComponent,isModifier,isModifierBase) VALUES (576, '1F45C', 0, 0, 0);
INSERT INTO codepoints (codepoint_id,codepoint,isComponent,isModifier,isModifierBase) VALUES (577, '1F45D', 0, 0, 0);
INSERT INTO codepoints (codepoint_id,codepoint,isComponent,isModifier,isModifierBase) VALUES (578, '1F45E', 0, 0, 0);
INSERT INTO codepoints (codepoint_id,codepoint,isComponent,isModifier,isModifierBase) VALUES (579, '1F45F', 0, 0, 0);
INSERT INTO codepoints (codepoint_id,codepoint,isComponent,isModifier,isModifierBase) VALUES (580, '1F460', 0, 0, 0);
INSERT INTO codepoints (codepoint_id,codepoint,isComponent,isModifier,isModifierBase) VALUES (581, '1F461', 0, 0, 0);
INSERT INTO codepoints (codepoint_id,codepoint,isComponent,isModifier,isModifierBase) VALUES (582, '1F462', 0, 0, 0);
INSERT INTO codepoints (codepoint_id,codepoint,isComponent,isModifier,isModifierBase) VALUES (583, '1F463', 0, 0, 0);
INSERT INTO codepoints (codepoint_id,codepoint,isComponent,isModifier,isModifierBase) VALUES (584, '1F464', 0, 0, 0);
INSERT INTO codepoints (codepoint_id,codepoint,isComponent,isModifier,isModifierBase) VALUES (585, '1F465', 0, 0, 0);
INSERT INTO codepoints (codepoint_id,codepoint,isComponent,isModifier,isModifierBase) VALUES (586, '1F466', 0, 0, 1);
INSERT INTO codepoints (codepoint_id,codepoint,isComponent,isModifier,isModifierBase) VALUES (587, '1F467', 0, 0, 1);
INSERT INTO codepoints (codepoint_id,codepoint,isComponent,isModifier,isModifierBase) VALUES (588, '1F468', 0, 0, 1);
INSERT INTO codepoints (codepoint_id,codepoint,isComponent,isModifier,isModifierBase) VALUES (589, '1F469', 0, 0, 1);
INSERT INTO codepoints (codepoint_id,codepoint,isComponent,isModifier,isModifierBase) VALUES (590, '1F46A', 0, 0, 0);
INSERT INTO codepoints (codepoint_id,codepoint,isComponent,isModifier,isModifierBase) VALUES (591, '1F46B', 0, 0, 0);
INSERT INTO codepoints (codepoint_id,codepoint,isComponent,isModifier,isModifierBase) VALUES (592, '1F46C', 0, 0, 0);
INSERT INTO codepoints (codepoint_id,codepoint,isComponent,isModifier,isModifierBase) VALUES (593, '1F46D', 0, 0, 0);
INSERT INTO codepoints (codepoint_id,codepoint,isComponent,isModifier,isModifierBase) VALUES (594, '1F46E', 0, 0, 1);
INSERT INTO codepoints (codepoint_id,codepoint,isComponent,isModifier,isModifierBase) VALUES (595, '1F46F', 0, 0, 0);
INSERT INTO codepoints (codepoint_id,codepoint,isComponent,isModifier,isModifierBase) VALUES (596, '1F470', 0, 0, 1);
INSERT INTO codepoints (codepoint_id,codepoint,isComponent,isModifier,isModifierBase) VALUES (597, '1F471', 0, 0, 1);
INSERT INTO codepoints (codepoint_id,codepoint,isComponent,isModifier,isModifierBase) VALUES (598, '1F472', 0, 0, 1);
INSERT INTO codepoints (codepoint_id,codepoint,isComponent,isModifier,isModifierBase) VALUES (599, '1F473', 0, 0, 1);
INSERT INTO codepoints (codepoint_id,codepoint,isComponent,isModifier,isModifierBase) VALUES (600, '1F474', 0, 0, 1);
INSERT INTO codepoints (codepoint_id,codepoint,isComponent,isModifier,isModifierBase) VALUES (601, '1F475', 0, 0, 1);
INSERT INTO codepoints (codepoint_id,codepoint,isComponent,isModifier,isModifierBase) VALUES (602, '1F476', 0, 0, 1);
INSERT INTO codepoints (codepoint_id,codepoint,isComponent,isModifier,isModifierBase) VALUES (603, '1F477', 0, 0, 1);
INSERT INTO codepoints (codepoint_id,codepoint,isComponent,isModifier,isModifierBase) VALUES (604, '1F478', 0, 0, 1);
INSERT INTO codepoints (codepoint_id,codepoint,isComponent,isModifier,isModifierBase) VALUES (605, '1F479', 0, 0, 0);
INSERT INTO codepoints (codepoint_id,codepoint,isComponent,isModifier,isModifierBase) VALUES (606, '1F47A', 0, 0, 0);
INSERT INTO codepoints (codepoint_id,codepoint,isComponent,isModifier,isModifierBase) VALUES (607, '1F47B', 0, 0, 0);
INSERT INTO codepoints (codepoint_id,codepoint,isComponent,isModifier,isModifierBase) VALUES (608, '1F47C', 0, 0, 1);
INSERT INTO codepoints (codepoint_id,codepoint,isComponent,isModifier,isModifierBase) VALUES (609, '1F47D', 0, 0, 0);
INSERT INTO codepoints (codepoint_id,codepoint,isComponent,isModifier,isModifierBase) VALUES (610, '1F47E', 0, 0, 0);
INSERT INTO codepoints (codepoint_id,codepoint,isComponent,isModifier,isModifierBase) VALUES (611, '1F47F', 0, 0, 0);
INSERT INTO codepoints (codepoint_id,codepoint,isComponent,isModifier,isModifierBase) VALUES (612, '1F480', 0, 0, 0);
INSERT INTO codepoints (codepoint_id,codepoint,isComponent,isModifier,isModifierBase) VALUES (613, '1F481', 0, 0, 1);
INSERT INTO codepoints (codepoint_id,codepoint,isComponent,isModifier,isModifierBase) VALUES (614, '1F482', 0, 0, 1);
INSERT INTO codepoints (codepoint_id,codepoint,isComponent,isModifier,isModifierBase) VALUES (615, '1F483', 0, 0, 1);
INSERT INTO codepoints (codepoint_id,codepoint,isComponent,isModifier,isModifierBase) VALUES (616, '1F484', 0, 0, 0);
INSERT INTO codepoints (codepoint_id,codepoint,isComponent,isModifier,isModifierBase) VALUES (617, '1F485', 0, 0, 1);
INSERT INTO codepoints (codepoint_id,codepoint,isComponent,isModifier,isModifierBase) VALUES (618, '1F486', 0, 0, 1);
INSERT INTO codepoints (codepoint_id,codepoint,isComponent,isModifier,isModifierBase) VALUES (619, '1F487', 0, 0, 1);
INSERT INTO codepoints (codepoint_id,codepoint,isComponent,isModifier,isModifierBase) VALUES (620, '1F488', 0, 0, 0);
INSERT INTO codepoints (codepoint_id,codepoint,isComponent,isModifier,isModifierBase) VALUES (621, '1F489', 0, 0, 0);
INSERT INTO codepoints (codepoint_id,codepoint,isComponent,isModifier,isModifierBase) VALUES (622, '1F48A', 0, 0, 0);
INSERT INTO codepoints (codepoint_id,codepoint,isComponent,isModifier,isModifierBase) VALUES (623, '1F48B', 0, 0, 0);
INSERT INTO codepoints (codepoint_id,codepoint,isComponent,isModifier,isModifierBase) VALUES (624, '1F48C', 0, 0, 0);
INSERT INTO codepoints (codepoint_id,codepoint,isComponent,isModifier,isModifierBase) VALUES (625, '1F48D', 0, 0, 0);
INSERT INTO codepoints (codepoint_id,codepoint,isComponent,isModifier,isModifierBase) VALUES (626, '1F48E', 0, 0, 0);
INSERT INTO codepoints (codepoint_id,codepoint,isComponent,isModifier,isModifierBase) VALUES (627, '1F48F', 0, 0, 0);
INSERT INTO codepoints (codepoint_id,codepoint,isComponent,isModifier,isModifierBase) VALUES (628, '1F490', 0, 0, 0);
INSERT INTO codepoints (codepoint_id,codepoint,isComponent,isModifier,isModifierBase) VALUES (629, '1F491', 0, 0, 0);
INSERT INTO codepoints (codepoint_id,codepoint,isComponent,isModifier,isModifierBase) VALUES (630, '1F492', 0, 0, 0);
INSERT INTO codepoints (codepoint_id,codepoint,isComponent,isModifier,isModifierBase) VALUES (631, '1F493', 0, 0, 0);
INSERT INTO codepoints (codepoint_id,codepoint,isComponent,isModifier,isModifierBase) VALUES (632, '1F494', 0, 0, 0);
INSERT INTO codepoints (codepoint_id,codepoint,isComponent,isModifier,isModifierBase) VALUES (633, '1F495', 0, 0, 0);
INSERT INTO codepoints (codepoint_id,codepoint,isComponent,isModifier,isModifierBase) VALUES (634, '1F496', 0, 0, 0);
INSERT INTO codepoints (codepoint_id,codepoint,isComponent,isModifier,isModifierBase) VALUES (635, '1F497', 0, 0, 0);
INSERT INTO codepoints (codepoint_id,codepoint,isComponent,isModifier,isModifierBase) VALUES (636, '1F498', 0, 0, 0);
INSERT INTO codepoints (codepoint_id,codepoint,isComponent,isModifier,isModifierBase) VALUES (637, '1F499', 0, 0, 0);
INSERT INTO codepoints (codepoint_id,codepoint,isComponent,isModifier,isModifierBase) VALUES (638, '1F49A', 0, 0, 0);
INSERT INTO codepoints (codepoint_id,codepoint,isComponent,isModifier,isModifierBase) VALUES (639, '1F49B', 0, 0, 0);
INSERT INTO codepoints (codepoint_id,codepoint,isComponent,isModifier,isModifierBase) VALUES (640, '1F49C', 0, 0, 0);
INSERT INTO codepoints (codepoint_id,codepoint,isComponent,isModifier,isModifierBase) VALUES (641, '1F49D', 0, 0, 0);
INSERT INTO codepoints (codepoint_id,codepoint,isComponent,isModifier,isModifierBase) VALUES (642, '1F49E', 0, 0, 0);
INSERT INTO codepoints (codepoint_id,codepoint,isComponent,isModifier,isModifierBase) VALUES (643, '1F49F', 0, 0, 0);
INSERT INTO codepoints (codepoint_id,codepoint,isComponent,isModifier,isModifierBase) VALUES (644, '1F4A0', 0, 0, 0);
INSERT INTO codepoints (codepoint_id,codepoint,isComponent,isModifier,isModifierBase) VALUES (645, '1F4A1', 0, 0, 0);
INSERT INTO codepoints (codepoint_id,codepoint,isComponent,isModifier,isModifierBase) VALUES (646, '1F4A2', 0, 0, 0);
INSERT INTO codepoints (codepoint_id,codepoint,isComponent,isModifier,isModifierBase) VALUES (647, '1F4A3', 0, 0, 0);
INSERT INTO codepoints (codepoint_id,codepoint,isComponent,isModifier,isModifierBase) VALUES (648, '1F4A4', 0, 0, 0);
INSERT INTO codepoints (codepoint_id,codepoint,isComponent,isModifier,isModifierBase) VALUES (649, '1F4A5', 0, 0, 0);
INSERT INTO codepoints (codepoint_id,codepoint,isComponent,isModifier,isModifierBase) VALUES (650, '1F4A6', 0, 0, 0);
INSERT INTO codepoints (codepoint_id,codepoint,isComponent,isModifier,isModifierBase) VALUES (651, '1F4A7', 0, 0, 0);
INSERT INTO codepoints (codepoint_id,codepoint,isComponent,isModifier,isModifierBase) VALUES (652, '1F4A8', 0, 0, 0);
INSERT INTO codepoints (codepoint_id,codepoint,isComponent,isModifier,isModifierBase) VALUES (653, '1F4A9', 0, 0, 0);
INSERT INTO codepoints (codepoint_id,codepoint,isComponent,isModifier,isModifierBase) VALUES (654, '1F4AA', 0, 0, 1);
INSERT INTO codepoints (codepoint_id,codepoint,isComponent,isModifier,isModifierBase) VALUES (655, '1F4AB', 0, 0, 0);
INSERT INTO codepoints (codepoint_id,codepoint,isComponent,isModifier,isModifierBase) VALUES (656, '1F4AC', 0, 0, 0);
INSERT INTO codepoints (codepoint_id,codepoint,isComponent,isModifier,isModifierBase) VALUES (657, '1F4AD', 0, 0, 0);
INSERT INTO codepoints (codepoint_id,codepoint,isComponent,isModifier,isModifierBase) VALUES (658, '1F4AE', 0, 0, 0);
INSERT INTO codepoints (codepoint_id,codepoint,isComponent,isModifier,isModifierBase) VALUES (659, '1F4AF', 0, 0, 0);
INSERT INTO codepoints (codepoint_id,codepoint,isComponent,isModifier,isModifierBase) VALUES (660, '1F4B0', 0, 0, 0);
INSERT INTO codepoints (codepoint_id,codepoint,isComponent,isModifier,isModifierBase) VALUES (661, '1F4B1', 0, 0, 0);
INSERT INTO codepoints (codepoint_id,codepoint,isComponent,isModifier,isModifierBase) VALUES (662, '1F4B2', 0, 0, 0);
INSERT INTO codepoints (codepoint_id,codepoint,isComponent,isModifier,isModifierBase) VALUES (663, '1F4B3', 0, 0, 0);
INSERT INTO codepoints (codepoint_id,codepoint,isComponent,isModifier,isModifierBase) VALUES (664, '1F4B4', 0, 0, 0);
INSERT INTO codepoints (codepoint_id,codepoint,isComponent,isModifier,isModifierBase) VALUES (665, '1F4B5', 0, 0, 0);
INSERT INTO codepoints (codepoint_id,codepoint,isComponent,isModifier,isModifierBase) VALUES (666, '1F4B6', 0, 0, 0);
INSERT INTO codepoints (codepoint_id,codepoint,isComponent,isModifier,isModifierBase) VALUES (667, '1F4B7', 0, 0, 0);
INSERT INTO codepoints (codepoint_id,codepoint,isComponent,isModifier,isModifierBase) VALUES (668, '1F4B8', 0, 0, 0);
INSERT INTO codepoints (codepoint_id,codepoint,isComponent,isModifier,isModifierBase) VALUES (669, '1F4B9', 0, 0, 0);
INSERT INTO codepoints (codepoint_id,codepoint,isComponent,isModifier,isModifierBase) VALUES (670, '1F4BA', 0, 0, 0);
INSERT INTO codepoints (codepoint_id,codepoint,isComponent,isModifier,isModifierBase) VALUES (671, '1F4BB', 0, 0, 0);
INSERT INTO codepoints (codepoint_id,codepoint,isComponent,isModifier,isModifierBase) VALUES (672, '1F4BC', 0, 0, 0);
INSERT INTO codepoints (codepoint_id,codepoint,isComponent,isModifier,isModifierBase) VALUES (673, '1F4BD', 0, 0, 0);
INSERT INTO codepoints (codepoint_id,codepoint,isComponent,isModifier,isModifierBase) VALUES (674, '1F4BE', 0, 0, 0);
INSERT INTO codepoints (codepoint_id,codepoint,isComponent,isModifier,isModifierBase) VALUES (675, '1F4BF', 0, 0, 0);
INSERT INTO codepoints (codepoint_id,codepoint,isComponent,isModifier,isModifierBase) VALUES (676, '1F4C0', 0, 0, 0);
INSERT INTO codepoints (codepoint_id,codepoint,isComponent,isModifier,isModifierBase) VALUES (677, '1F4C1', 0, 0, 0);
INSERT INTO codepoints (codepoint_id,codepoint,isComponent,isModifier,isModifierBase) VALUES (678, '1F4C2', 0, 0, 0);
INSERT INTO codepoints (codepoint_id,codepoint,isComponent,isModifier,isModifierBase) VALUES (679, '1F4C3', 0, 0, 0);
INSERT INTO codepoints (codepoint_id,codepoint,isComponent,isModifier,isModifierBase) VALUES (680, '1F4C4', 0, 0, 0);
INSERT INTO codepoints (codepoint_id,codepoint,isComponent,isModifier,isModifierBase) VALUES (681, '1F4C5', 0, 0, 0);
INSERT INTO codepoints (codepoint_id,codepoint,isComponent,isModifier,isModifierBase) VALUES (682, '1F4C6', 0, 0, 0);
INSERT INTO codepoints (codepoint_id,codepoint,isComponent,isModifier,isModifierBase) VALUES (683, '1F4C7', 0, 0, 0);
INSERT INTO codepoints (codepoint_id,codepoint,isComponent,isModifier,isModifierBase) VALUES (684, '1F4C8', 0, 0, 0);
INSERT INTO codepoints (codepoint_id,codepoint,isComponent,isModifier,isModifierBase) VALUES (685, '1F4C9', 0, 0, 0);
INSERT INTO codepoints (codepoint_id,codepoint,isComponent,isModifier,isModifierBase) VALUES (686, '1F4CA', 0, 0, 0);
INSERT INTO codepoints (codepoint_id,codepoint,isComponent,isModifier,isModifierBase) VALUES (687, '1F4CB', 0, 0, 0);
INSERT INTO codepoints (codepoint_id,codepoint,isComponent,isModifier,isModifierBase) VALUES (688, '1F4CC', 0, 0, 0);
INSERT INTO codepoints (codepoint_id,codepoint,isComponent,isModifier,isModifierBase) VALUES (689, '1F4CD', 0, 0, 0);
INSERT INTO codepoints (codepoint_id,codepoint,isComponent,isModifier,isModifierBase) VALUES (690, '1F4CE', 0, 0, 0);
INSERT INTO codepoints (codepoint_id,codepoint,isComponent,isModifier,isModifierBase) VALUES (691, '1F4CF', 0, 0, 0);
INSERT INTO codepoints (codepoint_id,codepoint,isComponent,isModifier,isModifierBase) VALUES (692, '1F4D0', 0, 0, 0);
INSERT INTO codepoints (codepoint_id,codepoint,isComponent,isModifier,isModifierBase) VALUES (693, '1F4D1', 0, 0, 0);
INSERT INTO codepoints (codepoint_id,codepoint,isComponent,isModifier,isModifierBase) VALUES (694, '1F4D2', 0, 0, 0);
INSERT INTO codepoints (codepoint_id,codepoint,isComponent,isModifier,isModifierBase) VALUES (695, '1F4D3', 0, 0, 0);
INSERT INTO codepoints (codepoint_id,codepoint,isComponent,isModifier,isModifierBase) VALUES (696, '1F4D4', 0, 0, 0);
INSERT INTO codepoints (codepoint_id,codepoint,isComponent,isModifier,isModifierBase) VALUES (697, '1F4D5', 0, 0, 0);
INSERT INTO codepoints (codepoint_id,codepoint,isComponent,isModifier,isModifierBase) VALUES (698, '1F4D6', 0, 0, 0);
INSERT INTO codepoints (codepoint_id,codepoint,isComponent,isModifier,isModifierBase) VALUES (699, '1F4D7', 0, 0, 0);
INSERT INTO codepoints (codepoint_id,codepoint,isComponent,isModifier,isModifierBase) VALUES (700, '1F4D8', 0, 0, 0);
INSERT INTO codepoints (codepoint_id,codepoint,isComponent,isModifier,isModifierBase) VALUES (701, '1F4D9', 0, 0, 0);
INSERT INTO codepoints (codepoint_id,codepoint,isComponent,isModifier,isModifierBase) VALUES (702, '1F4DA', 0, 0, 0);
INSERT INTO codepoints (codepoint_id,codepoint,isComponent,isModifier,isModifierBase) VALUES (703, '1F4DB', 0, 0, 0);
INSERT INTO codepoints (codepoint_id,codepoint,isComponent,isModifier,isModifierBase) VALUES (704, '1F4DC', 0, 0, 0);
INSERT INTO codepoints (codepoint_id,codepoint,isComponent,isModifier,isModifierBase) VALUES (705, '1F4DD', 0, 0, 0);
INSERT INTO codepoints (codepoint_id,codepoint,isComponent,isModifier,isModifierBase) VALUES (706, '1F4DE', 0, 0, 0);
INSERT INTO codepoints (codepoint_id,codepoint,isComponent,isModifier,isModifierBase) VALUES (707, '1F4DF', 0, 0, 0);
INSERT INTO codepoints (codepoint_id,codepoint,isComponent,isModifier,isModifierBase) VALUES (708, '1F4E0', 0, 0, 0);
INSERT INTO codepoints (codepoint_id,codepoint,isComponent,isModifier,isModifierBase) VALUES (709, '1F4E1', 0, 0, 0);
INSERT INTO codepoints (codepoint_id,codepoint,isComponent,isModifier,isModifierBase) VALUES (710, '1F4E2', 0, 0, 0);
INSERT INTO codepoints (codepoint_id,codepoint,isComponent,isModifier,isModifierBase) VALUES (711, '1F4E3', 0, 0, 0);
INSERT INTO codepoints (codepoint_id,codepoint,isComponent,isModifier,isModifierBase) VALUES (712, '1F4E4', 0, 0, 0);
INSERT INTO codepoints (codepoint_id,codepoint,isComponent,isModifier,isModifierBase) VALUES (713, '1F4E5', 0, 0, 0);
INSERT INTO codepoints (codepoint_id,codepoint,isComponent,isModifier,isModifierBase) VALUES (714, '1F4E6', 0, 0, 0);
INSERT INTO codepoints (codepoint_id,codepoint,isComponent,isModifier,isModifierBase) VALUES (715, '1F4E7', 0, 0, 0);
INSERT INTO codepoints (codepoint_id,codepoint,isComponent,isModifier,isModifierBase) VALUES (716, '1F4E8', 0, 0, 0);
INSERT INTO codepoints (codepoint_id,codepoint,isComponent,isModifier,isModifierBase) VALUES (717, '1F4E9', 0, 0, 0);
INSERT INTO codepoints (codepoint_id,codepoint,isComponent,isModifier,isModifierBase) VALUES (718, '1F4EA', 0, 0, 0);
INSERT INTO codepoints (codepoint_id,codepoint,isComponent,isModifier,isModifierBase) VALUES (719, '1F4EB', 0, 0, 0);
INSERT INTO codepoints (codepoint_id,codepoint,isComponent,isModifier,isModifierBase) VALUES (720, '1F4EC', 0, 0, 0);
INSERT INTO codepoints (codepoint_id,codepoint,isComponent,isModifier,isModifierBase) VALUES (721, '1F4ED', 0, 0, 0);
INSERT INTO codepoints (codepoint_id,codepoint,isComponent,isModifier,isModifierBase) VALUES (722, '1F4EE', 0, 0, 0);
INSERT INTO codepoints (codepoint_id,codepoint,isComponent,isModifier,isModifierBase) VALUES (723, '1F4EF', 0, 0, 0);
INSERT INTO codepoints (codepoint_id,codepoint,isComponent,isModifier,isModifierBase) VALUES (724, '1F4F0', 0, 0, 0);
INSERT INTO codepoints (codepoint_id,codepoint,isComponent,isModifier,isModifierBase) VALUES (725, '1F4F1', 0, 0, 0);
INSERT INTO codepoints (codepoint_id,codepoint,isComponent,isModifier,isModifierBase) VALUES (726, '1F4F2', 0, 0, 0);
INSERT INTO codepoints (codepoint_id,codepoint,isComponent,isModifier,isModifierBase) VALUES (727, '1F4F3', 0, 0, 0);
INSERT INTO codepoints (codepoint_id,codepoint,isComponent,isModifier,isModifierBase) VALUES (728, '1F4F4', 0, 0, 0);
INSERT INTO codepoints (codepoint_id,codepoint,isComponent,isModifier,isModifierBase) VALUES (729, '1F4F5', 0, 0, 0);
INSERT INTO codepoints (codepoint_id,codepoint,isComponent,isModifier,isModifierBase) VALUES (730, '1F4F6', 0, 0, 0);
INSERT INTO codepoints (codepoint_id,codepoint,isComponent,isModifier,isModifierBase) VALUES (731, '1F4F7', 0, 0, 0);
INSERT INTO codepoints (codepoint_id,codepoint,isComponent,isModifier,isModifierBase) VALUES (732, '1F4F8', 0, 0, 0);
INSERT INTO codepoints (codepoint_id,codepoint,isComponent,isModifier,isModifierBase) VALUES (733, '1F4F9', 0, 0, 0);
INSERT INTO codepoints (codepoint_id,codepoint,isComponent,isModifier,isModifierBase) VALUES (734, '1F4FA', 0, 0, 0);
INSERT INTO codepoints (codepoint_id,codepoint,isComponent,isModifier,isModifierBase) VALUES (735, '1F4FB', 0, 0, 0);
INSERT INTO codepoints (codepoint_id,codepoint,isComponent,isModifier,isModifierBase) VALUES (736, '1F4FC', 0, 0, 0);
INSERT INTO codepoints (codepoint_id,codepoint,isComponent,isModifier,isModifierBase) VALUES (737, '1F4FD', 0, 0, 0);
INSERT INTO codepoints (codepoint_id,codepoint,isComponent,isModifier,isModifierBase) VALUES (738, '1F4FF', 0, 0, 0);
INSERT INTO codepoints (codepoint_id,codepoint,isComponent,isModifier,isModifierBase) VALUES (739, '1F500', 0, 0, 0);
INSERT INTO codepoints (codepoint_id,codepoint,isComponent,isModifier,isModifierBase) VALUES (740, '1F501', 0, 0, 0);
INSERT INTO codepoints (codepoint_id,codepoint,isComponent,isModifier,isModifierBase) VALUES (741, '1F502', 0, 0, 0);
INSERT INTO codepoints (codepoint_id,codepoint,isComponent,isModifier,isModifierBase) VALUES (742, '1F503', 0, 0, 0);
INSERT INTO codepoints (codepoint_id,codepoint,isComponent,isModifier,isModifierBase) VALUES (743, '1F504', 0, 0, 0);
INSERT INTO codepoints (codepoint_id,codepoint,isComponent,isModifier,isModifierBase) VALUES (744, '1F505', 0, 0, 0);
INSERT INTO codepoints (codepoint_id,codepoint,isComponent,isModifier,isModifierBase) VALUES (745, '1F506', 0, 0, 0);
INSERT INTO codepoints (codepoint_id,codepoint,isComponent,isModifier,isModifierBase) VALUES (746, '1F507', 0, 0, 0);
INSERT INTO codepoints (codepoint_id,codepoint,isComponent,isModifier,isModifierBase) VALUES (747, '1F508', 0, 0, 0);
INSERT INTO codepoints (codepoint_id,codepoint,isComponent,isModifier,isModifierBase) VALUES (748, '1F509', 0, 0, 0);
INSERT INTO codepoints (codepoint_id,codepoint,isComponent,isModifier,isModifierBase) VALUES (749, '1F50A', 0, 0, 0);
INSERT INTO codepoints (codepoint_id,codepoint,isComponent,isModifier,isModifierBase) VALUES (750, '1F50B', 0, 0, 0);
INSERT INTO codepoints (codepoint_id,codepoint,isComponent,isModifier,isModifierBase) VALUES (751, '1F50C', 0, 0, 0);
INSERT INTO codepoints (codepoint_id,codepoint,isComponent,isModifier,isModifierBase) VALUES (752, '1F50D', 0, 0, 0);
INSERT INTO codepoints (codepoint_id,codepoint,isComponent,isModifier,isModifierBase) VALUES (753, '1F50E', 0, 0, 0);
INSERT INTO codepoints (codepoint_id,codepoint,isComponent,isModifier,isModifierBase) VALUES (754, '1F50F', 0, 0, 0);
INSERT INTO codepoints (codepoint_id,codepoint,isComponent,isModifier,isModifierBase) VALUES (755, '1F510', 0, 0, 0);
INSERT INTO codepoints (codepoint_id,codepoint,isComponent,isModifier,isModifierBase) VALUES (756, '1F511', 0, 0, 0);
INSERT INTO codepoints (codepoint_id,codepoint,isComponent,isModifier,isModifierBase) VALUES (757, '1F512', 0, 0, 0);
INSERT INTO codepoints (codepoint_id,codepoint,isComponent,isModifier,isModifierBase) VALUES (758, '1F513', 0, 0, 0);
INSERT INTO codepoints (codepoint_id,codepoint,isComponent,isModifier,isModifierBase) VALUES (759, '1F514', 0, 0, 0);
INSERT INTO codepoints (codepoint_id,codepoint,isComponent,isModifier,isModifierBase) VALUES (760, '1F515', 0, 0, 0);
INSERT INTO codepoints (codepoint_id,codepoint,isComponent,isModifier,isModifierBase) VALUES (761, '1F516', 0, 0, 0);
INSERT INTO codepoints (codepoint_id,codepoint,isComponent,isModifier,isModifierBase) VALUES (762, '1F517', 0, 0, 0);
INSERT INTO codepoints (codepoint_id,codepoint,isComponent,isModifier,isModifierBase) VALUES (763, '1F518', 0, 0, 0);
INSERT INTO codepoints (codepoint_id,codepoint,isComponent,isModifier,isModifierBase) VALUES (764, '1F519', 0, 0, 0);
INSERT INTO codepoints (codepoint_id,codepoint,isComponent,isModifier,isModifierBase) VALUES (765, '1F51A', 0, 0, 0);
INSERT INTO codepoints (codepoint_id,codepoint,isComponent,isModifier,isModifierBase) VALUES (766, '1F51B', 0, 0, 0);
INSERT INTO codepoints (codepoint_id,codepoint,isComponent,isModifier,isModifierBase) VALUES (767, '1F51C', 0, 0, 0);
INSERT INTO codepoints (codepoint_id,codepoint,isComponent,isModifier,isModifierBase) VALUES (768, '1F51D', 0, 0, 0);
INSERT INTO codepoints (codepoint_id,codepoint,isComponent,isModifier,isModifierBase) VALUES (769, '1F51E', 0, 0, 0);
INSERT INTO codepoints (codepoint_id,codepoint,isComponent,isModifier,isModifierBase) VALUES (770, '1F51F', 0, 0, 0);
INSERT INTO codepoints (codepoint_id,codepoint,isComponent,isModifier,isModifierBase) VALUES (771, '1F520', 0, 0, 0);
INSERT INTO codepoints (codepoint_id,codepoint,isComponent,isModifier,isModifierBase) VALUES (772, '1F521', 0, 0, 0);
INSERT INTO codepoints (codepoint_id,codepoint,isComponent,isModifier,isModifierBase) VALUES (773, '1F522', 0, 0, 0);
INSERT INTO codepoints (codepoint_id,codepoint,isComponent,isModifier,isModifierBase) VALUES (774, '1F523', 0, 0, 0);
INSERT INTO codepoints (codepoint_id,codepoint,isComponent,isModifier,isModifierBase) VALUES (775, '1F524', 0, 0, 0);
INSERT INTO codepoints (codepoint_id,codepoint,isComponent,isModifier,isModifierBase) VALUES (776, '1F525', 0, 0, 0);
INSERT INTO codepoints (codepoint_id,codepoint,isComponent,isModifier,isModifierBase) VALUES (777, '1F526', 0, 0, 0);
INSERT INTO codepoints (codepoint_id,codepoint,isComponent,isModifier,isModifierBase) VALUES (778, '1F527', 0, 0, 0);
INSERT INTO codepoints (codepoint_id,codepoint,isComponent,isModifier,isModifierBase) VALUES (779, '1F528', 0, 0, 0);
INSERT INTO codepoints (codepoint_id,codepoint,isComponent,isModifier,isModifierBase) VALUES (780, '1F529', 0, 0, 0);
INSERT INTO codepoints (codepoint_id,codepoint,isComponent,isModifier,isModifierBase) VALUES (781, '1F52A', 0, 0, 0);
INSERT INTO codepoints (codepoint_id,codepoint,isComponent,isModifier,isModifierBase) VALUES (782, '1F52B', 0, 0, 0);
INSERT INTO codepoints (codepoint_id,codepoint,isComponent,isModifier,isModifierBase) VALUES (783, '1F52C', 0, 0, 0);
INSERT INTO codepoints (codepoint_id,codepoint,isComponent,isModifier,isModifierBase) VALUES (784, '1F52D', 0, 0, 0);
INSERT INTO codepoints (codepoint_id,codepoint,isComponent,isModifier,isModifierBase) VALUES (785, '1F52E', 0, 0, 0);
INSERT INTO codepoints (codepoint_id,codepoint,isComponent,isModifier,isModifierBase) VALUES (786, '1F52F', 0, 0, 0);
INSERT INTO codepoints (codepoint_id,codepoint,isComponent,isModifier,isModifierBase) VALUES (787, '1F530', 0, 0, 0);
INSERT INTO codepoints (codepoint_id,codepoint,isComponent,isModifier,isModifierBase) VALUES (788, '1F531', 0, 0, 0);
INSERT INTO codepoints (codepoint_id,codepoint,isComponent,isModifier,isModifierBase) VALUES (789, '1F532', 0, 0, 0);
INSERT INTO codepoints (codepoint_id,codepoint,isComponent,isModifier,isModifierBase) VALUES (790, '1F533', 0, 0, 0);
INSERT INTO codepoints (codepoint_id,codepoint,isComponent,isModifier,isModifierBase) VALUES (791, '1F534', 0, 0, 0);
INSERT INTO codepoints (codepoint_id,codepoint,isComponent,isModifier,isModifierBase) VALUES (792, '1F535', 0, 0, 0);
INSERT INTO codepoints (codepoint_id,codepoint,isComponent,isModifier,isModifierBase) VALUES (793, '1F536', 0, 0, 0);
INSERT INTO codepoints (codepoint_id,codepoint,isComponent,isModifier,isModifierBase) VALUES (794, '1F537', 0, 0, 0);
INSERT INTO codepoints (codepoint_id,codepoint,isComponent,isModifier,isModifierBase) VALUES (795, '1F538', 0, 0, 0);
INSERT INTO codepoints (codepoint_id,codepoint,isComponent,isModifier,isModifierBase) VALUES (796, '1F539', 0, 0, 0);
INSERT INTO codepoints (codepoint_id,codepoint,isComponent,isModifier,isModifierBase) VALUES (797, '1F53A', 0, 0, 0);
INSERT INTO codepoints (codepoint_id,codepoint,isComponent,isModifier,isModifierBase) VALUES (798, '1F53B', 0, 0, 0);
INSERT INTO codepoints (codepoint_id,codepoint,isComponent,isModifier,isModifierBase) VALUES (799, '1F53C', 0, 0, 0);
INSERT INTO codepoints (codepoint_id,codepoint,isComponent,isModifier,isModifierBase) VALUES (800, '1F53D', 0, 0, 0);
INSERT INTO codepoints (codepoint_id,codepoint,isComponent,isModifier,isModifierBase) VALUES (801, '1F549', 0, 0, 0);
INSERT INTO codepoints (codepoint_id,codepoint,isComponent,isModifier,isModifierBase) VALUES (802, '1F54A', 0, 0, 0);
INSERT INTO codepoints (codepoint_id,codepoint,isComponent,isModifier,isModifierBase) VALUES (803, '1F54B', 0, 0, 0);
INSERT INTO codepoints (codepoint_id,codepoint,isComponent,isModifier,isModifierBase) VALUES (804, '1F54C', 0, 0, 0);
INSERT INTO codepoints (codepoint_id,codepoint,isComponent,isModifier,isModifierBase) VALUES (805, '1F54D', 0, 0, 0);
INSERT INTO codepoints (codepoint_id,codepoint,isComponent,isModifier,isModifierBase) VALUES (806, '1F54E', 0, 0, 0);
INSERT INTO codepoints (codepoint_id,codepoint,isComponent,isModifier,isModifierBase) VALUES (807, '1F550', 0, 0, 0);
INSERT INTO codepoints (codepoint_id,codepoint,isComponent,isModifier,isModifierBase) VALUES (808, '1F551', 0, 0, 0);
INSERT INTO codepoints (codepoint_id,codepoint,isComponent,isModifier,isModifierBase) VALUES (809, '1F552', 0, 0, 0);
INSERT INTO codepoints (codepoint_id,codepoint,isComponent,isModifier,isModifierBase) VALUES (810, '1F553', 0, 0, 0);
INSERT INTO codepoints (codepoint_id,codepoint,isComponent,isModifier,isModifierBase) VALUES (811, '1F554', 0, 0, 0);
INSERT INTO codepoints (codepoint_id,codepoint,isComponent,isModifier,isModifierBase) VALUES (812, '1F555', 0, 0, 0);
INSERT INTO codepoints (codepoint_id,codepoint,isComponent,isModifier,isModifierBase) VALUES (813, '1F556', 0, 0, 0);
INSERT INTO codepoints (codepoint_id,codepoint,isComponent,isModifier,isModifierBase) VALUES (814, '1F557', 0, 0, 0);
INSERT INTO codepoints (codepoint_id,codepoint,isComponent,isModifier,isModifierBase) VALUES (815, '1F558', 0, 0, 0);
INSERT INTO codepoints (codepoint_id,codepoint,isComponent,isModifier,isModifierBase) VALUES (816, '1F559', 0, 0, 0);
INSERT INTO codepoints (codepoint_id,codepoint,isComponent,isModifier,isModifierBase) VALUES (817, '1F55A', 0, 0, 0);
INSERT INTO codepoints (codepoint_id,codepoint,isComponent,isModifier,isModifierBase) VALUES (818, '1F55B', 0, 0, 0);
INSERT INTO codepoints (codepoint_id,codepoint,isComponent,isModifier,isModifierBase) VALUES (819, '1F55C', 0, 0, 0);
INSERT INTO codepoints (codepoint_id,codepoint,isComponent,isModifier,isModifierBase) VALUES (820, '1F55D', 0, 0, 0);
INSERT INTO codepoints (codepoint_id,codepoint,isComponent,isModifier,isModifierBase) VALUES (821, '1F55E', 0, 0, 0);
INSERT INTO codepoints (codepoint_id,codepoint,isComponent,isModifier,isModifierBase) VALUES (822, '1F55F', 0, 0, 0);
INSERT INTO codepoints (codepoint_id,codepoint,isComponent,isModifier,isModifierBase) VALUES (823, '1F560', 0, 0, 0);
INSERT INTO codepoints (codepoint_id,codepoint,isComponent,isModifier,isModifierBase) VALUES (824, '1F561', 0, 0, 0);
INSERT INTO codepoints (codepoint_id,codepoint,isComponent,isModifier,isModifierBase) VALUES (825, '1F562', 0, 0, 0);
INSERT INTO codepoints (codepoint_id,codepoint,isComponent,isModifier,isModifierBase) VALUES (826, '1F563', 0, 0, 0);
INSERT INTO codepoints (codepoint_id,codepoint,isComponent,isModifier,isModifierBase) VALUES (827, '1F564', 0, 0, 0);
INSERT INTO codepoints (codepoint_id,codepoint,isComponent,isModifier,isModifierBase) VALUES (828, '1F565', 0, 0, 0);
INSERT INTO codepoints (codepoint_id,codepoint,isComponent,isModifier,isModifierBase) VALUES (829, '1F566', 0, 0, 0);
INSERT INTO codepoints (codepoint_id,codepoint,isComponent,isModifier,isModifierBase) VALUES (830, '1F567', 0, 0, 0);
INSERT INTO codepoints (codepoint_id,codepoint,isComponent,isModifier,isModifierBase) VALUES (831, '1F56F', 0, 0, 0);
INSERT INTO codepoints (codepoint_id,codepoint,isComponent,isModifier,isModifierBase) VALUES (832, '1F570', 0, 0, 0);
INSERT INTO codepoints (codepoint_id,codepoint,isComponent,isModifier,isModifierBase) VALUES (833, '1F573', 0, 0, 0);
INSERT INTO codepoints (codepoint_id,codepoint,isComponent,isModifier,isModifierBase) VALUES (834, '1F574', 0, 0, 1);
INSERT INTO codepoints (codepoint_id,codepoint,isComponent,isModifier,isModifierBase) VALUES (835, '1F575', 0, 0, 1);
INSERT INTO codepoints (codepoint_id,codepoint,isComponent,isModifier,isModifierBase) VALUES (836, '1F576', 0, 0, 0);
INSERT INTO codepoints (codepoint_id,codepoint,isComponent,isModifier,isModifierBase) VALUES (837, '1F577', 0, 0, 0);
INSERT INTO codepoints (codepoint_id,codepoint,isComponent,isModifier,isModifierBase) VALUES (838, '1F578', 0, 0, 0);
INSERT INTO codepoints (codepoint_id,codepoint,isComponent,isModifier,isModifierBase) VALUES (839, '1F579', 0, 0, 0);
INSERT INTO codepoints (codepoint_id,codepoint,isComponent,isModifier,isModifierBase) VALUES (840, '1F57A', 0, 0, 1);
INSERT INTO codepoints (codepoint_id,codepoint,isComponent,isModifier,isModifierBase) VALUES (841, '1F587', 0, 0, 0);
INSERT INTO codepoints (codepoint_id,codepoint,isComponent,isModifier,isModifierBase) VALUES (842, '1F58A', 0, 0, 0);
INSERT INTO codepoints (codepoint_id,codepoint,isComponent,isModifier,isModifierBase) VALUES (843, '1F58B', 0, 0, 0);
INSERT INTO codepoints (codepoint_id,codepoint,isComponent,isModifier,isModifierBase) VALUES (844, '1F58C', 0, 0, 0);
INSERT INTO codepoints (codepoint_id,codepoint,isComponent,isModifier,isModifierBase) VALUES (845, '1F58D', 0, 0, 0);
INSERT INTO codepoints (codepoint_id,codepoint,isComponent,isModifier,isModifierBase) VALUES (846, '1F590', 0, 0, 1);
INSERT INTO codepoints (codepoint_id,codepoint,isComponent,isModifier,isModifierBase) VALUES (847, '1F595', 0, 0, 1);
INSERT INTO codepoints (codepoint_id,codepoint,isComponent,isModifier,isModifierBase) VALUES (848, '1F596', 0, 0, 1);
INSERT INTO codepoints (codepoint_id,codepoint,isComponent,isModifier,isModifierBase) VALUES (849, '1F5A4', 0, 0, 0);
INSERT INTO codepoints (codepoint_id,codepoint,isComponent,isModifier,isModifierBase) VALUES (850, '1F5A5', 0, 0, 0);
INSERT INTO codepoints (codepoint_id,codepoint,isComponent,isModifier,isModifierBase) VALUES (851, '1F5A8', 0, 0, 0);
INSERT INTO codepoints (codepoint_id,codepoint,isComponent,isModifier,isModifierBase) VALUES (852, '1F5B1', 0, 0, 0);
INSERT INTO codepoints (codepoint_id,codepoint,isComponent,isModifier,isModifierBase) VALUES (853, '1F5B2', 0, 0, 0);
INSERT INTO codepoints (codepoint_id,codepoint,isComponent,isModifier,isModifierBase) VALUES (854, '1F5BC', 0, 0, 0);
INSERT INTO codepoints (codepoint_id,codepoint,isComponent,isModifier,isModifierBase) VALUES (855, '1F5C2', 0, 0, 0);
INSERT INTO codepoints (codepoint_id,codepoint,isComponent,isModifier,isModifierBase) VALUES (856, '1F5C3', 0, 0, 0);
INSERT INTO codepoints (codepoint_id,codepoint,isComponent,isModifier,isModifierBase) VALUES (857, '1F5C4', 0, 0, 0);
INSERT INTO codepoints (codepoint_id,codepoint,isComponent,isModifier,isModifierBase) VALUES (858, '1F5D1', 0, 0, 0);
INSERT INTO codepoints (codepoint_id,codepoint,isComponent,isModifier,isModifierBase) VALUES (859, '1F5D2', 0, 0, 0);
INSERT INTO codepoints (codepoint_id,codepoint,isComponent,isModifier,isModifierBase) VALUES (860, '1F5D3', 0, 0, 0);
INSERT INTO codepoints (codepoint_id,codepoint,isComponent,isModifier,isModifierBase) VALUES (861, '1F5DC', 0, 0, 0);
INSERT INTO codepoints (codepoint_id,codepoint,isComponent,isModifier,isModifierBase) VALUES (862, '1F5DD', 0, 0, 0);
INSERT INTO codepoints (codepoint_id,codepoint,isComponent,isModifier,isModifierBase) VALUES (863, '1F5DE', 0, 0, 0);
INSERT INTO codepoints (codepoint_id,codepoint,isComponent,isModifier,isModifierBase) VALUES (864, '1F5E1', 0, 0, 0);
INSERT INTO codepoints (codepoint_id,codepoint,isComponent,isModifier,isModifierBase) VALUES (865, '1F5E3', 0, 0, 0);
INSERT INTO codepoints (codepoint_id,codepoint,isComponent,isModifier,isModifierBase) VALUES (866, '1F5E8', 0, 0, 0);
INSERT INTO codepoints (codepoint_id,codepoint,isComponent,isModifier,isModifierBase) VALUES (867, '1F5EF', 0, 0, 0);
INSERT INTO codepoints (codepoint_id,codepoint,isComponent,isModifier,isModifierBase) VALUES (868, '1F5F3', 0, 0, 0);
INSERT INTO codepoints (codepoint_id,codepoint,isComponent,isModifier,isModifierBase) VALUES (869, '1F5FA', 0, 0, 0);
INSERT INTO codepoints (codepoint_id,codepoint,isComponent,isModifier,isModifierBase) VALUES (870, '1F5FB', 0, 0, 0);
INSERT INTO codepoints (codepoint_id,codepoint,isComponent,isModifier,isModifierBase) VALUES (871, '1F5FC', 0, 0, 0);
INSERT INTO codepoints (codepoint_id,codepoint,isComponent,isModifier,isModifierBase) VALUES (872, '1F5FD', 0, 0, 0);
INSERT INTO codepoints (codepoint_id,codepoint,isComponent,isModifier,isModifierBase) VALUES (873, '1F5FE', 0, 0, 0);
INSERT INTO codepoints (codepoint_id,codepoint,isComponent,isModifier,isModifierBase) VALUES (874, '1F5FF', 0, 0, 0);
INSERT INTO codepoints (codepoint_id,codepoint,isComponent,isModifier,isModifierBase) VALUES (875, '1F600', 0, 0, 0);
INSERT INTO codepoints (codepoint_id,codepoint,isComponent,isModifier,isModifierBase) VALUES (876, '1F601', 0, 0, 0);
INSERT INTO codepoints (codepoint_id,codepoint,isComponent,isModifier,isModifierBase) VALUES (877, '1F602', 0, 0, 0);
INSERT INTO codepoints (codepoint_id,codepoint,isComponent,isModifier,isModifierBase) VALUES (878, '1F603', 0, 0, 0);
INSERT INTO codepoints (codepoint_id,codepoint,isComponent,isModifier,isModifierBase) VALUES (879, '1F604', 0, 0, 0);
INSERT INTO codepoints (codepoint_id,codepoint,isComponent,isModifier,isModifierBase) VALUES (880, '1F605', 0, 0, 0);
INSERT INTO codepoints (codepoint_id,codepoint,isComponent,isModifier,isModifierBase) VALUES (881, '1F606', 0, 0, 0);
INSERT INTO codepoints (codepoint_id,codepoint,isComponent,isModifier,isModifierBase) VALUES (882, '1F607', 0, 0, 0);
INSERT INTO codepoints (codepoint_id,codepoint,isComponent,isModifier,isModifierBase) VALUES (883, '1F608', 0, 0, 0);
INSERT INTO codepoints (codepoint_id,codepoint,isComponent,isModifier,isModifierBase) VALUES (884, '1F609', 0, 0, 0);
INSERT INTO codepoints (codepoint_id,codepoint,isComponent,isModifier,isModifierBase) VALUES (885, '1F60A', 0, 0, 0);
INSERT INTO codepoints (codepoint_id,codepoint,isComponent,isModifier,isModifierBase) VALUES (886, '1F60B', 0, 0, 0);
INSERT INTO codepoints (codepoint_id,codepoint,isComponent,isModifier,isModifierBase) VALUES (887, '1F60C', 0, 0, 0);
INSERT INTO codepoints (codepoint_id,codepoint,isComponent,isModifier,isModifierBase) VALUES (888, '1F60D', 0, 0, 0);
INSERT INTO codepoints (codepoint_id,codepoint,isComponent,isModifier,isModifierBase) VALUES (889, '1F60E', 0, 0, 0);
INSERT INTO codepoints (codepoint_id,codepoint,isComponent,isModifier,isModifierBase) VALUES (890, '1F60F', 0, 0, 0);
INSERT INTO codepoints (codepoint_id,codepoint,isComponent,isModifier,isModifierBase) VALUES (891, '1F610', 0, 0, 0);
INSERT INTO codepoints (codepoint_id,codepoint,isComponent,isModifier,isModifierBase) VALUES (892, '1F611', 0, 0, 0);
INSERT INTO codepoints (codepoint_id,codepoint,isComponent,isModifier,isModifierBase) VALUES (893, '1F612', 0, 0, 0);
INSERT INTO codepoints (codepoint_id,codepoint,isComponent,isModifier,isModifierBase) VALUES (894, '1F613', 0, 0, 0);
INSERT INTO codepoints (codepoint_id,codepoint,isComponent,isModifier,isModifierBase) VALUES (895, '1F614', 0, 0, 0);
INSERT INTO codepoints (codepoint_id,codepoint,isComponent,isModifier,isModifierBase) VALUES (896, '1F615', 0, 0, 0);
INSERT INTO codepoints (codepoint_id,codepoint,isComponent,isModifier,isModifierBase) VALUES (897, '1F616', 0, 0, 0);
INSERT INTO codepoints (codepoint_id,codepoint,isComponent,isModifier,isModifierBase) VALUES (898, '1F617', 0, 0, 0);
INSERT INTO codepoints (codepoint_id,codepoint,isComponent,isModifier,isModifierBase) VALUES (899, '1F618', 0, 0, 0);
INSERT INTO codepoints (codepoint_id,codepoint,isComponent,isModifier,isModifierBase) VALUES (900, '1F619', 0, 0, 0);
INSERT INTO codepoints (codepoint_id,codepoint,isComponent,isModifier,isModifierBase) VALUES (901, '1F61A', 0, 0, 0);
INSERT INTO codepoints (codepoint_id,codepoint,isComponent,isModifier,isModifierBase) VALUES (902, '1F61B', 0, 0, 0);
INSERT INTO codepoints (codepoint_id,codepoint,isComponent,isModifier,isModifierBase) VALUES (903, '1F61C', 0, 0, 0);
INSERT INTO codepoints (codepoint_id,codepoint,isComponent,isModifier,isModifierBase) VALUES (904, '1F61D', 0, 0, 0);
INSERT INTO codepoints (codepoint_id,codepoint,isComponent,isModifier,isModifierBase) VALUES (905, '1F61E', 0, 0, 0);
INSERT INTO codepoints (codepoint_id,codepoint,isComponent,isModifier,isModifierBase) VALUES (906, '1F61F', 0, 0, 0);
INSERT INTO codepoints (codepoint_id,codepoint,isComponent,isModifier,isModifierBase) VALUES (907, '1F620', 0, 0, 0);
INSERT INTO codepoints (codepoint_id,codepoint,isComponent,isModifier,isModifierBase) VALUES (908, '1F621', 0, 0, 0);
INSERT INTO codepoints (codepoint_id,codepoint,isComponent,isModifier,isModifierBase) VALUES (909, '1F622', 0, 0, 0);
INSERT INTO codepoints (codepoint_id,codepoint,isComponent,isModifier,isModifierBase) VALUES (910, '1F623', 0, 0, 0);
INSERT INTO codepoints (codepoint_id,codepoint,isComponent,isModifier,isModifierBase) VALUES (911, '1F624', 0, 0, 0);
INSERT INTO codepoints (codepoint_id,codepoint,isComponent,isModifier,isModifierBase) VALUES (912, '1F625', 0, 0, 0);
INSERT INTO codepoints (codepoint_id,codepoint,isComponent,isModifier,isModifierBase) VALUES (913, '1F626', 0, 0, 0);
INSERT INTO codepoints (codepoint_id,codepoint,isComponent,isModifier,isModifierBase) VALUES (914, '1F627', 0, 0, 0);
INSERT INTO codepoints (codepoint_id,codepoint,isComponent,isModifier,isModifierBase) VALUES (915, '1F628', 0, 0, 0);
INSERT INTO codepoints (codepoint_id,codepoint,isComponent,isModifier,isModifierBase) VALUES (916, '1F629', 0, 0, 0);
INSERT INTO codepoints (codepoint_id,codepoint,isComponent,isModifier,isModifierBase) VALUES (917, '1F62A', 0, 0, 0);
INSERT INTO codepoints (codepoint_id,codepoint,isComponent,isModifier,isModifierBase) VALUES (918, '1F62B', 0, 0, 0);
INSERT INTO codepoints (codepoint_id,codepoint,isComponent,isModifier,isModifierBase) VALUES (919, '1F62C', 0, 0, 0);
INSERT INTO codepoints (codepoint_id,codepoint,isComponent,isModifier,isModifierBase) VALUES (920, '1F62D', 0, 0, 0);
INSERT INTO codepoints (codepoint_id,codepoint,isComponent,isModifier,isModifierBase) VALUES (921, '1F62E', 0, 0, 0);
INSERT INTO codepoints (codepoint_id,codepoint,isComponent,isModifier,isModifierBase) VALUES (922, '1F62F', 0, 0, 0);
INSERT INTO codepoints (codepoint_id,codepoint,isComponent,isModifier,isModifierBase) VALUES (923, '1F630', 0, 0, 0);
INSERT INTO codepoints (codepoint_id,codepoint,isComponent,isModifier,isModifierBase) VALUES (924, '1F631', 0, 0, 0);
INSERT INTO codepoints (codepoint_id,codepoint,isComponent,isModifier,isModifierBase) VALUES (925, '1F632', 0, 0, 0);
INSERT INTO codepoints (codepoint_id,codepoint,isComponent,isModifier,isModifierBase) VALUES (926, '1F633', 0, 0, 0);
INSERT INTO codepoints (codepoint_id,codepoint,isComponent,isModifier,isModifierBase) VALUES (927, '1F634', 0, 0, 0);
INSERT INTO codepoints (codepoint_id,codepoint,isComponent,isModifier,isModifierBase) VALUES (928, '1F635', 0, 0, 0);
INSERT INTO codepoints (codepoint_id,codepoint,isComponent,isModifier,isModifierBase) VALUES (929, '1F636', 0, 0, 0);
INSERT INTO codepoints (codepoint_id,codepoint,isComponent,isModifier,isModifierBase) VALUES (930, '1F637', 0, 0, 0);
INSERT INTO codepoints (codepoint_id,codepoint,isComponent,isModifier,isModifierBase) VALUES (931, '1F638', 0, 0, 0);
INSERT INTO codepoints (codepoint_id,codepoint,isComponent,isModifier,isModifierBase) VALUES (932, '1F639', 0, 0, 0);
INSERT INTO codepoints (codepoint_id,codepoint,isComponent,isModifier,isModifierBase) VALUES (933, '1F63A', 0, 0, 0);
INSERT INTO codepoints (codepoint_id,codepoint,isComponent,isModifier,isModifierBase) VALUES (934, '1F63B', 0, 0, 0);
INSERT INTO codepoints (codepoint_id,codepoint,isComponent,isModifier,isModifierBase) VALUES (935, '1F63C', 0, 0, 0);
INSERT INTO codepoints (codepoint_id,codepoint,isComponent,isModifier,isModifierBase) VALUES (936, '1F63D', 0, 0, 0);
INSERT INTO codepoints (codepoint_id,codepoint,isComponent,isModifier,isModifierBase) VALUES (937, '1F63E', 0, 0, 0);
INSERT INTO codepoints (codepoint_id,codepoint,isComponent,isModifier,isModifierBase) VALUES (938, '1F63F', 0, 0, 0);
INSERT INTO codepoints (codepoint_id,codepoint,isComponent,isModifier,isModifierBase) VALUES (939, '1F640', 0, 0, 0);
INSERT INTO codepoints (codepoint_id,codepoint,isComponent,isModifier,isModifierBase) VALUES (940, '1F641', 0, 0, 0);
INSERT INTO codepoints (codepoint_id,codepoint,isComponent,isModifier,isModifierBase) VALUES (941, '1F642', 0, 0, 0);
INSERT INTO codepoints (codepoint_id,codepoint,isComponent,isModifier,isModifierBase) VALUES (942, '1F643', 0, 0, 0);
INSERT INTO codepoints (codepoint_id,codepoint,isComponent,isModifier,isModifierBase) VALUES (943, '1F644', 0, 0, 0);
INSERT INTO codepoints (codepoint_id,codepoint,isComponent,isModifier,isModifierBase) VALUES (944, '1F645', 0, 0, 1);
INSERT INTO codepoints (codepoint_id,codepoint,isComponent,isModifier,isModifierBase) VALUES (945, '1F646', 0, 0, 1);
INSERT INTO codepoints (codepoint_id,codepoint,isComponent,isModifier,isModifierBase) VALUES (946, '1F647', 0, 0, 1);
INSERT INTO codepoints (codepoint_id,codepoint,isComponent,isModifier,isModifierBase) VALUES (947, '1F648', 0, 0, 0);
INSERT INTO codepoints (codepoint_id,codepoint,isComponent,isModifier,isModifierBase) VALUES (948, '1F649', 0, 0, 0);
INSERT INTO codepoints (codepoint_id,codepoint,isComponent,isModifier,isModifierBase) VALUES (949, '1F64A', 0, 0, 0);
INSERT INTO codepoints (codepoint_id,codepoint,isComponent,isModifier,isModifierBase) VALUES (950, '1F64B', 0, 0, 1);
INSERT INTO codepoints (codepoint_id,codepoint,isComponent,isModifier,isModifierBase) VALUES (951, '1F64C', 0, 0, 1);
INSERT INTO codepoints (codepoint_id,codepoint,isComponent,isModifier,isModifierBase) VALUES (952, '1F64D', 0, 0, 1);
INSERT INTO codepoints (codepoint_id,codepoint,isComponent,isModifier,isModifierBase) VALUES (953, '1F64E', 0, 0, 1);
INSERT INTO codepoints (codepoint_id,codepoint,isComponent,isModifier,isModifierBase) VALUES (954, '1F64F', 0, 0, 1);
INSERT INTO codepoints (codepoint_id,codepoint,isComponent,isModifier,isModifierBase) VALUES (955, '1F680', 0, 0, 0);
INSERT INTO codepoints (codepoint_id,codepoint,isComponent,isModifier,isModifierBase) VALUES (956, '1F681', 0, 0, 0);
INSERT INTO codepoints (codepoint_id,codepoint,isComponent,isModifier,isModifierBase) VALUES (957, '1F682', 0, 0, 0);
INSERT INTO codepoints (codepoint_id,codepoint,isComponent,isModifier,isModifierBase) VALUES (958, '1F683', 0, 0, 0);
INSERT INTO codepoints (codepoint_id,codepoint,isComponent,isModifier,isModifierBase) VALUES (959, '1F684', 0, 0, 0);
INSERT INTO codepoints (codepoint_id,codepoint,isComponent,isModifier,isModifierBase) VALUES (960, '1F685', 0, 0, 0);
INSERT INTO codepoints (codepoint_id,codepoint,isComponent,isModifier,isModifierBase) VALUES (961, '1F686', 0, 0, 0);
INSERT INTO codepoints (codepoint_id,codepoint,isComponent,isModifier,isModifierBase) VALUES (962, '1F687', 0, 0, 0);
INSERT INTO codepoints (codepoint_id,codepoint,isComponent,isModifier,isModifierBase) VALUES (963, '1F688', 0, 0, 0);
INSERT INTO codepoints (codepoint_id,codepoint,isComponent,isModifier,isModifierBase) VALUES (964, '1F689', 0, 0, 0);
INSERT INTO codepoints (codepoint_id,codepoint,isComponent,isModifier,isModifierBase) VALUES (965, '1F68A', 0, 0, 0);
INSERT INTO codepoints (codepoint_id,codepoint,isComponent,isModifier,isModifierBase) VALUES (966, '1F68B', 0, 0, 0);
INSERT INTO codepoints (codepoint_id,codepoint,isComponent,isModifier,isModifierBase) VALUES (967, '1F68C', 0, 0, 0);
INSERT INTO codepoints (codepoint_id,codepoint,isComponent,isModifier,isModifierBase) VALUES (968, '1F68D', 0, 0, 0);
INSERT INTO codepoints (codepoint_id,codepoint,isComponent,isModifier,isModifierBase) VALUES (969, '1F68E', 0, 0, 0);
INSERT INTO codepoints (codepoint_id,codepoint,isComponent,isModifier,isModifierBase) VALUES (970, '1F68F', 0, 0, 0);
INSERT INTO codepoints (codepoint_id,codepoint,isComponent,isModifier,isModifierBase) VALUES (971, '1F690', 0, 0, 0);
INSERT INTO codepoints (codepoint_id,codepoint,isComponent,isModifier,isModifierBase) VALUES (972, '1F691', 0, 0, 0);
INSERT INTO codepoints (codepoint_id,codepoint,isComponent,isModifier,isModifierBase) VALUES (973, '1F692', 0, 0, 0);
INSERT INTO codepoints (codepoint_id,codepoint,isComponent,isModifier,isModifierBase) VALUES (974, '1F693', 0, 0, 0);
INSERT INTO codepoints (codepoint_id,codepoint,isComponent,isModifier,isModifierBase) VALUES (975, '1F694', 0, 0, 0);
INSERT INTO codepoints (codepoint_id,codepoint,isComponent,isModifier,isModifierBase) VALUES (976, '1F695', 0, 0, 0);
INSERT INTO codepoints (codepoint_id,codepoint,isComponent,isModifier,isModifierBase) VALUES (977, '1F696', 0, 0, 0);
INSERT INTO codepoints (codepoint_id,codepoint,isComponent,isModifier,isModifierBase) VALUES (978, '1F697', 0, 0, 0);
INSERT INTO codepoints (codepoint_id,codepoint,isComponent,isModifier,isModifierBase) VALUES (979, '1F698', 0, 0, 0);
INSERT INTO codepoints (codepoint_id,codepoint,isComponent,isModifier,isModifierBase) VALUES (980, '1F699', 0, 0, 0);
INSERT INTO codepoints (codepoint_id,codepoint,isComponent,isModifier,isModifierBase) VALUES (981, '1F69A', 0, 0, 0);
INSERT INTO codepoints (codepoint_id,codepoint,isComponent,isModifier,isModifierBase) VALUES (982, '1F69B', 0, 0, 0);
INSERT INTO codepoints (codepoint_id,codepoint,isComponent,isModifier,isModifierBase) VALUES (983, '1F69C', 0, 0, 0);
INSERT INTO codepoints (codepoint_id,codepoint,isComponent,isModifier,isModifierBase) VALUES (984, '1F69D', 0, 0, 0);
INSERT INTO codepoints (codepoint_id,codepoint,isComponent,isModifier,isModifierBase) VALUES (985, '1F69E', 0, 0, 0);
INSERT INTO codepoints (codepoint_id,codepoint,isComponent,isModifier,isModifierBase) VALUES (986, '1F69F', 0, 0, 0);
INSERT INTO codepoints (codepoint_id,codepoint,isComponent,isModifier,isModifierBase) VALUES (987, '1F6A0', 0, 0, 0);
INSERT INTO codepoints (codepoint_id,codepoint,isComponent,isModifier,isModifierBase) VALUES (988, '1F6A1', 0, 0, 0);
INSERT INTO codepoints (codepoint_id,codepoint,isComponent,isModifier,isModifierBase) VALUES (989, '1F6A2', 0, 0, 0);
INSERT INTO codepoints (codepoint_id,codepoint,isComponent,isModifier,isModifierBase) VALUES (990, '1F6A3', 0, 0, 1);
INSERT INTO codepoints (codepoint_id,codepoint,isComponent,isModifier,isModifierBase) VALUES (991, '1F6A4', 0, 0, 0);
INSERT INTO codepoints (codepoint_id,codepoint,isComponent,isModifier,isModifierBase) VALUES (992, '1F6A5', 0, 0, 0);
INSERT INTO codepoints (codepoint_id,codepoint,isComponent,isModifier,isModifierBase) VALUES (993, '1F6A6', 0, 0, 0);
INSERT INTO codepoints (codepoint_id,codepoint,isComponent,isModifier,isModifierBase) VALUES (994, '1F6A7', 0, 0, 0);
INSERT INTO codepoints (codepoint_id,codepoint,isComponent,isModifier,isModifierBase) VALUES (995, '1F6A8', 0, 0, 0);
INSERT INTO codepoints (codepoint_id,codepoint,isComponent,isModifier,isModifierBase) VALUES (996, '1F6A9', 0, 0, 0);
INSERT INTO codepoints (codepoint_id,codepoint,isComponent,isModifier,isModifierBase) VALUES (997, '1F6AA', 0, 0, 0);
INSERT INTO codepoints (codepoint_id,codepoint,isComponent,isModifier,isModifierBase) VALUES (998, '1F6AB', 0, 0, 0);
INSERT INTO codepoints (codepoint_id,codepoint,isComponent,isModifier,isModifierBase) VALUES (999, '1F6AC', 0, 0, 0);
INSERT INTO codepoints (codepoint_id,codepoint,isComponent,isModifier,isModifierBase) VALUES (1000, '1F6AD', 0, 0, 0);
INSERT INTO codepoints (codepoint_id,codepoint,isComponent,isModifier,isModifierBase) VALUES (1001, '1F6AE', 0, 0, 0);
INSERT INTO codepoints (codepoint_id,codepoint,isComponent,isModifier,isModifierBase) VALUES (1002, '1F6AF', 0, 0, 0);
INSERT INTO codepoints (codepoint_id,codepoint,isComponent,isModifier,isModifierBase) VALUES (1003, '1F6B0', 0, 0, 0);
INSERT INTO codepoints (codepoint_id,codepoint,isComponent,isModifier,isModifierBase) VALUES (1004, '1F6B1', 0, 0, 0);
INSERT INTO codepoints (codepoint_id,codepoint,isComponent,isModifier,isModifierBase) VALUES (1005, '1F6B2', 0, 0, 0);
INSERT INTO codepoints (codepoint_id,codepoint,isComponent,isModifier,isModifierBase) VALUES (1006, '1F6B3', 0, 0, 0);
INSERT INTO codepoints (codepoint_id,codepoint,isComponent,isModifier,isModifierBase) VALUES (1007, '1F6B4', 0, 0, 1);
INSERT INTO codepoints (codepoint_id,codepoint,isComponent,isModifier,isModifierBase) VALUES (1008, '1F6B5', 0, 0, 1);
INSERT INTO codepoints (codepoint_id,codepoint,isComponent,isModifier,isModifierBase) VALUES (1009, '1F6B6', 0, 0, 1);
INSERT INTO codepoints (codepoint_id,codepoint,isComponent,isModifier,isModifierBase) VALUES (1010, '1F6B7', 0, 0, 0);
INSERT INTO codepoints (codepoint_id,codepoint,isComponent,isModifier,isModifierBase) VALUES (1011, '1F6B8', 0, 0, 0);
INSERT INTO codepoints (codepoint_id,codepoint,isComponent,isModifier,isModifierBase) VALUES (1012, '1F6B9', 0, 0, 0);
INSERT INTO codepoints (codepoint_id,codepoint,isComponent,isModifier,isModifierBase) VALUES (1013, '1F6BA', 0, 0, 0);
INSERT INTO codepoints (codepoint_id,codepoint,isComponent,isModifier,isModifierBase) VALUES (1014, '1F6BB', 0, 0, 0);
INSERT INTO codepoints (codepoint_id,codepoint,isComponent,isModifier,isModifierBase) VALUES (1015, '1F6BC', 0, 0, 0);
INSERT INTO codepoints (codepoint_id,codepoint,isComponent,isModifier,isModifierBase) VALUES (1016, '1F6BD', 0, 0, 0);
INSERT INTO codepoints (codepoint_id,codepoint,isComponent,isModifier,isModifierBase) VALUES (1017, '1F6BE', 0, 0, 0);
INSERT INTO codepoints (codepoint_id,codepoint,isComponent,isModifier,isModifierBase) VALUES (1018, '1F6BF', 0, 0, 0);
INSERT INTO codepoints (codepoint_id,codepoint,isComponent,isModifier,isModifierBase) VALUES (1019, '1F6C0', 0, 0, 1);
INSERT INTO codepoints (codepoint_id,codepoint,isComponent,isModifier,isModifierBase) VALUES (1020, '1F6C1', 0, 0, 0);
INSERT INTO codepoints (codepoint_id,codepoint,isComponent,isModifier,isModifierBase) VALUES (1021, '1F6C2', 0, 0, 0);
INSERT INTO codepoints (codepoint_id,codepoint,isComponent,isModifier,isModifierBase) VALUES (1022, '1F6C3', 0, 0, 0);
INSERT INTO codepoints (codepoint_id,codepoint,isComponent,isModifier,isModifierBase) VALUES (1023, '1F6C4', 0, 0, 0);
INSERT INTO codepoints (codepoint_id,codepoint,isComponent,isModifier,isModifierBase) VALUES (1024, '1F6C5', 0, 0, 0);
INSERT INTO codepoints (codepoint_id,codepoint,isComponent,isModifier,isModifierBase) VALUES (1025, '1F6CB', 0, 0, 0);
INSERT INTO codepoints (codepoint_id,codepoint,isComponent,isModifier,isModifierBase) VALUES (1026, '1F6CC', 0, 0, 1);
INSERT INTO codepoints (codepoint_id,codepoint,isComponent,isModifier,isModifierBase) VALUES (1027, '1F6CD', 0, 0, 0);
INSERT INTO codepoints (codepoint_id,codepoint,isComponent,isModifier,isModifierBase) VALUES (1028, '1F6CE', 0, 0, 0);
INSERT INTO codepoints (codepoint_id,codepoint,isComponent,isModifier,isModifierBase) VALUES (1029, '1F6CF', 0, 0, 0);
INSERT INTO codepoints (codepoint_id,codepoint,isComponent,isModifier,isModifierBase) VALUES (1030, '1F6D0', 0, 0, 0);
INSERT INTO codepoints (codepoint_id,codepoint,isComponent,isModifier,isModifierBase) VALUES (1031, '1F6D1', 0, 0, 0);
INSERT INTO codepoints (codepoint_id,codepoint,isComponent,isModifier,isModifierBase) VALUES (1032, '1F6D2', 0, 0, 0);
INSERT INTO codepoints (codepoint_id,codepoint,isComponent,isModifier,isModifierBase) VALUES (1033, '1F6E0', 0, 0, 0);
INSERT INTO codepoints (codepoint_id,codepoint,isComponent,isModifier,isModifierBase) VALUES (1034, '1F6E1', 0, 0, 0);
INSERT INTO codepoints (codepoint_id,codepoint,isComponent,isModifier,isModifierBase) VALUES (1035, '1F6E2', 0, 0, 0);
INSERT INTO codepoints (codepoint_id,codepoint,isComponent,isModifier,isModifierBase) VALUES (1036, '1F6E3', 0, 0, 0);
INSERT INTO codepoints (codepoint_id,codepoint,isComponent,isModifier,isModifierBase) VALUES (1037, '1F6E4', 0, 0, 0);
INSERT INTO codepoints (codepoint_id,codepoint,isComponent,isModifier,isModifierBase) VALUES (1038, '1F6E5', 0, 0, 0);
INSERT INTO codepoints (codepoint_id,codepoint,isComponent,isModifier,isModifierBase) VALUES (1039, '1F6E9', 0, 0, 0);
INSERT INTO codepoints (codepoint_id,codepoint,isComponent,isModifier,isModifierBase) VALUES (1040, '1F6EB', 0, 0, 0);
INSERT INTO codepoints (codepoint_id,codepoint,isComponent,isModifier,isModifierBase) VALUES (1041, '1F6EC', 0, 0, 0);
INSERT INTO codepoints (codepoint_id,codepoint,isComponent,isModifier,isModifierBase) VALUES (1042, '1F6F0', 0, 0, 0);
INSERT INTO codepoints (codepoint_id,codepoint,isComponent,isModifier,isModifierBase) VALUES (1043, '1F6F3', 0, 0, 0);
INSERT INTO codepoints (codepoint_id,codepoint,isComponent,isModifier,isModifierBase) VALUES (1044, '1F6F4', 0, 0, 0);
INSERT INTO codepoints (codepoint_id,codepoint,isComponent,isModifier,isModifierBase) VALUES (1045, '1F6F5', 0, 0, 0);
INSERT INTO codepoints (codepoint_id,codepoint,isComponent,isModifier,isModifierBase) VALUES (1046, '1F6F6', 0, 0, 0);
INSERT INTO codepoints (codepoint_id,codepoint,isComponent,isModifier,isModifierBase) VALUES (1047, '1F6F7', 0, 0, 0);
INSERT INTO codepoints (codepoint_id,codepoint,isComponent,isModifier,isModifierBase) VALUES (1048, '1F6F8', 0, 0, 0);
INSERT INTO codepoints (codepoint_id,codepoint,isComponent,isModifier,isModifierBase) VALUES (1049, '1F910', 0, 0, 0);
INSERT INTO codepoints (codepoint_id,codepoint,isComponent,isModifier,isModifierBase) VALUES (1050, '1F911', 0, 0, 0);
INSERT INTO codepoints (codepoint_id,codepoint,isComponent,isModifier,isModifierBase) VALUES (1051, '1F912', 0, 0, 0);
INSERT INTO codepoints (codepoint_id,codepoint,isComponent,isModifier,isModifierBase) VALUES (1052, '1F913', 0, 0, 0);
INSERT INTO codepoints (codepoint_id,codepoint,isComponent,isModifier,isModifierBase) VALUES (1053, '1F914', 0, 0, 0);
INSERT INTO codepoints (codepoint_id,codepoint,isComponent,isModifier,isModifierBase) VALUES (1054, '1F915', 0, 0, 0);
INSERT INTO codepoints (codepoint_id,codepoint,isComponent,isModifier,isModifierBase) VALUES (1055, '1F916', 0, 0, 0);
INSERT INTO codepoints (codepoint_id,codepoint,isComponent,isModifier,isModifierBase) VALUES (1056, '1F917', 0, 0, 0);
INSERT INTO codepoints (codepoint_id,codepoint,isComponent,isModifier,isModifierBase) VALUES (1057, '1F918', 0, 0, 1);
INSERT INTO codepoints (codepoint_id,codepoint,isComponent,isModifier,isModifierBase) VALUES (1058, '1F919', 0, 0, 1);
INSERT INTO codepoints (codepoint_id,codepoint,isComponent,isModifier,isModifierBase) VALUES (1059, '1F91A', 0, 0, 1);
INSERT INTO codepoints (codepoint_id,codepoint,isComponent,isModifier,isModifierBase) VALUES (1060, '1F91B', 0, 0, 1);
INSERT INTO codepoints (codepoint_id,codepoint,isComponent,isModifier,isModifierBase) VALUES (1061, '1F91C', 0, 0, 1);
INSERT INTO codepoints (codepoint_id,codepoint,isComponent,isModifier,isModifierBase) VALUES (1062, '1F91D', 0, 0, 0);
INSERT INTO codepoints (codepoint_id,codepoint,isComponent,isModifier,isModifierBase) VALUES (1063, '1F91E', 0, 0, 1);
INSERT INTO codepoints (codepoint_id,codepoint,isComponent,isModifier,isModifierBase) VALUES (1064, '1F91F', 0, 0, 1);
INSERT INTO codepoints (codepoint_id,codepoint,isComponent,isModifier,isModifierBase) VALUES (1065, '1F920', 0, 0, 0);
INSERT INTO codepoints (codepoint_id,codepoint,isComponent,isModifier,isModifierBase) VALUES (1066, '1F921', 0, 0, 0);
INSERT INTO codepoints (codepoint_id,codepoint,isComponent,isModifier,isModifierBase) VALUES (1067, '1F922', 0, 0, 0);
INSERT INTO codepoints (codepoint_id,codepoint,isComponent,isModifier,isModifierBase) VALUES (1068, '1F923', 0, 0, 0);
INSERT INTO codepoints (codepoint_id,codepoint,isComponent,isModifier,isModifierBase) VALUES (1069, '1F924', 0, 0, 0);
INSERT INTO codepoints (codepoint_id,codepoint,isComponent,isModifier,isModifierBase) VALUES (1070, '1F925', 0, 0, 0);
INSERT INTO codepoints (codepoint_id,codepoint,isComponent,isModifier,isModifierBase) VALUES (1071, '1F926', 0, 0, 1);
INSERT INTO codepoints (codepoint_id,codepoint,isComponent,isModifier,isModifierBase) VALUES (1072, '1F927', 0, 0, 0);
INSERT INTO codepoints (codepoint_id,codepoint,isComponent,isModifier,isModifierBase) VALUES (1073, '1F928', 0, 0, 0);
INSERT INTO codepoints (codepoint_id,codepoint,isComponent,isModifier,isModifierBase) VALUES (1074, '1F929', 0, 0, 0);
INSERT INTO codepoints (codepoint_id,codepoint,isComponent,isModifier,isModifierBase) VALUES (1075, '1F92A', 0, 0, 0);
INSERT INTO codepoints (codepoint_id,codepoint,isComponent,isModifier,isModifierBase) VALUES (1076, '1F92B', 0, 0, 0);
INSERT INTO codepoints (codepoint_id,codepoint,isComponent,isModifier,isModifierBase) VALUES (1077, '1F92C', 0, 0, 0);
INSERT INTO codepoints (codepoint_id,codepoint,isComponent,isModifier,isModifierBase) VALUES (1078, '1F92D', 0, 0, 0);
INSERT INTO codepoints (codepoint_id,codepoint,isComponent,isModifier,isModifierBase) VALUES (1079, '1F92E', 0, 0, 0);
INSERT INTO codepoints (codepoint_id,codepoint,isComponent,isModifier,isModifierBase) VALUES (1080, '1F92F', 0, 0, 0);
INSERT INTO codepoints (codepoint_id,codepoint,isComponent,isModifier,isModifierBase) VALUES (1081, '1F930', 0, 0, 1);
INSERT INTO codepoints (codepoint_id,codepoint,isComponent,isModifier,isModifierBase) VALUES (1082, '1F931', 0, 0, 1);
INSERT INTO codepoints (codepoint_id,codepoint,isComponent,isModifier,isModifierBase) VALUES (1083, '1F932', 0, 0, 1);
INSERT INTO codepoints (codepoint_id,codepoint,isComponent,isModifier,isModifierBase) VALUES (1084, '1F933', 0, 0, 1);
INSERT INTO codepoints (codepoint_id,codepoint,isComponent,isModifier,isModifierBase) VALUES (1085, '1F934', 0, 0, 1);
INSERT INTO codepoints (codepoint_id,codepoint,isComponent,isModifier,isModifierBase) VALUES (1086, '1F935', 0, 0, 1);
INSERT INTO codepoints (codepoint_id,codepoint,isComponent,isModifier,isModifierBase) VALUES (1087, '1F936', 0, 0, 1);
INSERT INTO codepoints (codepoint_id,codepoint,isComponent,isModifier,isModifierBase) VALUES (1088, '1F937', 0, 0, 1);
INSERT INTO codepoints (codepoint_id,codepoint,isComponent,isModifier,isModifierBase) VALUES (1089, '1F938', 0, 0, 1);
INSERT INTO codepoints (codepoint_id,codepoint,isComponent,isModifier,isModifierBase) VALUES (1090, '1F939', 0, 0, 1);
INSERT INTO codepoints (codepoint_id,codepoint,isComponent,isModifier,isModifierBase) VALUES (1091, '1F93A', 0, 0, 0);
INSERT INTO codepoints (codepoint_id,codepoint,isComponent,isModifier,isModifierBase) VALUES (1092, '1F93C', 0, 0, 0);
INSERT INTO codepoints (codepoint_id,codepoint,isComponent,isModifier,isModifierBase) VALUES (1093, '1F93D', 0, 0, 1);
INSERT INTO codepoints (codepoint_id,codepoint,isComponent,isModifier,isModifierBase) VALUES (1094, '1F93E', 0, 0, 1);
INSERT INTO codepoints (codepoint_id,codepoint,isComponent,isModifier,isModifierBase) VALUES (1095, '1F940', 0, 0, 0);
INSERT INTO codepoints (codepoint_id,codepoint,isComponent,isModifier,isModifierBase) VALUES (1096, '1F941', 0, 0, 0);
INSERT INTO codepoints (codepoint_id,codepoint,isComponent,isModifier,isModifierBase) VALUES (1097, '1F942', 0, 0, 0);
INSERT INTO codepoints (codepoint_id,codepoint,isComponent,isModifier,isModifierBase) VALUES (1098, '1F943', 0, 0, 0);
INSERT INTO codepoints (codepoint_id,codepoint,isComponent,isModifier,isModifierBase) VALUES (1099, '1F944', 0, 0, 0);
INSERT INTO codepoints (codepoint_id,codepoint,isComponent,isModifier,isModifierBase) VALUES (1100, '1F945', 0, 0, 0);
INSERT INTO codepoints (codepoint_id,codepoint,isComponent,isModifier,isModifierBase) VALUES (1101, '1F947', 0, 0, 0);
INSERT INTO codepoints (codepoint_id,codepoint,isComponent,isModifier,isModifierBase) VALUES (1102, '1F948', 0, 0, 0);
INSERT INTO codepoints (codepoint_id,codepoint,isComponent,isModifier,isModifierBase) VALUES (1103, '1F949', 0, 0, 0);
INSERT INTO codepoints (codepoint_id,codepoint,isComponent,isModifier,isModifierBase) VALUES (1104, '1F94A', 0, 0, 0);
INSERT INTO codepoints (codepoint_id,codepoint,isComponent,isModifier,isModifierBase) VALUES (1105, '1F94B', 0, 0, 0);
INSERT INTO codepoints (codepoint_id,codepoint,isComponent,isModifier,isModifierBase) VALUES (1106, '1F94C', 0, 0, 0);
INSERT INTO codepoints (codepoint_id,codepoint,isComponent,isModifier,isModifierBase) VALUES (1107, '1F950', 0, 0, 0);
INSERT INTO codepoints (codepoint_id,codepoint,isComponent,isModifier,isModifierBase) VALUES (1108, '1F951', 0, 0, 0);
INSERT INTO codepoints (codepoint_id,codepoint,isComponent,isModifier,isModifierBase) VALUES (1109, '1F952', 0, 0, 0);
INSERT INTO codepoints (codepoint_id,codepoint,isComponent,isModifier,isModifierBase) VALUES (1110, '1F953', 0, 0, 0);
INSERT INTO codepoints (codepoint_id,codepoint,isComponent,isModifier,isModifierBase) VALUES (1111, '1F954', 0, 0, 0);
INSERT INTO codepoints (codepoint_id,codepoint,isComponent,isModifier,isModifierBase) VALUES (1112, '1F955', 0, 0, 0);
INSERT INTO codepoints (codepoint_id,codepoint,isComponent,isModifier,isModifierBase) VALUES (1113, '1F956', 0, 0, 0);
INSERT INTO codepoints (codepoint_id,codepoint,isComponent,isModifier,isModifierBase) VALUES (1114, '1F957', 0, 0, 0);
INSERT INTO codepoints (codepoint_id,codepoint,isComponent,isModifier,isModifierBase) VALUES (1115, '1F958', 0, 0, 0);
INSERT INTO codepoints (codepoint_id,codepoint,isComponent,isModifier,isModifierBase) VALUES (1116, '1F959', 0, 0, 0);
INSERT INTO codepoints (codepoint_id,codepoint,isComponent,isModifier,isModifierBase) VALUES (1117, '1F95A', 0, 0, 0);
INSERT INTO codepoints (codepoint_id,codepoint,isComponent,isModifier,isModifierBase) VALUES (1118, '1F95B', 0, 0, 0);
INSERT INTO codepoints (codepoint_id,codepoint,isComponent,isModifier,isModifierBase) VALUES (1119, '1F95C', 0, 0, 0);
INSERT INTO codepoints (codepoint_id,codepoint,isComponent,isModifier,isModifierBase) VALUES (1120, '1F95D', 0, 0, 0);
INSERT INTO codepoints (codepoint_id,codepoint,isComponent,isModifier,isModifierBase) VALUES (1121, '1F95E', 0, 0, 0);
INSERT INTO codepoints (codepoint_id,codepoint,isComponent,isModifier,isModifierBase) VALUES (1122, '1F95F', 0, 0, 0);
INSERT INTO codepoints (codepoint_id,codepoint,isComponent,isModifier,isModifierBase) VALUES (1123, '1F960', 0, 0, 0);
INSERT INTO codepoints (codepoint_id,codepoint,isComponent,isModifier,isModifierBase) VALUES (1124, '1F961', 0, 0, 0);
INSERT INTO codepoints (codepoint_id,codepoint,isComponent,isModifier,isModifierBase) VALUES (1125, '1F962', 0, 0, 0);
INSERT INTO codepoints (codepoint_id,codepoint,isComponent,isModifier,isModifierBase) VALUES (1126, '1F963', 0, 0, 0);
INSERT INTO codepoints (codepoint_id,codepoint,isComponent,isModifier,isModifierBase) VALUES (1127, '1F964', 0, 0, 0);
INSERT INTO codepoints (codepoint_id,codepoint,isComponent,isModifier,isModifierBase) VALUES (1128, '1F965', 0, 0, 0);
INSERT INTO codepoints (codepoint_id,codepoint,isComponent,isModifier,isModifierBase) VALUES (1129, '1F966', 0, 0, 0);
INSERT INTO codepoints (codepoint_id,codepoint,isComponent,isModifier,isModifierBase) VALUES (1130, '1F967', 0, 0, 0);
INSERT INTO codepoints (codepoint_id,codepoint,isComponent,isModifier,isModifierBase) VALUES (1131, '1F968', 0, 0, 0);
INSERT INTO codepoints (codepoint_id,codepoint,isComponent,isModifier,isModifierBase) VALUES (1132, '1F969', 0, 0, 0);
INSERT INTO codepoints (codepoint_id,codepoint,isComponent,isModifier,isModifierBase) VALUES (1133, '1F96A', 0, 0, 0);
INSERT INTO codepoints (codepoint_id,codepoint,isComponent,isModifier,isModifierBase) VALUES (1134, '1F96B', 0, 0, 0);
INSERT INTO codepoints (codepoint_id,codepoint,isComponent,isModifier,isModifierBase) VALUES (1135, '1F980', 0, 0, 0);
INSERT INTO codepoints (codepoint_id,codepoint,isComponent,isModifier,isModifierBase) VALUES (1136, '1F981', 0, 0, 0);
INSERT INTO codepoints (codepoint_id,codepoint,isComponent,isModifier,isModifierBase) VALUES (1137, '1F982', 0, 0, 0);
INSERT INTO codepoints (codepoint_id,codepoint,isComponent,isModifier,isModifierBase) VALUES (1138, '1F983', 0, 0, 0);
INSERT INTO codepoints (codepoint_id,codepoint,isComponent,isModifier,isModifierBase) VALUES (1139, '1F984', 0, 0, 0);
INSERT INTO codepoints (codepoint_id,codepoint,isComponent,isModifier,isModifierBase) VALUES (1140, '1F985', 0, 0, 0);
INSERT INTO codepoints (codepoint_id,codepoint,isComponent,isModifier,isModifierBase) VALUES (1141, '1F986', 0, 0, 0);
INSERT INTO codepoints (codepoint_id,codepoint,isComponent,isModifier,isModifierBase) VALUES (1142, '1F987', 0, 0, 0);
INSERT INTO codepoints (codepoint_id,codepoint,isComponent,isModifier,isModifierBase) VALUES (1143, '1F988', 0, 0, 0);
INSERT INTO codepoints (codepoint_id,codepoint,isComponent,isModifier,isModifierBase) VALUES (1144, '1F989', 0, 0, 0);
INSERT INTO codepoints (codepoint_id,codepoint,isComponent,isModifier,isModifierBase) VALUES (1145, '1F98A', 0, 0, 0);
INSERT INTO codepoints (codepoint_id,codepoint,isComponent,isModifier,isModifierBase) VALUES (1146, '1F98B', 0, 0, 0);
INSERT INTO codepoints (codepoint_id,codepoint,isComponent,isModifier,isModifierBase) VALUES (1147, '1F98C', 0, 0, 0);
INSERT INTO codepoints (codepoint_id,codepoint,isComponent,isModifier,isModifierBase) VALUES (1148, '1F98D', 0, 0, 0);
INSERT INTO codepoints (codepoint_id,codepoint,isComponent,isModifier,isModifierBase) VALUES (1149, '1F98E', 0, 0, 0);
INSERT INTO codepoints (codepoint_id,codepoint,isComponent,isModifier,isModifierBase) VALUES (1150, '1F98F', 0, 0, 0);
INSERT INTO codepoints (codepoint_id,codepoint,isComponent,isModifier,isModifierBase) VALUES (1151, '1F990', 0, 0, 0);
INSERT INTO codepoints (codepoint_id,codepoint,isComponent,isModifier,isModifierBase) VALUES (1152, '1F991', 0, 0, 0);
INSERT INTO codepoints (codepoint_id,codepoint,isComponent,isModifier,isModifierBase) VALUES (1153, '1F992', 0, 0, 0);
INSERT INTO codepoints (codepoint_id,codepoint,isComponent,isModifier,isModifierBase) VALUES (1154, '1F993', 0, 0, 0);
INSERT INTO codepoints (codepoint_id,codepoint,isComponent,isModifier,isModifierBase) VALUES (1155, '1F994', 0, 0, 0);
INSERT INTO codepoints (codepoint_id,codepoint,isComponent,isModifier,isModifierBase) VALUES (1156, '1F995', 0, 0, 0);
INSERT INTO codepoints (codepoint_id,codepoint,isComponent,isModifier,isModifierBase) VALUES (1157, '1F996', 0, 0, 0);
INSERT INTO codepoints (codepoint_id,codepoint,isComponent,isModifier,isModifierBase) VALUES (1158, '1F997', 0, 0, 0);
INSERT INTO codepoints (codepoint_id,codepoint,isComponent,isModifier,isModifierBase) VALUES (1159, '1F9C0', 0, 0, 0);
INSERT INTO codepoints (codepoint_id,codepoint,isComponent,isModifier,isModifierBase) VALUES (1160, '1F9D0', 0, 0, 0);
INSERT INTO codepoints (codepoint_id,codepoint,isComponent,isModifier,isModifierBase) VALUES (1161, '1F9D1', 0, 0, 1);
INSERT INTO codepoints (codepoint_id,codepoint,isComponent,isModifier,isModifierBase) VALUES (1162, '1F9D2', 0, 0, 1);
INSERT INTO codepoints (codepoint_id,codepoint,isComponent,isModifier,isModifierBase) VALUES (1163, '1F9D3', 0, 0, 1);
INSERT INTO codepoints (codepoint_id,codepoint,isComponent,isModifier,isModifierBase) VALUES (1164, '1F9D4', 0, 0, 1);
INSERT INTO codepoints (codepoint_id,codepoint,isComponent,isModifier,isModifierBase) VALUES (1165, '1F9D5', 0, 0, 1);
INSERT INTO codepoints (codepoint_id,codepoint,isComponent,isModifier,isModifierBase) VALUES (1166, '1F9D6', 0, 0, 1);
INSERT INTO codepoints (codepoint_id,codepoint,isComponent,isModifier,isModifierBase) VALUES (1167, '1F9D7', 0, 0, 1);
INSERT INTO codepoints (codepoint_id,codepoint,isComponent,isModifier,isModifierBase) VALUES (1168, '1F9D8', 0, 0, 1);
INSERT INTO codepoints (codepoint_id,codepoint,isComponent,isModifier,isModifierBase) VALUES (1169, '1F9D9', 0, 0, 1);
INSERT INTO codepoints (codepoint_id,codepoint,isComponent,isModifier,isModifierBase) VALUES (1170, '1F9DA', 0, 0, 1);
INSERT INTO codepoints (codepoint_id,codepoint,isComponent,isModifier,isModifierBase) VALUES (1171, '1F9DB', 0, 0, 1);
INSERT INTO codepoints (codepoint_id,codepoint,isComponent,isModifier,isModifierBase) VALUES (1172, '1F9DC', 0, 0, 1);
INSERT INTO codepoints (codepoint_id,codepoint,isComponent,isModifier,isModifierBase) VALUES (1173, '1F9DD', 0, 0, 1);
INSERT INTO codepoints (codepoint_id,codepoint,isComponent,isModifier,isModifierBase) VALUES (1174, '1F9DE', 0, 0, 0);
INSERT INTO codepoints (codepoint_id,codepoint,isComponent,isModifier,isModifierBase) VALUES (1175, '1F9DF', 0, 0, 0);
INSERT INTO codepoints (codepoint_id,codepoint,isComponent,isModifier,isModifierBase) VALUES (1176, '1F9E0', 0, 0, 0);
INSERT INTO codepoints (codepoint_id,codepoint,isComponent,isModifier,isModifierBase) VALUES (1177, '1F9E1', 0, 0, 0);
INSERT INTO codepoints (codepoint_id,codepoint,isComponent,isModifier,isModifierBase) VALUES (1178, '1F9E2', 0, 0, 0);
INSERT INTO codepoints (codepoint_id,codepoint,isComponent,isModifier,isModifierBase) VALUES (1179, '1F9E3', 0, 0, 0);
INSERT INTO codepoints (codepoint_id,codepoint,isComponent,isModifier,isModifierBase) VALUES (1180, '1F9E4', 0, 0, 0);
INSERT INTO codepoints (codepoint_id,codepoint,isComponent,isModifier,isModifierBase) VALUES (1181, '1F9E5', 0, 0, 0);
INSERT INTO codepoints (codepoint_id,codepoint,isComponent,isModifier,isModifierBase) VALUES (1182, '1F9E6', 0, 0, 0);
INSERT INTO codepoints (codepoint_id,codepoint,isComponent,isModifier,isModifierBase) VALUES (1183, '200D', 1, 0, 0);
INSERT INTO codepoints (codepoint_id,codepoint,isComponent,isModifier,isModifierBase) VALUES (1184, '20E3', 1, 0, 0);
INSERT INTO codepoints (codepoint_id,codepoint,isComponent,isModifier,isModifierBase) VALUES (1185, 'FE0F', 1, 0, 0);
INSERT INTO codepoints (codepoint_id,codepoint,isComponent,isModifier,isModifierBase) VALUES (1186, 'E0020', 1, 0, 0);
INSERT INTO codepoints (codepoint_id,codepoint,isComponent,isModifier,isModifierBase) VALUES (1187, 'E0021', 1, 0, 0);
INSERT INTO codepoints (codepoint_id,codepoint,isComponent,isModifier,isModifierBase) VALUES (1188, 'E0022', 1, 0, 0);
INSERT INTO codepoints (codepoint_id,codepoint,isComponent,isModifier,isModifierBase) VALUES (1189, 'E0023', 1, 0, 0);
INSERT INTO codepoints (codepoint_id,codepoint,isComponent,isModifier,isModifierBase) VALUES (1190, 'E0024', 1, 0, 0);
INSERT INTO codepoints (codepoint_id,codepoint,isComponent,isModifier,isModifierBase) VALUES (1191, 'E0025', 1, 0, 0);
INSERT INTO codepoints (codepoint_id,codepoint,isComponent,isModifier,isModifierBase) VALUES (1192, 'E0026', 1, 0, 0);
INSERT INTO codepoints (codepoint_id,codepoint,isComponent,isModifier,isModifierBase) VALUES (1193, 'E0027', 1, 0, 0);
INSERT INTO codepoints (codepoint_id,codepoint,isComponent,isModifier,isModifierBase) VALUES (1194, 'E0028', 1, 0, 0);
INSERT INTO codepoints (codepoint_id,codepoint,isComponent,isModifier,isModifierBase) VALUES (1195, 'E0029', 1, 0, 0);
INSERT INTO codepoints (codepoint_id,codepoint,isComponent,isModifier,isModifierBase) VALUES (1196, 'E002A', 1, 0, 0);
INSERT INTO codepoints (codepoint_id,codepoint,isComponent,isModifier,isModifierBase) VALUES (1197, 'E002B', 1, 0, 0);
INSERT INTO codepoints (codepoint_id,codepoint,isComponent,isModifier,isModifierBase) VALUES (1198, 'E002C', 1, 0, 0);
INSERT INTO codepoints (codepoint_id,codepoint,isComponent,isModifier,isModifierBase) VALUES (1199, 'E002D', 1, 0, 0);
INSERT INTO codepoints (codepoint_id,codepoint,isComponent,isModifier,isModifierBase) VALUES (1200, 'E002E', 1, 0, 0);
INSERT INTO codepoints (codepoint_id,codepoint,isComponent,isModifier,isModifierBase) VALUES (1201, 'E002F', 1, 0, 0);
INSERT INTO codepoints (codepoint_id,codepoint,isComponent,isModifier,isModifierBase) VALUES (1202, 'E0030', 1, 0, 0);
INSERT INTO codepoints (codepoint_id,codepoint,isComponent,isModifier,isModifierBase) VALUES (1203, 'E0031', 1, 0, 0);
INSERT INTO codepoints (codepoint_id,codepoint,isComponent,isModifier,isModifierBase) VALUES (1204, 'E0032', 1, 0, 0);
INSERT INTO codepoints (codepoint_id,codepoint,isComponent,isModifier,isModifierBase) VALUES (1205, 'E0033', 1, 0, 0);
INSERT INTO codepoints (codepoint_id,codepoint,isComponent,isModifier,isModifierBase) VALUES (1206, 'E0034', 1, 0, 0);
INSERT INTO codepoints (codepoint_id,codepoint,isComponent,isModifier,isModifierBase) VALUES (1207, 'E0035', 1, 0, 0);
INSERT INTO codepoints (codepoint_id,codepoint,isComponent,isModifier,isModifierBase) VALUES (1208, 'E0036', 1, 0, 0);
INSERT INTO codepoints (codepoint_id,codepoint,isComponent,isModifier,isModifierBase) VALUES (1209, 'E0037', 1, 0, 0);
INSERT INTO codepoints (codepoint_id,codepoint,isComponent,isModifier,isModifierBase) VALUES (1210, 'E0038', 1, 0, 0);
INSERT INTO codepoints (codepoint_id,codepoint,isComponent,isModifier,isModifierBase) VALUES (1211, 'E0039', 1, 0, 0);
INSERT INTO codepoints (codepoint_id,codepoint,isComponent,isModifier,isModifierBase) VALUES (1212, 'E003A', 1, 0, 0);
INSERT INTO codepoints (codepoint_id,codepoint,isComponent,isModifier,isModifierBase) VALUES (1213, 'E003B', 1, 0, 0);
INSERT INTO codepoints (codepoint_id,codepoint,isComponent,isModifier,isModifierBase) VALUES (1214, 'E003C', 1, 0, 0);
INSERT INTO codepoints (codepoint_id,codepoint,isComponent,isModifier,isModifierBase) VALUES (1215, 'E003D', 1, 0, 0);
INSERT INTO codepoints (codepoint_id,codepoint,isComponent,isModifier,isModifierBase) VALUES (1216, 'E003E', 1, 0, 0);
INSERT INTO codepoints (codepoint_id,codepoint,isComponent,isModifier,isModifierBase) VALUES (1217, 'E003F', 1, 0, 0);
INSERT INTO codepoints (codepoint_id,codepoint,isComponent,isModifier,isModifierBase) VALUES (1218, 'E0040', 1, 0, 0);
INSERT INTO codepoints (codepoint_id,codepoint,isComponent,isModifier,isModifierBase) VALUES (1219, 'E0041', 1, 0, 0);
INSERT INTO codepoints (codepoint_id,codepoint,isComponent,isModifier,isModifierBase) VALUES (1220, 'E0042', 1, 0, 0);
INSERT INTO codepoints (codepoint_id,codepoint,isComponent,isModifier,isModifierBase) VALUES (1221, 'E0043', 1, 0, 0);
INSERT INTO codepoints (codepoint_id,codepoint,isComponent,isModifier,isModifierBase) VALUES (1222, 'E0044', 1, 0, 0);
INSERT INTO codepoints (codepoint_id,codepoint,isComponent,isModifier,isModifierBase) VALUES (1223, 'E0045', 1, 0, 0);
INSERT INTO codepoints (codepoint_id,codepoint,isComponent,isModifier,isModifierBase) VALUES (1224, 'E0046', 1, 0, 0);
INSERT INTO codepoints (codepoint_id,codepoint,isComponent,isModifier,isModifierBase) VALUES (1225, 'E0047', 1, 0, 0);
INSERT INTO codepoints (codepoint_id,codepoint,isComponent,isModifier,isModifierBase) VALUES (1226, 'E0048', 1, 0, 0);
INSERT INTO codepoints (codepoint_id,codepoint,isComponent,isModifier,isModifierBase) VALUES (1227, 'E0049', 1, 0, 0);
INSERT INTO codepoints (codepoint_id,codepoint,isComponent,isModifier,isModifierBase) VALUES (1228, 'E004A', 1, 0, 0);
INSERT INTO codepoints (codepoint_id,codepoint,isComponent,isModifier,isModifierBase) VALUES (1229, 'E004B', 1, 0, 0);
INSERT INTO codepoints (codepoint_id,codepoint,isComponent,isModifier,isModifierBase) VALUES (1230, 'E004C', 1, 0, 0);
INSERT INTO codepoints (codepoint_id,codepoint,isComponent,isModifier,isModifierBase) VALUES (1231, 'E004D', 1, 0, 0);
INSERT INTO codepoints (codepoint_id,codepoint,isComponent,isModifier,isModifierBase) VALUES (1232, 'E004E', 1, 0, 0);
INSERT INTO codepoints (codepoint_id,codepoint,isComponent,isModifier,isModifierBase) VALUES (1233, 'E004F', 1, 0, 0);
INSERT INTO codepoints (codepoint_id,codepoint,isComponent,isModifier,isModifierBase) VALUES (1234, 'E0050', 1, 0, 0);
INSERT INTO codepoints (codepoint_id,codepoint,isComponent,isModifier,isModifierBase) VALUES (1235, 'E0051', 1, 0, 0);
INSERT INTO codepoints (codepoint_id,codepoint,isComponent,isModifier,isModifierBase) VALUES (1236, 'E0052', 1, 0, 0);
INSERT INTO codepoints (codepoint_id,codepoint,isComponent,isModifier,isModifierBase) VALUES (1237, 'E0053', 1, 0, 0);
INSERT INTO codepoints (codepoint_id,codepoint,isComponent,isModifier,isModifierBase) VALUES (1238, 'E0054', 1, 0, 0);
INSERT INTO codepoints (codepoint_id,codepoint,isComponent,isModifier,isModifierBase) VALUES (1239, 'E0055', 1, 0, 0);
INSERT INTO codepoints (codepoint_id,codepoint,isComponent,isModifier,isModifierBase) VALUES (1240, 'E0056', 1, 0, 0);
INSERT INTO codepoints (codepoint_id,codepoint,isComponent,isModifier,isModifierBase) VALUES (1241, 'E0057', 1, 0, 0);
INSERT INTO codepoints (codepoint_id,codepoint,isComponent,isModifier,isModifierBase) VALUES (1242, 'E0058', 1, 0, 0);
INSERT INTO codepoints (codepoint_id,codepoint,isComponent,isModifier,isModifierBase) VALUES (1243, 'E0059', 1, 0, 0);
INSERT INTO codepoints (codepoint_id,codepoint,isComponent,isModifier,isModifierBase) VALUES (1244, 'E005A', 1, 0, 0);
INSERT INTO codepoints (codepoint_id,codepoint,isComponent,isModifier,isModifierBase) VALUES (1245, 'E005B', 1, 0, 0);
INSERT INTO codepoints (codepoint_id,codepoint,isComponent,isModifier,isModifierBase) VALUES (1246, 'E005C', 1, 0, 0);
INSERT INTO codepoints (codepoint_id,codepoint,isComponent,isModifier,isModifierBase) VALUES (1247, 'E005D', 1, 0, 0);
INSERT INTO codepoints (codepoint_id,codepoint,isComponent,isModifier,isModifierBase) VALUES (1248, 'E005E', 1, 0, 0);
INSERT INTO codepoints (codepoint_id,codepoint,isComponent,isModifier,isModifierBase) VALUES (1249, 'E005F', 1, 0, 0);
INSERT INTO codepoints (codepoint_id,codepoint,isComponent,isModifier,isModifierBase) VALUES (1250, 'E0060', 1, 0, 0);
INSERT INTO codepoints (codepoint_id,codepoint,isComponent,isModifier,isModifierBase) VALUES (1251, 'E0061', 1, 0, 0);
INSERT INTO codepoints (codepoint_id,codepoint,isComponent,isModifier,isModifierBase) VALUES (1252, 'E0062', 1, 0, 0);
INSERT INTO codepoints (codepoint_id,codepoint,isComponent,isModifier,isModifierBase) VALUES (1253, 'E0063', 1, 0, 0);
INSERT INTO codepoints (codepoint_id,codepoint,isComponent,isModifier,isModifierBase) VALUES (1254, 'E0064', 1, 0, 0);
INSERT INTO codepoints (codepoint_id,codepoint,isComponent,isModifier,isModifierBase) VALUES (1255, 'E0065', 1, 0, 0);
INSERT INTO codepoints (codepoint_id,codepoint,isComponent,isModifier,isModifierBase) VALUES (1256, 'E0066', 1, 0, 0);
INSERT INTO codepoints (codepoint_id,codepoint,isComponent,isModifier,isModifierBase) VALUES (1257, 'E0067', 1, 0, 0);
INSERT INTO codepoints (codepoint_id,codepoint,isComponent,isModifier,isModifierBase) VALUES (1258, 'E0068', 1, 0, 0);
INSERT INTO codepoints (codepoint_id,codepoint,isComponent,isModifier,isModifierBase) VALUES (1259, 'E0069', 1, 0, 0);
INSERT INTO codepoints (codepoint_id,codepoint,isComponent,isModifier,isModifierBase) VALUES (1260, 'E006A', 1, 0, 0);
INSERT INTO codepoints (codepoint_id,codepoint,isComponent,isModifier,isModifierBase) VALUES (1261, 'E006B', 1, 0, 0);
INSERT INTO codepoints (codepoint_id,codepoint,isComponent,isModifier,isModifierBase) VALUES (1262, 'E006C', 1, 0, 0);
INSERT INTO codepoints (codepoint_id,codepoint,isComponent,isModifier,isModifierBase) VALUES (1263, 'E006D', 1, 0, 0);
INSERT INTO codepoints (codepoint_id,codepoint,isComponent,isModifier,isModifierBase) VALUES (1264, 'E006E', 1, 0, 0);
INSERT INTO codepoints (codepoint_id,codepoint,isComponent,isModifier,isModifierBase) VALUES (1265, 'E006F', 1, 0, 0);
INSERT INTO codepoints (codepoint_id,codepoint,isComponent,isModifier,isModifierBase) VALUES (1266, 'E0070', 1, 0, 0);
INSERT INTO codepoints (codepoint_id,codepoint,isComponent,isModifier,isModifierBase) VALUES (1267, 'E0071', 1, 0, 0);
INSERT INTO codepoints (codepoint_id,codepoint,isComponent,isModifier,isModifierBase) VALUES (1268, 'E0072', 1, 0, 0);
INSERT INTO codepoints (codepoint_id,codepoint,isComponent,isModifier,isModifierBase) VALUES (1269, 'E0073', 1, 0, 0);
INSERT INTO codepoints (codepoint_id,codepoint,isComponent,isModifier,isModifierBase) VALUES (1270, 'E0074', 1, 0, 0);
INSERT INTO codepoints (codepoint_id,codepoint,isComponent,isModifier,isModifierBase) VALUES (1271, 'E0075', 1, 0, 0);
INSERT INTO codepoints (codepoint_id,codepoint,isComponent,isModifier,isModifierBase) VALUES (1272, 'E0076', 1, 0, 0);
INSERT INTO codepoints (codepoint_id,codepoint,isComponent,isModifier,isModifierBase) VALUES (1273, 'E0077', 1, 0, 0);
INSERT INTO codepoints (codepoint_id,codepoint,isComponent,isModifier,isModifierBase) VALUES (1274, 'E0078', 1, 0, 0);
INSERT INTO codepoints (codepoint_id,codepoint,isComponent,isModifier,isModifierBase) VALUES (1275, 'E0079', 1, 0, 0);
INSERT INTO codepoints (codepoint_id,codepoint,isComponent,isModifier,isModifierBase) VALUES (1276, 'E007A', 1, 0, 0);
INSERT INTO codepoints (codepoint_id,codepoint,isComponent,isModifier,isModifierBase) VALUES (1277, 'E007B', 1, 0, 0);
INSERT INTO codepoints (codepoint_id,codepoint,isComponent,isModifier,isModifierBase) VALUES (1278, 'E007C', 1, 0, 0);
INSERT INTO codepoints (codepoint_id,codepoint,isComponent,isModifier,isModifierBase) VALUES (1279, 'E007D', 1, 0, 0);
INSERT INTO codepoints (codepoint_id,codepoint,isComponent,isModifier,isModifierBase) VALUES (1280, 'E007E', 1, 0, 0);
INSERT INTO codepoints (codepoint_id,codepoint,isComponent,isModifier,isModifierBase) VALUES (1281, 'E007F', 1, 0, 0);

INSERT INTO emoji (emoji_id,emoji_version_id,emoji_name,emoji_character,emojipedia_url_ext,emojipedia_category,codepoint_string,num_codepoints,hasComponent,hasModifier,hasModifierBase,appearance_differs_flag,unicode_not_recommended) VALUES (1, 1, 'Grinning Face', '', 'grinning-face', 'people', 'U+1F600', 1, 0, 0, 0, 0, 0);
INSERT INTO emoji_codepoints (emoji_codepoint_id,emoji_id,codepoint_id,sequence_index) VALUES (1, 1, 875, 1);

INSERT INTO emoji (emoji_id,emoji_version_id,emoji_name,emoji_character,emojipedia_url_ext,emojipedia_category,codepoint_string,num_codepoints,hasComponent,hasModifier,hasModifierBase,appearance_differs_flag,unicode_not_recommended) VALUES (2, 1, 'Beaming Face With Smiling Eyes', '', 'grinning-face-with-smiling-eyes', 'people', 'U+1F601', 1, 0, 0, 0, 1, 0);
INSERT INTO emoji_codepoints (emoji_codepoint_id,emoji_id,codepoint_id,sequence_index) VALUES (2, 2, 876, 1);

INSERT INTO emoji (emoji_id,emoji_version_id,emoji_name,emoji_character,emojipedia_url_ext,emojipedia_category,codepoint_string,num_codepoints,hasComponent,hasModifier,hasModifierBase,appearance_differs_flag,unicode_not_recommended) VALUES (3, 1, 'Face With Tears of Joy', '', 'face-with-tears-of-joy', 'people', 'U+1F602', 1, 0, 0, 0, 0, 0);
INSERT INTO emoji_codepoints (emoji_codepoint_id,emoji_id,codepoint_id,sequence_index) VALUES (3, 3, 877, 1);

INSERT INTO emoji (emoji_id,emoji_version_id,emoji_name,emoji_character,emojipedia_url_ext,emojipedia_category,codepoint_string,num_codepoints,hasComponent,hasModifier,hasModifierBase,appearance_differs_flag,unicode_not_recommended) VALUES (4, 1, 'Grinning Face With Big Eyes', '', 'smiling-face-with-open-mouth', 'people', 'U+1F603', 1, 0, 0, 0, 0, 0);
INSERT INTO emoji_codepoints (emoji_codepoint_id,emoji_id,codepoint_id,sequence_index) VALUES (4, 4, 878, 1);

INSERT INTO emoji (emoji_id,emoji_version_id,emoji_name,emoji_character,emojipedia_url_ext,emojipedia_category,codepoint_string,num_codepoints,hasComponent,hasModifier,hasModifierBase,appearance_differs_flag,unicode_not_recommended) VALUES (5, 1, 'Grinning Face With Smiling Eyes', '', 'smiling-face-with-open-mouth-and-smiling-eyes', 'people', 'U+1F604', 1, 0, 0, 0, 0, 0);
INSERT INTO emoji_codepoints (emoji_codepoint_id,emoji_id,codepoint_id,sequence_index) VALUES (5, 5, 879, 1);

INSERT INTO emoji (emoji_id,emoji_version_id,emoji_name,emoji_character,emojipedia_url_ext,emojipedia_category,codepoint_string,num_codepoints,hasComponent,hasModifier,hasModifierBase,appearance_differs_flag,unicode_not_recommended) VALUES (6, 1, 'Grinning Face With Sweat', '', 'smiling-face-with-open-mouth-and-cold-sweat', 'people', 'U+1F605', 1, 0, 0, 0, 0, 0);
INSERT INTO emoji_codepoints (emoji_codepoint_id,emoji_id,codepoint_id,sequence_index) VALUES (6, 6, 880, 1);

INSERT INTO emoji (emoji_id,emoji_version_id,emoji_name,emoji_character,emojipedia_url_ext,emojipedia_category,codepoint_string,num_codepoints,hasComponent,hasModifier,hasModifierBase,appearance_differs_flag,unicode_not_recommended) VALUES (7, 1, 'Grinning Squinting Face', '', 'smiling-face-with-open-mouth-and-tightly-closed-eyes', 'people', 'U+1F606', 1, 0, 0, 0, 0, 0);
INSERT INTO emoji_codepoints (emoji_codepoint_id,emoji_id,codepoint_id,sequence_index) VALUES (7, 7, 881, 1);

INSERT INTO emoji (emoji_id,emoji_version_id,emoji_name,emoji_character,emojipedia_url_ext,emojipedia_category,codepoint_string,num_codepoints,hasComponent,hasModifier,hasModifierBase,appearance_differs_flag,unicode_not_recommended) VALUES (8, 1, 'Winking Face', '', 'winking-face', 'people', 'U+1F609', 1, 0, 0, 0, 0, 0);
INSERT INTO emoji_codepoints (emoji_codepoint_id,emoji_id,codepoint_id,sequence_index) VALUES (8, 8, 884, 1);

INSERT INTO emoji (emoji_id,emoji_version_id,emoji_name,emoji_character,emojipedia_url_ext,emojipedia_category,codepoint_string,num_codepoints,hasComponent,hasModifier,hasModifierBase,appearance_differs_flag,unicode_not_recommended) VALUES (9, 1, 'Smiling Face With Smiling Eyes', '', 'smiling-face-with-smiling-eyes', 'people', 'U+1F60A', 1, 0, 0, 0, 0, 0);
INSERT INTO emoji_codepoints (emoji_codepoint_id,emoji_id,codepoint_id,sequence_index) VALUES (9, 9, 885, 1);

INSERT INTO emoji (emoji_id,emoji_version_id,emoji_name,emoji_character,emojipedia_url_ext,emojipedia_category,codepoint_string,num_codepoints,hasComponent,hasModifier,hasModifierBase,appearance_differs_flag,unicode_not_recommended) VALUES (10, 1, 'Face Savoring Food', '', 'face-savouring-delicious-food', 'people', 'U+1F60B', 1, 0, 0, 0, 0, 0);
INSERT INTO emoji_codepoints (emoji_codepoint_id,emoji_id,codepoint_id,sequence_index) VALUES (10, 10, 886, 1);

INSERT INTO emoji (emoji_id,emoji_version_id,emoji_name,emoji_character,emojipedia_url_ext,emojipedia_category,codepoint_string,num_codepoints,hasComponent,hasModifier,hasModifierBase,appearance_differs_flag,unicode_not_recommended) VALUES (11, 1, 'Smiling Face With Sunglasses', '', 'smiling-face-with-sunglasses', 'people', 'U+1F60E', 1, 0, 0, 0, 0, 0);
INSERT INTO emoji_codepoints (emoji_codepoint_id,emoji_id,codepoint_id,sequence_index) VALUES (11, 11, 889, 1);

INSERT INTO emoji (emoji_id,emoji_version_id,emoji_name,emoji_character,emojipedia_url_ext,emojipedia_category,codepoint_string,num_codepoints,hasComponent,hasModifier,hasModifierBase,appearance_differs_flag,unicode_not_recommended) VALUES (12, 1, 'Smiling Face With Heart-Eyes', '', 'smiling-face-with-heart-shaped-eyes', 'people', 'U+1F60D', 1, 0, 0, 0, 0, 0);
INSERT INTO emoji_codepoints (emoji_codepoint_id,emoji_id,codepoint_id,sequence_index) VALUES (12, 12, 888, 1);

INSERT INTO emoji (emoji_id,emoji_version_id,emoji_name,emoji_character,emojipedia_url_ext,emojipedia_category,codepoint_string,num_codepoints,hasComponent,hasModifier,hasModifierBase,appearance_differs_flag,unicode_not_recommended) VALUES (13, 1, 'Face Blowing a Kiss', '', 'face-throwing-a-kiss', 'people', 'U+1F618', 1, 0, 0, 0, 0, 0);
INSERT INTO emoji_codepoints (emoji_codepoint_id,emoji_id,codepoint_id,sequence_index) VALUES (13, 13, 899, 1);

INSERT INTO emoji (emoji_id,emoji_version_id,emoji_name,emoji_character,emojipedia_url_ext,emojipedia_category,codepoint_string,num_codepoints,hasComponent,hasModifier,hasModifierBase,appearance_differs_flag,unicode_not_recommended) VALUES (14, 1, 'Kissing Face', '', 'kissing-face', 'people', 'U+1F617', 1, 0, 0, 0, 0, 0);
INSERT INTO emoji_codepoints (emoji_codepoint_id,emoji_id,codepoint_id,sequence_index) VALUES (14, 14, 898, 1);

INSERT INTO emoji (emoji_id,emoji_version_id,emoji_name,emoji_character,emojipedia_url_ext,emojipedia_category,codepoint_string,num_codepoints,hasComponent,hasModifier,hasModifierBase,appearance_differs_flag,unicode_not_recommended) VALUES (15, 1, 'Kissing Face With Smiling Eyes', '', 'kissing-face-with-smiling-eyes', 'people', 'U+1F619', 1, 0, 0, 0, 0, 0);
INSERT INTO emoji_codepoints (emoji_codepoint_id,emoji_id,codepoint_id,sequence_index) VALUES (15, 15, 900, 1);

INSERT INTO emoji (emoji_id,emoji_version_id,emoji_name,emoji_character,emojipedia_url_ext,emojipedia_category,codepoint_string,num_codepoints,hasComponent,hasModifier,hasModifierBase,appearance_differs_flag,unicode_not_recommended) VALUES (16, 1, 'Kissing Face With Closed Eyes', '', 'kissing-face-with-closed-eyes', 'people', 'U+1F61A', 1, 0, 0, 0, 0, 0);
INSERT INTO emoji_codepoints (emoji_codepoint_id,emoji_id,codepoint_id,sequence_index) VALUES (16, 16, 901, 1);

INSERT INTO emoji (emoji_id,emoji_version_id,emoji_name,emoji_character,emojipedia_url_ext,emojipedia_category,codepoint_string,num_codepoints,hasComponent,hasModifier,hasModifierBase,appearance_differs_flag,unicode_not_recommended) VALUES (17, 1, 'Smiling Face', '', 'white-smiling-face', 'people', 'U+263AU+FE0F', 2, 1, 0, 0, 0, 0);
INSERT INTO emoji_codepoints (emoji_codepoint_id,emoji_id,codepoint_id,sequence_index) VALUES (17, 17, 74, 1),(18, 17, 1185, 2);

INSERT INTO emoji (emoji_id,emoji_version_id,emoji_name,emoji_character,emojipedia_url_ext,emojipedia_category,codepoint_string,num_codepoints,hasComponent,hasModifier,hasModifierBase,appearance_differs_flag,unicode_not_recommended) VALUES (18, 1, 'Slightly Smiling Face', '', 'slightly-smiling-face', 'people', 'U+1F642', 1, 0, 0, 0, 0, 0);
INSERT INTO emoji_codepoints (emoji_codepoint_id,emoji_id,codepoint_id,sequence_index) VALUES (19, 18, 941, 1);

INSERT INTO emoji (emoji_id,emoji_version_id,emoji_name,emoji_character,emojipedia_url_ext,emojipedia_category,codepoint_string,num_codepoints,hasComponent,hasModifier,hasModifierBase,appearance_differs_flag,unicode_not_recommended) VALUES (19, 1, 'Hugging Face', '', 'hugging-face', 'people', 'U+1F917', 1, 0, 0, 0, 1, 0);
INSERT INTO emoji_codepoints (emoji_codepoint_id,emoji_id,codepoint_id,sequence_index) VALUES (20, 19, 1056, 1);

INSERT INTO emoji (emoji_id,emoji_version_id,emoji_name,emoji_character,emojipedia_url_ext,emojipedia_category,codepoint_string,num_codepoints,hasComponent,hasModifier,hasModifierBase,appearance_differs_flag,unicode_not_recommended) VALUES (20, 1, 'Thinking Face', '', 'thinking-face', 'people', 'U+1F914', 1, 0, 0, 0, 0, 0);
INSERT INTO emoji_codepoints (emoji_codepoint_id,emoji_id,codepoint_id,sequence_index) VALUES (21, 20, 1053, 1);

INSERT INTO emoji (emoji_id,emoji_version_id,emoji_name,emoji_character,emojipedia_url_ext,emojipedia_category,codepoint_string,num_codepoints,hasComponent,hasModifier,hasModifierBase,appearance_differs_flag,unicode_not_recommended) VALUES (21, 1, 'Neutral Face', '', 'neutral-face', 'people', 'U+1F610', 1, 0, 0, 0, 0, 0);
INSERT INTO emoji_codepoints (emoji_codepoint_id,emoji_id,codepoint_id,sequence_index) VALUES (22, 21, 891, 1);

INSERT INTO emoji (emoji_id,emoji_version_id,emoji_name,emoji_character,emojipedia_url_ext,emojipedia_category,codepoint_string,num_codepoints,hasComponent,hasModifier,hasModifierBase,appearance_differs_flag,unicode_not_recommended) VALUES (22, 1, 'Expressionless Face', '', 'expressionless-face', 'people', 'U+1F611', 1, 0, 0, 0, 0, 0);
INSERT INTO emoji_codepoints (emoji_codepoint_id,emoji_id,codepoint_id,sequence_index) VALUES (23, 22, 892, 1);

INSERT INTO emoji (emoji_id,emoji_version_id,emoji_name,emoji_character,emojipedia_url_ext,emojipedia_category,codepoint_string,num_codepoints,hasComponent,hasModifier,hasModifierBase,appearance_differs_flag,unicode_not_recommended) VALUES (23, 1, 'Face Without Mouth', '', 'face-without-mouth', 'people', 'U+1F636', 1, 0, 0, 0, 0, 0);
INSERT INTO emoji_codepoints (emoji_codepoint_id,emoji_id,codepoint_id,sequence_index) VALUES (24, 23, 929, 1);

INSERT INTO emoji (emoji_id,emoji_version_id,emoji_name,emoji_character,emojipedia_url_ext,emojipedia_category,codepoint_string,num_codepoints,hasComponent,hasModifier,hasModifierBase,appearance_differs_flag,unicode_not_recommended) VALUES (24, 1, 'Face With Rolling Eyes', '', 'face-with-rolling-eyes', 'people', 'U+1F644', 1, 0, 0, 0, 1, 0);
INSERT INTO emoji_codepoints (emoji_codepoint_id,emoji_id,codepoint_id,sequence_index) VALUES (25, 24, 943, 1);

INSERT INTO emoji (emoji_id,emoji_version_id,emoji_name,emoji_character,emojipedia_url_ext,emojipedia_category,codepoint_string,num_codepoints,hasComponent,hasModifier,hasModifierBase,appearance_differs_flag,unicode_not_recommended) VALUES (25, 1, 'Smirking Face', '', 'smirking-face', 'people', 'U+1F60F', 1, 0, 0, 0, 1, 0);
INSERT INTO emoji_codepoints (emoji_codepoint_id,emoji_id,codepoint_id,sequence_index) VALUES (26, 25, 890, 1);

INSERT INTO emoji (emoji_id,emoji_version_id,emoji_name,emoji_character,emojipedia_url_ext,emojipedia_category,codepoint_string,num_codepoints,hasComponent,hasModifier,hasModifierBase,appearance_differs_flag,unicode_not_recommended) VALUES (26, 1, 'Persevering Face', '', 'persevering-face', 'people', 'U+1F623', 1, 0, 0, 0, 0, 0);
INSERT INTO emoji_codepoints (emoji_codepoint_id,emoji_id,codepoint_id,sequence_index) VALUES (27, 26, 910, 1);

INSERT INTO emoji (emoji_id,emoji_version_id,emoji_name,emoji_character,emojipedia_url_ext,emojipedia_category,codepoint_string,num_codepoints,hasComponent,hasModifier,hasModifierBase,appearance_differs_flag,unicode_not_recommended) VALUES (27, 1, 'Sad but Relieved Face', '', 'disappointed-but-relieved-face', 'people', 'U+1F625', 1, 0, 0, 0, 0, 0);
INSERT INTO emoji_codepoints (emoji_codepoint_id,emoji_id,codepoint_id,sequence_index) VALUES (28, 27, 912, 1);

INSERT INTO emoji (emoji_id,emoji_version_id,emoji_name,emoji_character,emojipedia_url_ext,emojipedia_category,codepoint_string,num_codepoints,hasComponent,hasModifier,hasModifierBase,appearance_differs_flag,unicode_not_recommended) VALUES (28, 1, 'Face With Open Mouth', '', 'face-with-open-mouth', 'people', 'U+1F62E', 1, 0, 0, 0, 0, 0);
INSERT INTO emoji_codepoints (emoji_codepoint_id,emoji_id,codepoint_id,sequence_index) VALUES (29, 28, 921, 1);

INSERT INTO emoji (emoji_id,emoji_version_id,emoji_name,emoji_character,emojipedia_url_ext,emojipedia_category,codepoint_string,num_codepoints,hasComponent,hasModifier,hasModifierBase,appearance_differs_flag,unicode_not_recommended) VALUES (29, 1, 'Zipper-Mouth Face', '', 'zipper-mouth-face', 'people', 'U+1F910', 1, 0, 0, 0, 0, 0);
INSERT INTO emoji_codepoints (emoji_codepoint_id,emoji_id,codepoint_id,sequence_index) VALUES (30, 29, 1049, 1);

INSERT INTO emoji (emoji_id,emoji_version_id,emoji_name,emoji_character,emojipedia_url_ext,emojipedia_category,codepoint_string,num_codepoints,hasComponent,hasModifier,hasModifierBase,appearance_differs_flag,unicode_not_recommended) VALUES (30, 1, 'Hushed Face', '', 'hushed-face', 'people', 'U+1F62F', 1, 0, 0, 0, 0, 0);
INSERT INTO emoji_codepoints (emoji_codepoint_id,emoji_id,codepoint_id,sequence_index) VALUES (31, 30, 922, 1);

INSERT INTO emoji (emoji_id,emoji_version_id,emoji_name,emoji_character,emojipedia_url_ext,emojipedia_category,codepoint_string,num_codepoints,hasComponent,hasModifier,hasModifierBase,appearance_differs_flag,unicode_not_recommended) VALUES (31, 1, 'Sleepy Face', '', 'sleepy-face', 'people', 'U+1F62A', 1, 0, 0, 0, 0, 0);
INSERT INTO emoji_codepoints (emoji_codepoint_id,emoji_id,codepoint_id,sequence_index) VALUES (32, 31, 917, 1);

INSERT INTO emoji (emoji_id,emoji_version_id,emoji_name,emoji_character,emojipedia_url_ext,emojipedia_category,codepoint_string,num_codepoints,hasComponent,hasModifier,hasModifierBase,appearance_differs_flag,unicode_not_recommended) VALUES (32, 1, 'Tired Face', '', 'tired-face', 'people', 'U+1F62B', 1, 0, 0, 0, 0, 0);
INSERT INTO emoji_codepoints (emoji_codepoint_id,emoji_id,codepoint_id,sequence_index) VALUES (33, 32, 918, 1);

INSERT INTO emoji (emoji_id,emoji_version_id,emoji_name,emoji_character,emojipedia_url_ext,emojipedia_category,codepoint_string,num_codepoints,hasComponent,hasModifier,hasModifierBase,appearance_differs_flag,unicode_not_recommended) VALUES (33, 1, 'Sleeping Face', '', 'sleeping-face', 'people', 'U+1F634', 1, 0, 0, 0, 0, 0);
INSERT INTO emoji_codepoints (emoji_codepoint_id,emoji_id,codepoint_id,sequence_index) VALUES (34, 33, 927, 1);

INSERT INTO emoji (emoji_id,emoji_version_id,emoji_name,emoji_character,emojipedia_url_ext,emojipedia_category,codepoint_string,num_codepoints,hasComponent,hasModifier,hasModifierBase,appearance_differs_flag,unicode_not_recommended) VALUES (34, 1, 'Relieved Face', '', 'relieved-face', 'people', 'U+1F60C', 1, 0, 0, 0, 0, 0);
INSERT INTO emoji_codepoints (emoji_codepoint_id,emoji_id,codepoint_id,sequence_index) VALUES (35, 34, 887, 1);

INSERT INTO emoji (emoji_id,emoji_version_id,emoji_name,emoji_character,emojipedia_url_ext,emojipedia_category,codepoint_string,num_codepoints,hasComponent,hasModifier,hasModifierBase,appearance_differs_flag,unicode_not_recommended) VALUES (35, 1, 'Face With Tongue', '', 'face-with-stuck-out-tongue', 'people', 'U+1F61B', 1, 0, 0, 0, 0, 0);
INSERT INTO emoji_codepoints (emoji_codepoint_id,emoji_id,codepoint_id,sequence_index) VALUES (36, 35, 902, 1);

INSERT INTO emoji (emoji_id,emoji_version_id,emoji_name,emoji_character,emojipedia_url_ext,emojipedia_category,codepoint_string,num_codepoints,hasComponent,hasModifier,hasModifierBase,appearance_differs_flag,unicode_not_recommended) VALUES (36, 1, 'Winking Face With Tongue', '', 'face-with-stuck-out-tongue-and-winking-eye', 'people', 'U+1F61C', 1, 0, 0, 0, 0, 0);
INSERT INTO emoji_codepoints (emoji_codepoint_id,emoji_id,codepoint_id,sequence_index) VALUES (37, 36, 903, 1);

INSERT INTO emoji (emoji_id,emoji_version_id,emoji_name,emoji_character,emojipedia_url_ext,emojipedia_category,codepoint_string,num_codepoints,hasComponent,hasModifier,hasModifierBase,appearance_differs_flag,unicode_not_recommended) VALUES (37, 1, 'Squinting Face With Tongue', '', 'face-with-stuck-out-tongue-and-tightly-closed-eyes', 'people', 'U+1F61D', 1, 0, 0, 0, 0, 0);
INSERT INTO emoji_codepoints (emoji_codepoint_id,emoji_id,codepoint_id,sequence_index) VALUES (38, 37, 904, 1);

INSERT INTO emoji (emoji_id,emoji_version_id,emoji_name,emoji_character,emojipedia_url_ext,emojipedia_category,codepoint_string,num_codepoints,hasComponent,hasModifier,hasModifierBase,appearance_differs_flag,unicode_not_recommended) VALUES (38, 1, 'Unamused Face', '', 'unamused-face', 'people', 'U+1F612', 1, 0, 0, 0, 0, 0);
INSERT INTO emoji_codepoints (emoji_codepoint_id,emoji_id,codepoint_id,sequence_index) VALUES (39, 38, 893, 1);

INSERT INTO emoji (emoji_id,emoji_version_id,emoji_name,emoji_character,emojipedia_url_ext,emojipedia_category,codepoint_string,num_codepoints,hasComponent,hasModifier,hasModifierBase,appearance_differs_flag,unicode_not_recommended) VALUES (39, 1, 'Downcast Face With Sweat', '', 'face-with-cold-sweat', 'people', 'U+1F613', 1, 0, 0, 0, 0, 0);
INSERT INTO emoji_codepoints (emoji_codepoint_id,emoji_id,codepoint_id,sequence_index) VALUES (40, 39, 894, 1);

INSERT INTO emoji (emoji_id,emoji_version_id,emoji_name,emoji_character,emojipedia_url_ext,emojipedia_category,codepoint_string,num_codepoints,hasComponent,hasModifier,hasModifierBase,appearance_differs_flag,unicode_not_recommended) VALUES (40, 1, 'Pensive Face', '', 'pensive-face', 'people', 'U+1F614', 1, 0, 0, 0, 0, 0);
INSERT INTO emoji_codepoints (emoji_codepoint_id,emoji_id,codepoint_id,sequence_index) VALUES (41, 40, 895, 1);

INSERT INTO emoji (emoji_id,emoji_version_id,emoji_name,emoji_character,emojipedia_url_ext,emojipedia_category,codepoint_string,num_codepoints,hasComponent,hasModifier,hasModifierBase,appearance_differs_flag,unicode_not_recommended) VALUES (41, 1, 'Confused Face', '', 'confused-face', 'people', 'U+1F615', 1, 0, 0, 0, 0, 0);
INSERT INTO emoji_codepoints (emoji_codepoint_id,emoji_id,codepoint_id,sequence_index) VALUES (42, 41, 896, 1);

INSERT INTO emoji (emoji_id,emoji_version_id,emoji_name,emoji_character,emojipedia_url_ext,emojipedia_category,codepoint_string,num_codepoints,hasComponent,hasModifier,hasModifierBase,appearance_differs_flag,unicode_not_recommended) VALUES (42, 1, 'Upside-Down Face', '', 'upside-down-face', 'people', 'U+1F643', 1, 0, 0, 0, 0, 0);
INSERT INTO emoji_codepoints (emoji_codepoint_id,emoji_id,codepoint_id,sequence_index) VALUES (43, 42, 942, 1);

INSERT INTO emoji (emoji_id,emoji_version_id,emoji_name,emoji_character,emojipedia_url_ext,emojipedia_category,codepoint_string,num_codepoints,hasComponent,hasModifier,hasModifierBase,appearance_differs_flag,unicode_not_recommended) VALUES (43, 1, 'Money-Mouth Face', '', 'money-mouth-face', 'people', 'U+1F911', 1, 0, 0, 0, 0, 0);
INSERT INTO emoji_codepoints (emoji_codepoint_id,emoji_id,codepoint_id,sequence_index) VALUES (44, 43, 1050, 1);

INSERT INTO emoji (emoji_id,emoji_version_id,emoji_name,emoji_character,emojipedia_url_ext,emojipedia_category,codepoint_string,num_codepoints,hasComponent,hasModifier,hasModifierBase,appearance_differs_flag,unicode_not_recommended) VALUES (44, 1, 'Astonished Face', '', 'astonished-face', 'people', 'U+1F632', 1, 0, 0, 0, 1, 0);
INSERT INTO emoji_codepoints (emoji_codepoint_id,emoji_id,codepoint_id,sequence_index) VALUES (45, 44, 925, 1);

INSERT INTO emoji (emoji_id,emoji_version_id,emoji_name,emoji_character,emojipedia_url_ext,emojipedia_category,codepoint_string,num_codepoints,hasComponent,hasModifier,hasModifierBase,appearance_differs_flag,unicode_not_recommended) VALUES (45, 1, 'Frowning Face', '', 'white-frowning-face', 'people', 'U+2639U+FE0F', 2, 1, 0, 0, 0, 0);
INSERT INTO emoji_codepoints (emoji_codepoint_id,emoji_id,codepoint_id,sequence_index) VALUES (46, 45, 73, 1),(47, 45, 1185, 2);

INSERT INTO emoji (emoji_id,emoji_version_id,emoji_name,emoji_character,emojipedia_url_ext,emojipedia_category,codepoint_string,num_codepoints,hasComponent,hasModifier,hasModifierBase,appearance_differs_flag,unicode_not_recommended) VALUES (46, 1, 'Slightly Frowning Face', '', 'slightly-frowning-face', 'people', 'U+1F641', 1, 0, 0, 0, 0, 0);
INSERT INTO emoji_codepoints (emoji_codepoint_id,emoji_id,codepoint_id,sequence_index) VALUES (48, 46, 940, 1);

INSERT INTO emoji (emoji_id,emoji_version_id,emoji_name,emoji_character,emojipedia_url_ext,emojipedia_category,codepoint_string,num_codepoints,hasComponent,hasModifier,hasModifierBase,appearance_differs_flag,unicode_not_recommended) VALUES (47, 1, 'Confounded Face', '', 'confounded-face', 'people', 'U+1F616', 1, 0, 0, 0, 0, 0);
INSERT INTO emoji_codepoints (emoji_codepoint_id,emoji_id,codepoint_id,sequence_index) VALUES (49, 47, 897, 1);

INSERT INTO emoji (emoji_id,emoji_version_id,emoji_name,emoji_character,emojipedia_url_ext,emojipedia_category,codepoint_string,num_codepoints,hasComponent,hasModifier,hasModifierBase,appearance_differs_flag,unicode_not_recommended) VALUES (48, 1, 'Disappointed Face', '', 'disappointed-face', 'people', 'U+1F61E', 1, 0, 0, 0, 0, 0);
INSERT INTO emoji_codepoints (emoji_codepoint_id,emoji_id,codepoint_id,sequence_index) VALUES (50, 48, 905, 1);

INSERT INTO emoji (emoji_id,emoji_version_id,emoji_name,emoji_character,emojipedia_url_ext,emojipedia_category,codepoint_string,num_codepoints,hasComponent,hasModifier,hasModifierBase,appearance_differs_flag,unicode_not_recommended) VALUES (49, 1, 'Worried Face', '', 'worried-face', 'people', 'U+1F61F', 1, 0, 0, 0, 0, 0);
INSERT INTO emoji_codepoints (emoji_codepoint_id,emoji_id,codepoint_id,sequence_index) VALUES (51, 49, 906, 1);

INSERT INTO emoji (emoji_id,emoji_version_id,emoji_name,emoji_character,emojipedia_url_ext,emojipedia_category,codepoint_string,num_codepoints,hasComponent,hasModifier,hasModifierBase,appearance_differs_flag,unicode_not_recommended) VALUES (50, 1, 'Face With Steam From Nose', '', 'face-with-look-of-triumph', 'people', 'U+1F624', 1, 0, 0, 0, 0, 0);
INSERT INTO emoji_codepoints (emoji_codepoint_id,emoji_id,codepoint_id,sequence_index) VALUES (52, 50, 911, 1);

INSERT INTO emoji (emoji_id,emoji_version_id,emoji_name,emoji_character,emojipedia_url_ext,emojipedia_category,codepoint_string,num_codepoints,hasComponent,hasModifier,hasModifierBase,appearance_differs_flag,unicode_not_recommended) VALUES (51, 1, 'Crying Face', '', 'crying-face', 'people', 'U+1F622', 1, 0, 0, 0, 0, 0);
INSERT INTO emoji_codepoints (emoji_codepoint_id,emoji_id,codepoint_id,sequence_index) VALUES (53, 51, 909, 1);

INSERT INTO emoji (emoji_id,emoji_version_id,emoji_name,emoji_character,emojipedia_url_ext,emojipedia_category,codepoint_string,num_codepoints,hasComponent,hasModifier,hasModifierBase,appearance_differs_flag,unicode_not_recommended) VALUES (52, 1, 'Loudly Crying Face', '', 'loudly-crying-face', 'people', 'U+1F62D', 1, 0, 0, 0, 0, 0);
INSERT INTO emoji_codepoints (emoji_codepoint_id,emoji_id,codepoint_id,sequence_index) VALUES (54, 52, 920, 1);

INSERT INTO emoji (emoji_id,emoji_version_id,emoji_name,emoji_character,emojipedia_url_ext,emojipedia_category,codepoint_string,num_codepoints,hasComponent,hasModifier,hasModifierBase,appearance_differs_flag,unicode_not_recommended) VALUES (53, 1, 'Frowning Face With Open Mouth', '', 'frowning-face-with-open-mouth', 'people', 'U+1F626', 1, 0, 0, 0, 0, 0);
INSERT INTO emoji_codepoints (emoji_codepoint_id,emoji_id,codepoint_id,sequence_index) VALUES (55, 53, 913, 1);

INSERT INTO emoji (emoji_id,emoji_version_id,emoji_name,emoji_character,emojipedia_url_ext,emojipedia_category,codepoint_string,num_codepoints,hasComponent,hasModifier,hasModifierBase,appearance_differs_flag,unicode_not_recommended) VALUES (54, 1, 'Anguished Face', '', 'anguished-face', 'people', 'U+1F627', 1, 0, 0, 0, 0, 0);
INSERT INTO emoji_codepoints (emoji_codepoint_id,emoji_id,codepoint_id,sequence_index) VALUES (56, 54, 914, 1);

INSERT INTO emoji (emoji_id,emoji_version_id,emoji_name,emoji_character,emojipedia_url_ext,emojipedia_category,codepoint_string,num_codepoints,hasComponent,hasModifier,hasModifierBase,appearance_differs_flag,unicode_not_recommended) VALUES (55, 1, 'Fearful Face', '', 'fearful-face', 'people', 'U+1F628', 1, 0, 0, 0, 0, 0);
INSERT INTO emoji_codepoints (emoji_codepoint_id,emoji_id,codepoint_id,sequence_index) VALUES (57, 55, 915, 1);

INSERT INTO emoji (emoji_id,emoji_version_id,emoji_name,emoji_character,emojipedia_url_ext,emojipedia_category,codepoint_string,num_codepoints,hasComponent,hasModifier,hasModifierBase,appearance_differs_flag,unicode_not_recommended) VALUES (56, 1, 'Weary Face', '', 'weary-face', 'people', 'U+1F629', 1, 0, 0, 0, 0, 0);
INSERT INTO emoji_codepoints (emoji_codepoint_id,emoji_id,codepoint_id,sequence_index) VALUES (58, 56, 916, 1);

INSERT INTO emoji (emoji_id,emoji_version_id,emoji_name,emoji_character,emojipedia_url_ext,emojipedia_category,codepoint_string,num_codepoints,hasComponent,hasModifier,hasModifierBase,appearance_differs_flag,unicode_not_recommended) VALUES (57, 1, 'Grimacing Face', '', 'grimacing-face', 'people', 'U+1F62C', 1, 0, 0, 0, 1, 0);
INSERT INTO emoji_codepoints (emoji_codepoint_id,emoji_id,codepoint_id,sequence_index) VALUES (59, 57, 919, 1);

INSERT INTO emoji (emoji_id,emoji_version_id,emoji_name,emoji_character,emojipedia_url_ext,emojipedia_category,codepoint_string,num_codepoints,hasComponent,hasModifier,hasModifierBase,appearance_differs_flag,unicode_not_recommended) VALUES (58, 1, 'Anxious Face With Sweat', '', 'face-with-open-mouth-and-cold-sweat', 'people', 'U+1F630', 1, 0, 0, 0, 0, 0);
INSERT INTO emoji_codepoints (emoji_codepoint_id,emoji_id,codepoint_id,sequence_index) VALUES (60, 58, 923, 1);

INSERT INTO emoji (emoji_id,emoji_version_id,emoji_name,emoji_character,emojipedia_url_ext,emojipedia_category,codepoint_string,num_codepoints,hasComponent,hasModifier,hasModifierBase,appearance_differs_flag,unicode_not_recommended) VALUES (59, 1, 'Face Screaming in Fear', '', 'face-screaming-in-fear', 'people', 'U+1F631', 1, 0, 0, 0, 0, 0);
INSERT INTO emoji_codepoints (emoji_codepoint_id,emoji_id,codepoint_id,sequence_index) VALUES (61, 59, 924, 1);

INSERT INTO emoji (emoji_id,emoji_version_id,emoji_name,emoji_character,emojipedia_url_ext,emojipedia_category,codepoint_string,num_codepoints,hasComponent,hasModifier,hasModifierBase,appearance_differs_flag,unicode_not_recommended) VALUES (60, 1, 'Flushed Face', '', 'flushed-face', 'people', 'U+1F633', 1, 0, 0, 0, 1, 0);
INSERT INTO emoji_codepoints (emoji_codepoint_id,emoji_id,codepoint_id,sequence_index) VALUES (62, 60, 926, 1);

INSERT INTO emoji (emoji_id,emoji_version_id,emoji_name,emoji_character,emojipedia_url_ext,emojipedia_category,codepoint_string,num_codepoints,hasComponent,hasModifier,hasModifierBase,appearance_differs_flag,unicode_not_recommended) VALUES (61, 1, 'Dizzy Face', '', 'dizzy-face', 'people', 'U+1F635', 1, 0, 0, 0, 1, 0);
INSERT INTO emoji_codepoints (emoji_codepoint_id,emoji_id,codepoint_id,sequence_index) VALUES (63, 61, 928, 1);

INSERT INTO emoji (emoji_id,emoji_version_id,emoji_name,emoji_character,emojipedia_url_ext,emojipedia_category,codepoint_string,num_codepoints,hasComponent,hasModifier,hasModifierBase,appearance_differs_flag,unicode_not_recommended) VALUES (62, 1, 'Pouting Face', '', 'pouting-face', 'people', 'U+1F621', 1, 0, 0, 0, 0, 0);
INSERT INTO emoji_codepoints (emoji_codepoint_id,emoji_id,codepoint_id,sequence_index) VALUES (64, 62, 908, 1);

INSERT INTO emoji (emoji_id,emoji_version_id,emoji_name,emoji_character,emojipedia_url_ext,emojipedia_category,codepoint_string,num_codepoints,hasComponent,hasModifier,hasModifierBase,appearance_differs_flag,unicode_not_recommended) VALUES (63, 1, 'Angry Face', '', 'angry-face', 'people', 'U+1F620', 1, 0, 0, 0, 0, 0);
INSERT INTO emoji_codepoints (emoji_codepoint_id,emoji_id,codepoint_id,sequence_index) VALUES (65, 63, 907, 1);

INSERT INTO emoji (emoji_id,emoji_version_id,emoji_name,emoji_character,emojipedia_url_ext,emojipedia_category,codepoint_string,num_codepoints,hasComponent,hasModifier,hasModifierBase,appearance_differs_flag,unicode_not_recommended) VALUES (64, 1, 'Face With Medical Mask', '', 'face-with-medical-mask', 'people', 'U+1F637', 1, 0, 0, 0, 0, 0);
INSERT INTO emoji_codepoints (emoji_codepoint_id,emoji_id,codepoint_id,sequence_index) VALUES (66, 64, 930, 1);

INSERT INTO emoji (emoji_id,emoji_version_id,emoji_name,emoji_character,emojipedia_url_ext,emojipedia_category,codepoint_string,num_codepoints,hasComponent,hasModifier,hasModifierBase,appearance_differs_flag,unicode_not_recommended) VALUES (65, 1, 'Face With Thermometer', '', 'face-with-thermometer', 'people', 'U+1F912', 1, 0, 0, 0, 0, 0);
INSERT INTO emoji_codepoints (emoji_codepoint_id,emoji_id,codepoint_id,sequence_index) VALUES (67, 65, 1051, 1);

INSERT INTO emoji (emoji_id,emoji_version_id,emoji_name,emoji_character,emojipedia_url_ext,emojipedia_category,codepoint_string,num_codepoints,hasComponent,hasModifier,hasModifierBase,appearance_differs_flag,unicode_not_recommended) VALUES (66, 1, 'Face With Head-Bandage', '', 'face-with-head-bandage', 'people', 'U+1F915', 1, 0, 0, 0, 0, 0);
INSERT INTO emoji_codepoints (emoji_codepoint_id,emoji_id,codepoint_id,sequence_index) VALUES (68, 66, 1054, 1);

INSERT INTO emoji (emoji_id,emoji_version_id,emoji_name,emoji_character,emojipedia_url_ext,emojipedia_category,codepoint_string,num_codepoints,hasComponent,hasModifier,hasModifierBase,appearance_differs_flag,unicode_not_recommended) VALUES (67, 1, 'Smiling Face With Halo', '', 'smiling-face-with-halo', 'people', 'U+1F607', 1, 0, 0, 0, 0, 0);
INSERT INTO emoji_codepoints (emoji_codepoint_id,emoji_id,codepoint_id,sequence_index) VALUES (69, 67, 882, 1);

INSERT INTO emoji (emoji_id,emoji_version_id,emoji_name,emoji_character,emojipedia_url_ext,emojipedia_category,codepoint_string,num_codepoints,hasComponent,hasModifier,hasModifierBase,appearance_differs_flag,unicode_not_recommended) VALUES (68, 1, 'Nerd Face', '', 'nerd-face', 'people', 'U+1F913', 1, 0, 0, 0, 0, 0);
INSERT INTO emoji_codepoints (emoji_codepoint_id,emoji_id,codepoint_id,sequence_index) VALUES (70, 68, 1052, 1);

INSERT INTO emoji (emoji_id,emoji_version_id,emoji_name,emoji_character,emojipedia_url_ext,emojipedia_category,codepoint_string,num_codepoints,hasComponent,hasModifier,hasModifierBase,appearance_differs_flag,unicode_not_recommended) VALUES (69, 1, 'Smiling Face With Horns', '', 'smiling-face-with-horns', 'people', 'U+1F608', 1, 0, 0, 0, 0, 0);
INSERT INTO emoji_codepoints (emoji_codepoint_id,emoji_id,codepoint_id,sequence_index) VALUES (71, 69, 883, 1);

INSERT INTO emoji (emoji_id,emoji_version_id,emoji_name,emoji_character,emojipedia_url_ext,emojipedia_category,codepoint_string,num_codepoints,hasComponent,hasModifier,hasModifierBase,appearance_differs_flag,unicode_not_recommended) VALUES (70, 1, 'Angry Face With Horns', '', 'imp', 'people', 'U+1F47F', 1, 0, 0, 0, 0, 0);
INSERT INTO emoji_codepoints (emoji_codepoint_id,emoji_id,codepoint_id,sequence_index) VALUES (72, 70, 611, 1);

INSERT INTO emoji (emoji_id,emoji_version_id,emoji_name,emoji_character,emojipedia_url_ext,emojipedia_category,codepoint_string,num_codepoints,hasComponent,hasModifier,hasModifierBase,appearance_differs_flag,unicode_not_recommended) VALUES (71, 1, 'Ogre', '', 'japanese-ogre', 'people', 'U+1F479', 1, 0, 0, 0, 0, 0);
INSERT INTO emoji_codepoints (emoji_codepoint_id,emoji_id,codepoint_id,sequence_index) VALUES (73, 71, 605, 1);

INSERT INTO emoji (emoji_id,emoji_version_id,emoji_name,emoji_character,emojipedia_url_ext,emojipedia_category,codepoint_string,num_codepoints,hasComponent,hasModifier,hasModifierBase,appearance_differs_flag,unicode_not_recommended) VALUES (72, 1, 'Goblin', '', 'japanese-goblin', 'people', 'U+1F47A', 1, 0, 0, 0, 0, 0);
INSERT INTO emoji_codepoints (emoji_codepoint_id,emoji_id,codepoint_id,sequence_index) VALUES (74, 72, 606, 1);

INSERT INTO emoji (emoji_id,emoji_version_id,emoji_name,emoji_character,emojipedia_url_ext,emojipedia_category,codepoint_string,num_codepoints,hasComponent,hasModifier,hasModifierBase,appearance_differs_flag,unicode_not_recommended) VALUES (73, 1, 'Skull', '', 'skull', 'people', 'U+1F480', 1, 0, 0, 0, 0, 0);
INSERT INTO emoji_codepoints (emoji_codepoint_id,emoji_id,codepoint_id,sequence_index) VALUES (75, 73, 612, 1);

INSERT INTO emoji (emoji_id,emoji_version_id,emoji_name,emoji_character,emojipedia_url_ext,emojipedia_category,codepoint_string,num_codepoints,hasComponent,hasModifier,hasModifierBase,appearance_differs_flag,unicode_not_recommended) VALUES (74, 1, 'Skull and Crossbones', '', 'skull-and-crossbones', 'objects', 'U+2620U+FE0F', 2, 1, 0, 0, 0, 0);
INSERT INTO emoji_codepoints (emoji_codepoint_id,emoji_id,codepoint_id,sequence_index) VALUES (76, 74, 65, 1),(77, 74, 1185, 2);

INSERT INTO emoji (emoji_id,emoji_version_id,emoji_name,emoji_character,emojipedia_url_ext,emojipedia_category,codepoint_string,num_codepoints,hasComponent,hasModifier,hasModifierBase,appearance_differs_flag,unicode_not_recommended) VALUES (75, 1, 'Ghost', '', 'ghost', 'people', 'U+1F47B', 1, 0, 0, 0, 1, 0);
INSERT INTO emoji_codepoints (emoji_codepoint_id,emoji_id,codepoint_id,sequence_index) VALUES (78, 75, 607, 1);

INSERT INTO emoji (emoji_id,emoji_version_id,emoji_name,emoji_character,emojipedia_url_ext,emojipedia_category,codepoint_string,num_codepoints,hasComponent,hasModifier,hasModifierBase,appearance_differs_flag,unicode_not_recommended) VALUES (76, 1, 'Alien', '', 'extraterrestrial-alien', 'people', 'U+1F47D', 1, 0, 0, 0, 0, 0);
INSERT INTO emoji_codepoints (emoji_codepoint_id,emoji_id,codepoint_id,sequence_index) VALUES (79, 76, 609, 1);

INSERT INTO emoji (emoji_id,emoji_version_id,emoji_name,emoji_character,emojipedia_url_ext,emojipedia_category,codepoint_string,num_codepoints,hasComponent,hasModifier,hasModifierBase,appearance_differs_flag,unicode_not_recommended) VALUES (77, 1, 'Alien Monster', '', 'alien-monster', 'activity', 'U+1F47E', 1, 0, 0, 0, 0, 0);
INSERT INTO emoji_codepoints (emoji_codepoint_id,emoji_id,codepoint_id,sequence_index) VALUES (80, 77, 610, 1);

INSERT INTO emoji (emoji_id,emoji_version_id,emoji_name,emoji_character,emojipedia_url_ext,emojipedia_category,codepoint_string,num_codepoints,hasComponent,hasModifier,hasModifierBase,appearance_differs_flag,unicode_not_recommended) VALUES (78, 1, 'Robot Face', '', 'robot-face', 'people', 'U+1F916', 1, 0, 0, 0, 0, 0);
INSERT INTO emoji_codepoints (emoji_codepoint_id,emoji_id,codepoint_id,sequence_index) VALUES (81, 78, 1055, 1);

INSERT INTO emoji (emoji_id,emoji_version_id,emoji_name,emoji_character,emojipedia_url_ext,emojipedia_category,codepoint_string,num_codepoints,hasComponent,hasModifier,hasModifierBase,appearance_differs_flag,unicode_not_recommended) VALUES (79, 1, 'Pile of Poo', '', 'pile-of-poo', 'people', 'U+1F4A9', 1, 0, 0, 0, 0, 0);
INSERT INTO emoji_codepoints (emoji_codepoint_id,emoji_id,codepoint_id,sequence_index) VALUES (82, 79, 653, 1);

INSERT INTO emoji (emoji_id,emoji_version_id,emoji_name,emoji_character,emojipedia_url_ext,emojipedia_category,codepoint_string,num_codepoints,hasComponent,hasModifier,hasModifierBase,appearance_differs_flag,unicode_not_recommended) VALUES (80, 1, 'Grinning Cat Face', '', 'smiling-cat-face-with-open-mouth', 'people', 'U+1F63A', 1, 0, 0, 0, 0, 0);
INSERT INTO emoji_codepoints (emoji_codepoint_id,emoji_id,codepoint_id,sequence_index) VALUES (83, 80, 933, 1);

INSERT INTO emoji (emoji_id,emoji_version_id,emoji_name,emoji_character,emojipedia_url_ext,emojipedia_category,codepoint_string,num_codepoints,hasComponent,hasModifier,hasModifierBase,appearance_differs_flag,unicode_not_recommended) VALUES (81, 1, 'Grinning Cat Face With Smiling Eyes', '', 'grinning-cat-face-with-smiling-eyes', 'people', 'U+1F638', 1, 0, 0, 0, 0, 0);
INSERT INTO emoji_codepoints (emoji_codepoint_id,emoji_id,codepoint_id,sequence_index) VALUES (84, 81, 931, 1);

INSERT INTO emoji (emoji_id,emoji_version_id,emoji_name,emoji_character,emojipedia_url_ext,emojipedia_category,codepoint_string,num_codepoints,hasComponent,hasModifier,hasModifierBase,appearance_differs_flag,unicode_not_recommended) VALUES (82, 1, 'Cat Face With Tears of Joy', '', 'cat-face-with-tears-of-joy', 'people', 'U+1F639', 1, 0, 0, 0, 0, 0);
INSERT INTO emoji_codepoints (emoji_codepoint_id,emoji_id,codepoint_id,sequence_index) VALUES (85, 82, 932, 1);

INSERT INTO emoji (emoji_id,emoji_version_id,emoji_name,emoji_character,emojipedia_url_ext,emojipedia_category,codepoint_string,num_codepoints,hasComponent,hasModifier,hasModifierBase,appearance_differs_flag,unicode_not_recommended) VALUES (83, 1, 'Smiling Cat Face With Heart-Eyes', '', 'smiling-cat-face-with-heart-shaped-eyes', 'people', 'U+1F63B', 1, 0, 0, 0, 0, 0);
INSERT INTO emoji_codepoints (emoji_codepoint_id,emoji_id,codepoint_id,sequence_index) VALUES (86, 83, 934, 1);

INSERT INTO emoji (emoji_id,emoji_version_id,emoji_name,emoji_character,emojipedia_url_ext,emojipedia_category,codepoint_string,num_codepoints,hasComponent,hasModifier,hasModifierBase,appearance_differs_flag,unicode_not_recommended) VALUES (84, 1, 'Cat Face With Wry Smile', '', 'cat-face-with-wry-smile', 'people', 'U+1F63C', 1, 0, 0, 0, 0, 0);
INSERT INTO emoji_codepoints (emoji_codepoint_id,emoji_id,codepoint_id,sequence_index) VALUES (87, 84, 935, 1);

INSERT INTO emoji (emoji_id,emoji_version_id,emoji_name,emoji_character,emojipedia_url_ext,emojipedia_category,codepoint_string,num_codepoints,hasComponent,hasModifier,hasModifierBase,appearance_differs_flag,unicode_not_recommended) VALUES (85, 1, 'Kissing Cat Face', '', 'kissing-cat-face-with-closed-eyes', 'people', 'U+1F63D', 1, 0, 0, 0, 0, 0);
INSERT INTO emoji_codepoints (emoji_codepoint_id,emoji_id,codepoint_id,sequence_index) VALUES (88, 85, 936, 1);

INSERT INTO emoji (emoji_id,emoji_version_id,emoji_name,emoji_character,emojipedia_url_ext,emojipedia_category,codepoint_string,num_codepoints,hasComponent,hasModifier,hasModifierBase,appearance_differs_flag,unicode_not_recommended) VALUES (86, 1, 'Weary Cat Face', '', 'weary-cat-face', 'people', 'U+1F640', 1, 0, 0, 0, 0, 0);
INSERT INTO emoji_codepoints (emoji_codepoint_id,emoji_id,codepoint_id,sequence_index) VALUES (89, 86, 939, 1);

INSERT INTO emoji (emoji_id,emoji_version_id,emoji_name,emoji_character,emojipedia_url_ext,emojipedia_category,codepoint_string,num_codepoints,hasComponent,hasModifier,hasModifierBase,appearance_differs_flag,unicode_not_recommended) VALUES (87, 1, 'Crying Cat Face', '', 'crying-cat-face', 'people', 'U+1F63F', 1, 0, 0, 0, 0, 0);
INSERT INTO emoji_codepoints (emoji_codepoint_id,emoji_id,codepoint_id,sequence_index) VALUES (90, 87, 938, 1);

INSERT INTO emoji (emoji_id,emoji_version_id,emoji_name,emoji_character,emojipedia_url_ext,emojipedia_category,codepoint_string,num_codepoints,hasComponent,hasModifier,hasModifierBase,appearance_differs_flag,unicode_not_recommended) VALUES (88, 1, 'Pouting Cat Face', '', 'pouting-cat-face', 'people', 'U+1F63E', 1, 0, 0, 0, 0, 0);
INSERT INTO emoji_codepoints (emoji_codepoint_id,emoji_id,codepoint_id,sequence_index) VALUES (91, 88, 937, 1);

INSERT INTO emoji (emoji_id,emoji_version_id,emoji_name,emoji_character,emojipedia_url_ext,emojipedia_category,codepoint_string,num_codepoints,hasComponent,hasModifier,hasModifierBase,appearance_differs_flag,unicode_not_recommended) VALUES (89, 1, 'See-No-Evil Monkey', '', 'see-no-evil-monkey', 'nature', 'U+1F648', 1, 0, 0, 0, 0, 0);
INSERT INTO emoji_codepoints (emoji_codepoint_id,emoji_id,codepoint_id,sequence_index) VALUES (92, 89, 947, 1);

INSERT INTO emoji (emoji_id,emoji_version_id,emoji_name,emoji_character,emojipedia_url_ext,emojipedia_category,codepoint_string,num_codepoints,hasComponent,hasModifier,hasModifierBase,appearance_differs_flag,unicode_not_recommended) VALUES (90, 1, 'Hear-No-Evil Monkey', '', 'hear-no-evil-monkey', 'nature', 'U+1F649', 1, 0, 0, 0, 0, 0);
INSERT INTO emoji_codepoints (emoji_codepoint_id,emoji_id,codepoint_id,sequence_index) VALUES (93, 90, 948, 1);

INSERT INTO emoji (emoji_id,emoji_version_id,emoji_name,emoji_character,emojipedia_url_ext,emojipedia_category,codepoint_string,num_codepoints,hasComponent,hasModifier,hasModifierBase,appearance_differs_flag,unicode_not_recommended) VALUES (91, 1, 'Speak-No-Evil Monkey', '', 'speak-no-evil-monkey', 'nature', 'U+1F64A', 1, 0, 0, 0, 0, 0);
INSERT INTO emoji_codepoints (emoji_codepoint_id,emoji_id,codepoint_id,sequence_index) VALUES (94, 91, 949, 1);

INSERT INTO emoji (emoji_id,emoji_version_id,emoji_name,emoji_character,emojipedia_url_ext,emojipedia_category,codepoint_string,num_codepoints,hasComponent,hasModifier,hasModifierBase,appearance_differs_flag,unicode_not_recommended) VALUES (92, 1, 'Baby', '', 'baby', 'people', 'U+1F476', 1, 0, 0, 1, 0, 0);
INSERT INTO emoji_codepoints (emoji_codepoint_id,emoji_id,codepoint_id,sequence_index) VALUES (95, 92, 602, 1);

INSERT INTO emoji (emoji_id,emoji_version_id,emoji_name,emoji_character,emojipedia_url_ext,emojipedia_category,codepoint_string,num_codepoints,hasComponent,hasModifier,hasModifierBase,appearance_differs_flag,unicode_not_recommended) VALUES (93, 1, 'Boy', '', 'boy', 'people', 'U+1F466', 1, 0, 0, 1, 0, 0);
INSERT INTO emoji_codepoints (emoji_codepoint_id,emoji_id,codepoint_id,sequence_index) VALUES (96, 93, 586, 1);

INSERT INTO emoji (emoji_id,emoji_version_id,emoji_name,emoji_character,emojipedia_url_ext,emojipedia_category,codepoint_string,num_codepoints,hasComponent,hasModifier,hasModifierBase,appearance_differs_flag,unicode_not_recommended) VALUES (94, 1, 'Girl', '', 'girl', 'people', 'U+1F467', 1, 0, 0, 1, 0, 0);
INSERT INTO emoji_codepoints (emoji_codepoint_id,emoji_id,codepoint_id,sequence_index) VALUES (97, 94, 587, 1);

INSERT INTO emoji (emoji_id,emoji_version_id,emoji_name,emoji_character,emojipedia_url_ext,emojipedia_category,codepoint_string,num_codepoints,hasComponent,hasModifier,hasModifierBase,appearance_differs_flag,unicode_not_recommended) VALUES (95, 1, 'Man', '', 'man', 'people', 'U+1F468', 1, 0, 0, 1, 0, 0);
INSERT INTO emoji_codepoints (emoji_codepoint_id,emoji_id,codepoint_id,sequence_index) VALUES (98, 95, 588, 1);

INSERT INTO emoji (emoji_id,emoji_version_id,emoji_name,emoji_character,emojipedia_url_ext,emojipedia_category,codepoint_string,num_codepoints,hasComponent,hasModifier,hasModifierBase,appearance_differs_flag,unicode_not_recommended) VALUES (96, 1, 'Woman', '', 'woman', 'people', 'U+1F469', 1, 0, 0, 1, 0, 0);
INSERT INTO emoji_codepoints (emoji_codepoint_id,emoji_id,codepoint_id,sequence_index) VALUES (99, 96, 589, 1);

INSERT INTO emoji (emoji_id,emoji_version_id,emoji_name,emoji_character,emojipedia_url_ext,emojipedia_category,codepoint_string,num_codepoints,hasComponent,hasModifier,hasModifierBase,appearance_differs_flag,unicode_not_recommended) VALUES (97, 1, 'Old Man', '', 'older-man', 'people', 'U+1F474', 1, 0, 0, 1, 0, 0);
INSERT INTO emoji_codepoints (emoji_codepoint_id,emoji_id,codepoint_id,sequence_index) VALUES (100, 97, 600, 1);

INSERT INTO emoji (emoji_id,emoji_version_id,emoji_name,emoji_character,emojipedia_url_ext,emojipedia_category,codepoint_string,num_codepoints,hasComponent,hasModifier,hasModifierBase,appearance_differs_flag,unicode_not_recommended) VALUES (98, 1, 'Old Woman', '', 'older-woman', 'people', 'U+1F475', 1, 0, 0, 1, 0, 0);
INSERT INTO emoji_codepoints (emoji_codepoint_id,emoji_id,codepoint_id,sequence_index) VALUES (101, 98, 601, 1);

INSERT INTO emoji (emoji_id,emoji_version_id,emoji_name,emoji_character,emojipedia_url_ext,emojipedia_category,codepoint_string,num_codepoints,hasComponent,hasModifier,hasModifierBase,appearance_differs_flag,unicode_not_recommended) VALUES (99, 1, 'Police Officer', '', 'police-officer', 'people', 'U+1F46E', 1, 0, 0, 1, 0, 0);
INSERT INTO emoji_codepoints (emoji_codepoint_id,emoji_id,codepoint_id,sequence_index) VALUES (102, 99, 594, 1);

INSERT INTO emoji (emoji_id,emoji_version_id,emoji_name,emoji_character,emojipedia_url_ext,emojipedia_category,codepoint_string,num_codepoints,hasComponent,hasModifier,hasModifierBase,appearance_differs_flag,unicode_not_recommended) VALUES (100, 1, 'Detective', '', 'sleuth-or-spy', 'people', 'U+1F575U+FE0F', 2, 1, 0, 1, 0, 0);
INSERT INTO emoji_codepoints (emoji_codepoint_id,emoji_id,codepoint_id,sequence_index) VALUES (103, 100, 835, 1),(104, 100, 1185, 2);

INSERT INTO emoji (emoji_id,emoji_version_id,emoji_name,emoji_character,emojipedia_url_ext,emojipedia_category,codepoint_string,num_codepoints,hasComponent,hasModifier,hasModifierBase,appearance_differs_flag,unicode_not_recommended) VALUES (101, 1, 'Guard', '', 'guardsman', 'people', 'U+1F482', 1, 0, 0, 1, 0, 0);
INSERT INTO emoji_codepoints (emoji_codepoint_id,emoji_id,codepoint_id,sequence_index) VALUES (105, 101, 614, 1);

INSERT INTO emoji (emoji_id,emoji_version_id,emoji_name,emoji_character,emojipedia_url_ext,emojipedia_category,codepoint_string,num_codepoints,hasComponent,hasModifier,hasModifierBase,appearance_differs_flag,unicode_not_recommended) VALUES (102, 1, 'Construction Worker', '', 'construction-worker', 'people', 'U+1F477', 1, 0, 0, 1, 0, 0);
INSERT INTO emoji_codepoints (emoji_codepoint_id,emoji_id,codepoint_id,sequence_index) VALUES (106, 102, 603, 1);

INSERT INTO emoji (emoji_id,emoji_version_id,emoji_name,emoji_character,emojipedia_url_ext,emojipedia_category,codepoint_string,num_codepoints,hasComponent,hasModifier,hasModifierBase,appearance_differs_flag,unicode_not_recommended) VALUES (103, 1, 'Princess', '', 'princess', 'people', 'U+1F478', 1, 0, 0, 1, 0, 0);
INSERT INTO emoji_codepoints (emoji_codepoint_id,emoji_id,codepoint_id,sequence_index) VALUES (107, 103, 604, 1);

INSERT INTO emoji (emoji_id,emoji_version_id,emoji_name,emoji_character,emojipedia_url_ext,emojipedia_category,codepoint_string,num_codepoints,hasComponent,hasModifier,hasModifierBase,appearance_differs_flag,unicode_not_recommended) VALUES (104, 1, 'Person Wearing Turban', '', 'man-with-turban', 'people', 'U+1F473', 1, 0, 0, 1, 0, 0);
INSERT INTO emoji_codepoints (emoji_codepoint_id,emoji_id,codepoint_id,sequence_index) VALUES (108, 104, 599, 1);

INSERT INTO emoji (emoji_id,emoji_version_id,emoji_name,emoji_character,emojipedia_url_ext,emojipedia_category,codepoint_string,num_codepoints,hasComponent,hasModifier,hasModifierBase,appearance_differs_flag,unicode_not_recommended) VALUES (105, 1, 'Man With Chinese Cap', '', 'man-with-gua-pi-mao', 'people', 'U+1F472', 1, 0, 0, 1, 0, 0);
INSERT INTO emoji_codepoints (emoji_codepoint_id,emoji_id,codepoint_id,sequence_index) VALUES (109, 105, 598, 1);

INSERT INTO emoji (emoji_id,emoji_version_id,emoji_name,emoji_character,emojipedia_url_ext,emojipedia_category,codepoint_string,num_codepoints,hasComponent,hasModifier,hasModifierBase,appearance_differs_flag,unicode_not_recommended) VALUES (106, 1, 'Blond-Haired Person', '', 'person-with-blond-hair', 'people', 'U+1F471', 1, 0, 0, 1, 0, 0);
INSERT INTO emoji_codepoints (emoji_codepoint_id,emoji_id,codepoint_id,sequence_index) VALUES (110, 106, 597, 1);

INSERT INTO emoji (emoji_id,emoji_version_id,emoji_name,emoji_character,emojipedia_url_ext,emojipedia_category,codepoint_string,num_codepoints,hasComponent,hasModifier,hasModifierBase,appearance_differs_flag,unicode_not_recommended) VALUES (107, 1, 'Bride With Veil', '', 'bride-with-veil', 'people', 'U+1F470', 1, 0, 0, 1, 0, 0);
INSERT INTO emoji_codepoints (emoji_codepoint_id,emoji_id,codepoint_id,sequence_index) VALUES (111, 107, 596, 1);

INSERT INTO emoji (emoji_id,emoji_version_id,emoji_name,emoji_character,emojipedia_url_ext,emojipedia_category,codepoint_string,num_codepoints,hasComponent,hasModifier,hasModifierBase,appearance_differs_flag,unicode_not_recommended) VALUES (108, 1, 'Baby Angel', '', 'baby-angel', 'people', 'U+1F47C', 1, 0, 0, 1, 0, 0);
INSERT INTO emoji_codepoints (emoji_codepoint_id,emoji_id,codepoint_id,sequence_index) VALUES (112, 108, 608, 1);

INSERT INTO emoji (emoji_id,emoji_version_id,emoji_name,emoji_character,emojipedia_url_ext,emojipedia_category,codepoint_string,num_codepoints,hasComponent,hasModifier,hasModifierBase,appearance_differs_flag,unicode_not_recommended) VALUES (109, 1, 'Santa Claus', '', 'father-christmas', 'people', 'U+1F385', 1, 0, 0, 1, 0, 0);
INSERT INTO emoji_codepoints (emoji_codepoint_id,emoji_id,codepoint_id,sequence_index) VALUES (113, 109, 369, 1);

INSERT INTO emoji (emoji_id,emoji_version_id,emoji_name,emoji_character,emojipedia_url_ext,emojipedia_category,codepoint_string,num_codepoints,hasComponent,hasModifier,hasModifierBase,appearance_differs_flag,unicode_not_recommended) VALUES (110, 1, 'Person Frowning', '', 'person-frowning', 'people', 'U+1F64D', 1, 0, 0, 1, 0, 0);
INSERT INTO emoji_codepoints (emoji_codepoint_id,emoji_id,codepoint_id,sequence_index) VALUES (114, 110, 952, 1);

INSERT INTO emoji (emoji_id,emoji_version_id,emoji_name,emoji_character,emojipedia_url_ext,emojipedia_category,codepoint_string,num_codepoints,hasComponent,hasModifier,hasModifierBase,appearance_differs_flag,unicode_not_recommended) VALUES (111, 1, 'Person Pouting', '', 'person-with-pouting-face', 'people', 'U+1F64E', 1, 0, 0, 1, 0, 0);
INSERT INTO emoji_codepoints (emoji_codepoint_id,emoji_id,codepoint_id,sequence_index) VALUES (115, 111, 953, 1);

INSERT INTO emoji (emoji_id,emoji_version_id,emoji_name,emoji_character,emojipedia_url_ext,emojipedia_category,codepoint_string,num_codepoints,hasComponent,hasModifier,hasModifierBase,appearance_differs_flag,unicode_not_recommended) VALUES (112, 1, 'Person Gesturing No', '', 'face-with-no-good-gesture', 'people', 'U+1F645', 1, 0, 0, 1, 0, 0);
INSERT INTO emoji_codepoints (emoji_codepoint_id,emoji_id,codepoint_id,sequence_index) VALUES (116, 112, 944, 1);

INSERT INTO emoji (emoji_id,emoji_version_id,emoji_name,emoji_character,emojipedia_url_ext,emojipedia_category,codepoint_string,num_codepoints,hasComponent,hasModifier,hasModifierBase,appearance_differs_flag,unicode_not_recommended) VALUES (113, 1, 'Person Gesturing OK', '', 'face-with-ok-gesture', 'people', 'U+1F646', 1, 0, 0, 1, 0, 0);
INSERT INTO emoji_codepoints (emoji_codepoint_id,emoji_id,codepoint_id,sequence_index) VALUES (117, 113, 945, 1);

INSERT INTO emoji (emoji_id,emoji_version_id,emoji_name,emoji_character,emojipedia_url_ext,emojipedia_category,codepoint_string,num_codepoints,hasComponent,hasModifier,hasModifierBase,appearance_differs_flag,unicode_not_recommended) VALUES (114, 1, 'Person Tipping Hand', '', 'information-desk-person', 'people', 'U+1F481', 1, 0, 0, 1, 0, 0);
INSERT INTO emoji_codepoints (emoji_codepoint_id,emoji_id,codepoint_id,sequence_index) VALUES (118, 114, 613, 1);

INSERT INTO emoji (emoji_id,emoji_version_id,emoji_name,emoji_character,emojipedia_url_ext,emojipedia_category,codepoint_string,num_codepoints,hasComponent,hasModifier,hasModifierBase,appearance_differs_flag,unicode_not_recommended) VALUES (115, 1, 'Person Raising Hand', '', 'happy-person-raising-one-hand', 'people', 'U+1F64B', 1, 0, 0, 1, 0, 0);
INSERT INTO emoji_codepoints (emoji_codepoint_id,emoji_id,codepoint_id,sequence_index) VALUES (119, 115, 950, 1);

INSERT INTO emoji (emoji_id,emoji_version_id,emoji_name,emoji_character,emojipedia_url_ext,emojipedia_category,codepoint_string,num_codepoints,hasComponent,hasModifier,hasModifierBase,appearance_differs_flag,unicode_not_recommended) VALUES (116, 1, 'Person Bowing', '', 'person-bowing-deeply', 'people', 'U+1F647', 1, 0, 0, 1, 0, 0);
INSERT INTO emoji_codepoints (emoji_codepoint_id,emoji_id,codepoint_id,sequence_index) VALUES (120, 116, 946, 1);

INSERT INTO emoji (emoji_id,emoji_version_id,emoji_name,emoji_character,emojipedia_url_ext,emojipedia_category,codepoint_string,num_codepoints,hasComponent,hasModifier,hasModifierBase,appearance_differs_flag,unicode_not_recommended) VALUES (117, 1, 'Person Getting Massage', '', 'face-massage', 'people', 'U+1F486', 1, 0, 0, 1, 0, 0);
INSERT INTO emoji_codepoints (emoji_codepoint_id,emoji_id,codepoint_id,sequence_index) VALUES (121, 117, 618, 1);

INSERT INTO emoji (emoji_id,emoji_version_id,emoji_name,emoji_character,emojipedia_url_ext,emojipedia_category,codepoint_string,num_codepoints,hasComponent,hasModifier,hasModifierBase,appearance_differs_flag,unicode_not_recommended) VALUES (118, 1, 'Person Getting Haircut', '', 'haircut', 'people', 'U+1F487', 1, 0, 0, 1, 0, 0);
INSERT INTO emoji_codepoints (emoji_codepoint_id,emoji_id,codepoint_id,sequence_index) VALUES (122, 118, 619, 1);

INSERT INTO emoji (emoji_id,emoji_version_id,emoji_name,emoji_character,emojipedia_url_ext,emojipedia_category,codepoint_string,num_codepoints,hasComponent,hasModifier,hasModifierBase,appearance_differs_flag,unicode_not_recommended) VALUES (119, 1, 'Person Walking', '', 'pedestrian', 'people', 'U+1F6B6', 1, 0, 0, 1, 0, 0);
INSERT INTO emoji_codepoints (emoji_codepoint_id,emoji_id,codepoint_id,sequence_index) VALUES (123, 119, 1009, 1);

INSERT INTO emoji (emoji_id,emoji_version_id,emoji_name,emoji_character,emojipedia_url_ext,emojipedia_category,codepoint_string,num_codepoints,hasComponent,hasModifier,hasModifierBase,appearance_differs_flag,unicode_not_recommended) VALUES (120, 1, 'Person Running', '', 'runner', 'people', 'U+1F3C3', 1, 0, 0, 1, 0, 0);
INSERT INTO emoji_codepoints (emoji_codepoint_id,emoji_id,codepoint_id,sequence_index) VALUES (124, 120, 426, 1);

INSERT INTO emoji (emoji_id,emoji_version_id,emoji_name,emoji_character,emojipedia_url_ext,emojipedia_category,codepoint_string,num_codepoints,hasComponent,hasModifier,hasModifierBase,appearance_differs_flag,unicode_not_recommended) VALUES (121, 1, 'Woman Dancing', '', 'dancer', 'people', 'U+1F483', 1, 0, 0, 1, 1, 0);
INSERT INTO emoji_codepoints (emoji_codepoint_id,emoji_id,codepoint_id,sequence_index) VALUES (125, 121, 615, 1);

INSERT INTO emoji (emoji_id,emoji_version_id,emoji_name,emoji_character,emojipedia_url_ext,emojipedia_category,codepoint_string,num_codepoints,hasComponent,hasModifier,hasModifierBase,appearance_differs_flag,unicode_not_recommended) VALUES (122, 1, 'People With Bunny Ears', '', 'woman-with-bunny-ears', 'people', 'U+1F46F', 1, 0, 0, 0, 0, 0);
INSERT INTO emoji_codepoints (emoji_codepoint_id,emoji_id,codepoint_id,sequence_index) VALUES (126, 122, 595, 1);

INSERT INTO emoji (emoji_id,emoji_version_id,emoji_name,emoji_character,emojipedia_url_ext,emojipedia_category,codepoint_string,num_codepoints,hasComponent,hasModifier,hasModifierBase,appearance_differs_flag,unicode_not_recommended) VALUES (123, 1, 'Person Taking Bath', '', 'bath', 'objects', 'U+1F6C0', 1, 0, 0, 1, 0, 0);
INSERT INTO emoji_codepoints (emoji_codepoint_id,emoji_id,codepoint_id,sequence_index) VALUES (127, 123, 1019, 1);

INSERT INTO emoji (emoji_id,emoji_version_id,emoji_name,emoji_character,emojipedia_url_ext,emojipedia_category,codepoint_string,num_codepoints,hasComponent,hasModifier,hasModifierBase,appearance_differs_flag,unicode_not_recommended) VALUES (124, 1, 'Person in Bed', '', 'sleeping-accommodation', 'objects', 'U+1F6CC', 1, 0, 0, 1, 0, 0);
INSERT INTO emoji_codepoints (emoji_codepoint_id,emoji_id,codepoint_id,sequence_index) VALUES (128, 124, 1026, 1);

INSERT INTO emoji (emoji_id,emoji_version_id,emoji_name,emoji_character,emojipedia_url_ext,emojipedia_category,codepoint_string,num_codepoints,hasComponent,hasModifier,hasModifierBase,appearance_differs_flag,unicode_not_recommended) VALUES (125, 1, 'Man in Suit Levitating', '', 'man-in-business-suit-levitating', 'activity', 'U+1F574U+FE0F', 2, 1, 0, 1, 0, 0);
INSERT INTO emoji_codepoints (emoji_codepoint_id,emoji_id,codepoint_id,sequence_index) VALUES (129, 125, 834, 1),(130, 125, 1185, 2);

INSERT INTO emoji (emoji_id,emoji_version_id,emoji_name,emoji_character,emojipedia_url_ext,emojipedia_category,codepoint_string,num_codepoints,hasComponent,hasModifier,hasModifierBase,appearance_differs_flag,unicode_not_recommended) VALUES (126, 1, 'Speaking Head', '', 'speaking-head-in-silhouette', 'people', 'U+1F5E3U+FE0F', 2, 1, 0, 0, 0, 0);
INSERT INTO emoji_codepoints (emoji_codepoint_id,emoji_id,codepoint_id,sequence_index) VALUES (131, 126, 865, 1),(132, 126, 1185, 2);

INSERT INTO emoji (emoji_id,emoji_version_id,emoji_name,emoji_character,emojipedia_url_ext,emojipedia_category,codepoint_string,num_codepoints,hasComponent,hasModifier,hasModifierBase,appearance_differs_flag,unicode_not_recommended) VALUES (127, 1, 'Bust in Silhouette', '', 'bust-in-silhouette', 'people', 'U+1F464', 1, 0, 0, 0, 0, 0);
INSERT INTO emoji_codepoints (emoji_codepoint_id,emoji_id,codepoint_id,sequence_index) VALUES (133, 127, 584, 1);

INSERT INTO emoji (emoji_id,emoji_version_id,emoji_name,emoji_character,emojipedia_url_ext,emojipedia_category,codepoint_string,num_codepoints,hasComponent,hasModifier,hasModifierBase,appearance_differs_flag,unicode_not_recommended) VALUES (128, 1, 'Busts in Silhouette', '', 'busts-in-silhouette', 'people', 'U+1F465', 1, 0, 0, 0, 0, 0);
INSERT INTO emoji_codepoints (emoji_codepoint_id,emoji_id,codepoint_id,sequence_index) VALUES (134, 128, 585, 1);

INSERT INTO emoji (emoji_id,emoji_version_id,emoji_name,emoji_character,emojipedia_url_ext,emojipedia_category,codepoint_string,num_codepoints,hasComponent,hasModifier,hasModifierBase,appearance_differs_flag,unicode_not_recommended) VALUES (129, 1, 'Horse Racing', '', 'horse-racing', 'activity', 'U+1F3C7', 1, 0, 0, 1, 0, 0);
INSERT INTO emoji_codepoints (emoji_codepoint_id,emoji_id,codepoint_id,sequence_index) VALUES (135, 129, 430, 1);

INSERT INTO emoji (emoji_id,emoji_version_id,emoji_name,emoji_character,emojipedia_url_ext,emojipedia_category,codepoint_string,num_codepoints,hasComponent,hasModifier,hasModifierBase,appearance_differs_flag,unicode_not_recommended) VALUES (130, 1, 'Skier', '', 'skier', 'activity', 'U+26F7U+FE0F', 2, 1, 0, 0, 0, 0);
INSERT INTO emoji_codepoints (emoji_codepoint_id,emoji_id,codepoint_id,sequence_index) VALUES (136, 130, 129, 1),(137, 130, 1185, 2);

INSERT INTO emoji (emoji_id,emoji_version_id,emoji_name,emoji_character,emojipedia_url_ext,emojipedia_category,codepoint_string,num_codepoints,hasComponent,hasModifier,hasModifierBase,appearance_differs_flag,unicode_not_recommended) VALUES (131, 1, 'Snowboarder', '', 'snowboarder', 'activity', 'U+1F3C2', 1, 0, 0, 1, 0, 0);
INSERT INTO emoji_codepoints (emoji_codepoint_id,emoji_id,codepoint_id,sequence_index) VALUES (138, 131, 425, 1);

INSERT INTO emoji (emoji_id,emoji_version_id,emoji_name,emoji_character,emojipedia_url_ext,emojipedia_category,codepoint_string,num_codepoints,hasComponent,hasModifier,hasModifierBase,appearance_differs_flag,unicode_not_recommended) VALUES (132, 1, 'Person Golfing', '', 'golfer', 'activity', 'U+1F3CCU+FE0F', 2, 1, 0, 1, 0, 0);
INSERT INTO emoji_codepoints (emoji_codepoint_id,emoji_id,codepoint_id,sequence_index) VALUES (139, 132, 435, 1),(140, 132, 1185, 2);

INSERT INTO emoji (emoji_id,emoji_version_id,emoji_name,emoji_character,emojipedia_url_ext,emojipedia_category,codepoint_string,num_codepoints,hasComponent,hasModifier,hasModifierBase,appearance_differs_flag,unicode_not_recommended) VALUES (133, 1, 'Person Surfing', '', 'surfer', 'activity', 'U+1F3C4', 1, 0, 0, 1, 0, 0);
INSERT INTO emoji_codepoints (emoji_codepoint_id,emoji_id,codepoint_id,sequence_index) VALUES (141, 133, 427, 1);

INSERT INTO emoji (emoji_id,emoji_version_id,emoji_name,emoji_character,emojipedia_url_ext,emojipedia_category,codepoint_string,num_codepoints,hasComponent,hasModifier,hasModifierBase,appearance_differs_flag,unicode_not_recommended) VALUES (134, 1, 'Person Rowing Boat', '', 'rowboat', 'travel-places', 'U+1F6A3', 1, 0, 0, 1, 0, 0);
INSERT INTO emoji_codepoints (emoji_codepoint_id,emoji_id,codepoint_id,sequence_index) VALUES (142, 134, 990, 1);

INSERT INTO emoji (emoji_id,emoji_version_id,emoji_name,emoji_character,emojipedia_url_ext,emojipedia_category,codepoint_string,num_codepoints,hasComponent,hasModifier,hasModifierBase,appearance_differs_flag,unicode_not_recommended) VALUES (135, 1, 'Person Swimming', '', 'swimmer', 'activity', 'U+1F3CA', 1, 0, 0, 1, 0, 0);
INSERT INTO emoji_codepoints (emoji_codepoint_id,emoji_id,codepoint_id,sequence_index) VALUES (143, 135, 433, 1);

INSERT INTO emoji (emoji_id,emoji_version_id,emoji_name,emoji_character,emojipedia_url_ext,emojipedia_category,codepoint_string,num_codepoints,hasComponent,hasModifier,hasModifierBase,appearance_differs_flag,unicode_not_recommended) VALUES (136, 1, 'Person Bouncing Ball', '', 'person-with-ball', 'activity', 'U+26F9U+FE0F', 2, 1, 0, 1, 0, 0);
INSERT INTO emoji_codepoints (emoji_codepoint_id,emoji_id,codepoint_id,sequence_index) VALUES (144, 136, 131, 1),(145, 136, 1185, 2);

INSERT INTO emoji (emoji_id,emoji_version_id,emoji_name,emoji_character,emojipedia_url_ext,emojipedia_category,codepoint_string,num_codepoints,hasComponent,hasModifier,hasModifierBase,appearance_differs_flag,unicode_not_recommended) VALUES (137, 1, 'Person Lifting Weights', '', 'weight-lifter', 'activity', 'U+1F3CBU+FE0F', 2, 1, 0, 1, 0, 0);
INSERT INTO emoji_codepoints (emoji_codepoint_id,emoji_id,codepoint_id,sequence_index) VALUES (146, 137, 434, 1),(147, 137, 1185, 2);

INSERT INTO emoji (emoji_id,emoji_version_id,emoji_name,emoji_character,emojipedia_url_ext,emojipedia_category,codepoint_string,num_codepoints,hasComponent,hasModifier,hasModifierBase,appearance_differs_flag,unicode_not_recommended) VALUES (138, 1, 'Person Biking', '', 'bicyclist', 'activity', 'U+1F6B4', 1, 0, 0, 1, 0, 0);
INSERT INTO emoji_codepoints (emoji_codepoint_id,emoji_id,codepoint_id,sequence_index) VALUES (148, 138, 1007, 1);

INSERT INTO emoji (emoji_id,emoji_version_id,emoji_name,emoji_character,emojipedia_url_ext,emojipedia_category,codepoint_string,num_codepoints,hasComponent,hasModifier,hasModifierBase,appearance_differs_flag,unicode_not_recommended) VALUES (139, 1, 'Person Mountain Biking', '', 'mountain-bicyclist', 'activity', 'U+1F6B5', 1, 0, 0, 1, 0, 0);
INSERT INTO emoji_codepoints (emoji_codepoint_id,emoji_id,codepoint_id,sequence_index) VALUES (149, 139, 1008, 1);

INSERT INTO emoji (emoji_id,emoji_version_id,emoji_name,emoji_character,emojipedia_url_ext,emojipedia_category,codepoint_string,num_codepoints,hasComponent,hasModifier,hasModifierBase,appearance_differs_flag,unicode_not_recommended) VALUES (140, 1, 'Racing Car', '', 'racing-car', 'travel-places', 'U+1F3CEU+FE0F', 2, 1, 0, 0, 0, 0);
INSERT INTO emoji_codepoints (emoji_codepoint_id,emoji_id,codepoint_id,sequence_index) VALUES (150, 140, 437, 1),(151, 140, 1185, 2);

INSERT INTO emoji (emoji_id,emoji_version_id,emoji_name,emoji_character,emojipedia_url_ext,emojipedia_category,codepoint_string,num_codepoints,hasComponent,hasModifier,hasModifierBase,appearance_differs_flag,unicode_not_recommended) VALUES (141, 1, 'Motorcycle', '', 'racing-motorcycle', 'travel-places', 'U+1F3CDU+FE0F', 2, 1, 0, 0, 0, 0);
INSERT INTO emoji_codepoints (emoji_codepoint_id,emoji_id,codepoint_id,sequence_index) VALUES (152, 141, 436, 1),(153, 141, 1185, 2);

INSERT INTO emoji (emoji_id,emoji_version_id,emoji_name,emoji_character,emojipedia_url_ext,emojipedia_category,codepoint_string,num_codepoints,hasComponent,hasModifier,hasModifierBase,appearance_differs_flag,unicode_not_recommended) VALUES (142, 1, 'Man and Woman Holding Hands', '', 'man-and-woman-holding-hands', 'people', 'U+1F46B', 1, 0, 0, 0, 0, 0);
INSERT INTO emoji_codepoints (emoji_codepoint_id,emoji_id,codepoint_id,sequence_index) VALUES (154, 142, 591, 1);

INSERT INTO emoji (emoji_id,emoji_version_id,emoji_name,emoji_character,emojipedia_url_ext,emojipedia_category,codepoint_string,num_codepoints,hasComponent,hasModifier,hasModifierBase,appearance_differs_flag,unicode_not_recommended) VALUES (143, 1, 'Two Men Holding Hands', '', 'two-men-holding-hands', 'people', 'U+1F46C', 1, 0, 0, 0, 0, 0);
INSERT INTO emoji_codepoints (emoji_codepoint_id,emoji_id,codepoint_id,sequence_index) VALUES (155, 143, 592, 1);

INSERT INTO emoji (emoji_id,emoji_version_id,emoji_name,emoji_character,emojipedia_url_ext,emojipedia_category,codepoint_string,num_codepoints,hasComponent,hasModifier,hasModifierBase,appearance_differs_flag,unicode_not_recommended) VALUES (144, 1, 'Two Women Holding Hands', '', 'two-women-holding-hands', 'people', 'U+1F46D', 1, 0, 0, 0, 0, 0);
INSERT INTO emoji_codepoints (emoji_codepoint_id,emoji_id,codepoint_id,sequence_index) VALUES (156, 144, 593, 1);

INSERT INTO emoji (emoji_id,emoji_version_id,emoji_name,emoji_character,emojipedia_url_ext,emojipedia_category,codepoint_string,num_codepoints,hasComponent,hasModifier,hasModifierBase,appearance_differs_flag,unicode_not_recommended) VALUES (145, 1, 'Kiss', '', 'kiss', 'people', 'U+1F48F', 1, 0, 0, 0, 0, 0);
INSERT INTO emoji_codepoints (emoji_codepoint_id,emoji_id,codepoint_id,sequence_index) VALUES (157, 145, 627, 1);

INSERT INTO emoji (emoji_id,emoji_version_id,emoji_name,emoji_character,emojipedia_url_ext,emojipedia_category,codepoint_string,num_codepoints,hasComponent,hasModifier,hasModifierBase,appearance_differs_flag,unicode_not_recommended) VALUES (146, 1, 'Couple With Heart', '', 'couple-with-heart', 'people', 'U+1F491', 1, 0, 0, 0, 0, 0);
INSERT INTO emoji_codepoints (emoji_codepoint_id,emoji_id,codepoint_id,sequence_index) VALUES (158, 146, 629, 1);

INSERT INTO emoji (emoji_id,emoji_version_id,emoji_name,emoji_character,emojipedia_url_ext,emojipedia_category,codepoint_string,num_codepoints,hasComponent,hasModifier,hasModifierBase,appearance_differs_flag,unicode_not_recommended) VALUES (147, 1, 'Family', '', 'family', 'people', 'U+1F46A', 1, 0, 0, 0, 0, 0);
INSERT INTO emoji_codepoints (emoji_codepoint_id,emoji_id,codepoint_id,sequence_index) VALUES (159, 147, 590, 1);

INSERT INTO emoji (emoji_id,emoji_version_id,emoji_name,emoji_character,emojipedia_url_ext,emojipedia_category,codepoint_string,num_codepoints,hasComponent,hasModifier,hasModifierBase,appearance_differs_flag,unicode_not_recommended) VALUES (148, 1, 'Flexed Biceps', '', 'flexed-biceps', 'people', 'U+1F4AA', 1, 0, 0, 1, 0, 0);
INSERT INTO emoji_codepoints (emoji_codepoint_id,emoji_id,codepoint_id,sequence_index) VALUES (160, 148, 654, 1);

INSERT INTO emoji (emoji_id,emoji_version_id,emoji_name,emoji_character,emojipedia_url_ext,emojipedia_category,codepoint_string,num_codepoints,hasComponent,hasModifier,hasModifierBase,appearance_differs_flag,unicode_not_recommended) VALUES (149, 1, 'Backhand Index Pointing Left', '', 'white-left-pointing-backhand-index', 'people', 'U+1F448', 1, 0, 0, 1, 0, 0);
INSERT INTO emoji_codepoints (emoji_codepoint_id,emoji_id,codepoint_id,sequence_index) VALUES (161, 149, 556, 1);

INSERT INTO emoji (emoji_id,emoji_version_id,emoji_name,emoji_character,emojipedia_url_ext,emojipedia_category,codepoint_string,num_codepoints,hasComponent,hasModifier,hasModifierBase,appearance_differs_flag,unicode_not_recommended) VALUES (150, 1, 'Backhand Index Pointing Right', '', 'white-right-pointing-backhand-index', 'people', 'U+1F449', 1, 0, 0, 1, 0, 0);
INSERT INTO emoji_codepoints (emoji_codepoint_id,emoji_id,codepoint_id,sequence_index) VALUES (162, 150, 557, 1);

INSERT INTO emoji (emoji_id,emoji_version_id,emoji_name,emoji_character,emojipedia_url_ext,emojipedia_category,codepoint_string,num_codepoints,hasComponent,hasModifier,hasModifierBase,appearance_differs_flag,unicode_not_recommended) VALUES (151, 1, 'Index Pointing Up', '', 'white-up-pointing-index', 'people', 'U+261DU+FE0F', 2, 1, 0, 1, 0, 0);
INSERT INTO emoji_codepoints (emoji_codepoint_id,emoji_id,codepoint_id,sequence_index) VALUES (163, 151, 64, 1),(164, 151, 1185, 2);

INSERT INTO emoji (emoji_id,emoji_version_id,emoji_name,emoji_character,emojipedia_url_ext,emojipedia_category,codepoint_string,num_codepoints,hasComponent,hasModifier,hasModifierBase,appearance_differs_flag,unicode_not_recommended) VALUES (152, 1, 'Backhand Index Pointing Up', '', 'white-up-pointing-backhand-index', 'people', 'U+1F446', 1, 0, 0, 1, 0, 0);
INSERT INTO emoji_codepoints (emoji_codepoint_id,emoji_id,codepoint_id,sequence_index) VALUES (165, 152, 554, 1);

INSERT INTO emoji (emoji_id,emoji_version_id,emoji_name,emoji_character,emojipedia_url_ext,emojipedia_category,codepoint_string,num_codepoints,hasComponent,hasModifier,hasModifierBase,appearance_differs_flag,unicode_not_recommended) VALUES (153, 1, 'Middle Finger', '', 'reversed-hand-with-middle-finger-extended', 'people', 'U+1F595', 1, 0, 0, 1, 0, 0);
INSERT INTO emoji_codepoints (emoji_codepoint_id,emoji_id,codepoint_id,sequence_index) VALUES (166, 153, 847, 1);

INSERT INTO emoji (emoji_id,emoji_version_id,emoji_name,emoji_character,emojipedia_url_ext,emojipedia_category,codepoint_string,num_codepoints,hasComponent,hasModifier,hasModifierBase,appearance_differs_flag,unicode_not_recommended) VALUES (154, 1, 'Backhand Index Pointing Down', '', 'white-down-pointing-backhand-index', 'people', 'U+1F447', 1, 0, 0, 1, 0, 0);
INSERT INTO emoji_codepoints (emoji_codepoint_id,emoji_id,codepoint_id,sequence_index) VALUES (167, 154, 555, 1);

INSERT INTO emoji (emoji_id,emoji_version_id,emoji_name,emoji_character,emojipedia_url_ext,emojipedia_category,codepoint_string,num_codepoints,hasComponent,hasModifier,hasModifierBase,appearance_differs_flag,unicode_not_recommended) VALUES (155, 1, 'Victory Hand', '', 'victory-hand', 'people', 'U+270CU+FE0F', 2, 1, 0, 1, 0, 0);
INSERT INTO emoji_codepoints (emoji_codepoint_id,emoji_id,codepoint_id,sequence_index) VALUES (168, 155, 140, 1),(169, 155, 1185, 2);

INSERT INTO emoji (emoji_id,emoji_version_id,emoji_name,emoji_character,emojipedia_url_ext,emojipedia_category,codepoint_string,num_codepoints,hasComponent,hasModifier,hasModifierBase,appearance_differs_flag,unicode_not_recommended) VALUES (156, 1, 'Vulcan Salute', '', 'raised-hand-with-part-between-middle-and-ring-fingers', 'people', 'U+1F596', 1, 0, 0, 1, 0, 0);
INSERT INTO emoji_codepoints (emoji_codepoint_id,emoji_id,codepoint_id,sequence_index) VALUES (170, 156, 848, 1);

INSERT INTO emoji (emoji_id,emoji_version_id,emoji_name,emoji_character,emojipedia_url_ext,emojipedia_category,codepoint_string,num_codepoints,hasComponent,hasModifier,hasModifierBase,appearance_differs_flag,unicode_not_recommended) VALUES (157, 1, 'Sign of the Horns', '', 'sign-of-the-horns', 'people', 'U+1F918', 1, 0, 0, 1, 0, 0);
INSERT INTO emoji_codepoints (emoji_codepoint_id,emoji_id,codepoint_id,sequence_index) VALUES (171, 157, 1057, 1);

INSERT INTO emoji (emoji_id,emoji_version_id,emoji_name,emoji_character,emojipedia_url_ext,emojipedia_category,codepoint_string,num_codepoints,hasComponent,hasModifier,hasModifierBase,appearance_differs_flag,unicode_not_recommended) VALUES (158, 1, 'Hand With Fingers Splayed', '', 'raised-hand-with-fingers-splayed', 'people', 'U+1F590U+FE0F', 2, 1, 0, 1, 0, 0);
INSERT INTO emoji_codepoints (emoji_codepoint_id,emoji_id,codepoint_id,sequence_index) VALUES (172, 158, 846, 1),(173, 158, 1185, 2);

INSERT INTO emoji (emoji_id,emoji_version_id,emoji_name,emoji_character,emojipedia_url_ext,emojipedia_category,codepoint_string,num_codepoints,hasComponent,hasModifier,hasModifierBase,appearance_differs_flag,unicode_not_recommended) VALUES (159, 1, 'Raised Hand', '', 'raised-hand', 'people', 'U+270B', 1, 0, 0, 1, 0, 0);
INSERT INTO emoji_codepoints (emoji_codepoint_id,emoji_id,codepoint_id,sequence_index) VALUES (174, 159, 139, 1);

INSERT INTO emoji (emoji_id,emoji_version_id,emoji_name,emoji_character,emojipedia_url_ext,emojipedia_category,codepoint_string,num_codepoints,hasComponent,hasModifier,hasModifierBase,appearance_differs_flag,unicode_not_recommended) VALUES (160, 1, 'OK Hand', '', 'ok-hand-sign', 'people', 'U+1F44C', 1, 0, 0, 1, 0, 0);
INSERT INTO emoji_codepoints (emoji_codepoint_id,emoji_id,codepoint_id,sequence_index) VALUES (175, 160, 560, 1);

INSERT INTO emoji (emoji_id,emoji_version_id,emoji_name,emoji_character,emojipedia_url_ext,emojipedia_category,codepoint_string,num_codepoints,hasComponent,hasModifier,hasModifierBase,appearance_differs_flag,unicode_not_recommended) VALUES (161, 1, 'Thumbs Up', '', 'thumbs-up-sign', 'people', 'U+1F44D', 1, 0, 0, 1, 0, 0);
INSERT INTO emoji_codepoints (emoji_codepoint_id,emoji_id,codepoint_id,sequence_index) VALUES (176, 161, 561, 1);

INSERT INTO emoji (emoji_id,emoji_version_id,emoji_name,emoji_character,emojipedia_url_ext,emojipedia_category,codepoint_string,num_codepoints,hasComponent,hasModifier,hasModifierBase,appearance_differs_flag,unicode_not_recommended) VALUES (162, 1, 'Thumbs Down', '', 'thumbs-down-sign', 'people', 'U+1F44E', 1, 0, 0, 1, 0, 0);
INSERT INTO emoji_codepoints (emoji_codepoint_id,emoji_id,codepoint_id,sequence_index) VALUES (177, 162, 562, 1);

INSERT INTO emoji (emoji_id,emoji_version_id,emoji_name,emoji_character,emojipedia_url_ext,emojipedia_category,codepoint_string,num_codepoints,hasComponent,hasModifier,hasModifierBase,appearance_differs_flag,unicode_not_recommended) VALUES (163, 1, 'Raised Fist', '', 'raised-fist', 'people', 'U+270A', 1, 0, 0, 1, 0, 0);
INSERT INTO emoji_codepoints (emoji_codepoint_id,emoji_id,codepoint_id,sequence_index) VALUES (178, 163, 138, 1);

INSERT INTO emoji (emoji_id,emoji_version_id,emoji_name,emoji_character,emojipedia_url_ext,emojipedia_category,codepoint_string,num_codepoints,hasComponent,hasModifier,hasModifierBase,appearance_differs_flag,unicode_not_recommended) VALUES (164, 1, 'Oncoming Fist', '', 'fisted-hand-sign', 'people', 'U+1F44A', 1, 0, 0, 1, 0, 0);
INSERT INTO emoji_codepoints (emoji_codepoint_id,emoji_id,codepoint_id,sequence_index) VALUES (179, 164, 558, 1);

INSERT INTO emoji (emoji_id,emoji_version_id,emoji_name,emoji_character,emojipedia_url_ext,emojipedia_category,codepoint_string,num_codepoints,hasComponent,hasModifier,hasModifierBase,appearance_differs_flag,unicode_not_recommended) VALUES (165, 1, 'Waving Hand', '', 'waving-hand-sign', 'people', 'U+1F44B', 1, 0, 0, 1, 0, 0);
INSERT INTO emoji_codepoints (emoji_codepoint_id,emoji_id,codepoint_id,sequence_index) VALUES (180, 165, 559, 1);

INSERT INTO emoji (emoji_id,emoji_version_id,emoji_name,emoji_character,emojipedia_url_ext,emojipedia_category,codepoint_string,num_codepoints,hasComponent,hasModifier,hasModifierBase,appearance_differs_flag,unicode_not_recommended) VALUES (166, 1, 'Writing Hand', '', 'writing-hand', 'people', 'U+270DU+FE0F', 2, 1, 0, 1, 0, 0);
INSERT INTO emoji_codepoints (emoji_codepoint_id,emoji_id,codepoint_id,sequence_index) VALUES (181, 166, 141, 1),(182, 166, 1185, 2);

INSERT INTO emoji (emoji_id,emoji_version_id,emoji_name,emoji_character,emojipedia_url_ext,emojipedia_category,codepoint_string,num_codepoints,hasComponent,hasModifier,hasModifierBase,appearance_differs_flag,unicode_not_recommended) VALUES (167, 1, 'Clapping Hands', '', 'clapping-hands-sign', 'people', 'U+1F44F', 1, 0, 0, 1, 0, 0);
INSERT INTO emoji_codepoints (emoji_codepoint_id,emoji_id,codepoint_id,sequence_index) VALUES (183, 167, 563, 1);

INSERT INTO emoji (emoji_id,emoji_version_id,emoji_name,emoji_character,emojipedia_url_ext,emojipedia_category,codepoint_string,num_codepoints,hasComponent,hasModifier,hasModifierBase,appearance_differs_flag,unicode_not_recommended) VALUES (168, 1, 'Open Hands', '', 'open-hands-sign', 'people', 'U+1F450', 1, 0, 0, 1, 0, 0);
INSERT INTO emoji_codepoints (emoji_codepoint_id,emoji_id,codepoint_id,sequence_index) VALUES (184, 168, 564, 1);

INSERT INTO emoji (emoji_id,emoji_version_id,emoji_name,emoji_character,emojipedia_url_ext,emojipedia_category,codepoint_string,num_codepoints,hasComponent,hasModifier,hasModifierBase,appearance_differs_flag,unicode_not_recommended) VALUES (169, 1, 'Raising Hands', '', 'person-raising-both-hands-in-celebration', 'people', 'U+1F64C', 1, 0, 0, 1, 0, 0);
INSERT INTO emoji_codepoints (emoji_codepoint_id,emoji_id,codepoint_id,sequence_index) VALUES (185, 169, 951, 1);

INSERT INTO emoji (emoji_id,emoji_version_id,emoji_name,emoji_character,emojipedia_url_ext,emojipedia_category,codepoint_string,num_codepoints,hasComponent,hasModifier,hasModifierBase,appearance_differs_flag,unicode_not_recommended) VALUES (170, 1, 'Folded Hands', '', 'person-with-folded-hands', 'people', 'U+1F64F', 1, 0, 0, 1, 0, 0);
INSERT INTO emoji_codepoints (emoji_codepoint_id,emoji_id,codepoint_id,sequence_index) VALUES (186, 170, 954, 1);

INSERT INTO emoji (emoji_id,emoji_version_id,emoji_name,emoji_character,emojipedia_url_ext,emojipedia_category,codepoint_string,num_codepoints,hasComponent,hasModifier,hasModifierBase,appearance_differs_flag,unicode_not_recommended) VALUES (171, 1, 'Nail Polish', '', 'nail-polish', 'people', 'U+1F485', 1, 0, 0, 1, 0, 0);
INSERT INTO emoji_codepoints (emoji_codepoint_id,emoji_id,codepoint_id,sequence_index) VALUES (187, 171, 617, 1);

INSERT INTO emoji (emoji_id,emoji_version_id,emoji_name,emoji_character,emojipedia_url_ext,emojipedia_category,codepoint_string,num_codepoints,hasComponent,hasModifier,hasModifierBase,appearance_differs_flag,unicode_not_recommended) VALUES (172, 1, 'Ear', '', 'ear', 'people', 'U+1F442', 1, 0, 0, 1, 0, 0);
INSERT INTO emoji_codepoints (emoji_codepoint_id,emoji_id,codepoint_id,sequence_index) VALUES (188, 172, 550, 1);

INSERT INTO emoji (emoji_id,emoji_version_id,emoji_name,emoji_character,emojipedia_url_ext,emojipedia_category,codepoint_string,num_codepoints,hasComponent,hasModifier,hasModifierBase,appearance_differs_flag,unicode_not_recommended) VALUES (173, 1, 'Nose', '', 'nose', 'people', 'U+1F443', 1, 0, 0, 1, 0, 0);
INSERT INTO emoji_codepoints (emoji_codepoint_id,emoji_id,codepoint_id,sequence_index) VALUES (189, 173, 551, 1);

INSERT INTO emoji (emoji_id,emoji_version_id,emoji_name,emoji_character,emojipedia_url_ext,emojipedia_category,codepoint_string,num_codepoints,hasComponent,hasModifier,hasModifierBase,appearance_differs_flag,unicode_not_recommended) VALUES (174, 1, 'Footprints', '', 'footprints', 'people', 'U+1F463', 1, 0, 0, 0, 0, 0);
INSERT INTO emoji_codepoints (emoji_codepoint_id,emoji_id,codepoint_id,sequence_index) VALUES (190, 174, 583, 1);

INSERT INTO emoji (emoji_id,emoji_version_id,emoji_name,emoji_character,emojipedia_url_ext,emojipedia_category,codepoint_string,num_codepoints,hasComponent,hasModifier,hasModifierBase,appearance_differs_flag,unicode_not_recommended) VALUES (175, 1, 'Eyes', '', 'eyes', 'people', 'U+1F440', 1, 0, 0, 0, 0, 0);
INSERT INTO emoji_codepoints (emoji_codepoint_id,emoji_id,codepoint_id,sequence_index) VALUES (191, 175, 548, 1);

INSERT INTO emoji (emoji_id,emoji_version_id,emoji_name,emoji_character,emojipedia_url_ext,emojipedia_category,codepoint_string,num_codepoints,hasComponent,hasModifier,hasModifierBase,appearance_differs_flag,unicode_not_recommended) VALUES (176, 1, 'Eye', '', 'eye', 'people', 'U+1F441U+FE0F', 2, 1, 0, 0, 0, 0);
INSERT INTO emoji_codepoints (emoji_codepoint_id,emoji_id,codepoint_id,sequence_index) VALUES (192, 176, 549, 1),(193, 176, 1185, 2);

INSERT INTO emoji (emoji_id,emoji_version_id,emoji_name,emoji_character,emojipedia_url_ext,emojipedia_category,codepoint_string,num_codepoints,hasComponent,hasModifier,hasModifierBase,appearance_differs_flag,unicode_not_recommended) VALUES (177, 1, 'Tongue', '', 'tongue', 'people', 'U+1F445', 1, 0, 0, 0, 0, 0);
INSERT INTO emoji_codepoints (emoji_codepoint_id,emoji_id,codepoint_id,sequence_index) VALUES (194, 177, 553, 1);

INSERT INTO emoji (emoji_id,emoji_version_id,emoji_name,emoji_character,emojipedia_url_ext,emojipedia_category,codepoint_string,num_codepoints,hasComponent,hasModifier,hasModifierBase,appearance_differs_flag,unicode_not_recommended) VALUES (178, 1, 'Mouth', '', 'mouth', 'people', 'U+1F444', 1, 0, 0, 0, 0, 0);
INSERT INTO emoji_codepoints (emoji_codepoint_id,emoji_id,codepoint_id,sequence_index) VALUES (195, 178, 552, 1);

INSERT INTO emoji (emoji_id,emoji_version_id,emoji_name,emoji_character,emojipedia_url_ext,emojipedia_category,codepoint_string,num_codepoints,hasComponent,hasModifier,hasModifierBase,appearance_differs_flag,unicode_not_recommended) VALUES (179, 1, 'Kiss Mark', '', 'kiss-mark', 'people', 'U+1F48B', 1, 0, 0, 0, 0, 0);
INSERT INTO emoji_codepoints (emoji_codepoint_id,emoji_id,codepoint_id,sequence_index) VALUES (196, 179, 623, 1);

INSERT INTO emoji (emoji_id,emoji_version_id,emoji_name,emoji_character,emojipedia_url_ext,emojipedia_category,codepoint_string,num_codepoints,hasComponent,hasModifier,hasModifierBase,appearance_differs_flag,unicode_not_recommended) VALUES (180, 1, 'Heart With Arrow', '', 'heart-with-arrow', 'symbols', 'U+1F498', 1, 0, 0, 0, 0, 0);
INSERT INTO emoji_codepoints (emoji_codepoint_id,emoji_id,codepoint_id,sequence_index) VALUES (197, 180, 636, 1);

INSERT INTO emoji (emoji_id,emoji_version_id,emoji_name,emoji_character,emojipedia_url_ext,emojipedia_category,codepoint_string,num_codepoints,hasComponent,hasModifier,hasModifierBase,appearance_differs_flag,unicode_not_recommended) VALUES (181, 1, 'Red Heart', '', 'heavy-black-heart', 'symbols', 'U+2764U+FE0F', 2, 1, 0, 0, 0, 0);
INSERT INTO emoji_codepoints (emoji_codepoint_id,emoji_id,codepoint_id,sequence_index) VALUES (198, 181, 160, 1),(199, 181, 1185, 2);

INSERT INTO emoji (emoji_id,emoji_version_id,emoji_name,emoji_character,emojipedia_url_ext,emojipedia_category,codepoint_string,num_codepoints,hasComponent,hasModifier,hasModifierBase,appearance_differs_flag,unicode_not_recommended) VALUES (182, 1, 'Beating Heart', '', 'beating-heart', 'symbols', 'U+1F493', 1, 0, 0, 0, 0, 0);
INSERT INTO emoji_codepoints (emoji_codepoint_id,emoji_id,codepoint_id,sequence_index) VALUES (200, 182, 631, 1);

INSERT INTO emoji (emoji_id,emoji_version_id,emoji_name,emoji_character,emojipedia_url_ext,emojipedia_category,codepoint_string,num_codepoints,hasComponent,hasModifier,hasModifierBase,appearance_differs_flag,unicode_not_recommended) VALUES (183, 1, 'Broken Heart', '', 'broken-heart', 'symbols', 'U+1F494', 1, 0, 0, 0, 0, 0);
INSERT INTO emoji_codepoints (emoji_codepoint_id,emoji_id,codepoint_id,sequence_index) VALUES (201, 183, 632, 1);

INSERT INTO emoji (emoji_id,emoji_version_id,emoji_name,emoji_character,emojipedia_url_ext,emojipedia_category,codepoint_string,num_codepoints,hasComponent,hasModifier,hasModifierBase,appearance_differs_flag,unicode_not_recommended) VALUES (184, 1, 'Two Hearts', '', 'two-hearts', 'symbols', 'U+1F495', 1, 0, 0, 0, 0, 0);
INSERT INTO emoji_codepoints (emoji_codepoint_id,emoji_id,codepoint_id,sequence_index) VALUES (202, 184, 633, 1);

INSERT INTO emoji (emoji_id,emoji_version_id,emoji_name,emoji_character,emojipedia_url_ext,emojipedia_category,codepoint_string,num_codepoints,hasComponent,hasModifier,hasModifierBase,appearance_differs_flag,unicode_not_recommended) VALUES (185, 1, 'Sparkling Heart', '', 'sparkling-heart', 'symbols', 'U+1F496', 1, 0, 0, 0, 0, 0);
INSERT INTO emoji_codepoints (emoji_codepoint_id,emoji_id,codepoint_id,sequence_index) VALUES (203, 185, 634, 1);

INSERT INTO emoji (emoji_id,emoji_version_id,emoji_name,emoji_character,emojipedia_url_ext,emojipedia_category,codepoint_string,num_codepoints,hasComponent,hasModifier,hasModifierBase,appearance_differs_flag,unicode_not_recommended) VALUES (186, 1, 'Growing Heart', '', 'growing-heart', 'symbols', 'U+1F497', 1, 0, 0, 0, 0, 0);
INSERT INTO emoji_codepoints (emoji_codepoint_id,emoji_id,codepoint_id,sequence_index) VALUES (204, 186, 635, 1);

INSERT INTO emoji (emoji_id,emoji_version_id,emoji_name,emoji_character,emojipedia_url_ext,emojipedia_category,codepoint_string,num_codepoints,hasComponent,hasModifier,hasModifierBase,appearance_differs_flag,unicode_not_recommended) VALUES (187, 1, 'Blue Heart', '', 'blue-heart', 'symbols', 'U+1F499', 1, 0, 0, 0, 0, 0);
INSERT INTO emoji_codepoints (emoji_codepoint_id,emoji_id,codepoint_id,sequence_index) VALUES (205, 187, 637, 1);

INSERT INTO emoji (emoji_id,emoji_version_id,emoji_name,emoji_character,emojipedia_url_ext,emojipedia_category,codepoint_string,num_codepoints,hasComponent,hasModifier,hasModifierBase,appearance_differs_flag,unicode_not_recommended) VALUES (188, 1, 'Green Heart', '', 'green-heart', 'symbols', 'U+1F49A', 1, 0, 0, 0, 0, 0);
INSERT INTO emoji_codepoints (emoji_codepoint_id,emoji_id,codepoint_id,sequence_index) VALUES (206, 188, 638, 1);

INSERT INTO emoji (emoji_id,emoji_version_id,emoji_name,emoji_character,emojipedia_url_ext,emojipedia_category,codepoint_string,num_codepoints,hasComponent,hasModifier,hasModifierBase,appearance_differs_flag,unicode_not_recommended) VALUES (189, 1, 'Yellow Heart', '', 'yellow-heart', 'symbols', 'U+1F49B', 1, 0, 0, 0, 0, 0);
INSERT INTO emoji_codepoints (emoji_codepoint_id,emoji_id,codepoint_id,sequence_index) VALUES (207, 189, 639, 1);

INSERT INTO emoji (emoji_id,emoji_version_id,emoji_name,emoji_character,emojipedia_url_ext,emojipedia_category,codepoint_string,num_codepoints,hasComponent,hasModifier,hasModifierBase,appearance_differs_flag,unicode_not_recommended) VALUES (190, 1, 'Purple Heart', '', 'purple-heart', 'symbols', 'U+1F49C', 1, 0, 0, 0, 0, 0);
INSERT INTO emoji_codepoints (emoji_codepoint_id,emoji_id,codepoint_id,sequence_index) VALUES (208, 190, 640, 1);

INSERT INTO emoji (emoji_id,emoji_version_id,emoji_name,emoji_character,emojipedia_url_ext,emojipedia_category,codepoint_string,num_codepoints,hasComponent,hasModifier,hasModifierBase,appearance_differs_flag,unicode_not_recommended) VALUES (191, 1, 'Heart With Ribbon', '', 'heart-with-ribbon', 'symbols', 'U+1F49D', 1, 0, 0, 0, 0, 0);
INSERT INTO emoji_codepoints (emoji_codepoint_id,emoji_id,codepoint_id,sequence_index) VALUES (209, 191, 641, 1);

INSERT INTO emoji (emoji_id,emoji_version_id,emoji_name,emoji_character,emojipedia_url_ext,emojipedia_category,codepoint_string,num_codepoints,hasComponent,hasModifier,hasModifierBase,appearance_differs_flag,unicode_not_recommended) VALUES (192, 1, 'Revolving Hearts', '', 'revolving-hearts', 'symbols', 'U+1F49E', 1, 0, 0, 0, 0, 0);
INSERT INTO emoji_codepoints (emoji_codepoint_id,emoji_id,codepoint_id,sequence_index) VALUES (210, 192, 642, 1);

INSERT INTO emoji (emoji_id,emoji_version_id,emoji_name,emoji_character,emojipedia_url_ext,emojipedia_category,codepoint_string,num_codepoints,hasComponent,hasModifier,hasModifierBase,appearance_differs_flag,unicode_not_recommended) VALUES (193, 1, 'Heart Decoration', '', 'heart-decoration', 'symbols', 'U+1F49F', 1, 0, 0, 0, 0, 0);
INSERT INTO emoji_codepoints (emoji_codepoint_id,emoji_id,codepoint_id,sequence_index) VALUES (211, 193, 643, 1);

INSERT INTO emoji (emoji_id,emoji_version_id,emoji_name,emoji_character,emojipedia_url_ext,emojipedia_category,codepoint_string,num_codepoints,hasComponent,hasModifier,hasModifierBase,appearance_differs_flag,unicode_not_recommended) VALUES (194, 1, 'Heavy Heart Exclamation', '', 'heavy-heart-exclamation-mark-ornament', 'symbols', 'U+2763U+FE0F', 2, 1, 0, 0, 0, 0);
INSERT INTO emoji_codepoints (emoji_codepoint_id,emoji_id,codepoint_id,sequence_index) VALUES (212, 194, 159, 1),(213, 194, 1185, 2);

INSERT INTO emoji (emoji_id,emoji_version_id,emoji_name,emoji_character,emojipedia_url_ext,emojipedia_category,codepoint_string,num_codepoints,hasComponent,hasModifier,hasModifierBase,appearance_differs_flag,unicode_not_recommended) VALUES (195, 1, 'Love Letter', '', 'love-letter', 'objects', 'U+1F48C', 1, 0, 0, 0, 0, 0);
INSERT INTO emoji_codepoints (emoji_codepoint_id,emoji_id,codepoint_id,sequence_index) VALUES (214, 195, 624, 1);

INSERT INTO emoji (emoji_id,emoji_version_id,emoji_name,emoji_character,emojipedia_url_ext,emojipedia_category,codepoint_string,num_codepoints,hasComponent,hasModifier,hasModifierBase,appearance_differs_flag,unicode_not_recommended) VALUES (196, 1, 'Zzz', '', 'sleeping-symbol', 'symbols', 'U+1F4A4', 1, 0, 0, 0, 0, 0);
INSERT INTO emoji_codepoints (emoji_codepoint_id,emoji_id,codepoint_id,sequence_index) VALUES (215, 196, 648, 1);

INSERT INTO emoji (emoji_id,emoji_version_id,emoji_name,emoji_character,emojipedia_url_ext,emojipedia_category,codepoint_string,num_codepoints,hasComponent,hasModifier,hasModifierBase,appearance_differs_flag,unicode_not_recommended) VALUES (197, 1, 'Anger Symbol', '', 'anger-symbol', 'symbols', 'U+1F4A2', 1, 0, 0, 0, 0, 0);
INSERT INTO emoji_codepoints (emoji_codepoint_id,emoji_id,codepoint_id,sequence_index) VALUES (216, 197, 646, 1);

INSERT INTO emoji (emoji_id,emoji_version_id,emoji_name,emoji_character,emojipedia_url_ext,emojipedia_category,codepoint_string,num_codepoints,hasComponent,hasModifier,hasModifierBase,appearance_differs_flag,unicode_not_recommended) VALUES (198, 1, 'Bomb', '', 'bomb', 'objects', 'U+1F4A3', 1, 0, 0, 0, 0, 0);
INSERT INTO emoji_codepoints (emoji_codepoint_id,emoji_id,codepoint_id,sequence_index) VALUES (217, 198, 647, 1);

INSERT INTO emoji (emoji_id,emoji_version_id,emoji_name,emoji_character,emojipedia_url_ext,emojipedia_category,codepoint_string,num_codepoints,hasComponent,hasModifier,hasModifierBase,appearance_differs_flag,unicode_not_recommended) VALUES (199, 1, 'Collision', '', 'collision-symbol', 'nature', 'U+1F4A5', 1, 0, 0, 0, 0, 0);
INSERT INTO emoji_codepoints (emoji_codepoint_id,emoji_id,codepoint_id,sequence_index) VALUES (218, 199, 649, 1);

INSERT INTO emoji (emoji_id,emoji_version_id,emoji_name,emoji_character,emojipedia_url_ext,emojipedia_category,codepoint_string,num_codepoints,hasComponent,hasModifier,hasModifierBase,appearance_differs_flag,unicode_not_recommended) VALUES (200, 1, 'Sweat Droplets', '', 'splashing-sweat-symbol', 'nature', 'U+1F4A6', 1, 0, 0, 0, 0, 0);
INSERT INTO emoji_codepoints (emoji_codepoint_id,emoji_id,codepoint_id,sequence_index) VALUES (219, 200, 650, 1);

INSERT INTO emoji (emoji_id,emoji_version_id,emoji_name,emoji_character,emojipedia_url_ext,emojipedia_category,codepoint_string,num_codepoints,hasComponent,hasModifier,hasModifierBase,appearance_differs_flag,unicode_not_recommended) VALUES (201, 1, 'Dashing Away', '', 'dash-symbol', 'nature', 'U+1F4A8', 1, 0, 0, 0, 0, 0);
INSERT INTO emoji_codepoints (emoji_codepoint_id,emoji_id,codepoint_id,sequence_index) VALUES (220, 201, 652, 1);

INSERT INTO emoji (emoji_id,emoji_version_id,emoji_name,emoji_character,emojipedia_url_ext,emojipedia_category,codepoint_string,num_codepoints,hasComponent,hasModifier,hasModifierBase,appearance_differs_flag,unicode_not_recommended) VALUES (202, 1, 'Dizzy', '', 'dizzy-symbol', 'nature', 'U+1F4AB', 1, 0, 0, 0, 0, 0);
INSERT INTO emoji_codepoints (emoji_codepoint_id,emoji_id,codepoint_id,sequence_index) VALUES (221, 202, 655, 1);

INSERT INTO emoji (emoji_id,emoji_version_id,emoji_name,emoji_character,emojipedia_url_ext,emojipedia_category,codepoint_string,num_codepoints,hasComponent,hasModifier,hasModifierBase,appearance_differs_flag,unicode_not_recommended) VALUES (203, 1, 'Speech Balloon', '', 'speech-balloon', 'symbols', 'U+1F4AC', 1, 0, 0, 0, 0, 0);
INSERT INTO emoji_codepoints (emoji_codepoint_id,emoji_id,codepoint_id,sequence_index) VALUES (222, 203, 656, 1);

INSERT INTO emoji (emoji_id,emoji_version_id,emoji_name,emoji_character,emojipedia_url_ext,emojipedia_category,codepoint_string,num_codepoints,hasComponent,hasModifier,hasModifierBase,appearance_differs_flag,unicode_not_recommended) VALUES (204, 1, 'Right Anger Bubble', '', 'right-anger-bubble', 'symbols', 'U+1F5EFU+FE0F', 2, 1, 0, 0, 0, 0);
INSERT INTO emoji_codepoints (emoji_codepoint_id,emoji_id,codepoint_id,sequence_index) VALUES (223, 204, 867, 1),(224, 204, 1185, 2);

INSERT INTO emoji (emoji_id,emoji_version_id,emoji_name,emoji_character,emojipedia_url_ext,emojipedia_category,codepoint_string,num_codepoints,hasComponent,hasModifier,hasModifierBase,appearance_differs_flag,unicode_not_recommended) VALUES (205, 1, 'Thought Balloon', '', 'thought-balloon', 'symbols', 'U+1F4AD', 1, 0, 0, 0, 0, 0);
INSERT INTO emoji_codepoints (emoji_codepoint_id,emoji_id,codepoint_id,sequence_index) VALUES (225, 205, 657, 1);

INSERT INTO emoji (emoji_id,emoji_version_id,emoji_name,emoji_character,emojipedia_url_ext,emojipedia_category,codepoint_string,num_codepoints,hasComponent,hasModifier,hasModifierBase,appearance_differs_flag,unicode_not_recommended) VALUES (206, 1, 'Hole', '', 'hole', 'objects', 'U+1F573U+FE0F', 2, 1, 0, 0, 0, 0);
INSERT INTO emoji_codepoints (emoji_codepoint_id,emoji_id,codepoint_id,sequence_index) VALUES (226, 206, 833, 1),(227, 206, 1185, 2);

INSERT INTO emoji (emoji_id,emoji_version_id,emoji_name,emoji_character,emojipedia_url_ext,emojipedia_category,codepoint_string,num_codepoints,hasComponent,hasModifier,hasModifierBase,appearance_differs_flag,unicode_not_recommended) VALUES (207, 1, 'Glasses', '', 'eyeglasses', 'people', 'U+1F453', 1, 0, 0, 0, 0, 0);
INSERT INTO emoji_codepoints (emoji_codepoint_id,emoji_id,codepoint_id,sequence_index) VALUES (228, 207, 567, 1);

INSERT INTO emoji (emoji_id,emoji_version_id,emoji_name,emoji_character,emojipedia_url_ext,emojipedia_category,codepoint_string,num_codepoints,hasComponent,hasModifier,hasModifierBase,appearance_differs_flag,unicode_not_recommended) VALUES (208, 1, 'Sunglasses', '', 'dark-sunglasses', 'people', 'U+1F576U+FE0F', 2, 1, 0, 0, 0, 0);
INSERT INTO emoji_codepoints (emoji_codepoint_id,emoji_id,codepoint_id,sequence_index) VALUES (229, 208, 836, 1),(230, 208, 1185, 2);

INSERT INTO emoji (emoji_id,emoji_version_id,emoji_name,emoji_character,emojipedia_url_ext,emojipedia_category,codepoint_string,num_codepoints,hasComponent,hasModifier,hasModifierBase,appearance_differs_flag,unicode_not_recommended) VALUES (209, 1, 'Necktie', '', 'necktie', 'people', 'U+1F454', 1, 0, 0, 0, 0, 0);
INSERT INTO emoji_codepoints (emoji_codepoint_id,emoji_id,codepoint_id,sequence_index) VALUES (231, 209, 568, 1);

INSERT INTO emoji (emoji_id,emoji_version_id,emoji_name,emoji_character,emojipedia_url_ext,emojipedia_category,codepoint_string,num_codepoints,hasComponent,hasModifier,hasModifierBase,appearance_differs_flag,unicode_not_recommended) VALUES (210, 1, 'T-Shirt', '', 't-shirt', 'people', 'U+1F455', 1, 0, 0, 0, 0, 0);
INSERT INTO emoji_codepoints (emoji_codepoint_id,emoji_id,codepoint_id,sequence_index) VALUES (232, 210, 569, 1);

INSERT INTO emoji (emoji_id,emoji_version_id,emoji_name,emoji_character,emojipedia_url_ext,emojipedia_category,codepoint_string,num_codepoints,hasComponent,hasModifier,hasModifierBase,appearance_differs_flag,unicode_not_recommended) VALUES (211, 1, 'Jeans', '', 'jeans', 'people', 'U+1F456', 1, 0, 0, 0, 0, 0);
INSERT INTO emoji_codepoints (emoji_codepoint_id,emoji_id,codepoint_id,sequence_index) VALUES (233, 211, 570, 1);

INSERT INTO emoji (emoji_id,emoji_version_id,emoji_name,emoji_character,emojipedia_url_ext,emojipedia_category,codepoint_string,num_codepoints,hasComponent,hasModifier,hasModifierBase,appearance_differs_flag,unicode_not_recommended) VALUES (212, 1, 'Dress', '', 'dress', 'people', 'U+1F457', 1, 0, 0, 0, 0, 0);
INSERT INTO emoji_codepoints (emoji_codepoint_id,emoji_id,codepoint_id,sequence_index) VALUES (234, 212, 571, 1);

INSERT INTO emoji (emoji_id,emoji_version_id,emoji_name,emoji_character,emojipedia_url_ext,emojipedia_category,codepoint_string,num_codepoints,hasComponent,hasModifier,hasModifierBase,appearance_differs_flag,unicode_not_recommended) VALUES (213, 1, 'Kimono', '', 'kimono', 'people', 'U+1F458', 1, 0, 0, 0, 0, 0);
INSERT INTO emoji_codepoints (emoji_codepoint_id,emoji_id,codepoint_id,sequence_index) VALUES (235, 213, 572, 1);

INSERT INTO emoji (emoji_id,emoji_version_id,emoji_name,emoji_character,emojipedia_url_ext,emojipedia_category,codepoint_string,num_codepoints,hasComponent,hasModifier,hasModifierBase,appearance_differs_flag,unicode_not_recommended) VALUES (214, 1, 'Bikini', '', 'bikini', 'people', 'U+1F459', 1, 0, 0, 0, 0, 0);
INSERT INTO emoji_codepoints (emoji_codepoint_id,emoji_id,codepoint_id,sequence_index) VALUES (236, 214, 573, 1);

INSERT INTO emoji (emoji_id,emoji_version_id,emoji_name,emoji_character,emojipedia_url_ext,emojipedia_category,codepoint_string,num_codepoints,hasComponent,hasModifier,hasModifierBase,appearance_differs_flag,unicode_not_recommended) VALUES (215, 1, 'Womans Clothes', '', 'womans-clothes', 'people', 'U+1F45A', 1, 0, 0, 0, 0, 0);
INSERT INTO emoji_codepoints (emoji_codepoint_id,emoji_id,codepoint_id,sequence_index) VALUES (237, 215, 574, 1);

INSERT INTO emoji (emoji_id,emoji_version_id,emoji_name,emoji_character,emojipedia_url_ext,emojipedia_category,codepoint_string,num_codepoints,hasComponent,hasModifier,hasModifierBase,appearance_differs_flag,unicode_not_recommended) VALUES (216, 1, 'Purse', '', 'purse', 'people', 'U+1F45B', 1, 0, 0, 0, 0, 0);
INSERT INTO emoji_codepoints (emoji_codepoint_id,emoji_id,codepoint_id,sequence_index) VALUES (238, 216, 575, 1);

INSERT INTO emoji (emoji_id,emoji_version_id,emoji_name,emoji_character,emojipedia_url_ext,emojipedia_category,codepoint_string,num_codepoints,hasComponent,hasModifier,hasModifierBase,appearance_differs_flag,unicode_not_recommended) VALUES (217, 1, 'Handbag', '', 'handbag', 'people', 'U+1F45C', 1, 0, 0, 0, 0, 0);
INSERT INTO emoji_codepoints (emoji_codepoint_id,emoji_id,codepoint_id,sequence_index) VALUES (239, 217, 576, 1);

INSERT INTO emoji (emoji_id,emoji_version_id,emoji_name,emoji_character,emojipedia_url_ext,emojipedia_category,codepoint_string,num_codepoints,hasComponent,hasModifier,hasModifierBase,appearance_differs_flag,unicode_not_recommended) VALUES (218, 1, 'Clutch Bag', '', 'pouch', 'people', 'U+1F45D', 1, 0, 0, 0, 0, 0);
INSERT INTO emoji_codepoints (emoji_codepoint_id,emoji_id,codepoint_id,sequence_index) VALUES (240, 218, 577, 1);

INSERT INTO emoji (emoji_id,emoji_version_id,emoji_name,emoji_character,emojipedia_url_ext,emojipedia_category,codepoint_string,num_codepoints,hasComponent,hasModifier,hasModifierBase,appearance_differs_flag,unicode_not_recommended) VALUES (219, 1, 'Shopping Bags', '', 'shopping-bags', 'objects', 'U+1F6CDU+FE0F', 2, 1, 0, 0, 0, 0);
INSERT INTO emoji_codepoints (emoji_codepoint_id,emoji_id,codepoint_id,sequence_index) VALUES (241, 219, 1027, 1),(242, 219, 1185, 2);

INSERT INTO emoji (emoji_id,emoji_version_id,emoji_name,emoji_character,emojipedia_url_ext,emojipedia_category,codepoint_string,num_codepoints,hasComponent,hasModifier,hasModifierBase,appearance_differs_flag,unicode_not_recommended) VALUES (220, 1, 'School Backpack', '', 'school-satchel', 'people', 'U+1F392', 1, 0, 0, 0, 0, 0);
INSERT INTO emoji_codepoints (emoji_codepoint_id,emoji_id,codepoint_id,sequence_index) VALUES (243, 220, 382, 1);

INSERT INTO emoji (emoji_id,emoji_version_id,emoji_name,emoji_character,emojipedia_url_ext,emojipedia_category,codepoint_string,num_codepoints,hasComponent,hasModifier,hasModifierBase,appearance_differs_flag,unicode_not_recommended) VALUES (221, 1, 'Mans Shoe', '', 'mans-shoe', 'people', 'U+1F45E', 1, 0, 0, 0, 0, 0);
INSERT INTO emoji_codepoints (emoji_codepoint_id,emoji_id,codepoint_id,sequence_index) VALUES (244, 221, 578, 1);

INSERT INTO emoji (emoji_id,emoji_version_id,emoji_name,emoji_character,emojipedia_url_ext,emojipedia_category,codepoint_string,num_codepoints,hasComponent,hasModifier,hasModifierBase,appearance_differs_flag,unicode_not_recommended) VALUES (222, 1, 'Running Shoe', '', 'athletic-shoe', 'people', 'U+1F45F', 1, 0, 0, 0, 0, 0);
INSERT INTO emoji_codepoints (emoji_codepoint_id,emoji_id,codepoint_id,sequence_index) VALUES (245, 222, 579, 1);

INSERT INTO emoji (emoji_id,emoji_version_id,emoji_name,emoji_character,emojipedia_url_ext,emojipedia_category,codepoint_string,num_codepoints,hasComponent,hasModifier,hasModifierBase,appearance_differs_flag,unicode_not_recommended) VALUES (223, 1, 'High-Heeled Shoe', '', 'high-heeled-shoe', 'people', 'U+1F460', 1, 0, 0, 0, 0, 0);
INSERT INTO emoji_codepoints (emoji_codepoint_id,emoji_id,codepoint_id,sequence_index) VALUES (246, 223, 580, 1);

INSERT INTO emoji (emoji_id,emoji_version_id,emoji_name,emoji_character,emojipedia_url_ext,emojipedia_category,codepoint_string,num_codepoints,hasComponent,hasModifier,hasModifierBase,appearance_differs_flag,unicode_not_recommended) VALUES (224, 1, 'Womans Sandal', '', 'womans-sandal', 'people', 'U+1F461', 1, 0, 0, 0, 0, 0);
INSERT INTO emoji_codepoints (emoji_codepoint_id,emoji_id,codepoint_id,sequence_index) VALUES (247, 224, 581, 1);

INSERT INTO emoji (emoji_id,emoji_version_id,emoji_name,emoji_character,emojipedia_url_ext,emojipedia_category,codepoint_string,num_codepoints,hasComponent,hasModifier,hasModifierBase,appearance_differs_flag,unicode_not_recommended) VALUES (225, 1, 'Womans Boot', '', 'womans-boots', 'people', 'U+1F462', 1, 0, 0, 0, 0, 0);
INSERT INTO emoji_codepoints (emoji_codepoint_id,emoji_id,codepoint_id,sequence_index) VALUES (248, 225, 582, 1);

INSERT INTO emoji (emoji_id,emoji_version_id,emoji_name,emoji_character,emojipedia_url_ext,emojipedia_category,codepoint_string,num_codepoints,hasComponent,hasModifier,hasModifierBase,appearance_differs_flag,unicode_not_recommended) VALUES (226, 1, 'Crown', '', 'crown', 'people', 'U+1F451', 1, 0, 0, 0, 0, 0);
INSERT INTO emoji_codepoints (emoji_codepoint_id,emoji_id,codepoint_id,sequence_index) VALUES (249, 226, 565, 1);

INSERT INTO emoji (emoji_id,emoji_version_id,emoji_name,emoji_character,emojipedia_url_ext,emojipedia_category,codepoint_string,num_codepoints,hasComponent,hasModifier,hasModifierBase,appearance_differs_flag,unicode_not_recommended) VALUES (227, 1, 'Womans Hat', '', 'womans-hat', 'people', 'U+1F452', 1, 0, 0, 0, 0, 0);
INSERT INTO emoji_codepoints (emoji_codepoint_id,emoji_id,codepoint_id,sequence_index) VALUES (250, 227, 566, 1);

INSERT INTO emoji (emoji_id,emoji_version_id,emoji_name,emoji_character,emojipedia_url_ext,emojipedia_category,codepoint_string,num_codepoints,hasComponent,hasModifier,hasModifierBase,appearance_differs_flag,unicode_not_recommended) VALUES (228, 1, 'Top Hat', '', 'top-hat', 'people', 'U+1F3A9', 1, 0, 0, 0, 0, 0);
INSERT INTO emoji_codepoints (emoji_codepoint_id,emoji_id,codepoint_id,sequence_index) VALUES (251, 228, 400, 1);

INSERT INTO emoji (emoji_id,emoji_version_id,emoji_name,emoji_character,emojipedia_url_ext,emojipedia_category,codepoint_string,num_codepoints,hasComponent,hasModifier,hasModifierBase,appearance_differs_flag,unicode_not_recommended) VALUES (229, 1, 'Graduation Cap', '', 'graduation-cap', 'people', 'U+1F393', 1, 0, 0, 0, 0, 0);
INSERT INTO emoji_codepoints (emoji_codepoint_id,emoji_id,codepoint_id,sequence_index) VALUES (252, 229, 383, 1);

INSERT INTO emoji (emoji_id,emoji_version_id,emoji_name,emoji_character,emojipedia_url_ext,emojipedia_category,codepoint_string,num_codepoints,hasComponent,hasModifier,hasModifierBase,appearance_differs_flag,unicode_not_recommended) VALUES (230, 1, 'Rescue Workers Helmet', '', 'helmet-with-white-cross', 'people', 'U+26D1U+FE0F', 2, 1, 0, 0, 0, 0);
INSERT INTO emoji_codepoints (emoji_codepoint_id,emoji_id,codepoint_id,sequence_index) VALUES (253, 230, 118, 1),(254, 230, 1185, 2);

INSERT INTO emoji (emoji_id,emoji_version_id,emoji_name,emoji_character,emojipedia_url_ext,emojipedia_category,codepoint_string,num_codepoints,hasComponent,hasModifier,hasModifierBase,appearance_differs_flag,unicode_not_recommended) VALUES (231, 1, 'Prayer Beads', '', 'prayer-beads', 'objects', 'U+1F4FF', 1, 0, 0, 0, 0, 0);
INSERT INTO emoji_codepoints (emoji_codepoint_id,emoji_id,codepoint_id,sequence_index) VALUES (255, 231, 738, 1);

INSERT INTO emoji (emoji_id,emoji_version_id,emoji_name,emoji_character,emojipedia_url_ext,emojipedia_category,codepoint_string,num_codepoints,hasComponent,hasModifier,hasModifierBase,appearance_differs_flag,unicode_not_recommended) VALUES (232, 1, 'Lipstick', '', 'lipstick', 'people', 'U+1F484', 1, 0, 0, 0, 0, 0);
INSERT INTO emoji_codepoints (emoji_codepoint_id,emoji_id,codepoint_id,sequence_index) VALUES (256, 232, 616, 1);

INSERT INTO emoji (emoji_id,emoji_version_id,emoji_name,emoji_character,emojipedia_url_ext,emojipedia_category,codepoint_string,num_codepoints,hasComponent,hasModifier,hasModifierBase,appearance_differs_flag,unicode_not_recommended) VALUES (233, 1, 'Ring', '', 'ring', 'people', 'U+1F48D', 1, 0, 0, 0, 0, 0);
INSERT INTO emoji_codepoints (emoji_codepoint_id,emoji_id,codepoint_id,sequence_index) VALUES (257, 233, 625, 1);

INSERT INTO emoji (emoji_id,emoji_version_id,emoji_name,emoji_character,emojipedia_url_ext,emojipedia_category,codepoint_string,num_codepoints,hasComponent,hasModifier,hasModifierBase,appearance_differs_flag,unicode_not_recommended) VALUES (234, 1, 'Gem Stone', '', 'gem-stone', 'objects', 'U+1F48E', 1, 0, 0, 0, 0, 0);
INSERT INTO emoji_codepoints (emoji_codepoint_id,emoji_id,codepoint_id,sequence_index) VALUES (258, 234, 626, 1);

INSERT INTO emoji (emoji_id,emoji_version_id,emoji_name,emoji_character,emojipedia_url_ext,emojipedia_category,codepoint_string,num_codepoints,hasComponent,hasModifier,hasModifierBase,appearance_differs_flag,unicode_not_recommended) VALUES (235, 1, 'Monkey Face', '', 'monkey-face', 'nature', 'U+1F435', 1, 0, 0, 0, 0, 0);
INSERT INTO emoji_codepoints (emoji_codepoint_id,emoji_id,codepoint_id,sequence_index) VALUES (259, 235, 537, 1);

INSERT INTO emoji (emoji_id,emoji_version_id,emoji_name,emoji_character,emojipedia_url_ext,emojipedia_category,codepoint_string,num_codepoints,hasComponent,hasModifier,hasModifierBase,appearance_differs_flag,unicode_not_recommended) VALUES (236, 1, 'Monkey', '', 'monkey', 'nature', 'U+1F412', 1, 0, 0, 0, 0, 0);
INSERT INTO emoji_codepoints (emoji_codepoint_id,emoji_id,codepoint_id,sequence_index) VALUES (260, 236, 502, 1);

INSERT INTO emoji (emoji_id,emoji_version_id,emoji_name,emoji_character,emojipedia_url_ext,emojipedia_category,codepoint_string,num_codepoints,hasComponent,hasModifier,hasModifierBase,appearance_differs_flag,unicode_not_recommended) VALUES (237, 1, 'Dog Face', '', 'dog-face', 'nature', 'U+1F436', 1, 0, 0, 0, 0, 0);
INSERT INTO emoji_codepoints (emoji_codepoint_id,emoji_id,codepoint_id,sequence_index) VALUES (261, 237, 538, 1);

INSERT INTO emoji (emoji_id,emoji_version_id,emoji_name,emoji_character,emojipedia_url_ext,emojipedia_category,codepoint_string,num_codepoints,hasComponent,hasModifier,hasModifierBase,appearance_differs_flag,unicode_not_recommended) VALUES (238, 1, 'Dog', '', 'dog', 'nature', 'U+1F415', 1, 0, 0, 0, 0, 0);
INSERT INTO emoji_codepoints (emoji_codepoint_id,emoji_id,codepoint_id,sequence_index) VALUES (262, 238, 505, 1);

INSERT INTO emoji (emoji_id,emoji_version_id,emoji_name,emoji_character,emojipedia_url_ext,emojipedia_category,codepoint_string,num_codepoints,hasComponent,hasModifier,hasModifierBase,appearance_differs_flag,unicode_not_recommended) VALUES (239, 1, 'Poodle', '', 'poodle', 'nature', 'U+1F429', 1, 0, 0, 0, 0, 0);
INSERT INTO emoji_codepoints (emoji_codepoint_id,emoji_id,codepoint_id,sequence_index) VALUES (263, 239, 525, 1);

INSERT INTO emoji (emoji_id,emoji_version_id,emoji_name,emoji_character,emojipedia_url_ext,emojipedia_category,codepoint_string,num_codepoints,hasComponent,hasModifier,hasModifierBase,appearance_differs_flag,unicode_not_recommended) VALUES (240, 1, 'Wolf Face', '', 'wolf-face', 'nature', 'U+1F43A', 1, 0, 0, 0, 0, 0);
INSERT INTO emoji_codepoints (emoji_codepoint_id,emoji_id,codepoint_id,sequence_index) VALUES (264, 240, 542, 1);

INSERT INTO emoji (emoji_id,emoji_version_id,emoji_name,emoji_character,emojipedia_url_ext,emojipedia_category,codepoint_string,num_codepoints,hasComponent,hasModifier,hasModifierBase,appearance_differs_flag,unicode_not_recommended) VALUES (241, 1, 'Cat Face', '', 'cat-face', 'nature', 'U+1F431', 1, 0, 0, 0, 0, 0);
INSERT INTO emoji_codepoints (emoji_codepoint_id,emoji_id,codepoint_id,sequence_index) VALUES (265, 241, 533, 1);

INSERT INTO emoji (emoji_id,emoji_version_id,emoji_name,emoji_character,emojipedia_url_ext,emojipedia_category,codepoint_string,num_codepoints,hasComponent,hasModifier,hasModifierBase,appearance_differs_flag,unicode_not_recommended) VALUES (242, 1, 'Cat', '', 'cat', 'nature', 'U+1F408', 1, 0, 0, 0, 0, 0);
INSERT INTO emoji_codepoints (emoji_codepoint_id,emoji_id,codepoint_id,sequence_index) VALUES (266, 242, 492, 1);

INSERT INTO emoji (emoji_id,emoji_version_id,emoji_name,emoji_character,emojipedia_url_ext,emojipedia_category,codepoint_string,num_codepoints,hasComponent,hasModifier,hasModifierBase,appearance_differs_flag,unicode_not_recommended) VALUES (243, 1, 'Lion Face', '', 'lion-face', 'nature', 'U+1F981', 1, 0, 0, 0, 0, 0);
INSERT INTO emoji_codepoints (emoji_codepoint_id,emoji_id,codepoint_id,sequence_index) VALUES (267, 243, 1136, 1);

INSERT INTO emoji (emoji_id,emoji_version_id,emoji_name,emoji_character,emojipedia_url_ext,emojipedia_category,codepoint_string,num_codepoints,hasComponent,hasModifier,hasModifierBase,appearance_differs_flag,unicode_not_recommended) VALUES (244, 1, 'Tiger Face', '', 'tiger-face', 'nature', 'U+1F42F', 1, 0, 0, 0, 0, 0);
INSERT INTO emoji_codepoints (emoji_codepoint_id,emoji_id,codepoint_id,sequence_index) VALUES (268, 244, 531, 1);

INSERT INTO emoji (emoji_id,emoji_version_id,emoji_name,emoji_character,emojipedia_url_ext,emojipedia_category,codepoint_string,num_codepoints,hasComponent,hasModifier,hasModifierBase,appearance_differs_flag,unicode_not_recommended) VALUES (245, 1, 'Tiger', '', 'tiger', 'nature', 'U+1F405', 1, 0, 0, 0, 0, 0);
INSERT INTO emoji_codepoints (emoji_codepoint_id,emoji_id,codepoint_id,sequence_index) VALUES (269, 245, 489, 1);

INSERT INTO emoji (emoji_id,emoji_version_id,emoji_name,emoji_character,emojipedia_url_ext,emojipedia_category,codepoint_string,num_codepoints,hasComponent,hasModifier,hasModifierBase,appearance_differs_flag,unicode_not_recommended) VALUES (246, 1, 'Leopard', '', 'leopard', 'nature', 'U+1F406', 1, 0, 0, 0, 0, 0);
INSERT INTO emoji_codepoints (emoji_codepoint_id,emoji_id,codepoint_id,sequence_index) VALUES (270, 246, 490, 1);

INSERT INTO emoji (emoji_id,emoji_version_id,emoji_name,emoji_character,emojipedia_url_ext,emojipedia_category,codepoint_string,num_codepoints,hasComponent,hasModifier,hasModifierBase,appearance_differs_flag,unicode_not_recommended) VALUES (247, 1, 'Horse Face', '', 'horse-face', 'nature', 'U+1F434', 1, 0, 0, 0, 0, 0);
INSERT INTO emoji_codepoints (emoji_codepoint_id,emoji_id,codepoint_id,sequence_index) VALUES (271, 247, 536, 1);

INSERT INTO emoji (emoji_id,emoji_version_id,emoji_name,emoji_character,emojipedia_url_ext,emojipedia_category,codepoint_string,num_codepoints,hasComponent,hasModifier,hasModifierBase,appearance_differs_flag,unicode_not_recommended) VALUES (248, 1, 'Horse', '', 'horse', 'nature', 'U+1F40E', 1, 0, 0, 0, 0, 0);
INSERT INTO emoji_codepoints (emoji_codepoint_id,emoji_id,codepoint_id,sequence_index) VALUES (272, 248, 498, 1);

INSERT INTO emoji (emoji_id,emoji_version_id,emoji_name,emoji_character,emojipedia_url_ext,emojipedia_category,codepoint_string,num_codepoints,hasComponent,hasModifier,hasModifierBase,appearance_differs_flag,unicode_not_recommended) VALUES (249, 1, 'Unicorn Face', '', 'unicorn-face', 'nature', 'U+1F984', 1, 0, 0, 0, 0, 0);
INSERT INTO emoji_codepoints (emoji_codepoint_id,emoji_id,codepoint_id,sequence_index) VALUES (273, 249, 1139, 1);

INSERT INTO emoji (emoji_id,emoji_version_id,emoji_name,emoji_character,emojipedia_url_ext,emojipedia_category,codepoint_string,num_codepoints,hasComponent,hasModifier,hasModifierBase,appearance_differs_flag,unicode_not_recommended) VALUES (250, 1, 'Cow Face', '', 'cow-face', 'nature', 'U+1F42E', 1, 0, 0, 0, 0, 0);
INSERT INTO emoji_codepoints (emoji_codepoint_id,emoji_id,codepoint_id,sequence_index) VALUES (274, 250, 530, 1);

INSERT INTO emoji (emoji_id,emoji_version_id,emoji_name,emoji_character,emojipedia_url_ext,emojipedia_category,codepoint_string,num_codepoints,hasComponent,hasModifier,hasModifierBase,appearance_differs_flag,unicode_not_recommended) VALUES (251, 1, 'Ox', '', 'ox', 'nature', 'U+1F402', 1, 0, 0, 0, 0, 0);
INSERT INTO emoji_codepoints (emoji_codepoint_id,emoji_id,codepoint_id,sequence_index) VALUES (275, 251, 486, 1);

INSERT INTO emoji (emoji_id,emoji_version_id,emoji_name,emoji_character,emojipedia_url_ext,emojipedia_category,codepoint_string,num_codepoints,hasComponent,hasModifier,hasModifierBase,appearance_differs_flag,unicode_not_recommended) VALUES (252, 1, 'Water Buffalo', '', 'water-buffalo', 'nature', 'U+1F403', 1, 0, 0, 0, 0, 0);
INSERT INTO emoji_codepoints (emoji_codepoint_id,emoji_id,codepoint_id,sequence_index) VALUES (276, 252, 487, 1);

INSERT INTO emoji (emoji_id,emoji_version_id,emoji_name,emoji_character,emojipedia_url_ext,emojipedia_category,codepoint_string,num_codepoints,hasComponent,hasModifier,hasModifierBase,appearance_differs_flag,unicode_not_recommended) VALUES (253, 1, 'Cow', '', 'cow', 'nature', 'U+1F404', 1, 0, 0, 0, 0, 0);
INSERT INTO emoji_codepoints (emoji_codepoint_id,emoji_id,codepoint_id,sequence_index) VALUES (277, 253, 488, 1);

INSERT INTO emoji (emoji_id,emoji_version_id,emoji_name,emoji_character,emojipedia_url_ext,emojipedia_category,codepoint_string,num_codepoints,hasComponent,hasModifier,hasModifierBase,appearance_differs_flag,unicode_not_recommended) VALUES (254, 1, 'Pig Face', '', 'pig-face', 'nature', 'U+1F437', 1, 0, 0, 0, 0, 0);
INSERT INTO emoji_codepoints (emoji_codepoint_id,emoji_id,codepoint_id,sequence_index) VALUES (278, 254, 539, 1);

INSERT INTO emoji (emoji_id,emoji_version_id,emoji_name,emoji_character,emojipedia_url_ext,emojipedia_category,codepoint_string,num_codepoints,hasComponent,hasModifier,hasModifierBase,appearance_differs_flag,unicode_not_recommended) VALUES (255, 1, 'Pig', '', 'pig', 'nature', 'U+1F416', 1, 0, 0, 0, 0, 0);
INSERT INTO emoji_codepoints (emoji_codepoint_id,emoji_id,codepoint_id,sequence_index) VALUES (279, 255, 506, 1);

INSERT INTO emoji (emoji_id,emoji_version_id,emoji_name,emoji_character,emojipedia_url_ext,emojipedia_category,codepoint_string,num_codepoints,hasComponent,hasModifier,hasModifierBase,appearance_differs_flag,unicode_not_recommended) VALUES (256, 1, 'Boar', '', 'boar', 'nature', 'U+1F417', 1, 0, 0, 0, 0, 0);
INSERT INTO emoji_codepoints (emoji_codepoint_id,emoji_id,codepoint_id,sequence_index) VALUES (280, 256, 507, 1);

INSERT INTO emoji (emoji_id,emoji_version_id,emoji_name,emoji_character,emojipedia_url_ext,emojipedia_category,codepoint_string,num_codepoints,hasComponent,hasModifier,hasModifierBase,appearance_differs_flag,unicode_not_recommended) VALUES (257, 1, 'Pig Nose', '', 'pig-nose', 'nature', 'U+1F43D', 1, 0, 0, 0, 0, 0);
INSERT INTO emoji_codepoints (emoji_codepoint_id,emoji_id,codepoint_id,sequence_index) VALUES (281, 257, 545, 1);

INSERT INTO emoji (emoji_id,emoji_version_id,emoji_name,emoji_character,emojipedia_url_ext,emojipedia_category,codepoint_string,num_codepoints,hasComponent,hasModifier,hasModifierBase,appearance_differs_flag,unicode_not_recommended) VALUES (258, 1, 'Ram', '', 'ram', 'nature', 'U+1F40F', 1, 0, 0, 0, 0, 0);
INSERT INTO emoji_codepoints (emoji_codepoint_id,emoji_id,codepoint_id,sequence_index) VALUES (282, 258, 499, 1);

INSERT INTO emoji (emoji_id,emoji_version_id,emoji_name,emoji_character,emojipedia_url_ext,emojipedia_category,codepoint_string,num_codepoints,hasComponent,hasModifier,hasModifierBase,appearance_differs_flag,unicode_not_recommended) VALUES (259, 1, 'Ewe', '', 'sheep', 'nature', 'U+1F411', 1, 0, 0, 0, 0, 0);
INSERT INTO emoji_codepoints (emoji_codepoint_id,emoji_id,codepoint_id,sequence_index) VALUES (283, 259, 501, 1);

INSERT INTO emoji (emoji_id,emoji_version_id,emoji_name,emoji_character,emojipedia_url_ext,emojipedia_category,codepoint_string,num_codepoints,hasComponent,hasModifier,hasModifierBase,appearance_differs_flag,unicode_not_recommended) VALUES (260, 1, 'Goat', '', 'goat', 'nature', 'U+1F410', 1, 0, 0, 0, 0, 0);
INSERT INTO emoji_codepoints (emoji_codepoint_id,emoji_id,codepoint_id,sequence_index) VALUES (284, 260, 500, 1);

INSERT INTO emoji (emoji_id,emoji_version_id,emoji_name,emoji_character,emojipedia_url_ext,emojipedia_category,codepoint_string,num_codepoints,hasComponent,hasModifier,hasModifierBase,appearance_differs_flag,unicode_not_recommended) VALUES (261, 1, 'Camel', '', 'dromedary-camel', 'nature', 'U+1F42A', 1, 0, 0, 0, 0, 0);
INSERT INTO emoji_codepoints (emoji_codepoint_id,emoji_id,codepoint_id,sequence_index) VALUES (285, 261, 526, 1);

INSERT INTO emoji (emoji_id,emoji_version_id,emoji_name,emoji_character,emojipedia_url_ext,emojipedia_category,codepoint_string,num_codepoints,hasComponent,hasModifier,hasModifierBase,appearance_differs_flag,unicode_not_recommended) VALUES (262, 1, 'Two-Hump Camel', '', 'bactrian-camel', 'nature', 'U+1F42B', 1, 0, 0, 0, 0, 0);
INSERT INTO emoji_codepoints (emoji_codepoint_id,emoji_id,codepoint_id,sequence_index) VALUES (286, 262, 527, 1);

INSERT INTO emoji (emoji_id,emoji_version_id,emoji_name,emoji_character,emojipedia_url_ext,emojipedia_category,codepoint_string,num_codepoints,hasComponent,hasModifier,hasModifierBase,appearance_differs_flag,unicode_not_recommended) VALUES (263, 1, 'Elephant', '', 'elephant', 'nature', 'U+1F418', 1, 0, 0, 0, 0, 0);
INSERT INTO emoji_codepoints (emoji_codepoint_id,emoji_id,codepoint_id,sequence_index) VALUES (287, 263, 508, 1);

INSERT INTO emoji (emoji_id,emoji_version_id,emoji_name,emoji_character,emojipedia_url_ext,emojipedia_category,codepoint_string,num_codepoints,hasComponent,hasModifier,hasModifierBase,appearance_differs_flag,unicode_not_recommended) VALUES (264, 1, 'Mouse Face', '', 'mouse-face', 'nature', 'U+1F42D', 1, 0, 0, 0, 0, 0);
INSERT INTO emoji_codepoints (emoji_codepoint_id,emoji_id,codepoint_id,sequence_index) VALUES (288, 264, 529, 1);

INSERT INTO emoji (emoji_id,emoji_version_id,emoji_name,emoji_character,emojipedia_url_ext,emojipedia_category,codepoint_string,num_codepoints,hasComponent,hasModifier,hasModifierBase,appearance_differs_flag,unicode_not_recommended) VALUES (265, 1, 'Mouse', '', 'mouse', 'nature', 'U+1F401', 1, 0, 0, 0, 0, 0);
INSERT INTO emoji_codepoints (emoji_codepoint_id,emoji_id,codepoint_id,sequence_index) VALUES (289, 265, 485, 1);

INSERT INTO emoji (emoji_id,emoji_version_id,emoji_name,emoji_character,emojipedia_url_ext,emojipedia_category,codepoint_string,num_codepoints,hasComponent,hasModifier,hasModifierBase,appearance_differs_flag,unicode_not_recommended) VALUES (266, 1, 'Rat', '', 'rat', 'nature', 'U+1F400', 1, 0, 0, 0, 0, 0);
INSERT INTO emoji_codepoints (emoji_codepoint_id,emoji_id,codepoint_id,sequence_index) VALUES (290, 266, 484, 1);

INSERT INTO emoji (emoji_id,emoji_version_id,emoji_name,emoji_character,emojipedia_url_ext,emojipedia_category,codepoint_string,num_codepoints,hasComponent,hasModifier,hasModifierBase,appearance_differs_flag,unicode_not_recommended) VALUES (267, 1, 'Hamster Face', '', 'hamster-face', 'nature', 'U+1F439', 1, 0, 0, 0, 0, 0);
INSERT INTO emoji_codepoints (emoji_codepoint_id,emoji_id,codepoint_id,sequence_index) VALUES (291, 267, 541, 1);

INSERT INTO emoji (emoji_id,emoji_version_id,emoji_name,emoji_character,emojipedia_url_ext,emojipedia_category,codepoint_string,num_codepoints,hasComponent,hasModifier,hasModifierBase,appearance_differs_flag,unicode_not_recommended) VALUES (268, 1, 'Rabbit Face', '', 'rabbit-face', 'nature', 'U+1F430', 1, 0, 0, 0, 0, 0);
INSERT INTO emoji_codepoints (emoji_codepoint_id,emoji_id,codepoint_id,sequence_index) VALUES (292, 268, 532, 1);

INSERT INTO emoji (emoji_id,emoji_version_id,emoji_name,emoji_character,emojipedia_url_ext,emojipedia_category,codepoint_string,num_codepoints,hasComponent,hasModifier,hasModifierBase,appearance_differs_flag,unicode_not_recommended) VALUES (269, 1, 'Rabbit', '', 'rabbit', 'nature', 'U+1F407', 1, 0, 0, 0, 0, 0);
INSERT INTO emoji_codepoints (emoji_codepoint_id,emoji_id,codepoint_id,sequence_index) VALUES (293, 269, 491, 1);

INSERT INTO emoji (emoji_id,emoji_version_id,emoji_name,emoji_character,emojipedia_url_ext,emojipedia_category,codepoint_string,num_codepoints,hasComponent,hasModifier,hasModifierBase,appearance_differs_flag,unicode_not_recommended) VALUES (270, 1, 'Chipmunk', '', 'chipmunk', 'nature', 'U+1F43FU+FE0F', 2, 1, 0, 0, 0, 0);
INSERT INTO emoji_codepoints (emoji_codepoint_id,emoji_id,codepoint_id,sequence_index) VALUES (294, 270, 547, 1),(295, 270, 1185, 2);

INSERT INTO emoji (emoji_id,emoji_version_id,emoji_name,emoji_character,emojipedia_url_ext,emojipedia_category,codepoint_string,num_codepoints,hasComponent,hasModifier,hasModifierBase,appearance_differs_flag,unicode_not_recommended) VALUES (271, 1, 'Bear Face', '', 'bear-face', 'nature', 'U+1F43B', 1, 0, 0, 0, 0, 0);
INSERT INTO emoji_codepoints (emoji_codepoint_id,emoji_id,codepoint_id,sequence_index) VALUES (296, 271, 543, 1);

INSERT INTO emoji (emoji_id,emoji_version_id,emoji_name,emoji_character,emojipedia_url_ext,emojipedia_category,codepoint_string,num_codepoints,hasComponent,hasModifier,hasModifierBase,appearance_differs_flag,unicode_not_recommended) VALUES (272, 1, 'Koala', '', 'koala', 'nature', 'U+1F428', 1, 0, 0, 0, 0, 0);
INSERT INTO emoji_codepoints (emoji_codepoint_id,emoji_id,codepoint_id,sequence_index) VALUES (297, 272, 524, 1);

INSERT INTO emoji (emoji_id,emoji_version_id,emoji_name,emoji_character,emojipedia_url_ext,emojipedia_category,codepoint_string,num_codepoints,hasComponent,hasModifier,hasModifierBase,appearance_differs_flag,unicode_not_recommended) VALUES (273, 1, 'Panda Face', '', 'panda-face', 'nature', 'U+1F43C', 1, 0, 0, 0, 0, 0);
INSERT INTO emoji_codepoints (emoji_codepoint_id,emoji_id,codepoint_id,sequence_index) VALUES (298, 273, 544, 1);

INSERT INTO emoji (emoji_id,emoji_version_id,emoji_name,emoji_character,emojipedia_url_ext,emojipedia_category,codepoint_string,num_codepoints,hasComponent,hasModifier,hasModifierBase,appearance_differs_flag,unicode_not_recommended) VALUES (274, 1, 'Paw Prints', '', 'paw-prints', 'nature', 'U+1F43E', 1, 0, 0, 0, 0, 0);
INSERT INTO emoji_codepoints (emoji_codepoint_id,emoji_id,codepoint_id,sequence_index) VALUES (299, 274, 546, 1);

INSERT INTO emoji (emoji_id,emoji_version_id,emoji_name,emoji_character,emojipedia_url_ext,emojipedia_category,codepoint_string,num_codepoints,hasComponent,hasModifier,hasModifierBase,appearance_differs_flag,unicode_not_recommended) VALUES (275, 1, 'Turkey', '', 'turkey', 'flags', 'U+1F983', 1, 0, 0, 0, 0, 0);
INSERT INTO emoji_codepoints (emoji_codepoint_id,emoji_id,codepoint_id,sequence_index) VALUES (300, 275, 1138, 1);

INSERT INTO emoji (emoji_id,emoji_version_id,emoji_name,emoji_character,emojipedia_url_ext,emojipedia_category,codepoint_string,num_codepoints,hasComponent,hasModifier,hasModifierBase,appearance_differs_flag,unicode_not_recommended) VALUES (276, 1, 'Chicken', '', 'chicken', 'nature', 'U+1F414', 1, 0, 0, 0, 0, 0);
INSERT INTO emoji_codepoints (emoji_codepoint_id,emoji_id,codepoint_id,sequence_index) VALUES (301, 276, 504, 1);

INSERT INTO emoji (emoji_id,emoji_version_id,emoji_name,emoji_character,emojipedia_url_ext,emojipedia_category,codepoint_string,num_codepoints,hasComponent,hasModifier,hasModifierBase,appearance_differs_flag,unicode_not_recommended) VALUES (277, 1, 'Rooster', '', 'rooster', 'nature', 'U+1F413', 1, 0, 0, 0, 0, 0);
INSERT INTO emoji_codepoints (emoji_codepoint_id,emoji_id,codepoint_id,sequence_index) VALUES (302, 277, 503, 1);

INSERT INTO emoji (emoji_id,emoji_version_id,emoji_name,emoji_character,emojipedia_url_ext,emojipedia_category,codepoint_string,num_codepoints,hasComponent,hasModifier,hasModifierBase,appearance_differs_flag,unicode_not_recommended) VALUES (278, 1, 'Hatching Chick', '', 'hatching-chick', 'nature', 'U+1F423', 1, 0, 0, 0, 0, 0);
INSERT INTO emoji_codepoints (emoji_codepoint_id,emoji_id,codepoint_id,sequence_index) VALUES (303, 278, 519, 1);

INSERT INTO emoji (emoji_id,emoji_version_id,emoji_name,emoji_character,emojipedia_url_ext,emojipedia_category,codepoint_string,num_codepoints,hasComponent,hasModifier,hasModifierBase,appearance_differs_flag,unicode_not_recommended) VALUES (279, 1, 'Baby Chick', '', 'baby-chick', 'nature', 'U+1F424', 1, 0, 0, 0, 0, 0);
INSERT INTO emoji_codepoints (emoji_codepoint_id,emoji_id,codepoint_id,sequence_index) VALUES (304, 279, 520, 1);

INSERT INTO emoji (emoji_id,emoji_version_id,emoji_name,emoji_character,emojipedia_url_ext,emojipedia_category,codepoint_string,num_codepoints,hasComponent,hasModifier,hasModifierBase,appearance_differs_flag,unicode_not_recommended) VALUES (280, 1, 'Front-Facing Baby Chick', '', 'front-facing-baby-chick', 'nature', 'U+1F425', 1, 0, 0, 0, 0, 0);
INSERT INTO emoji_codepoints (emoji_codepoint_id,emoji_id,codepoint_id,sequence_index) VALUES (305, 280, 521, 1);

INSERT INTO emoji (emoji_id,emoji_version_id,emoji_name,emoji_character,emojipedia_url_ext,emojipedia_category,codepoint_string,num_codepoints,hasComponent,hasModifier,hasModifierBase,appearance_differs_flag,unicode_not_recommended) VALUES (281, 1, 'Bird', '', 'bird', 'nature', 'U+1F426', 1, 0, 0, 0, 0, 0);
INSERT INTO emoji_codepoints (emoji_codepoint_id,emoji_id,codepoint_id,sequence_index) VALUES (306, 281, 522, 1);

INSERT INTO emoji (emoji_id,emoji_version_id,emoji_name,emoji_character,emojipedia_url_ext,emojipedia_category,codepoint_string,num_codepoints,hasComponent,hasModifier,hasModifierBase,appearance_differs_flag,unicode_not_recommended) VALUES (282, 1, 'Penguin', '', 'penguin', 'nature', 'U+1F427', 1, 0, 0, 0, 0, 0);
INSERT INTO emoji_codepoints (emoji_codepoint_id,emoji_id,codepoint_id,sequence_index) VALUES (307, 282, 523, 1);

INSERT INTO emoji (emoji_id,emoji_version_id,emoji_name,emoji_character,emojipedia_url_ext,emojipedia_category,codepoint_string,num_codepoints,hasComponent,hasModifier,hasModifierBase,appearance_differs_flag,unicode_not_recommended) VALUES (283, 1, 'Dove', '', 'dove-of-peace', 'nature', 'U+1F54AU+FE0F', 2, 1, 0, 0, 0, 0);
INSERT INTO emoji_codepoints (emoji_codepoint_id,emoji_id,codepoint_id,sequence_index) VALUES (308, 283, 802, 1),(309, 283, 1185, 2);

INSERT INTO emoji (emoji_id,emoji_version_id,emoji_name,emoji_character,emojipedia_url_ext,emojipedia_category,codepoint_string,num_codepoints,hasComponent,hasModifier,hasModifierBase,appearance_differs_flag,unicode_not_recommended) VALUES (284, 1, 'Frog Face', '', 'frog-face', 'nature', 'U+1F438', 1, 0, 0, 0, 0, 0);
INSERT INTO emoji_codepoints (emoji_codepoint_id,emoji_id,codepoint_id,sequence_index) VALUES (310, 284, 540, 1);

INSERT INTO emoji (emoji_id,emoji_version_id,emoji_name,emoji_character,emojipedia_url_ext,emojipedia_category,codepoint_string,num_codepoints,hasComponent,hasModifier,hasModifierBase,appearance_differs_flag,unicode_not_recommended) VALUES (285, 1, 'Crocodile', '', 'crocodile', 'nature', 'U+1F40A', 1, 0, 0, 0, 1, 0);
INSERT INTO emoji_codepoints (emoji_codepoint_id,emoji_id,codepoint_id,sequence_index) VALUES (311, 285, 494, 1);

INSERT INTO emoji (emoji_id,emoji_version_id,emoji_name,emoji_character,emojipedia_url_ext,emojipedia_category,codepoint_string,num_codepoints,hasComponent,hasModifier,hasModifierBase,appearance_differs_flag,unicode_not_recommended) VALUES (286, 1, 'Turtle', '', 'turtle', 'nature', 'U+1F422', 1, 0, 0, 0, 0, 0);
INSERT INTO emoji_codepoints (emoji_codepoint_id,emoji_id,codepoint_id,sequence_index) VALUES (312, 286, 518, 1);

INSERT INTO emoji (emoji_id,emoji_version_id,emoji_name,emoji_character,emojipedia_url_ext,emojipedia_category,codepoint_string,num_codepoints,hasComponent,hasModifier,hasModifierBase,appearance_differs_flag,unicode_not_recommended) VALUES (287, 1, 'Snake', '', 'snake', 'nature', 'U+1F40D', 1, 0, 0, 0, 0, 0);
INSERT INTO emoji_codepoints (emoji_codepoint_id,emoji_id,codepoint_id,sequence_index) VALUES (313, 287, 497, 1);

INSERT INTO emoji (emoji_id,emoji_version_id,emoji_name,emoji_character,emojipedia_url_ext,emojipedia_category,codepoint_string,num_codepoints,hasComponent,hasModifier,hasModifierBase,appearance_differs_flag,unicode_not_recommended) VALUES (288, 1, 'Dragon Face', '', 'dragon-face', 'nature', 'U+1F432', 1, 0, 0, 0, 0, 0);
INSERT INTO emoji_codepoints (emoji_codepoint_id,emoji_id,codepoint_id,sequence_index) VALUES (314, 288, 534, 1);

INSERT INTO emoji (emoji_id,emoji_version_id,emoji_name,emoji_character,emojipedia_url_ext,emojipedia_category,codepoint_string,num_codepoints,hasComponent,hasModifier,hasModifierBase,appearance_differs_flag,unicode_not_recommended) VALUES (289, 1, 'Dragon', '', 'dragon', 'nature', 'U+1F409', 1, 0, 0, 0, 0, 0);
INSERT INTO emoji_codepoints (emoji_codepoint_id,emoji_id,codepoint_id,sequence_index) VALUES (315, 289, 493, 1);

INSERT INTO emoji (emoji_id,emoji_version_id,emoji_name,emoji_character,emojipedia_url_ext,emojipedia_category,codepoint_string,num_codepoints,hasComponent,hasModifier,hasModifierBase,appearance_differs_flag,unicode_not_recommended) VALUES (290, 1, 'Spouting Whale', '', 'spouting-whale', 'nature', 'U+1F433', 1, 0, 0, 0, 0, 0);
INSERT INTO emoji_codepoints (emoji_codepoint_id,emoji_id,codepoint_id,sequence_index) VALUES (316, 290, 535, 1);

INSERT INTO emoji (emoji_id,emoji_version_id,emoji_name,emoji_character,emojipedia_url_ext,emojipedia_category,codepoint_string,num_codepoints,hasComponent,hasModifier,hasModifierBase,appearance_differs_flag,unicode_not_recommended) VALUES (291, 1, 'Whale', '', 'whale', 'nature', 'U+1F40B', 1, 0, 0, 0, 0, 0);
INSERT INTO emoji_codepoints (emoji_codepoint_id,emoji_id,codepoint_id,sequence_index) VALUES (317, 291, 495, 1);

INSERT INTO emoji (emoji_id,emoji_version_id,emoji_name,emoji_character,emojipedia_url_ext,emojipedia_category,codepoint_string,num_codepoints,hasComponent,hasModifier,hasModifierBase,appearance_differs_flag,unicode_not_recommended) VALUES (292, 1, 'Dolphin', '', 'dolphin', 'nature', 'U+1F42C', 1, 0, 0, 0, 0, 0);
INSERT INTO emoji_codepoints (emoji_codepoint_id,emoji_id,codepoint_id,sequence_index) VALUES (318, 292, 528, 1);

INSERT INTO emoji (emoji_id,emoji_version_id,emoji_name,emoji_character,emojipedia_url_ext,emojipedia_category,codepoint_string,num_codepoints,hasComponent,hasModifier,hasModifierBase,appearance_differs_flag,unicode_not_recommended) VALUES (293, 1, 'Fish', '', 'fish', 'nature', 'U+1F41F', 1, 0, 0, 0, 0, 0);
INSERT INTO emoji_codepoints (emoji_codepoint_id,emoji_id,codepoint_id,sequence_index) VALUES (319, 293, 515, 1);

INSERT INTO emoji (emoji_id,emoji_version_id,emoji_name,emoji_character,emojipedia_url_ext,emojipedia_category,codepoint_string,num_codepoints,hasComponent,hasModifier,hasModifierBase,appearance_differs_flag,unicode_not_recommended) VALUES (294, 1, 'Tropical Fish', '', 'tropical-fish', 'nature', 'U+1F420', 1, 0, 0, 0, 0, 0);
INSERT INTO emoji_codepoints (emoji_codepoint_id,emoji_id,codepoint_id,sequence_index) VALUES (320, 294, 516, 1);

INSERT INTO emoji (emoji_id,emoji_version_id,emoji_name,emoji_character,emojipedia_url_ext,emojipedia_category,codepoint_string,num_codepoints,hasComponent,hasModifier,hasModifierBase,appearance_differs_flag,unicode_not_recommended) VALUES (295, 1, 'Blowfish', '', 'blowfish', 'nature', 'U+1F421', 1, 0, 0, 0, 0, 0);
INSERT INTO emoji_codepoints (emoji_codepoint_id,emoji_id,codepoint_id,sequence_index) VALUES (321, 295, 517, 1);

INSERT INTO emoji (emoji_id,emoji_version_id,emoji_name,emoji_character,emojipedia_url_ext,emojipedia_category,codepoint_string,num_codepoints,hasComponent,hasModifier,hasModifierBase,appearance_differs_flag,unicode_not_recommended) VALUES (296, 1, 'Octopus', '', 'octopus', 'nature', 'U+1F419', 1, 0, 0, 0, 0, 0);
INSERT INTO emoji_codepoints (emoji_codepoint_id,emoji_id,codepoint_id,sequence_index) VALUES (322, 296, 509, 1);

INSERT INTO emoji (emoji_id,emoji_version_id,emoji_name,emoji_character,emojipedia_url_ext,emojipedia_category,codepoint_string,num_codepoints,hasComponent,hasModifier,hasModifierBase,appearance_differs_flag,unicode_not_recommended) VALUES (297, 1, 'Spiral Shell', '', 'spiral-shell', 'nature', 'U+1F41A', 1, 0, 0, 0, 0, 0);
INSERT INTO emoji_codepoints (emoji_codepoint_id,emoji_id,codepoint_id,sequence_index) VALUES (323, 297, 510, 1);

INSERT INTO emoji (emoji_id,emoji_version_id,emoji_name,emoji_character,emojipedia_url_ext,emojipedia_category,codepoint_string,num_codepoints,hasComponent,hasModifier,hasModifierBase,appearance_differs_flag,unicode_not_recommended) VALUES (298, 1, 'Crab', '', 'crab', 'nature', 'U+1F980', 1, 0, 0, 0, 0, 0);
INSERT INTO emoji_codepoints (emoji_codepoint_id,emoji_id,codepoint_id,sequence_index) VALUES (324, 298, 1135, 1);

INSERT INTO emoji (emoji_id,emoji_version_id,emoji_name,emoji_character,emojipedia_url_ext,emojipedia_category,codepoint_string,num_codepoints,hasComponent,hasModifier,hasModifierBase,appearance_differs_flag,unicode_not_recommended) VALUES (299, 1, 'Snail', '', 'snail', 'nature', 'U+1F40C', 1, 0, 0, 0, 0, 0);
INSERT INTO emoji_codepoints (emoji_codepoint_id,emoji_id,codepoint_id,sequence_index) VALUES (325, 299, 496, 1);

INSERT INTO emoji (emoji_id,emoji_version_id,emoji_name,emoji_character,emojipedia_url_ext,emojipedia_category,codepoint_string,num_codepoints,hasComponent,hasModifier,hasModifierBase,appearance_differs_flag,unicode_not_recommended) VALUES (300, 1, 'Bug', '', 'bug', 'nature', 'U+1F41B', 1, 0, 0, 0, 0, 0);
INSERT INTO emoji_codepoints (emoji_codepoint_id,emoji_id,codepoint_id,sequence_index) VALUES (326, 300, 511, 1);

INSERT INTO emoji (emoji_id,emoji_version_id,emoji_name,emoji_character,emojipedia_url_ext,emojipedia_category,codepoint_string,num_codepoints,hasComponent,hasModifier,hasModifierBase,appearance_differs_flag,unicode_not_recommended) VALUES (301, 1, 'Ant', '', 'ant', 'nature', 'U+1F41C', 1, 0, 0, 0, 0, 0);
INSERT INTO emoji_codepoints (emoji_codepoint_id,emoji_id,codepoint_id,sequence_index) VALUES (327, 301, 512, 1);

INSERT INTO emoji (emoji_id,emoji_version_id,emoji_name,emoji_character,emojipedia_url_ext,emojipedia_category,codepoint_string,num_codepoints,hasComponent,hasModifier,hasModifierBase,appearance_differs_flag,unicode_not_recommended) VALUES (302, 1, 'Honeybee', '', 'honeybee', 'nature', 'U+1F41D', 1, 0, 0, 0, 0, 0);
INSERT INTO emoji_codepoints (emoji_codepoint_id,emoji_id,codepoint_id,sequence_index) VALUES (328, 302, 513, 1);

INSERT INTO emoji (emoji_id,emoji_version_id,emoji_name,emoji_character,emojipedia_url_ext,emojipedia_category,codepoint_string,num_codepoints,hasComponent,hasModifier,hasModifierBase,appearance_differs_flag,unicode_not_recommended) VALUES (303, 1, 'Lady Beetle', '', 'lady-beetle', 'nature', 'U+1F41E', 1, 0, 0, 0, 0, 0);
INSERT INTO emoji_codepoints (emoji_codepoint_id,emoji_id,codepoint_id,sequence_index) VALUES (329, 303, 514, 1);

INSERT INTO emoji (emoji_id,emoji_version_id,emoji_name,emoji_character,emojipedia_url_ext,emojipedia_category,codepoint_string,num_codepoints,hasComponent,hasModifier,hasModifierBase,appearance_differs_flag,unicode_not_recommended) VALUES (304, 1, 'Spider', '', 'spider', 'nature', 'U+1F577U+FE0F', 2, 1, 0, 0, 0, 0);
INSERT INTO emoji_codepoints (emoji_codepoint_id,emoji_id,codepoint_id,sequence_index) VALUES (330, 304, 837, 1),(331, 304, 1185, 2);

INSERT INTO emoji (emoji_id,emoji_version_id,emoji_name,emoji_character,emojipedia_url_ext,emojipedia_category,codepoint_string,num_codepoints,hasComponent,hasModifier,hasModifierBase,appearance_differs_flag,unicode_not_recommended) VALUES (305, 1, 'Spider Web', '', 'spider-web', 'nature', 'U+1F578U+FE0F', 2, 1, 0, 0, 0, 0);
INSERT INTO emoji_codepoints (emoji_codepoint_id,emoji_id,codepoint_id,sequence_index) VALUES (332, 305, 838, 1),(333, 305, 1185, 2);

INSERT INTO emoji (emoji_id,emoji_version_id,emoji_name,emoji_character,emojipedia_url_ext,emojipedia_category,codepoint_string,num_codepoints,hasComponent,hasModifier,hasModifierBase,appearance_differs_flag,unicode_not_recommended) VALUES (306, 1, 'Scorpion', '', 'scorpion', 'nature', 'U+1F982', 1, 0, 0, 0, 0, 0);
INSERT INTO emoji_codepoints (emoji_codepoint_id,emoji_id,codepoint_id,sequence_index) VALUES (334, 306, 1137, 1);

INSERT INTO emoji (emoji_id,emoji_version_id,emoji_name,emoji_character,emojipedia_url_ext,emojipedia_category,codepoint_string,num_codepoints,hasComponent,hasModifier,hasModifierBase,appearance_differs_flag,unicode_not_recommended) VALUES (307, 1, 'Bouquet', '', 'bouquet', 'nature', 'U+1F490', 1, 0, 0, 0, 0, 0);
INSERT INTO emoji_codepoints (emoji_codepoint_id,emoji_id,codepoint_id,sequence_index) VALUES (335, 307, 628, 1);

INSERT INTO emoji (emoji_id,emoji_version_id,emoji_name,emoji_character,emojipedia_url_ext,emojipedia_category,codepoint_string,num_codepoints,hasComponent,hasModifier,hasModifierBase,appearance_differs_flag,unicode_not_recommended) VALUES (308, 1, 'Cherry Blossom', '', 'cherry-blossom', 'nature', 'U+1F338', 1, 0, 0, 0, 0, 0);
INSERT INTO emoji_codepoints (emoji_codepoint_id,emoji_id,codepoint_id,sequence_index) VALUES (336, 308, 292, 1);

INSERT INTO emoji (emoji_id,emoji_version_id,emoji_name,emoji_character,emojipedia_url_ext,emojipedia_category,codepoint_string,num_codepoints,hasComponent,hasModifier,hasModifierBase,appearance_differs_flag,unicode_not_recommended) VALUES (309, 1, 'White Flower', '', 'white-flower', 'symbols', 'U+1F4AE', 1, 0, 0, 0, 0, 0);
INSERT INTO emoji_codepoints (emoji_codepoint_id,emoji_id,codepoint_id,sequence_index) VALUES (337, 309, 658, 1);

INSERT INTO emoji (emoji_id,emoji_version_id,emoji_name,emoji_character,emojipedia_url_ext,emojipedia_category,codepoint_string,num_codepoints,hasComponent,hasModifier,hasModifierBase,appearance_differs_flag,unicode_not_recommended) VALUES (310, 1, 'Rosette', '', 'rosette', 'nature', 'U+1F3F5U+FE0F', 2, 1, 0, 0, 0, 0);
INSERT INTO emoji_codepoints (emoji_codepoint_id,emoji_id,codepoint_id,sequence_index) VALUES (338, 310, 474, 1),(339, 310, 1185, 2);

INSERT INTO emoji (emoji_id,emoji_version_id,emoji_name,emoji_character,emojipedia_url_ext,emojipedia_category,codepoint_string,num_codepoints,hasComponent,hasModifier,hasModifierBase,appearance_differs_flag,unicode_not_recommended) VALUES (311, 1, 'Rose', '', 'rose', 'nature', 'U+1F339', 1, 0, 0, 0, 0, 0);
INSERT INTO emoji_codepoints (emoji_codepoint_id,emoji_id,codepoint_id,sequence_index) VALUES (340, 311, 293, 1);

INSERT INTO emoji (emoji_id,emoji_version_id,emoji_name,emoji_character,emojipedia_url_ext,emojipedia_category,codepoint_string,num_codepoints,hasComponent,hasModifier,hasModifierBase,appearance_differs_flag,unicode_not_recommended) VALUES (312, 1, 'Hibiscus', '', 'hibiscus', 'nature', 'U+1F33A', 1, 0, 0, 0, 0, 0);
INSERT INTO emoji_codepoints (emoji_codepoint_id,emoji_id,codepoint_id,sequence_index) VALUES (341, 312, 294, 1);

INSERT INTO emoji (emoji_id,emoji_version_id,emoji_name,emoji_character,emojipedia_url_ext,emojipedia_category,codepoint_string,num_codepoints,hasComponent,hasModifier,hasModifierBase,appearance_differs_flag,unicode_not_recommended) VALUES (313, 1, 'Sunflower', '', 'sunflower', 'nature', 'U+1F33B', 1, 0, 0, 0, 0, 0);
INSERT INTO emoji_codepoints (emoji_codepoint_id,emoji_id,codepoint_id,sequence_index) VALUES (342, 313, 295, 1);

INSERT INTO emoji (emoji_id,emoji_version_id,emoji_name,emoji_character,emojipedia_url_ext,emojipedia_category,codepoint_string,num_codepoints,hasComponent,hasModifier,hasModifierBase,appearance_differs_flag,unicode_not_recommended) VALUES (314, 1, 'Blossom', '', 'blossom', 'nature', 'U+1F33C', 1, 0, 0, 0, 0, 0);
INSERT INTO emoji_codepoints (emoji_codepoint_id,emoji_id,codepoint_id,sequence_index) VALUES (343, 314, 296, 1);

INSERT INTO emoji (emoji_id,emoji_version_id,emoji_name,emoji_character,emojipedia_url_ext,emojipedia_category,codepoint_string,num_codepoints,hasComponent,hasModifier,hasModifierBase,appearance_differs_flag,unicode_not_recommended) VALUES (315, 1, 'Tulip', '', 'tulip', 'nature', 'U+1F337', 1, 0, 0, 0, 0, 0);
INSERT INTO emoji_codepoints (emoji_codepoint_id,emoji_id,codepoint_id,sequence_index) VALUES (344, 315, 291, 1);

INSERT INTO emoji (emoji_id,emoji_version_id,emoji_name,emoji_character,emojipedia_url_ext,emojipedia_category,codepoint_string,num_codepoints,hasComponent,hasModifier,hasModifierBase,appearance_differs_flag,unicode_not_recommended) VALUES (316, 1, 'Seedling', '', 'seedling', 'nature', 'U+1F331', 1, 0, 0, 0, 0, 0);
INSERT INTO emoji_codepoints (emoji_codepoint_id,emoji_id,codepoint_id,sequence_index) VALUES (345, 316, 285, 1);

INSERT INTO emoji (emoji_id,emoji_version_id,emoji_name,emoji_character,emojipedia_url_ext,emojipedia_category,codepoint_string,num_codepoints,hasComponent,hasModifier,hasModifierBase,appearance_differs_flag,unicode_not_recommended) VALUES (317, 1, 'Evergreen Tree', '', 'evergreen-tree', 'nature', 'U+1F332', 1, 0, 0, 0, 0, 0);
INSERT INTO emoji_codepoints (emoji_codepoint_id,emoji_id,codepoint_id,sequence_index) VALUES (346, 317, 286, 1);

INSERT INTO emoji (emoji_id,emoji_version_id,emoji_name,emoji_character,emojipedia_url_ext,emojipedia_category,codepoint_string,num_codepoints,hasComponent,hasModifier,hasModifierBase,appearance_differs_flag,unicode_not_recommended) VALUES (318, 1, 'Deciduous Tree', '', 'deciduous-tree', 'nature', 'U+1F333', 1, 0, 0, 0, 0, 0);
INSERT INTO emoji_codepoints (emoji_codepoint_id,emoji_id,codepoint_id,sequence_index) VALUES (347, 318, 287, 1);

INSERT INTO emoji (emoji_id,emoji_version_id,emoji_name,emoji_character,emojipedia_url_ext,emojipedia_category,codepoint_string,num_codepoints,hasComponent,hasModifier,hasModifierBase,appearance_differs_flag,unicode_not_recommended) VALUES (319, 1, 'Palm Tree', '', 'palm-tree', 'nature', 'U+1F334', 1, 0, 0, 0, 0, 0);
INSERT INTO emoji_codepoints (emoji_codepoint_id,emoji_id,codepoint_id,sequence_index) VALUES (348, 319, 288, 1);

INSERT INTO emoji (emoji_id,emoji_version_id,emoji_name,emoji_character,emojipedia_url_ext,emojipedia_category,codepoint_string,num_codepoints,hasComponent,hasModifier,hasModifierBase,appearance_differs_flag,unicode_not_recommended) VALUES (320, 1, 'Cactus', '', 'cactus', 'nature', 'U+1F335', 1, 0, 0, 0, 0, 0);
INSERT INTO emoji_codepoints (emoji_codepoint_id,emoji_id,codepoint_id,sequence_index) VALUES (349, 320, 289, 1);

INSERT INTO emoji (emoji_id,emoji_version_id,emoji_name,emoji_character,emojipedia_url_ext,emojipedia_category,codepoint_string,num_codepoints,hasComponent,hasModifier,hasModifierBase,appearance_differs_flag,unicode_not_recommended) VALUES (321, 1, 'Sheaf of Rice', '', 'ear-of-rice', 'nature', 'U+1F33E', 1, 0, 0, 0, 0, 0);
INSERT INTO emoji_codepoints (emoji_codepoint_id,emoji_id,codepoint_id,sequence_index) VALUES (350, 321, 298, 1);

INSERT INTO emoji (emoji_id,emoji_version_id,emoji_name,emoji_character,emojipedia_url_ext,emojipedia_category,codepoint_string,num_codepoints,hasComponent,hasModifier,hasModifierBase,appearance_differs_flag,unicode_not_recommended) VALUES (322, 1, 'Herb', '', 'herb', 'nature', 'U+1F33F', 1, 0, 0, 0, 0, 0);
INSERT INTO emoji_codepoints (emoji_codepoint_id,emoji_id,codepoint_id,sequence_index) VALUES (351, 322, 299, 1);

INSERT INTO emoji (emoji_id,emoji_version_id,emoji_name,emoji_character,emojipedia_url_ext,emojipedia_category,codepoint_string,num_codepoints,hasComponent,hasModifier,hasModifierBase,appearance_differs_flag,unicode_not_recommended) VALUES (323, 1, 'Shamrock', '', 'shamrock', 'nature', 'U+2618U+FE0F', 2, 1, 0, 0, 0, 0);
INSERT INTO emoji_codepoints (emoji_codepoint_id,emoji_id,codepoint_id,sequence_index) VALUES (352, 323, 63, 1),(353, 323, 1185, 2);

INSERT INTO emoji (emoji_id,emoji_version_id,emoji_name,emoji_character,emojipedia_url_ext,emojipedia_category,codepoint_string,num_codepoints,hasComponent,hasModifier,hasModifierBase,appearance_differs_flag,unicode_not_recommended) VALUES (324, 1, 'Four Leaf Clover', '', 'four-leaf-clover', 'nature', 'U+1F340', 1, 0, 0, 0, 0, 0);
INSERT INTO emoji_codepoints (emoji_codepoint_id,emoji_id,codepoint_id,sequence_index) VALUES (354, 324, 300, 1);

INSERT INTO emoji (emoji_id,emoji_version_id,emoji_name,emoji_character,emojipedia_url_ext,emojipedia_category,codepoint_string,num_codepoints,hasComponent,hasModifier,hasModifierBase,appearance_differs_flag,unicode_not_recommended) VALUES (325, 1, 'Maple Leaf', '', 'maple-leaf', 'nature', 'U+1F341', 1, 0, 0, 0, 0, 0);
INSERT INTO emoji_codepoints (emoji_codepoint_id,emoji_id,codepoint_id,sequence_index) VALUES (355, 325, 301, 1);

INSERT INTO emoji (emoji_id,emoji_version_id,emoji_name,emoji_character,emojipedia_url_ext,emojipedia_category,codepoint_string,num_codepoints,hasComponent,hasModifier,hasModifierBase,appearance_differs_flag,unicode_not_recommended) VALUES (326, 1, 'Fallen Leaf', '', 'fallen-leaf', 'nature', 'U+1F342', 1, 0, 0, 0, 0, 0);
INSERT INTO emoji_codepoints (emoji_codepoint_id,emoji_id,codepoint_id,sequence_index) VALUES (356, 326, 302, 1);

INSERT INTO emoji (emoji_id,emoji_version_id,emoji_name,emoji_character,emojipedia_url_ext,emojipedia_category,codepoint_string,num_codepoints,hasComponent,hasModifier,hasModifierBase,appearance_differs_flag,unicode_not_recommended) VALUES (327, 1, 'Leaf Fluttering in Wind', '', 'leaf-fluttering-in-wind', 'nature', 'U+1F343', 1, 0, 0, 0, 0, 0);
INSERT INTO emoji_codepoints (emoji_codepoint_id,emoji_id,codepoint_id,sequence_index) VALUES (357, 327, 303, 1);

INSERT INTO emoji (emoji_id,emoji_version_id,emoji_name,emoji_character,emojipedia_url_ext,emojipedia_category,codepoint_string,num_codepoints,hasComponent,hasModifier,hasModifierBase,appearance_differs_flag,unicode_not_recommended) VALUES (328, 1, 'Grapes', '', 'grapes', 'food-drink', 'U+1F347', 1, 0, 0, 0, 0, 0);
INSERT INTO emoji_codepoints (emoji_codepoint_id,emoji_id,codepoint_id,sequence_index) VALUES (358, 328, 307, 1);

INSERT INTO emoji (emoji_id,emoji_version_id,emoji_name,emoji_character,emojipedia_url_ext,emojipedia_category,codepoint_string,num_codepoints,hasComponent,hasModifier,hasModifierBase,appearance_differs_flag,unicode_not_recommended) VALUES (329, 1, 'Melon', '', 'melon', 'food-drink', 'U+1F348', 1, 0, 0, 0, 0, 0);
INSERT INTO emoji_codepoints (emoji_codepoint_id,emoji_id,codepoint_id,sequence_index) VALUES (359, 329, 308, 1);

INSERT INTO emoji (emoji_id,emoji_version_id,emoji_name,emoji_character,emojipedia_url_ext,emojipedia_category,codepoint_string,num_codepoints,hasComponent,hasModifier,hasModifierBase,appearance_differs_flag,unicode_not_recommended) VALUES (330, 1, 'Watermelon', '', 'watermelon', 'food-drink', 'U+1F349', 1, 0, 0, 0, 0, 0);
INSERT INTO emoji_codepoints (emoji_codepoint_id,emoji_id,codepoint_id,sequence_index) VALUES (360, 330, 309, 1);

INSERT INTO emoji (emoji_id,emoji_version_id,emoji_name,emoji_character,emojipedia_url_ext,emojipedia_category,codepoint_string,num_codepoints,hasComponent,hasModifier,hasModifierBase,appearance_differs_flag,unicode_not_recommended) VALUES (331, 1, 'Tangerine', '', 'tangerine', 'food-drink', 'U+1F34A', 1, 0, 0, 0, 0, 0);
INSERT INTO emoji_codepoints (emoji_codepoint_id,emoji_id,codepoint_id,sequence_index) VALUES (361, 331, 310, 1);

INSERT INTO emoji (emoji_id,emoji_version_id,emoji_name,emoji_character,emojipedia_url_ext,emojipedia_category,codepoint_string,num_codepoints,hasComponent,hasModifier,hasModifierBase,appearance_differs_flag,unicode_not_recommended) VALUES (332, 1, 'Lemon', '', 'lemon', 'food-drink', 'U+1F34B', 1, 0, 0, 0, 0, 0);
INSERT INTO emoji_codepoints (emoji_codepoint_id,emoji_id,codepoint_id,sequence_index) VALUES (362, 332, 311, 1);

INSERT INTO emoji (emoji_id,emoji_version_id,emoji_name,emoji_character,emojipedia_url_ext,emojipedia_category,codepoint_string,num_codepoints,hasComponent,hasModifier,hasModifierBase,appearance_differs_flag,unicode_not_recommended) VALUES (333, 1, 'Banana', '', 'banana', 'food-drink', 'U+1F34C', 1, 0, 0, 0, 0, 0);
INSERT INTO emoji_codepoints (emoji_codepoint_id,emoji_id,codepoint_id,sequence_index) VALUES (363, 333, 312, 1);

INSERT INTO emoji (emoji_id,emoji_version_id,emoji_name,emoji_character,emojipedia_url_ext,emojipedia_category,codepoint_string,num_codepoints,hasComponent,hasModifier,hasModifierBase,appearance_differs_flag,unicode_not_recommended) VALUES (334, 1, 'Pineapple', '', 'pineapple', 'food-drink', 'U+1F34D', 1, 0, 0, 0, 0, 0);
INSERT INTO emoji_codepoints (emoji_codepoint_id,emoji_id,codepoint_id,sequence_index) VALUES (364, 334, 313, 1);

INSERT INTO emoji (emoji_id,emoji_version_id,emoji_name,emoji_character,emojipedia_url_ext,emojipedia_category,codepoint_string,num_codepoints,hasComponent,hasModifier,hasModifierBase,appearance_differs_flag,unicode_not_recommended) VALUES (335, 1, 'Red Apple', '', 'red-apple', 'food-drink', 'U+1F34E', 1, 0, 0, 0, 0, 0);
INSERT INTO emoji_codepoints (emoji_codepoint_id,emoji_id,codepoint_id,sequence_index) VALUES (365, 335, 314, 1);

INSERT INTO emoji (emoji_id,emoji_version_id,emoji_name,emoji_character,emojipedia_url_ext,emojipedia_category,codepoint_string,num_codepoints,hasComponent,hasModifier,hasModifierBase,appearance_differs_flag,unicode_not_recommended) VALUES (336, 1, 'Green Apple', '', 'green-apple', 'food-drink', 'U+1F34F', 1, 0, 0, 0, 0, 0);
INSERT INTO emoji_codepoints (emoji_codepoint_id,emoji_id,codepoint_id,sequence_index) VALUES (366, 336, 315, 1);

INSERT INTO emoji (emoji_id,emoji_version_id,emoji_name,emoji_character,emojipedia_url_ext,emojipedia_category,codepoint_string,num_codepoints,hasComponent,hasModifier,hasModifierBase,appearance_differs_flag,unicode_not_recommended) VALUES (337, 1, 'Pear', '', 'pear', 'food-drink', 'U+1F350', 1, 0, 0, 0, 0, 0);
INSERT INTO emoji_codepoints (emoji_codepoint_id,emoji_id,codepoint_id,sequence_index) VALUES (367, 337, 316, 1);

INSERT INTO emoji (emoji_id,emoji_version_id,emoji_name,emoji_character,emojipedia_url_ext,emojipedia_category,codepoint_string,num_codepoints,hasComponent,hasModifier,hasModifierBase,appearance_differs_flag,unicode_not_recommended) VALUES (338, 1, 'Peach', '', 'peach', 'food-drink', 'U+1F351', 1, 0, 0, 0, 0, 0);
INSERT INTO emoji_codepoints (emoji_codepoint_id,emoji_id,codepoint_id,sequence_index) VALUES (368, 338, 317, 1);

INSERT INTO emoji (emoji_id,emoji_version_id,emoji_name,emoji_character,emojipedia_url_ext,emojipedia_category,codepoint_string,num_codepoints,hasComponent,hasModifier,hasModifierBase,appearance_differs_flag,unicode_not_recommended) VALUES (339, 1, 'Cherries', '', 'cherries', 'food-drink', 'U+1F352', 1, 0, 0, 0, 0, 0);
INSERT INTO emoji_codepoints (emoji_codepoint_id,emoji_id,codepoint_id,sequence_index) VALUES (369, 339, 318, 1);

INSERT INTO emoji (emoji_id,emoji_version_id,emoji_name,emoji_character,emojipedia_url_ext,emojipedia_category,codepoint_string,num_codepoints,hasComponent,hasModifier,hasModifierBase,appearance_differs_flag,unicode_not_recommended) VALUES (340, 1, 'Strawberry', '', 'strawberry', 'food-drink', 'U+1F353', 1, 0, 0, 0, 0, 0);
INSERT INTO emoji_codepoints (emoji_codepoint_id,emoji_id,codepoint_id,sequence_index) VALUES (370, 340, 319, 1);

INSERT INTO emoji (emoji_id,emoji_version_id,emoji_name,emoji_character,emojipedia_url_ext,emojipedia_category,codepoint_string,num_codepoints,hasComponent,hasModifier,hasModifierBase,appearance_differs_flag,unicode_not_recommended) VALUES (341, 1, 'Tomato', '', 'tomato', 'food-drink', 'U+1F345', 1, 0, 0, 0, 0, 0);
INSERT INTO emoji_codepoints (emoji_codepoint_id,emoji_id,codepoint_id,sequence_index) VALUES (371, 341, 305, 1);

INSERT INTO emoji (emoji_id,emoji_version_id,emoji_name,emoji_character,emojipedia_url_ext,emojipedia_category,codepoint_string,num_codepoints,hasComponent,hasModifier,hasModifierBase,appearance_differs_flag,unicode_not_recommended) VALUES (342, 1, 'Eggplant', '', 'aubergine', 'food-drink', 'U+1F346', 1, 0, 0, 0, 0, 0);
INSERT INTO emoji_codepoints (emoji_codepoint_id,emoji_id,codepoint_id,sequence_index) VALUES (372, 342, 306, 1);

INSERT INTO emoji (emoji_id,emoji_version_id,emoji_name,emoji_character,emojipedia_url_ext,emojipedia_category,codepoint_string,num_codepoints,hasComponent,hasModifier,hasModifierBase,appearance_differs_flag,unicode_not_recommended) VALUES (343, 1, 'Ear of Corn', '', 'ear-of-maize', 'food-drink', 'U+1F33D', 1, 0, 0, 0, 0, 0);
INSERT INTO emoji_codepoints (emoji_codepoint_id,emoji_id,codepoint_id,sequence_index) VALUES (373, 343, 297, 1);

INSERT INTO emoji (emoji_id,emoji_version_id,emoji_name,emoji_character,emojipedia_url_ext,emojipedia_category,codepoint_string,num_codepoints,hasComponent,hasModifier,hasModifierBase,appearance_differs_flag,unicode_not_recommended) VALUES (344, 1, 'Hot Pepper', '', 'hot-pepper', 'food-drink', 'U+1F336U+FE0F', 2, 1, 0, 0, 0, 0);
INSERT INTO emoji_codepoints (emoji_codepoint_id,emoji_id,codepoint_id,sequence_index) VALUES (374, 344, 290, 1),(375, 344, 1185, 2);

INSERT INTO emoji (emoji_id,emoji_version_id,emoji_name,emoji_character,emojipedia_url_ext,emojipedia_category,codepoint_string,num_codepoints,hasComponent,hasModifier,hasModifierBase,appearance_differs_flag,unicode_not_recommended) VALUES (345, 1, 'Mushroom', '', 'mushroom', 'food-drink', 'U+1F344', 1, 0, 0, 0, 0, 0);
INSERT INTO emoji_codepoints (emoji_codepoint_id,emoji_id,codepoint_id,sequence_index) VALUES (376, 345, 304, 1);

INSERT INTO emoji (emoji_id,emoji_version_id,emoji_name,emoji_character,emojipedia_url_ext,emojipedia_category,codepoint_string,num_codepoints,hasComponent,hasModifier,hasModifierBase,appearance_differs_flag,unicode_not_recommended) VALUES (346, 1, 'Chestnut', '', 'chestnut', 'food-drink', 'U+1F330', 1, 0, 0, 0, 0, 0);
INSERT INTO emoji_codepoints (emoji_codepoint_id,emoji_id,codepoint_id,sequence_index) VALUES (377, 346, 284, 1);

INSERT INTO emoji (emoji_id,emoji_version_id,emoji_name,emoji_character,emojipedia_url_ext,emojipedia_category,codepoint_string,num_codepoints,hasComponent,hasModifier,hasModifierBase,appearance_differs_flag,unicode_not_recommended) VALUES (347, 1, 'Bread', '', 'bread', 'food-drink', 'U+1F35E', 1, 0, 0, 0, 0, 0);
INSERT INTO emoji_codepoints (emoji_codepoint_id,emoji_id,codepoint_id,sequence_index) VALUES (378, 347, 330, 1);

INSERT INTO emoji (emoji_id,emoji_version_id,emoji_name,emoji_character,emojipedia_url_ext,emojipedia_category,codepoint_string,num_codepoints,hasComponent,hasModifier,hasModifierBase,appearance_differs_flag,unicode_not_recommended) VALUES (348, 1, 'Cheese Wedge', '', 'cheese-wedge', 'food-drink', 'U+1F9C0', 1, 0, 0, 0, 0, 0);
INSERT INTO emoji_codepoints (emoji_codepoint_id,emoji_id,codepoint_id,sequence_index) VALUES (379, 348, 1159, 1);

INSERT INTO emoji (emoji_id,emoji_version_id,emoji_name,emoji_character,emojipedia_url_ext,emojipedia_category,codepoint_string,num_codepoints,hasComponent,hasModifier,hasModifierBase,appearance_differs_flag,unicode_not_recommended) VALUES (349, 1, 'Meat on Bone', '', 'meat-on-bone', 'food-drink', 'U+1F356', 1, 0, 0, 0, 0, 0);
INSERT INTO emoji_codepoints (emoji_codepoint_id,emoji_id,codepoint_id,sequence_index) VALUES (380, 349, 322, 1);

INSERT INTO emoji (emoji_id,emoji_version_id,emoji_name,emoji_character,emojipedia_url_ext,emojipedia_category,codepoint_string,num_codepoints,hasComponent,hasModifier,hasModifierBase,appearance_differs_flag,unicode_not_recommended) VALUES (350, 1, 'Poultry Leg', '', 'poultry-leg', 'food-drink', 'U+1F357', 1, 0, 0, 0, 0, 0);
INSERT INTO emoji_codepoints (emoji_codepoint_id,emoji_id,codepoint_id,sequence_index) VALUES (381, 350, 323, 1);

INSERT INTO emoji (emoji_id,emoji_version_id,emoji_name,emoji_character,emojipedia_url_ext,emojipedia_category,codepoint_string,num_codepoints,hasComponent,hasModifier,hasModifierBase,appearance_differs_flag,unicode_not_recommended) VALUES (351, 1, 'Hamburger', '', 'hamburger', 'food-drink', 'U+1F354', 1, 0, 0, 0, 0, 0);
INSERT INTO emoji_codepoints (emoji_codepoint_id,emoji_id,codepoint_id,sequence_index) VALUES (382, 351, 320, 1);

INSERT INTO emoji (emoji_id,emoji_version_id,emoji_name,emoji_character,emojipedia_url_ext,emojipedia_category,codepoint_string,num_codepoints,hasComponent,hasModifier,hasModifierBase,appearance_differs_flag,unicode_not_recommended) VALUES (352, 1, 'French Fries', '', 'french-fries', 'food-drink', 'U+1F35F', 1, 0, 0, 0, 0, 0);
INSERT INTO emoji_codepoints (emoji_codepoint_id,emoji_id,codepoint_id,sequence_index) VALUES (383, 352, 331, 1);

INSERT INTO emoji (emoji_id,emoji_version_id,emoji_name,emoji_character,emojipedia_url_ext,emojipedia_category,codepoint_string,num_codepoints,hasComponent,hasModifier,hasModifierBase,appearance_differs_flag,unicode_not_recommended) VALUES (353, 1, 'Pizza', '', 'slice-of-pizza', 'food-drink', 'U+1F355', 1, 0, 0, 0, 0, 0);
INSERT INTO emoji_codepoints (emoji_codepoint_id,emoji_id,codepoint_id,sequence_index) VALUES (384, 353, 321, 1);

INSERT INTO emoji (emoji_id,emoji_version_id,emoji_name,emoji_character,emojipedia_url_ext,emojipedia_category,codepoint_string,num_codepoints,hasComponent,hasModifier,hasModifierBase,appearance_differs_flag,unicode_not_recommended) VALUES (354, 1, 'Hot Dog', '', 'hot-dog', 'food-drink', 'U+1F32D', 1, 0, 0, 0, 0, 0);
INSERT INTO emoji_codepoints (emoji_codepoint_id,emoji_id,codepoint_id,sequence_index) VALUES (385, 354, 281, 1);

INSERT INTO emoji (emoji_id,emoji_version_id,emoji_name,emoji_character,emojipedia_url_ext,emojipedia_category,codepoint_string,num_codepoints,hasComponent,hasModifier,hasModifierBase,appearance_differs_flag,unicode_not_recommended) VALUES (355, 1, 'Taco', '', 'taco', 'food-drink', 'U+1F32E', 1, 0, 0, 0, 0, 0);
INSERT INTO emoji_codepoints (emoji_codepoint_id,emoji_id,codepoint_id,sequence_index) VALUES (386, 355, 282, 1);

INSERT INTO emoji (emoji_id,emoji_version_id,emoji_name,emoji_character,emojipedia_url_ext,emojipedia_category,codepoint_string,num_codepoints,hasComponent,hasModifier,hasModifierBase,appearance_differs_flag,unicode_not_recommended) VALUES (356, 1, 'Burrito', '', 'burrito', 'food-drink', 'U+1F32F', 1, 0, 0, 0, 0, 0);
INSERT INTO emoji_codepoints (emoji_codepoint_id,emoji_id,codepoint_id,sequence_index) VALUES (387, 356, 283, 1);

INSERT INTO emoji (emoji_id,emoji_version_id,emoji_name,emoji_character,emojipedia_url_ext,emojipedia_category,codepoint_string,num_codepoints,hasComponent,hasModifier,hasModifierBase,appearance_differs_flag,unicode_not_recommended) VALUES (357, 1, 'Cooking', '', 'cooking', 'food-drink', 'U+1F373', 1, 0, 0, 0, 0, 0);
INSERT INTO emoji_codepoints (emoji_codepoint_id,emoji_id,codepoint_id,sequence_index) VALUES (388, 357, 351, 1);

INSERT INTO emoji (emoji_id,emoji_version_id,emoji_name,emoji_character,emojipedia_url_ext,emojipedia_category,codepoint_string,num_codepoints,hasComponent,hasModifier,hasModifierBase,appearance_differs_flag,unicode_not_recommended) VALUES (358, 1, 'Pot of Food', '', 'pot-of-food', 'food-drink', 'U+1F372', 1, 0, 0, 0, 0, 0);
INSERT INTO emoji_codepoints (emoji_codepoint_id,emoji_id,codepoint_id,sequence_index) VALUES (389, 358, 350, 1);

INSERT INTO emoji (emoji_id,emoji_version_id,emoji_name,emoji_character,emojipedia_url_ext,emojipedia_category,codepoint_string,num_codepoints,hasComponent,hasModifier,hasModifierBase,appearance_differs_flag,unicode_not_recommended) VALUES (359, 1, 'Popcorn', '', 'popcorn', 'food-drink', 'U+1F37F', 1, 0, 0, 0, 0, 0);
INSERT INTO emoji_codepoints (emoji_codepoint_id,emoji_id,codepoint_id,sequence_index) VALUES (390, 359, 363, 1);

INSERT INTO emoji (emoji_id,emoji_version_id,emoji_name,emoji_character,emojipedia_url_ext,emojipedia_category,codepoint_string,num_codepoints,hasComponent,hasModifier,hasModifierBase,appearance_differs_flag,unicode_not_recommended) VALUES (360, 1, 'Bento Box', '', 'bento-box', 'food-drink', 'U+1F371', 1, 0, 0, 0, 0, 0);
INSERT INTO emoji_codepoints (emoji_codepoint_id,emoji_id,codepoint_id,sequence_index) VALUES (391, 360, 349, 1);

INSERT INTO emoji (emoji_id,emoji_version_id,emoji_name,emoji_character,emojipedia_url_ext,emojipedia_category,codepoint_string,num_codepoints,hasComponent,hasModifier,hasModifierBase,appearance_differs_flag,unicode_not_recommended) VALUES (361, 1, 'Rice Cracker', '', 'rice-cracker', 'food-drink', 'U+1F358', 1, 0, 0, 0, 0, 0);
INSERT INTO emoji_codepoints (emoji_codepoint_id,emoji_id,codepoint_id,sequence_index) VALUES (392, 361, 324, 1);

INSERT INTO emoji (emoji_id,emoji_version_id,emoji_name,emoji_character,emojipedia_url_ext,emojipedia_category,codepoint_string,num_codepoints,hasComponent,hasModifier,hasModifierBase,appearance_differs_flag,unicode_not_recommended) VALUES (362, 1, 'Rice Ball', '', 'rice-ball', 'food-drink', 'U+1F359', 1, 0, 0, 0, 0, 0);
INSERT INTO emoji_codepoints (emoji_codepoint_id,emoji_id,codepoint_id,sequence_index) VALUES (393, 362, 325, 1);

INSERT INTO emoji (emoji_id,emoji_version_id,emoji_name,emoji_character,emojipedia_url_ext,emojipedia_category,codepoint_string,num_codepoints,hasComponent,hasModifier,hasModifierBase,appearance_differs_flag,unicode_not_recommended) VALUES (363, 1, 'Cooked Rice', '', 'cooked-rice', 'food-drink', 'U+1F35A', 1, 0, 0, 0, 0, 0);
INSERT INTO emoji_codepoints (emoji_codepoint_id,emoji_id,codepoint_id,sequence_index) VALUES (394, 363, 326, 1);

INSERT INTO emoji (emoji_id,emoji_version_id,emoji_name,emoji_character,emojipedia_url_ext,emojipedia_category,codepoint_string,num_codepoints,hasComponent,hasModifier,hasModifierBase,appearance_differs_flag,unicode_not_recommended) VALUES (364, 1, 'Curry Rice', '', 'curry-and-rice', 'food-drink', 'U+1F35B', 1, 0, 0, 0, 0, 0);
INSERT INTO emoji_codepoints (emoji_codepoint_id,emoji_id,codepoint_id,sequence_index) VALUES (395, 364, 327, 1);

INSERT INTO emoji (emoji_id,emoji_version_id,emoji_name,emoji_character,emojipedia_url_ext,emojipedia_category,codepoint_string,num_codepoints,hasComponent,hasModifier,hasModifierBase,appearance_differs_flag,unicode_not_recommended) VALUES (365, 1, 'Steaming Bowl', '', 'steaming-bowl', 'food-drink', 'U+1F35C', 1, 0, 0, 0, 0, 0);
INSERT INTO emoji_codepoints (emoji_codepoint_id,emoji_id,codepoint_id,sequence_index) VALUES (396, 365, 328, 1);

INSERT INTO emoji (emoji_id,emoji_version_id,emoji_name,emoji_character,emojipedia_url_ext,emojipedia_category,codepoint_string,num_codepoints,hasComponent,hasModifier,hasModifierBase,appearance_differs_flag,unicode_not_recommended) VALUES (366, 1, 'Spaghetti', '', 'spaghetti', 'food-drink', 'U+1F35D', 1, 0, 0, 0, 0, 0);
INSERT INTO emoji_codepoints (emoji_codepoint_id,emoji_id,codepoint_id,sequence_index) VALUES (397, 366, 329, 1);

INSERT INTO emoji (emoji_id,emoji_version_id,emoji_name,emoji_character,emojipedia_url_ext,emojipedia_category,codepoint_string,num_codepoints,hasComponent,hasModifier,hasModifierBase,appearance_differs_flag,unicode_not_recommended) VALUES (367, 1, 'Roasted Sweet Potato', '', 'roasted-sweet-potato', 'food-drink', 'U+1F360', 1, 0, 0, 0, 0, 0);
INSERT INTO emoji_codepoints (emoji_codepoint_id,emoji_id,codepoint_id,sequence_index) VALUES (398, 367, 332, 1);

INSERT INTO emoji (emoji_id,emoji_version_id,emoji_name,emoji_character,emojipedia_url_ext,emojipedia_category,codepoint_string,num_codepoints,hasComponent,hasModifier,hasModifierBase,appearance_differs_flag,unicode_not_recommended) VALUES (368, 1, 'Oden', '', 'oden', 'food-drink', 'U+1F362', 1, 0, 0, 0, 0, 0);
INSERT INTO emoji_codepoints (emoji_codepoint_id,emoji_id,codepoint_id,sequence_index) VALUES (399, 368, 334, 1);

INSERT INTO emoji (emoji_id,emoji_version_id,emoji_name,emoji_character,emojipedia_url_ext,emojipedia_category,codepoint_string,num_codepoints,hasComponent,hasModifier,hasModifierBase,appearance_differs_flag,unicode_not_recommended) VALUES (369, 1, 'Sushi', '', 'sushi', 'food-drink', 'U+1F363', 1, 0, 0, 0, 0, 0);
INSERT INTO emoji_codepoints (emoji_codepoint_id,emoji_id,codepoint_id,sequence_index) VALUES (400, 369, 335, 1);

INSERT INTO emoji (emoji_id,emoji_version_id,emoji_name,emoji_character,emojipedia_url_ext,emojipedia_category,codepoint_string,num_codepoints,hasComponent,hasModifier,hasModifierBase,appearance_differs_flag,unicode_not_recommended) VALUES (370, 1, 'Fried Shrimp', '', 'fried-shrimp', 'food-drink', 'U+1F364', 1, 0, 0, 0, 0, 0);
INSERT INTO emoji_codepoints (emoji_codepoint_id,emoji_id,codepoint_id,sequence_index) VALUES (401, 370, 336, 1);

INSERT INTO emoji (emoji_id,emoji_version_id,emoji_name,emoji_character,emojipedia_url_ext,emojipedia_category,codepoint_string,num_codepoints,hasComponent,hasModifier,hasModifierBase,appearance_differs_flag,unicode_not_recommended) VALUES (371, 1, 'Fish Cake With Swirl', '', 'fish-cake-with-swirl-design', 'food-drink', 'U+1F365', 1, 0, 0, 0, 0, 0);
INSERT INTO emoji_codepoints (emoji_codepoint_id,emoji_id,codepoint_id,sequence_index) VALUES (402, 371, 337, 1);

INSERT INTO emoji (emoji_id,emoji_version_id,emoji_name,emoji_character,emojipedia_url_ext,emojipedia_category,codepoint_string,num_codepoints,hasComponent,hasModifier,hasModifierBase,appearance_differs_flag,unicode_not_recommended) VALUES (372, 1, 'Dango', '', 'dango', 'food-drink', 'U+1F361', 1, 0, 0, 0, 0, 0);
INSERT INTO emoji_codepoints (emoji_codepoint_id,emoji_id,codepoint_id,sequence_index) VALUES (403, 372, 333, 1);

INSERT INTO emoji (emoji_id,emoji_version_id,emoji_name,emoji_character,emojipedia_url_ext,emojipedia_category,codepoint_string,num_codepoints,hasComponent,hasModifier,hasModifierBase,appearance_differs_flag,unicode_not_recommended) VALUES (373, 1, 'Soft Ice Cream', '', 'soft-ice-cream', 'food-drink', 'U+1F366', 1, 0, 0, 0, 0, 0);
INSERT INTO emoji_codepoints (emoji_codepoint_id,emoji_id,codepoint_id,sequence_index) VALUES (404, 373, 338, 1);

INSERT INTO emoji (emoji_id,emoji_version_id,emoji_name,emoji_character,emojipedia_url_ext,emojipedia_category,codepoint_string,num_codepoints,hasComponent,hasModifier,hasModifierBase,appearance_differs_flag,unicode_not_recommended) VALUES (374, 1, 'Shaved Ice', '', 'shaved-ice', 'food-drink', 'U+1F367', 1, 0, 0, 0, 0, 0);
INSERT INTO emoji_codepoints (emoji_codepoint_id,emoji_id,codepoint_id,sequence_index) VALUES (405, 374, 339, 1);

INSERT INTO emoji (emoji_id,emoji_version_id,emoji_name,emoji_character,emojipedia_url_ext,emojipedia_category,codepoint_string,num_codepoints,hasComponent,hasModifier,hasModifierBase,appearance_differs_flag,unicode_not_recommended) VALUES (375, 1, 'Ice Cream', '', 'ice-cream', 'food-drink', 'U+1F368', 1, 0, 0, 0, 0, 0);
INSERT INTO emoji_codepoints (emoji_codepoint_id,emoji_id,codepoint_id,sequence_index) VALUES (406, 375, 340, 1);

INSERT INTO emoji (emoji_id,emoji_version_id,emoji_name,emoji_character,emojipedia_url_ext,emojipedia_category,codepoint_string,num_codepoints,hasComponent,hasModifier,hasModifierBase,appearance_differs_flag,unicode_not_recommended) VALUES (376, 1, 'Doughnut', '', 'doughnut', 'food-drink', 'U+1F369', 1, 0, 0, 0, 0, 0);
INSERT INTO emoji_codepoints (emoji_codepoint_id,emoji_id,codepoint_id,sequence_index) VALUES (407, 376, 341, 1);

INSERT INTO emoji (emoji_id,emoji_version_id,emoji_name,emoji_character,emojipedia_url_ext,emojipedia_category,codepoint_string,num_codepoints,hasComponent,hasModifier,hasModifierBase,appearance_differs_flag,unicode_not_recommended) VALUES (377, 1, 'Cookie', '', 'cookie', 'food-drink', 'U+1F36A', 1, 0, 0, 0, 0, 0);
INSERT INTO emoji_codepoints (emoji_codepoint_id,emoji_id,codepoint_id,sequence_index) VALUES (408, 377, 342, 1);

INSERT INTO emoji (emoji_id,emoji_version_id,emoji_name,emoji_character,emojipedia_url_ext,emojipedia_category,codepoint_string,num_codepoints,hasComponent,hasModifier,hasModifierBase,appearance_differs_flag,unicode_not_recommended) VALUES (378, 1, 'Birthday Cake', '', 'birthday-cake', 'food-drink', 'U+1F382', 1, 0, 0, 0, 0, 0);
INSERT INTO emoji_codepoints (emoji_codepoint_id,emoji_id,codepoint_id,sequence_index) VALUES (409, 378, 366, 1);

INSERT INTO emoji (emoji_id,emoji_version_id,emoji_name,emoji_character,emojipedia_url_ext,emojipedia_category,codepoint_string,num_codepoints,hasComponent,hasModifier,hasModifierBase,appearance_differs_flag,unicode_not_recommended) VALUES (379, 1, 'Shortcake', '', 'shortcake', 'food-drink', 'U+1F370', 1, 0, 0, 0, 0, 0);
INSERT INTO emoji_codepoints (emoji_codepoint_id,emoji_id,codepoint_id,sequence_index) VALUES (410, 379, 348, 1);

INSERT INTO emoji (emoji_id,emoji_version_id,emoji_name,emoji_character,emojipedia_url_ext,emojipedia_category,codepoint_string,num_codepoints,hasComponent,hasModifier,hasModifierBase,appearance_differs_flag,unicode_not_recommended) VALUES (380, 1, 'Chocolate Bar', '', 'chocolate-bar', 'food-drink', 'U+1F36B', 1, 0, 0, 0, 0, 0);
INSERT INTO emoji_codepoints (emoji_codepoint_id,emoji_id,codepoint_id,sequence_index) VALUES (411, 380, 343, 1);

INSERT INTO emoji (emoji_id,emoji_version_id,emoji_name,emoji_character,emojipedia_url_ext,emojipedia_category,codepoint_string,num_codepoints,hasComponent,hasModifier,hasModifierBase,appearance_differs_flag,unicode_not_recommended) VALUES (381, 1, 'Candy', '', 'candy', 'food-drink', 'U+1F36C', 1, 0, 0, 0, 0, 0);
INSERT INTO emoji_codepoints (emoji_codepoint_id,emoji_id,codepoint_id,sequence_index) VALUES (412, 381, 344, 1);

INSERT INTO emoji (emoji_id,emoji_version_id,emoji_name,emoji_character,emojipedia_url_ext,emojipedia_category,codepoint_string,num_codepoints,hasComponent,hasModifier,hasModifierBase,appearance_differs_flag,unicode_not_recommended) VALUES (382, 1, 'Lollipop', '', 'lollipop', 'food-drink', 'U+1F36D', 1, 0, 0, 0, 0, 0);
INSERT INTO emoji_codepoints (emoji_codepoint_id,emoji_id,codepoint_id,sequence_index) VALUES (413, 382, 345, 1);

INSERT INTO emoji (emoji_id,emoji_version_id,emoji_name,emoji_character,emojipedia_url_ext,emojipedia_category,codepoint_string,num_codepoints,hasComponent,hasModifier,hasModifierBase,appearance_differs_flag,unicode_not_recommended) VALUES (383, 1, 'Custard', '', 'custard', 'food-drink', 'U+1F36E', 1, 0, 0, 0, 0, 0);
INSERT INTO emoji_codepoints (emoji_codepoint_id,emoji_id,codepoint_id,sequence_index) VALUES (414, 383, 346, 1);

INSERT INTO emoji (emoji_id,emoji_version_id,emoji_name,emoji_character,emojipedia_url_ext,emojipedia_category,codepoint_string,num_codepoints,hasComponent,hasModifier,hasModifierBase,appearance_differs_flag,unicode_not_recommended) VALUES (384, 1, 'Honey Pot', '', 'honey-pot', 'food-drink', 'U+1F36F', 1, 0, 0, 0, 0, 0);
INSERT INTO emoji_codepoints (emoji_codepoint_id,emoji_id,codepoint_id,sequence_index) VALUES (415, 384, 347, 1);

INSERT INTO emoji (emoji_id,emoji_version_id,emoji_name,emoji_character,emojipedia_url_ext,emojipedia_category,codepoint_string,num_codepoints,hasComponent,hasModifier,hasModifierBase,appearance_differs_flag,unicode_not_recommended) VALUES (385, 1, 'Baby Bottle', '', 'baby-bottle', 'food-drink', 'U+1F37C', 1, 0, 0, 0, 0, 0);
INSERT INTO emoji_codepoints (emoji_codepoint_id,emoji_id,codepoint_id,sequence_index) VALUES (416, 385, 360, 1);

INSERT INTO emoji (emoji_id,emoji_version_id,emoji_name,emoji_character,emojipedia_url_ext,emojipedia_category,codepoint_string,num_codepoints,hasComponent,hasModifier,hasModifierBase,appearance_differs_flag,unicode_not_recommended) VALUES (386, 1, 'Hot Beverage', '', 'hot-beverage', 'food-drink', 'U+2615', 1, 0, 0, 0, 0, 0);
INSERT INTO emoji_codepoints (emoji_codepoint_id,emoji_id,codepoint_id,sequence_index) VALUES (417, 386, 62, 1);

INSERT INTO emoji (emoji_id,emoji_version_id,emoji_name,emoji_character,emojipedia_url_ext,emojipedia_category,codepoint_string,num_codepoints,hasComponent,hasModifier,hasModifierBase,appearance_differs_flag,unicode_not_recommended) VALUES (387, 1, 'Teacup Without Handle', '', 'teacup-without-handle', 'food-drink', 'U+1F375', 1, 0, 0, 0, 0, 0);
INSERT INTO emoji_codepoints (emoji_codepoint_id,emoji_id,codepoint_id,sequence_index) VALUES (418, 387, 353, 1);

INSERT INTO emoji (emoji_id,emoji_version_id,emoji_name,emoji_character,emojipedia_url_ext,emojipedia_category,codepoint_string,num_codepoints,hasComponent,hasModifier,hasModifierBase,appearance_differs_flag,unicode_not_recommended) VALUES (388, 1, 'Sake', '', 'sake-bottle-and-cup', 'food-drink', 'U+1F376', 1, 0, 0, 0, 0, 0);
INSERT INTO emoji_codepoints (emoji_codepoint_id,emoji_id,codepoint_id,sequence_index) VALUES (419, 388, 354, 1);

INSERT INTO emoji (emoji_id,emoji_version_id,emoji_name,emoji_character,emojipedia_url_ext,emojipedia_category,codepoint_string,num_codepoints,hasComponent,hasModifier,hasModifierBase,appearance_differs_flag,unicode_not_recommended) VALUES (389, 1, 'Bottle With Popping Cork', '', 'bottle-with-popping-cork', 'food-drink', 'U+1F37E', 1, 0, 0, 0, 0, 0);
INSERT INTO emoji_codepoints (emoji_codepoint_id,emoji_id,codepoint_id,sequence_index) VALUES (420, 389, 362, 1);

INSERT INTO emoji (emoji_id,emoji_version_id,emoji_name,emoji_character,emojipedia_url_ext,emojipedia_category,codepoint_string,num_codepoints,hasComponent,hasModifier,hasModifierBase,appearance_differs_flag,unicode_not_recommended) VALUES (390, 1, 'Wine Glass', '', 'wine-glass', 'food-drink', 'U+1F377', 1, 0, 0, 0, 0, 0);
INSERT INTO emoji_codepoints (emoji_codepoint_id,emoji_id,codepoint_id,sequence_index) VALUES (421, 390, 355, 1);

INSERT INTO emoji (emoji_id,emoji_version_id,emoji_name,emoji_character,emojipedia_url_ext,emojipedia_category,codepoint_string,num_codepoints,hasComponent,hasModifier,hasModifierBase,appearance_differs_flag,unicode_not_recommended) VALUES (391, 1, 'Cocktail Glass', '', 'cocktail-glass', 'food-drink', 'U+1F378', 1, 0, 0, 0, 0, 0);
INSERT INTO emoji_codepoints (emoji_codepoint_id,emoji_id,codepoint_id,sequence_index) VALUES (422, 391, 356, 1);

INSERT INTO emoji (emoji_id,emoji_version_id,emoji_name,emoji_character,emojipedia_url_ext,emojipedia_category,codepoint_string,num_codepoints,hasComponent,hasModifier,hasModifierBase,appearance_differs_flag,unicode_not_recommended) VALUES (392, 1, 'Tropical Drink', '', 'tropical-drink', 'food-drink', 'U+1F379', 1, 0, 0, 0, 0, 0);
INSERT INTO emoji_codepoints (emoji_codepoint_id,emoji_id,codepoint_id,sequence_index) VALUES (423, 392, 357, 1);

INSERT INTO emoji (emoji_id,emoji_version_id,emoji_name,emoji_character,emojipedia_url_ext,emojipedia_category,codepoint_string,num_codepoints,hasComponent,hasModifier,hasModifierBase,appearance_differs_flag,unicode_not_recommended) VALUES (393, 1, 'Beer Mug', '', 'beer-mug', 'food-drink', 'U+1F37A', 1, 0, 0, 0, 0, 0);
INSERT INTO emoji_codepoints (emoji_codepoint_id,emoji_id,codepoint_id,sequence_index) VALUES (424, 393, 358, 1);

INSERT INTO emoji (emoji_id,emoji_version_id,emoji_name,emoji_character,emojipedia_url_ext,emojipedia_category,codepoint_string,num_codepoints,hasComponent,hasModifier,hasModifierBase,appearance_differs_flag,unicode_not_recommended) VALUES (394, 1, 'Clinking Beer Mugs', '', 'clinking-beer-mugs', 'food-drink', 'U+1F37B', 1, 0, 0, 0, 0, 0);
INSERT INTO emoji_codepoints (emoji_codepoint_id,emoji_id,codepoint_id,sequence_index) VALUES (425, 394, 359, 1);

INSERT INTO emoji (emoji_id,emoji_version_id,emoji_name,emoji_character,emojipedia_url_ext,emojipedia_category,codepoint_string,num_codepoints,hasComponent,hasModifier,hasModifierBase,appearance_differs_flag,unicode_not_recommended) VALUES (395, 1, 'Fork and Knife With Plate', '', 'fork-and-knife-with-plate', 'food-drink', 'U+1F37DU+FE0F', 2, 1, 0, 0, 0, 0);
INSERT INTO emoji_codepoints (emoji_codepoint_id,emoji_id,codepoint_id,sequence_index) VALUES (426, 395, 361, 1),(427, 395, 1185, 2);

INSERT INTO emoji (emoji_id,emoji_version_id,emoji_name,emoji_character,emojipedia_url_ext,emojipedia_category,codepoint_string,num_codepoints,hasComponent,hasModifier,hasModifierBase,appearance_differs_flag,unicode_not_recommended) VALUES (396, 1, 'Fork and Knife', '', 'fork-and-knife', 'food-drink', 'U+1F374', 1, 0, 0, 0, 0, 0);
INSERT INTO emoji_codepoints (emoji_codepoint_id,emoji_id,codepoint_id,sequence_index) VALUES (428, 396, 352, 1);

INSERT INTO emoji (emoji_id,emoji_version_id,emoji_name,emoji_character,emojipedia_url_ext,emojipedia_category,codepoint_string,num_codepoints,hasComponent,hasModifier,hasModifierBase,appearance_differs_flag,unicode_not_recommended) VALUES (397, 1, 'Kitchen Knife', '', 'hocho', 'objects', 'U+1F52A', 1, 0, 0, 0, 0, 0);
INSERT INTO emoji_codepoints (emoji_codepoint_id,emoji_id,codepoint_id,sequence_index) VALUES (429, 397, 781, 1);

INSERT INTO emoji (emoji_id,emoji_version_id,emoji_name,emoji_character,emojipedia_url_ext,emojipedia_category,codepoint_string,num_codepoints,hasComponent,hasModifier,hasModifierBase,appearance_differs_flag,unicode_not_recommended) VALUES (398, 1, 'Amphora', '', 'amphora', 'objects', 'U+1F3FA', 1, 0, 0, 0, 0, 0);
INSERT INTO emoji_codepoints (emoji_codepoint_id,emoji_id,codepoint_id,sequence_index) VALUES (430, 398, 478, 1);

INSERT INTO emoji (emoji_id,emoji_version_id,emoji_name,emoji_character,emojipedia_url_ext,emojipedia_category,codepoint_string,num_codepoints,hasComponent,hasModifier,hasModifierBase,appearance_differs_flag,unicode_not_recommended) VALUES (399, 1, 'Globe Showing Europe-Africa', '', 'earth-globe-europe-africa', 'nature', 'U+1F30D', 1, 0, 0, 0, 0, 0);
INSERT INTO emoji_codepoints (emoji_codepoint_id,emoji_id,codepoint_id,sequence_index) VALUES (431, 399, 251, 1);

INSERT INTO emoji (emoji_id,emoji_version_id,emoji_name,emoji_character,emojipedia_url_ext,emojipedia_category,codepoint_string,num_codepoints,hasComponent,hasModifier,hasModifierBase,appearance_differs_flag,unicode_not_recommended) VALUES (400, 1, 'Globe Showing Americas', '', 'earth-globe-americas', 'nature', 'U+1F30E', 1, 0, 0, 0, 0, 0);
INSERT INTO emoji_codepoints (emoji_codepoint_id,emoji_id,codepoint_id,sequence_index) VALUES (432, 400, 252, 1);

INSERT INTO emoji (emoji_id,emoji_version_id,emoji_name,emoji_character,emojipedia_url_ext,emojipedia_category,codepoint_string,num_codepoints,hasComponent,hasModifier,hasModifierBase,appearance_differs_flag,unicode_not_recommended) VALUES (401, 1, 'Globe Showing Asia-Australia', '', 'earth-globe-asia-australia', 'nature', 'U+1F30F', 1, 0, 0, 0, 0, 0);
INSERT INTO emoji_codepoints (emoji_codepoint_id,emoji_id,codepoint_id,sequence_index) VALUES (433, 401, 253, 1);

INSERT INTO emoji (emoji_id,emoji_version_id,emoji_name,emoji_character,emojipedia_url_ext,emojipedia_category,codepoint_string,num_codepoints,hasComponent,hasModifier,hasModifierBase,appearance_differs_flag,unicode_not_recommended) VALUES (402, 1, 'Globe With Meridians', '', 'globe-with-meridians', 'nature', 'U+1F310', 1, 0, 0, 0, 0, 0);
INSERT INTO emoji_codepoints (emoji_codepoint_id,emoji_id,codepoint_id,sequence_index) VALUES (434, 402, 254, 1);

INSERT INTO emoji (emoji_id,emoji_version_id,emoji_name,emoji_character,emojipedia_url_ext,emojipedia_category,codepoint_string,num_codepoints,hasComponent,hasModifier,hasModifierBase,appearance_differs_flag,unicode_not_recommended) VALUES (403, 1, 'World Map', '', 'world-map', 'objects', 'U+1F5FAU+FE0F', 2, 1, 0, 0, 0, 0);
INSERT INTO emoji_codepoints (emoji_codepoint_id,emoji_id,codepoint_id,sequence_index) VALUES (435, 403, 869, 1),(436, 403, 1185, 2);

INSERT INTO emoji (emoji_id,emoji_version_id,emoji_name,emoji_character,emojipedia_url_ext,emojipedia_category,codepoint_string,num_codepoints,hasComponent,hasModifier,hasModifierBase,appearance_differs_flag,unicode_not_recommended) VALUES (404, 1, 'Map of Japan', '', 'silhouette-of-japan', 'travel-places', 'U+1F5FE', 1, 0, 0, 0, 0, 0);
INSERT INTO emoji_codepoints (emoji_codepoint_id,emoji_id,codepoint_id,sequence_index) VALUES (437, 404, 873, 1);

INSERT INTO emoji (emoji_id,emoji_version_id,emoji_name,emoji_character,emojipedia_url_ext,emojipedia_category,codepoint_string,num_codepoints,hasComponent,hasModifier,hasModifierBase,appearance_differs_flag,unicode_not_recommended) VALUES (405, 1, 'Snow-Capped Mountain', '', 'snow-capped-mountain', 'travel-places', 'U+1F3D4U+FE0F', 2, 1, 0, 0, 0, 0);
INSERT INTO emoji_codepoints (emoji_codepoint_id,emoji_id,codepoint_id,sequence_index) VALUES (438, 405, 443, 1),(439, 405, 1185, 2);

INSERT INTO emoji (emoji_id,emoji_version_id,emoji_name,emoji_character,emojipedia_url_ext,emojipedia_category,codepoint_string,num_codepoints,hasComponent,hasModifier,hasModifierBase,appearance_differs_flag,unicode_not_recommended) VALUES (406, 1, 'Mountain', '', 'mountain', 'travel-places', 'U+26F0U+FE0F', 2, 1, 0, 0, 0, 0);
INSERT INTO emoji_codepoints (emoji_codepoint_id,emoji_id,codepoint_id,sequence_index) VALUES (440, 406, 123, 1),(441, 406, 1185, 2);

INSERT INTO emoji (emoji_id,emoji_version_id,emoji_name,emoji_character,emojipedia_url_ext,emojipedia_category,codepoint_string,num_codepoints,hasComponent,hasModifier,hasModifierBase,appearance_differs_flag,unicode_not_recommended) VALUES (407, 1, 'Volcano', '', 'volcano', 'travel-places', 'U+1F30B', 1, 0, 0, 0, 0, 0);
INSERT INTO emoji_codepoints (emoji_codepoint_id,emoji_id,codepoint_id,sequence_index) VALUES (442, 407, 249, 1);

INSERT INTO emoji (emoji_id,emoji_version_id,emoji_name,emoji_character,emojipedia_url_ext,emojipedia_category,codepoint_string,num_codepoints,hasComponent,hasModifier,hasModifierBase,appearance_differs_flag,unicode_not_recommended) VALUES (408, 1, 'Mount Fuji', '', 'mount-fuji', 'travel-places', 'U+1F5FB', 1, 0, 0, 0, 0, 0);
INSERT INTO emoji_codepoints (emoji_codepoint_id,emoji_id,codepoint_id,sequence_index) VALUES (443, 408, 870, 1);

INSERT INTO emoji (emoji_id,emoji_version_id,emoji_name,emoji_character,emojipedia_url_ext,emojipedia_category,codepoint_string,num_codepoints,hasComponent,hasModifier,hasModifierBase,appearance_differs_flag,unicode_not_recommended) VALUES (409, 1, 'Camping', '', 'camping', 'travel-places', 'U+1F3D5U+FE0F', 2, 1, 0, 0, 0, 0);
INSERT INTO emoji_codepoints (emoji_codepoint_id,emoji_id,codepoint_id,sequence_index) VALUES (444, 409, 444, 1),(445, 409, 1185, 2);

INSERT INTO emoji (emoji_id,emoji_version_id,emoji_name,emoji_character,emojipedia_url_ext,emojipedia_category,codepoint_string,num_codepoints,hasComponent,hasModifier,hasModifierBase,appearance_differs_flag,unicode_not_recommended) VALUES (410, 1, 'Beach With Umbrella', '', 'beach-with-umbrella', 'travel-places', 'U+1F3D6U+FE0F', 2, 1, 0, 0, 0, 0);
INSERT INTO emoji_codepoints (emoji_codepoint_id,emoji_id,codepoint_id,sequence_index) VALUES (446, 410, 445, 1),(447, 410, 1185, 2);

INSERT INTO emoji (emoji_id,emoji_version_id,emoji_name,emoji_character,emojipedia_url_ext,emojipedia_category,codepoint_string,num_codepoints,hasComponent,hasModifier,hasModifierBase,appearance_differs_flag,unicode_not_recommended) VALUES (411, 1, 'Desert', '', 'desert', 'travel-places', 'U+1F3DCU+FE0F', 2, 1, 0, 0, 0, 0);
INSERT INTO emoji_codepoints (emoji_codepoint_id,emoji_id,codepoint_id,sequence_index) VALUES (448, 411, 451, 1),(449, 411, 1185, 2);

INSERT INTO emoji (emoji_id,emoji_version_id,emoji_name,emoji_character,emojipedia_url_ext,emojipedia_category,codepoint_string,num_codepoints,hasComponent,hasModifier,hasModifierBase,appearance_differs_flag,unicode_not_recommended) VALUES (412, 1, 'Desert Island', '', 'desert-island', 'travel-places', 'U+1F3DDU+FE0F', 2, 1, 0, 0, 0, 0);
INSERT INTO emoji_codepoints (emoji_codepoint_id,emoji_id,codepoint_id,sequence_index) VALUES (450, 412, 452, 1),(451, 412, 1185, 2);

INSERT INTO emoji (emoji_id,emoji_version_id,emoji_name,emoji_character,emojipedia_url_ext,emojipedia_category,codepoint_string,num_codepoints,hasComponent,hasModifier,hasModifierBase,appearance_differs_flag,unicode_not_recommended) VALUES (413, 1, 'National Park', '', 'national-park', 'travel-places', 'U+1F3DEU+FE0F', 2, 1, 0, 0, 0, 0);
INSERT INTO emoji_codepoints (emoji_codepoint_id,emoji_id,codepoint_id,sequence_index) VALUES (452, 413, 453, 1),(453, 413, 1185, 2);

INSERT INTO emoji (emoji_id,emoji_version_id,emoji_name,emoji_character,emojipedia_url_ext,emojipedia_category,codepoint_string,num_codepoints,hasComponent,hasModifier,hasModifierBase,appearance_differs_flag,unicode_not_recommended) VALUES (414, 1, 'Stadium', '', 'stadium', 'travel-places', 'U+1F3DFU+FE0F', 2, 1, 0, 0, 0, 0);
INSERT INTO emoji_codepoints (emoji_codepoint_id,emoji_id,codepoint_id,sequence_index) VALUES (454, 414, 454, 1),(455, 414, 1185, 2);

INSERT INTO emoji (emoji_id,emoji_version_id,emoji_name,emoji_character,emojipedia_url_ext,emojipedia_category,codepoint_string,num_codepoints,hasComponent,hasModifier,hasModifierBase,appearance_differs_flag,unicode_not_recommended) VALUES (415, 1, 'Classical Building', '', 'classical-building', 'travel-places', 'U+1F3DBU+FE0F', 2, 1, 0, 0, 0, 0);
INSERT INTO emoji_codepoints (emoji_codepoint_id,emoji_id,codepoint_id,sequence_index) VALUES (456, 415, 450, 1),(457, 415, 1185, 2);

INSERT INTO emoji (emoji_id,emoji_version_id,emoji_name,emoji_character,emojipedia_url_ext,emojipedia_category,codepoint_string,num_codepoints,hasComponent,hasModifier,hasModifierBase,appearance_differs_flag,unicode_not_recommended) VALUES (416, 1, 'Building Construction', '', 'building-construction', 'travel-places', 'U+1F3D7U+FE0F', 2, 1, 0, 0, 0, 0);
INSERT INTO emoji_codepoints (emoji_codepoint_id,emoji_id,codepoint_id,sequence_index) VALUES (458, 416, 446, 1),(459, 416, 1185, 2);

INSERT INTO emoji (emoji_id,emoji_version_id,emoji_name,emoji_character,emojipedia_url_ext,emojipedia_category,codepoint_string,num_codepoints,hasComponent,hasModifier,hasModifierBase,appearance_differs_flag,unicode_not_recommended) VALUES (417, 1, 'Houses', '', 'house-buildings', 'travel-places', 'U+1F3D8U+FE0F', 2, 1, 0, 0, 0, 0);
INSERT INTO emoji_codepoints (emoji_codepoint_id,emoji_id,codepoint_id,sequence_index) VALUES (460, 417, 447, 1),(461, 417, 1185, 2);

INSERT INTO emoji (emoji_id,emoji_version_id,emoji_name,emoji_character,emojipedia_url_ext,emojipedia_category,codepoint_string,num_codepoints,hasComponent,hasModifier,hasModifierBase,appearance_differs_flag,unicode_not_recommended) VALUES (418, 1, 'Derelict House', '', 'derelict-house-building', 'travel-places', 'U+1F3DAU+FE0F', 2, 1, 0, 0, 0, 0);
INSERT INTO emoji_codepoints (emoji_codepoint_id,emoji_id,codepoint_id,sequence_index) VALUES (462, 418, 449, 1),(463, 418, 1185, 2);

INSERT INTO emoji (emoji_id,emoji_version_id,emoji_name,emoji_character,emojipedia_url_ext,emojipedia_category,codepoint_string,num_codepoints,hasComponent,hasModifier,hasModifierBase,appearance_differs_flag,unicode_not_recommended) VALUES (419, 1, 'House', '', 'house-building', 'travel-places', 'U+1F3E0', 1, 0, 0, 0, 0, 0);
INSERT INTO emoji_codepoints (emoji_codepoint_id,emoji_id,codepoint_id,sequence_index) VALUES (464, 419, 455, 1);

INSERT INTO emoji (emoji_id,emoji_version_id,emoji_name,emoji_character,emojipedia_url_ext,emojipedia_category,codepoint_string,num_codepoints,hasComponent,hasModifier,hasModifierBase,appearance_differs_flag,unicode_not_recommended) VALUES (420, 1, 'House With Garden', '', 'house-with-garden', 'travel-places', 'U+1F3E1', 1, 0, 0, 0, 0, 0);
INSERT INTO emoji_codepoints (emoji_codepoint_id,emoji_id,codepoint_id,sequence_index) VALUES (465, 420, 456, 1);

INSERT INTO emoji (emoji_id,emoji_version_id,emoji_name,emoji_character,emojipedia_url_ext,emojipedia_category,codepoint_string,num_codepoints,hasComponent,hasModifier,hasModifierBase,appearance_differs_flag,unicode_not_recommended) VALUES (421, 1, 'Office Building', '', 'office-building', 'travel-places', 'U+1F3E2', 1, 0, 0, 0, 0, 0);
INSERT INTO emoji_codepoints (emoji_codepoint_id,emoji_id,codepoint_id,sequence_index) VALUES (466, 421, 457, 1);

INSERT INTO emoji (emoji_id,emoji_version_id,emoji_name,emoji_character,emojipedia_url_ext,emojipedia_category,codepoint_string,num_codepoints,hasComponent,hasModifier,hasModifierBase,appearance_differs_flag,unicode_not_recommended) VALUES (422, 1, 'Japanese Post Office', '', 'japanese-post-office', 'travel-places', 'U+1F3E3', 1, 0, 0, 0, 0, 0);
INSERT INTO emoji_codepoints (emoji_codepoint_id,emoji_id,codepoint_id,sequence_index) VALUES (467, 422, 458, 1);

INSERT INTO emoji (emoji_id,emoji_version_id,emoji_name,emoji_character,emojipedia_url_ext,emojipedia_category,codepoint_string,num_codepoints,hasComponent,hasModifier,hasModifierBase,appearance_differs_flag,unicode_not_recommended) VALUES (423, 1, 'Post Office', '', 'european-post-office', 'travel-places', 'U+1F3E4', 1, 0, 0, 0, 0, 0);
INSERT INTO emoji_codepoints (emoji_codepoint_id,emoji_id,codepoint_id,sequence_index) VALUES (468, 423, 459, 1);

INSERT INTO emoji (emoji_id,emoji_version_id,emoji_name,emoji_character,emojipedia_url_ext,emojipedia_category,codepoint_string,num_codepoints,hasComponent,hasModifier,hasModifierBase,appearance_differs_flag,unicode_not_recommended) VALUES (424, 1, 'Hospital', '', 'hospital', 'travel-places', 'U+1F3E5', 1, 0, 0, 0, 0, 0);
INSERT INTO emoji_codepoints (emoji_codepoint_id,emoji_id,codepoint_id,sequence_index) VALUES (469, 424, 460, 1);

INSERT INTO emoji (emoji_id,emoji_version_id,emoji_name,emoji_character,emojipedia_url_ext,emojipedia_category,codepoint_string,num_codepoints,hasComponent,hasModifier,hasModifierBase,appearance_differs_flag,unicode_not_recommended) VALUES (425, 1, 'Bank', '', 'bank', 'travel-places', 'U+1F3E6', 1, 0, 0, 0, 0, 0);
INSERT INTO emoji_codepoints (emoji_codepoint_id,emoji_id,codepoint_id,sequence_index) VALUES (470, 425, 461, 1);

INSERT INTO emoji (emoji_id,emoji_version_id,emoji_name,emoji_character,emojipedia_url_ext,emojipedia_category,codepoint_string,num_codepoints,hasComponent,hasModifier,hasModifierBase,appearance_differs_flag,unicode_not_recommended) VALUES (426, 1, 'Hotel', '', 'hotel', 'travel-places', 'U+1F3E8', 1, 0, 0, 0, 0, 0);
INSERT INTO emoji_codepoints (emoji_codepoint_id,emoji_id,codepoint_id,sequence_index) VALUES (471, 426, 463, 1);

INSERT INTO emoji (emoji_id,emoji_version_id,emoji_name,emoji_character,emojipedia_url_ext,emojipedia_category,codepoint_string,num_codepoints,hasComponent,hasModifier,hasModifierBase,appearance_differs_flag,unicode_not_recommended) VALUES (427, 1, 'Love Hotel', '', 'love-hotel', 'travel-places', 'U+1F3E9', 1, 0, 0, 0, 0, 0);
INSERT INTO emoji_codepoints (emoji_codepoint_id,emoji_id,codepoint_id,sequence_index) VALUES (472, 427, 464, 1);

INSERT INTO emoji (emoji_id,emoji_version_id,emoji_name,emoji_character,emojipedia_url_ext,emojipedia_category,codepoint_string,num_codepoints,hasComponent,hasModifier,hasModifierBase,appearance_differs_flag,unicode_not_recommended) VALUES (428, 1, 'Convenience Store', '', 'convenience-store', 'travel-places', 'U+1F3EA', 1, 0, 0, 0, 0, 0);
INSERT INTO emoji_codepoints (emoji_codepoint_id,emoji_id,codepoint_id,sequence_index) VALUES (473, 428, 465, 1);

INSERT INTO emoji (emoji_id,emoji_version_id,emoji_name,emoji_character,emojipedia_url_ext,emojipedia_category,codepoint_string,num_codepoints,hasComponent,hasModifier,hasModifierBase,appearance_differs_flag,unicode_not_recommended) VALUES (429, 1, 'School', '', 'school', 'travel-places', 'U+1F3EB', 1, 0, 0, 0, 0, 0);
INSERT INTO emoji_codepoints (emoji_codepoint_id,emoji_id,codepoint_id,sequence_index) VALUES (474, 429, 466, 1);

INSERT INTO emoji (emoji_id,emoji_version_id,emoji_name,emoji_character,emojipedia_url_ext,emojipedia_category,codepoint_string,num_codepoints,hasComponent,hasModifier,hasModifierBase,appearance_differs_flag,unicode_not_recommended) VALUES (430, 1, 'Department Store', '', 'department-store', 'travel-places', 'U+1F3EC', 1, 0, 0, 0, 0, 0);
INSERT INTO emoji_codepoints (emoji_codepoint_id,emoji_id,codepoint_id,sequence_index) VALUES (475, 430, 467, 1);

INSERT INTO emoji (emoji_id,emoji_version_id,emoji_name,emoji_character,emojipedia_url_ext,emojipedia_category,codepoint_string,num_codepoints,hasComponent,hasModifier,hasModifierBase,appearance_differs_flag,unicode_not_recommended) VALUES (431, 1, 'Factory', '', 'factory', 'travel-places', 'U+1F3ED', 1, 0, 0, 0, 0, 0);
INSERT INTO emoji_codepoints (emoji_codepoint_id,emoji_id,codepoint_id,sequence_index) VALUES (476, 431, 468, 1);

INSERT INTO emoji (emoji_id,emoji_version_id,emoji_name,emoji_character,emojipedia_url_ext,emojipedia_category,codepoint_string,num_codepoints,hasComponent,hasModifier,hasModifierBase,appearance_differs_flag,unicode_not_recommended) VALUES (432, 1, 'Japanese Castle', '', 'japanese-castle', 'travel-places', 'U+1F3EF', 1, 0, 0, 0, 0, 0);
INSERT INTO emoji_codepoints (emoji_codepoint_id,emoji_id,codepoint_id,sequence_index) VALUES (477, 432, 470, 1);

INSERT INTO emoji (emoji_id,emoji_version_id,emoji_name,emoji_character,emojipedia_url_ext,emojipedia_category,codepoint_string,num_codepoints,hasComponent,hasModifier,hasModifierBase,appearance_differs_flag,unicode_not_recommended) VALUES (433, 1, 'Castle', '', 'european-castle', 'travel-places', 'U+1F3F0', 1, 0, 0, 0, 0, 0);
INSERT INTO emoji_codepoints (emoji_codepoint_id,emoji_id,codepoint_id,sequence_index) VALUES (478, 433, 471, 1);

INSERT INTO emoji (emoji_id,emoji_version_id,emoji_name,emoji_character,emojipedia_url_ext,emojipedia_category,codepoint_string,num_codepoints,hasComponent,hasModifier,hasModifierBase,appearance_differs_flag,unicode_not_recommended) VALUES (434, 1, 'Wedding', '', 'wedding', 'travel-places', 'U+1F492', 1, 0, 0, 0, 0, 0);
INSERT INTO emoji_codepoints (emoji_codepoint_id,emoji_id,codepoint_id,sequence_index) VALUES (479, 434, 630, 1);

INSERT INTO emoji (emoji_id,emoji_version_id,emoji_name,emoji_character,emojipedia_url_ext,emojipedia_category,codepoint_string,num_codepoints,hasComponent,hasModifier,hasModifierBase,appearance_differs_flag,unicode_not_recommended) VALUES (435, 1, 'Tokyo Tower', '', 'tokyo-tower', 'travel-places', 'U+1F5FC', 1, 0, 0, 0, 0, 0);
INSERT INTO emoji_codepoints (emoji_codepoint_id,emoji_id,codepoint_id,sequence_index) VALUES (480, 435, 871, 1);

INSERT INTO emoji (emoji_id,emoji_version_id,emoji_name,emoji_character,emojipedia_url_ext,emojipedia_category,codepoint_string,num_codepoints,hasComponent,hasModifier,hasModifierBase,appearance_differs_flag,unicode_not_recommended) VALUES (436, 1, 'Statue of Liberty', '', 'statue-of-liberty', 'travel-places', 'U+1F5FD', 1, 0, 0, 0, 0, 0);
INSERT INTO emoji_codepoints (emoji_codepoint_id,emoji_id,codepoint_id,sequence_index) VALUES (481, 436, 872, 1);

INSERT INTO emoji (emoji_id,emoji_version_id,emoji_name,emoji_character,emojipedia_url_ext,emojipedia_category,codepoint_string,num_codepoints,hasComponent,hasModifier,hasModifierBase,appearance_differs_flag,unicode_not_recommended) VALUES (437, 1, 'Church', '', 'church', 'travel-places', 'U+26EA', 1, 0, 0, 0, 0, 0);
INSERT INTO emoji_codepoints (emoji_codepoint_id,emoji_id,codepoint_id,sequence_index) VALUES (482, 437, 122, 1);

INSERT INTO emoji (emoji_id,emoji_version_id,emoji_name,emoji_character,emojipedia_url_ext,emojipedia_category,codepoint_string,num_codepoints,hasComponent,hasModifier,hasModifierBase,appearance_differs_flag,unicode_not_recommended) VALUES (438, 1, 'Mosque', '', 'mosque', 'travel-places', 'U+1F54C', 1, 0, 0, 0, 0, 0);
INSERT INTO emoji_codepoints (emoji_codepoint_id,emoji_id,codepoint_id,sequence_index) VALUES (483, 438, 804, 1);

INSERT INTO emoji (emoji_id,emoji_version_id,emoji_name,emoji_character,emojipedia_url_ext,emojipedia_category,codepoint_string,num_codepoints,hasComponent,hasModifier,hasModifierBase,appearance_differs_flag,unicode_not_recommended) VALUES (439, 1, 'Synagogue', '', 'synagogue', 'travel-places', 'U+1F54D', 1, 0, 0, 0, 0, 0);
INSERT INTO emoji_codepoints (emoji_codepoint_id,emoji_id,codepoint_id,sequence_index) VALUES (484, 439, 805, 1);

INSERT INTO emoji (emoji_id,emoji_version_id,emoji_name,emoji_character,emojipedia_url_ext,emojipedia_category,codepoint_string,num_codepoints,hasComponent,hasModifier,hasModifierBase,appearance_differs_flag,unicode_not_recommended) VALUES (440, 1, 'Shinto Shrine', '', 'shinto-shrine', 'travel-places', 'U+26E9U+FE0F', 2, 1, 0, 0, 0, 0);
INSERT INTO emoji_codepoints (emoji_codepoint_id,emoji_id,codepoint_id,sequence_index) VALUES (485, 440, 121, 1),(486, 440, 1185, 2);

INSERT INTO emoji (emoji_id,emoji_version_id,emoji_name,emoji_character,emojipedia_url_ext,emojipedia_category,codepoint_string,num_codepoints,hasComponent,hasModifier,hasModifierBase,appearance_differs_flag,unicode_not_recommended) VALUES (441, 1, 'Kaaba', '', 'kaaba', 'travel-places', 'U+1F54B', 1, 0, 0, 0, 0, 0);
INSERT INTO emoji_codepoints (emoji_codepoint_id,emoji_id,codepoint_id,sequence_index) VALUES (487, 441, 803, 1);

INSERT INTO emoji (emoji_id,emoji_version_id,emoji_name,emoji_character,emojipedia_url_ext,emojipedia_category,codepoint_string,num_codepoints,hasComponent,hasModifier,hasModifierBase,appearance_differs_flag,unicode_not_recommended) VALUES (442, 1, 'Fountain', '', 'fountain', 'travel-places', 'U+26F2', 1, 0, 0, 0, 0, 0);
INSERT INTO emoji_codepoints (emoji_codepoint_id,emoji_id,codepoint_id,sequence_index) VALUES (488, 442, 125, 1);

INSERT INTO emoji (emoji_id,emoji_version_id,emoji_name,emoji_character,emojipedia_url_ext,emojipedia_category,codepoint_string,num_codepoints,hasComponent,hasModifier,hasModifierBase,appearance_differs_flag,unicode_not_recommended) VALUES (443, 1, 'Tent', '', 'tent', 'travel-places', 'U+26FA', 1, 0, 0, 0, 0, 0);
INSERT INTO emoji_codepoints (emoji_codepoint_id,emoji_id,codepoint_id,sequence_index) VALUES (489, 443, 132, 1);

INSERT INTO emoji (emoji_id,emoji_version_id,emoji_name,emoji_character,emojipedia_url_ext,emojipedia_category,codepoint_string,num_codepoints,hasComponent,hasModifier,hasModifierBase,appearance_differs_flag,unicode_not_recommended) VALUES (444, 1, 'Foggy', '', 'foggy', 'travel-places', 'U+1F301', 1, 0, 0, 0, 0, 0);
INSERT INTO emoji_codepoints (emoji_codepoint_id,emoji_id,codepoint_id,sequence_index) VALUES (490, 444, 239, 1);

INSERT INTO emoji (emoji_id,emoji_version_id,emoji_name,emoji_character,emojipedia_url_ext,emojipedia_category,codepoint_string,num_codepoints,hasComponent,hasModifier,hasModifierBase,appearance_differs_flag,unicode_not_recommended) VALUES (445, 1, 'Night With Stars', '', 'night-with-stars', 'travel-places', 'U+1F303', 1, 0, 0, 0, 0, 0);
INSERT INTO emoji_codepoints (emoji_codepoint_id,emoji_id,codepoint_id,sequence_index) VALUES (491, 445, 241, 1);

INSERT INTO emoji (emoji_id,emoji_version_id,emoji_name,emoji_character,emojipedia_url_ext,emojipedia_category,codepoint_string,num_codepoints,hasComponent,hasModifier,hasModifierBase,appearance_differs_flag,unicode_not_recommended) VALUES (446, 1, 'Cityscape', '', 'cityscape', 'travel-places', 'U+1F3D9U+FE0F', 2, 1, 0, 0, 0, 0);
INSERT INTO emoji_codepoints (emoji_codepoint_id,emoji_id,codepoint_id,sequence_index) VALUES (492, 446, 448, 1),(493, 446, 1185, 2);

INSERT INTO emoji (emoji_id,emoji_version_id,emoji_name,emoji_character,emojipedia_url_ext,emojipedia_category,codepoint_string,num_codepoints,hasComponent,hasModifier,hasModifierBase,appearance_differs_flag,unicode_not_recommended) VALUES (447, 1, 'Sunrise Over Mountains', '', 'sunrise-over-mountains', 'travel-places', 'U+1F304', 1, 0, 0, 0, 0, 0);
INSERT INTO emoji_codepoints (emoji_codepoint_id,emoji_id,codepoint_id,sequence_index) VALUES (494, 447, 242, 1);

INSERT INTO emoji (emoji_id,emoji_version_id,emoji_name,emoji_character,emojipedia_url_ext,emojipedia_category,codepoint_string,num_codepoints,hasComponent,hasModifier,hasModifierBase,appearance_differs_flag,unicode_not_recommended) VALUES (448, 1, 'Sunrise', '', 'sunrise', 'travel-places', 'U+1F305', 1, 0, 0, 0, 0, 0);
INSERT INTO emoji_codepoints (emoji_codepoint_id,emoji_id,codepoint_id,sequence_index) VALUES (495, 448, 243, 1);

INSERT INTO emoji (emoji_id,emoji_version_id,emoji_name,emoji_character,emojipedia_url_ext,emojipedia_category,codepoint_string,num_codepoints,hasComponent,hasModifier,hasModifierBase,appearance_differs_flag,unicode_not_recommended) VALUES (449, 1, 'Cityscape at Dusk', '', 'cityscape-at-dusk', 'travel-places', 'U+1F306', 1, 0, 0, 0, 0, 0);
INSERT INTO emoji_codepoints (emoji_codepoint_id,emoji_id,codepoint_id,sequence_index) VALUES (496, 449, 244, 1);

INSERT INTO emoji (emoji_id,emoji_version_id,emoji_name,emoji_character,emojipedia_url_ext,emojipedia_category,codepoint_string,num_codepoints,hasComponent,hasModifier,hasModifierBase,appearance_differs_flag,unicode_not_recommended) VALUES (450, 1, 'Sunset', '', 'sunset-over-buildings', 'travel-places', 'U+1F307', 1, 0, 0, 0, 0, 0);
INSERT INTO emoji_codepoints (emoji_codepoint_id,emoji_id,codepoint_id,sequence_index) VALUES (497, 450, 245, 1);

INSERT INTO emoji (emoji_id,emoji_version_id,emoji_name,emoji_character,emojipedia_url_ext,emojipedia_category,codepoint_string,num_codepoints,hasComponent,hasModifier,hasModifierBase,appearance_differs_flag,unicode_not_recommended) VALUES (451, 1, 'Bridge at Night', '', 'bridge-at-night', 'travel-places', 'U+1F309', 1, 0, 0, 0, 0, 0);
INSERT INTO emoji_codepoints (emoji_codepoint_id,emoji_id,codepoint_id,sequence_index) VALUES (498, 451, 247, 1);

INSERT INTO emoji (emoji_id,emoji_version_id,emoji_name,emoji_character,emojipedia_url_ext,emojipedia_category,codepoint_string,num_codepoints,hasComponent,hasModifier,hasModifierBase,appearance_differs_flag,unicode_not_recommended) VALUES (452, 1, 'Hot Springs', '', 'hot-springs', 'symbols', 'U+2668U+FE0F', 2, 1, 0, 0, 0, 0);
INSERT INTO emoji_codepoints (emoji_codepoint_id,emoji_id,codepoint_id,sequence_index) VALUES (499, 452, 93, 1),(500, 452, 1185, 2);

INSERT INTO emoji (emoji_id,emoji_version_id,emoji_name,emoji_character,emojipedia_url_ext,emojipedia_category,codepoint_string,num_codepoints,hasComponent,hasModifier,hasModifierBase,appearance_differs_flag,unicode_not_recommended) VALUES (453, 1, 'Milky Way', '', 'milky-way', 'travel-places', 'U+1F30C', 1, 0, 0, 0, 0, 0);
INSERT INTO emoji_codepoints (emoji_codepoint_id,emoji_id,codepoint_id,sequence_index) VALUES (501, 453, 250, 1);

INSERT INTO emoji (emoji_id,emoji_version_id,emoji_name,emoji_character,emojipedia_url_ext,emojipedia_category,codepoint_string,num_codepoints,hasComponent,hasModifier,hasModifierBase,appearance_differs_flag,unicode_not_recommended) VALUES (454, 1, 'Carousel Horse', '', 'carousel-horse', 'travel-places', 'U+1F3A0', 1, 0, 0, 0, 0, 0);
INSERT INTO emoji_codepoints (emoji_codepoint_id,emoji_id,codepoint_id,sequence_index) VALUES (502, 454, 391, 1);

INSERT INTO emoji (emoji_id,emoji_version_id,emoji_name,emoji_character,emojipedia_url_ext,emojipedia_category,codepoint_string,num_codepoints,hasComponent,hasModifier,hasModifierBase,appearance_differs_flag,unicode_not_recommended) VALUES (455, 1, 'Ferris Wheel', '', 'ferris-wheel', 'travel-places', 'U+1F3A1', 1, 0, 0, 0, 0, 0);
INSERT INTO emoji_codepoints (emoji_codepoint_id,emoji_id,codepoint_id,sequence_index) VALUES (503, 455, 392, 1);

INSERT INTO emoji (emoji_id,emoji_version_id,emoji_name,emoji_character,emojipedia_url_ext,emojipedia_category,codepoint_string,num_codepoints,hasComponent,hasModifier,hasModifierBase,appearance_differs_flag,unicode_not_recommended) VALUES (456, 1, 'Roller Coaster', '', 'roller-coaster', 'travel-places', 'U+1F3A2', 1, 0, 0, 0, 0, 0);
INSERT INTO emoji_codepoints (emoji_codepoint_id,emoji_id,codepoint_id,sequence_index) VALUES (504, 456, 393, 1);

INSERT INTO emoji (emoji_id,emoji_version_id,emoji_name,emoji_character,emojipedia_url_ext,emojipedia_category,codepoint_string,num_codepoints,hasComponent,hasModifier,hasModifierBase,appearance_differs_flag,unicode_not_recommended) VALUES (457, 1, 'Barber Pole', '', 'barber-pole', 'symbols', 'U+1F488', 1, 0, 0, 0, 0, 0);
INSERT INTO emoji_codepoints (emoji_codepoint_id,emoji_id,codepoint_id,sequence_index) VALUES (505, 457, 620, 1);

INSERT INTO emoji (emoji_id,emoji_version_id,emoji_name,emoji_character,emojipedia_url_ext,emojipedia_category,codepoint_string,num_codepoints,hasComponent,hasModifier,hasModifierBase,appearance_differs_flag,unicode_not_recommended) VALUES (458, 1, 'Circus Tent', '', 'circus-tent', 'activity', 'U+1F3AA', 1, 0, 0, 0, 0, 0);
INSERT INTO emoji_codepoints (emoji_codepoint_id,emoji_id,codepoint_id,sequence_index) VALUES (506, 458, 401, 1);

INSERT INTO emoji (emoji_id,emoji_version_id,emoji_name,emoji_character,emojipedia_url_ext,emojipedia_category,codepoint_string,num_codepoints,hasComponent,hasModifier,hasModifierBase,appearance_differs_flag,unicode_not_recommended) VALUES (459, 1, 'Locomotive', '', 'steam-locomotive', 'travel-places', 'U+1F682', 1, 0, 0, 0, 0, 0);
INSERT INTO emoji_codepoints (emoji_codepoint_id,emoji_id,codepoint_id,sequence_index) VALUES (507, 459, 957, 1);

INSERT INTO emoji (emoji_id,emoji_version_id,emoji_name,emoji_character,emojipedia_url_ext,emojipedia_category,codepoint_string,num_codepoints,hasComponent,hasModifier,hasModifierBase,appearance_differs_flag,unicode_not_recommended) VALUES (460, 1, 'Railway Car', '', 'railway-car', 'travel-places', 'U+1F683', 1, 0, 0, 0, 0, 0);
INSERT INTO emoji_codepoints (emoji_codepoint_id,emoji_id,codepoint_id,sequence_index) VALUES (508, 460, 958, 1);

INSERT INTO emoji (emoji_id,emoji_version_id,emoji_name,emoji_character,emojipedia_url_ext,emojipedia_category,codepoint_string,num_codepoints,hasComponent,hasModifier,hasModifierBase,appearance_differs_flag,unicode_not_recommended) VALUES (461, 1, 'High-Speed Train', '', 'high-speed-train', 'travel-places', 'U+1F684', 1, 0, 0, 0, 0, 0);
INSERT INTO emoji_codepoints (emoji_codepoint_id,emoji_id,codepoint_id,sequence_index) VALUES (509, 461, 959, 1);

INSERT INTO emoji (emoji_id,emoji_version_id,emoji_name,emoji_character,emojipedia_url_ext,emojipedia_category,codepoint_string,num_codepoints,hasComponent,hasModifier,hasModifierBase,appearance_differs_flag,unicode_not_recommended) VALUES (462, 1, 'Bullet Train', '', 'high-speed-train-with-bullet-nose', 'travel-places', 'U+1F685', 1, 0, 0, 0, 0, 0);
INSERT INTO emoji_codepoints (emoji_codepoint_id,emoji_id,codepoint_id,sequence_index) VALUES (510, 462, 960, 1);

INSERT INTO emoji (emoji_id,emoji_version_id,emoji_name,emoji_character,emojipedia_url_ext,emojipedia_category,codepoint_string,num_codepoints,hasComponent,hasModifier,hasModifierBase,appearance_differs_flag,unicode_not_recommended) VALUES (463, 1, 'Train', '', 'train', 'travel-places', 'U+1F686', 1, 0, 0, 0, 0, 0);
INSERT INTO emoji_codepoints (emoji_codepoint_id,emoji_id,codepoint_id,sequence_index) VALUES (511, 463, 961, 1);

INSERT INTO emoji (emoji_id,emoji_version_id,emoji_name,emoji_character,emojipedia_url_ext,emojipedia_category,codepoint_string,num_codepoints,hasComponent,hasModifier,hasModifierBase,appearance_differs_flag,unicode_not_recommended) VALUES (464, 1, 'Metro', '', 'metro', 'travel-places', 'U+1F687', 1, 0, 0, 0, 0, 0);
INSERT INTO emoji_codepoints (emoji_codepoint_id,emoji_id,codepoint_id,sequence_index) VALUES (512, 464, 962, 1);

INSERT INTO emoji (emoji_id,emoji_version_id,emoji_name,emoji_character,emojipedia_url_ext,emojipedia_category,codepoint_string,num_codepoints,hasComponent,hasModifier,hasModifierBase,appearance_differs_flag,unicode_not_recommended) VALUES (465, 1, 'Light Rail', '', 'light-rail', 'travel-places', 'U+1F688', 1, 0, 0, 0, 0, 0);
INSERT INTO emoji_codepoints (emoji_codepoint_id,emoji_id,codepoint_id,sequence_index) VALUES (513, 465, 963, 1);

INSERT INTO emoji (emoji_id,emoji_version_id,emoji_name,emoji_character,emojipedia_url_ext,emojipedia_category,codepoint_string,num_codepoints,hasComponent,hasModifier,hasModifierBase,appearance_differs_flag,unicode_not_recommended) VALUES (466, 1, 'Station', '', 'station', 'travel-places', 'U+1F689', 1, 0, 0, 0, 0, 0);
INSERT INTO emoji_codepoints (emoji_codepoint_id,emoji_id,codepoint_id,sequence_index) VALUES (514, 466, 964, 1);

INSERT INTO emoji (emoji_id,emoji_version_id,emoji_name,emoji_character,emojipedia_url_ext,emojipedia_category,codepoint_string,num_codepoints,hasComponent,hasModifier,hasModifierBase,appearance_differs_flag,unicode_not_recommended) VALUES (467, 1, 'Tram', '', 'tram', 'travel-places', 'U+1F68A', 1, 0, 0, 0, 0, 0);
INSERT INTO emoji_codepoints (emoji_codepoint_id,emoji_id,codepoint_id,sequence_index) VALUES (515, 467, 965, 1);

INSERT INTO emoji (emoji_id,emoji_version_id,emoji_name,emoji_character,emojipedia_url_ext,emojipedia_category,codepoint_string,num_codepoints,hasComponent,hasModifier,hasModifierBase,appearance_differs_flag,unicode_not_recommended) VALUES (468, 1, 'Monorail', '', 'monorail', 'travel-places', 'U+1F69D', 1, 0, 0, 0, 0, 0);
INSERT INTO emoji_codepoints (emoji_codepoint_id,emoji_id,codepoint_id,sequence_index) VALUES (516, 468, 984, 1);

INSERT INTO emoji (emoji_id,emoji_version_id,emoji_name,emoji_character,emojipedia_url_ext,emojipedia_category,codepoint_string,num_codepoints,hasComponent,hasModifier,hasModifierBase,appearance_differs_flag,unicode_not_recommended) VALUES (469, 1, 'Mountain Railway', '', 'mountain-railway', 'travel-places', 'U+1F69E', 1, 0, 0, 0, 0, 0);
INSERT INTO emoji_codepoints (emoji_codepoint_id,emoji_id,codepoint_id,sequence_index) VALUES (517, 469, 985, 1);

INSERT INTO emoji (emoji_id,emoji_version_id,emoji_name,emoji_character,emojipedia_url_ext,emojipedia_category,codepoint_string,num_codepoints,hasComponent,hasModifier,hasModifierBase,appearance_differs_flag,unicode_not_recommended) VALUES (470, 1, 'Tram Car', '', 'tram-car', 'travel-places', 'U+1F68B', 1, 0, 0, 0, 0, 0);
INSERT INTO emoji_codepoints (emoji_codepoint_id,emoji_id,codepoint_id,sequence_index) VALUES (518, 470, 966, 1);

INSERT INTO emoji (emoji_id,emoji_version_id,emoji_name,emoji_character,emojipedia_url_ext,emojipedia_category,codepoint_string,num_codepoints,hasComponent,hasModifier,hasModifierBase,appearance_differs_flag,unicode_not_recommended) VALUES (471, 1, 'Bus', '', 'bus', 'travel-places', 'U+1F68C', 1, 0, 0, 0, 0, 0);
INSERT INTO emoji_codepoints (emoji_codepoint_id,emoji_id,codepoint_id,sequence_index) VALUES (519, 471, 967, 1);

INSERT INTO emoji (emoji_id,emoji_version_id,emoji_name,emoji_character,emojipedia_url_ext,emojipedia_category,codepoint_string,num_codepoints,hasComponent,hasModifier,hasModifierBase,appearance_differs_flag,unicode_not_recommended) VALUES (472, 1, 'Oncoming Bus', '', 'oncoming-bus', 'travel-places', 'U+1F68D', 1, 0, 0, 0, 0, 0);
INSERT INTO emoji_codepoints (emoji_codepoint_id,emoji_id,codepoint_id,sequence_index) VALUES (520, 472, 968, 1);

INSERT INTO emoji (emoji_id,emoji_version_id,emoji_name,emoji_character,emojipedia_url_ext,emojipedia_category,codepoint_string,num_codepoints,hasComponent,hasModifier,hasModifierBase,appearance_differs_flag,unicode_not_recommended) VALUES (473, 1, 'Trolleybus', '', 'trolleybus', 'travel-places', 'U+1F68E', 1, 0, 0, 0, 0, 0);
INSERT INTO emoji_codepoints (emoji_codepoint_id,emoji_id,codepoint_id,sequence_index) VALUES (521, 473, 969, 1);

INSERT INTO emoji (emoji_id,emoji_version_id,emoji_name,emoji_character,emojipedia_url_ext,emojipedia_category,codepoint_string,num_codepoints,hasComponent,hasModifier,hasModifierBase,appearance_differs_flag,unicode_not_recommended) VALUES (474, 1, 'Minibus', '', 'minibus', 'travel-places', 'U+1F690', 1, 0, 0, 0, 0, 0);
INSERT INTO emoji_codepoints (emoji_codepoint_id,emoji_id,codepoint_id,sequence_index) VALUES (522, 474, 971, 1);

INSERT INTO emoji (emoji_id,emoji_version_id,emoji_name,emoji_character,emojipedia_url_ext,emojipedia_category,codepoint_string,num_codepoints,hasComponent,hasModifier,hasModifierBase,appearance_differs_flag,unicode_not_recommended) VALUES (475, 1, 'Ambulance', '', 'ambulance', 'travel-places', 'U+1F691', 1, 0, 0, 0, 0, 0);
INSERT INTO emoji_codepoints (emoji_codepoint_id,emoji_id,codepoint_id,sequence_index) VALUES (523, 475, 972, 1);

INSERT INTO emoji (emoji_id,emoji_version_id,emoji_name,emoji_character,emojipedia_url_ext,emojipedia_category,codepoint_string,num_codepoints,hasComponent,hasModifier,hasModifierBase,appearance_differs_flag,unicode_not_recommended) VALUES (476, 1, 'Fire Engine', '', 'fire-engine', 'travel-places', 'U+1F692', 1, 0, 0, 0, 0, 0);
INSERT INTO emoji_codepoints (emoji_codepoint_id,emoji_id,codepoint_id,sequence_index) VALUES (524, 476, 973, 1);

INSERT INTO emoji (emoji_id,emoji_version_id,emoji_name,emoji_character,emojipedia_url_ext,emojipedia_category,codepoint_string,num_codepoints,hasComponent,hasModifier,hasModifierBase,appearance_differs_flag,unicode_not_recommended) VALUES (477, 1, 'Police Car', '', 'police-car', 'travel-places', 'U+1F693', 1, 0, 0, 0, 0, 0);
INSERT INTO emoji_codepoints (emoji_codepoint_id,emoji_id,codepoint_id,sequence_index) VALUES (525, 477, 974, 1);

INSERT INTO emoji (emoji_id,emoji_version_id,emoji_name,emoji_character,emojipedia_url_ext,emojipedia_category,codepoint_string,num_codepoints,hasComponent,hasModifier,hasModifierBase,appearance_differs_flag,unicode_not_recommended) VALUES (478, 1, 'Oncoming Police Car', '', 'oncoming-police-car', 'travel-places', 'U+1F694', 1, 0, 0, 0, 0, 0);
INSERT INTO emoji_codepoints (emoji_codepoint_id,emoji_id,codepoint_id,sequence_index) VALUES (526, 478, 975, 1);

INSERT INTO emoji (emoji_id,emoji_version_id,emoji_name,emoji_character,emojipedia_url_ext,emojipedia_category,codepoint_string,num_codepoints,hasComponent,hasModifier,hasModifierBase,appearance_differs_flag,unicode_not_recommended) VALUES (479, 1, 'Taxi', '', 'taxi', 'travel-places', 'U+1F695', 1, 0, 0, 0, 0, 0);
INSERT INTO emoji_codepoints (emoji_codepoint_id,emoji_id,codepoint_id,sequence_index) VALUES (527, 479, 976, 1);

INSERT INTO emoji (emoji_id,emoji_version_id,emoji_name,emoji_character,emojipedia_url_ext,emojipedia_category,codepoint_string,num_codepoints,hasComponent,hasModifier,hasModifierBase,appearance_differs_flag,unicode_not_recommended) VALUES (480, 1, 'Oncoming Taxi', '', 'oncoming-taxi', 'travel-places', 'U+1F696', 1, 0, 0, 0, 0, 0);
INSERT INTO emoji_codepoints (emoji_codepoint_id,emoji_id,codepoint_id,sequence_index) VALUES (528, 480, 977, 1);

INSERT INTO emoji (emoji_id,emoji_version_id,emoji_name,emoji_character,emojipedia_url_ext,emojipedia_category,codepoint_string,num_codepoints,hasComponent,hasModifier,hasModifierBase,appearance_differs_flag,unicode_not_recommended) VALUES (481, 1, 'Automobile', '', 'automobile', 'travel-places', 'U+1F697', 1, 0, 0, 0, 0, 0);
INSERT INTO emoji_codepoints (emoji_codepoint_id,emoji_id,codepoint_id,sequence_index) VALUES (529, 481, 978, 1);

INSERT INTO emoji (emoji_id,emoji_version_id,emoji_name,emoji_character,emojipedia_url_ext,emojipedia_category,codepoint_string,num_codepoints,hasComponent,hasModifier,hasModifierBase,appearance_differs_flag,unicode_not_recommended) VALUES (482, 1, 'Oncoming Automobile', '', 'oncoming-automobile', 'travel-places', 'U+1F698', 1, 0, 0, 0, 0, 0);
INSERT INTO emoji_codepoints (emoji_codepoint_id,emoji_id,codepoint_id,sequence_index) VALUES (530, 482, 979, 1);

INSERT INTO emoji (emoji_id,emoji_version_id,emoji_name,emoji_character,emojipedia_url_ext,emojipedia_category,codepoint_string,num_codepoints,hasComponent,hasModifier,hasModifierBase,appearance_differs_flag,unicode_not_recommended) VALUES (483, 1, 'Sport Utility Vehicle', '', 'recreational-vehicle', NULL, 'U+1F699', 1, 0, 0, 0, 0, 0);
INSERT INTO emoji_codepoints (emoji_codepoint_id,emoji_id,codepoint_id,sequence_index) VALUES (531, 483, 980, 1);

INSERT INTO emoji (emoji_id,emoji_version_id,emoji_name,emoji_character,emojipedia_url_ext,emojipedia_category,codepoint_string,num_codepoints,hasComponent,hasModifier,hasModifierBase,appearance_differs_flag,unicode_not_recommended) VALUES (484, 1, 'Delivery Truck', '', 'delivery-truck', 'travel-places', 'U+1F69A', 1, 0, 0, 0, 0, 0);
INSERT INTO emoji_codepoints (emoji_codepoint_id,emoji_id,codepoint_id,sequence_index) VALUES (532, 484, 981, 1);

INSERT INTO emoji (emoji_id,emoji_version_id,emoji_name,emoji_character,emojipedia_url_ext,emojipedia_category,codepoint_string,num_codepoints,hasComponent,hasModifier,hasModifierBase,appearance_differs_flag,unicode_not_recommended) VALUES (485, 1, 'Articulated Lorry', '', 'articulated-lorry', 'travel-places', 'U+1F69B', 1, 0, 0, 0, 0, 0);
INSERT INTO emoji_codepoints (emoji_codepoint_id,emoji_id,codepoint_id,sequence_index) VALUES (533, 485, 982, 1);

INSERT INTO emoji (emoji_id,emoji_version_id,emoji_name,emoji_character,emojipedia_url_ext,emojipedia_category,codepoint_string,num_codepoints,hasComponent,hasModifier,hasModifierBase,appearance_differs_flag,unicode_not_recommended) VALUES (486, 1, 'Tractor', '', 'tractor', 'travel-places', 'U+1F69C', 1, 0, 0, 0, 0, 0);
INSERT INTO emoji_codepoints (emoji_codepoint_id,emoji_id,codepoint_id,sequence_index) VALUES (534, 486, 983, 1);

INSERT INTO emoji (emoji_id,emoji_version_id,emoji_name,emoji_character,emojipedia_url_ext,emojipedia_category,codepoint_string,num_codepoints,hasComponent,hasModifier,hasModifierBase,appearance_differs_flag,unicode_not_recommended) VALUES (487, 1, 'Bicycle', '', 'bicycle', 'travel-places', 'U+1F6B2', 1, 0, 0, 0, 0, 0);
INSERT INTO emoji_codepoints (emoji_codepoint_id,emoji_id,codepoint_id,sequence_index) VALUES (535, 487, 1005, 1);

INSERT INTO emoji (emoji_id,emoji_version_id,emoji_name,emoji_character,emojipedia_url_ext,emojipedia_category,codepoint_string,num_codepoints,hasComponent,hasModifier,hasModifierBase,appearance_differs_flag,unicode_not_recommended) VALUES (488, 1, 'Bus Stop', '', 'bus-stop', 'travel-places', 'U+1F68F', 1, 0, 0, 0, 0, 0);
INSERT INTO emoji_codepoints (emoji_codepoint_id,emoji_id,codepoint_id,sequence_index) VALUES (536, 488, 970, 1);

INSERT INTO emoji (emoji_id,emoji_version_id,emoji_name,emoji_character,emojipedia_url_ext,emojipedia_category,codepoint_string,num_codepoints,hasComponent,hasModifier,hasModifierBase,appearance_differs_flag,unicode_not_recommended) VALUES (489, 1, 'Motorway', '', 'motorway', NULL, 'U+1F6E3U+FE0F', 2, 1, 0, 0, 0, 0);
INSERT INTO emoji_codepoints (emoji_codepoint_id,emoji_id,codepoint_id,sequence_index) VALUES (537, 489, 1036, 1),(538, 489, 1185, 2);

INSERT INTO emoji (emoji_id,emoji_version_id,emoji_name,emoji_character,emojipedia_url_ext,emojipedia_category,codepoint_string,num_codepoints,hasComponent,hasModifier,hasModifierBase,appearance_differs_flag,unicode_not_recommended) VALUES (490, 1, 'Railway Track', '', 'railway-track', 'travel-places', 'U+1F6E4U+FE0F', 2, 1, 0, 0, 0, 0);
INSERT INTO emoji_codepoints (emoji_codepoint_id,emoji_id,codepoint_id,sequence_index) VALUES (539, 490, 1037, 1),(540, 490, 1185, 2);

INSERT INTO emoji (emoji_id,emoji_version_id,emoji_name,emoji_character,emojipedia_url_ext,emojipedia_category,codepoint_string,num_codepoints,hasComponent,hasModifier,hasModifierBase,appearance_differs_flag,unicode_not_recommended) VALUES (491, 1, 'Oil Drum', '', 'oil-drum', 'objects', 'U+1F6E2U+FE0F', 2, 1, 0, 0, 0, 0);
INSERT INTO emoji_codepoints (emoji_codepoint_id,emoji_id,codepoint_id,sequence_index) VALUES (541, 491, 1035, 1),(542, 491, 1185, 2);

INSERT INTO emoji (emoji_id,emoji_version_id,emoji_name,emoji_character,emojipedia_url_ext,emojipedia_category,codepoint_string,num_codepoints,hasComponent,hasModifier,hasModifierBase,appearance_differs_flag,unicode_not_recommended) VALUES (492, 1, 'Fuel Pump', '', 'fuel-pump', 'travel-places', 'U+26FD', 1, 0, 0, 0, 0, 0);
INSERT INTO emoji_codepoints (emoji_codepoint_id,emoji_id,codepoint_id,sequence_index) VALUES (543, 492, 133, 1);

INSERT INTO emoji (emoji_id,emoji_version_id,emoji_name,emoji_character,emojipedia_url_ext,emojipedia_category,codepoint_string,num_codepoints,hasComponent,hasModifier,hasModifierBase,appearance_differs_flag,unicode_not_recommended) VALUES (493, 1, 'Police Car Light', '', 'police-cars-revolving-light', 'travel-places', 'U+1F6A8', 1, 0, 0, 0, 0, 0);
INSERT INTO emoji_codepoints (emoji_codepoint_id,emoji_id,codepoint_id,sequence_index) VALUES (544, 493, 995, 1);

INSERT INTO emoji (emoji_id,emoji_version_id,emoji_name,emoji_character,emojipedia_url_ext,emojipedia_category,codepoint_string,num_codepoints,hasComponent,hasModifier,hasModifierBase,appearance_differs_flag,unicode_not_recommended) VALUES (494, 1, 'Horizontal Traffic Light', '', 'horizontal-traffic-light', 'travel-places', 'U+1F6A5', 1, 0, 0, 0, 0, 0);
INSERT INTO emoji_codepoints (emoji_codepoint_id,emoji_id,codepoint_id,sequence_index) VALUES (545, 494, 992, 1);

INSERT INTO emoji (emoji_id,emoji_version_id,emoji_name,emoji_character,emojipedia_url_ext,emojipedia_category,codepoint_string,num_codepoints,hasComponent,hasModifier,hasModifierBase,appearance_differs_flag,unicode_not_recommended) VALUES (495, 1, 'Vertical Traffic Light', '', 'vertical-traffic-light', 'travel-places', 'U+1F6A6', 1, 0, 0, 0, 0, 0);
INSERT INTO emoji_codepoints (emoji_codepoint_id,emoji_id,codepoint_id,sequence_index) VALUES (546, 495, 993, 1);

INSERT INTO emoji (emoji_id,emoji_version_id,emoji_name,emoji_character,emojipedia_url_ext,emojipedia_category,codepoint_string,num_codepoints,hasComponent,hasModifier,hasModifierBase,appearance_differs_flag,unicode_not_recommended) VALUES (496, 1, 'Construction', '', 'construction-sign', 'travel-places', 'U+1F6A7', 1, 0, 0, 0, 0, 0);
INSERT INTO emoji_codepoints (emoji_codepoint_id,emoji_id,codepoint_id,sequence_index) VALUES (547, 496, 994, 1);

INSERT INTO emoji (emoji_id,emoji_version_id,emoji_name,emoji_character,emojipedia_url_ext,emojipedia_category,codepoint_string,num_codepoints,hasComponent,hasModifier,hasModifierBase,appearance_differs_flag,unicode_not_recommended) VALUES (497, 1, 'Anchor', '', 'anchor', 'travel-places', 'U+2693', 1, 0, 0, 0, 0, 0);
INSERT INTO emoji_codepoints (emoji_codepoint_id,emoji_id,codepoint_id,sequence_index) VALUES (548, 497, 97, 1);

INSERT INTO emoji (emoji_id,emoji_version_id,emoji_name,emoji_character,emojipedia_url_ext,emojipedia_category,codepoint_string,num_codepoints,hasComponent,hasModifier,hasModifierBase,appearance_differs_flag,unicode_not_recommended) VALUES (498, 1, 'Sailboat', '', 'sailboat', 'travel-places', 'U+26F5', 1, 0, 0, 0, 0, 0);
INSERT INTO emoji_codepoints (emoji_codepoint_id,emoji_id,codepoint_id,sequence_index) VALUES (549, 498, 128, 1);

INSERT INTO emoji (emoji_id,emoji_version_id,emoji_name,emoji_character,emojipedia_url_ext,emojipedia_category,codepoint_string,num_codepoints,hasComponent,hasModifier,hasModifierBase,appearance_differs_flag,unicode_not_recommended) VALUES (499, 1, 'Speedboat', '', 'speedboat', 'travel-places', 'U+1F6A4', 1, 0, 0, 0, 0, 0);
INSERT INTO emoji_codepoints (emoji_codepoint_id,emoji_id,codepoint_id,sequence_index) VALUES (550, 499, 991, 1);

INSERT INTO emoji (emoji_id,emoji_version_id,emoji_name,emoji_character,emojipedia_url_ext,emojipedia_category,codepoint_string,num_codepoints,hasComponent,hasModifier,hasModifierBase,appearance_differs_flag,unicode_not_recommended) VALUES (500, 1, 'Passenger Ship', '', 'passenger-ship', 'travel-places', 'U+1F6F3U+FE0F', 2, 1, 0, 0, 0, 0);
INSERT INTO emoji_codepoints (emoji_codepoint_id,emoji_id,codepoint_id,sequence_index) VALUES (551, 500, 1043, 1),(552, 500, 1185, 2);

INSERT INTO emoji (emoji_id,emoji_version_id,emoji_name,emoji_character,emojipedia_url_ext,emojipedia_category,codepoint_string,num_codepoints,hasComponent,hasModifier,hasModifierBase,appearance_differs_flag,unicode_not_recommended) VALUES (501, 1, 'Ferry', '', 'ferry', 'travel-places', 'U+26F4U+FE0F', 2, 1, 0, 0, 0, 0);
INSERT INTO emoji_codepoints (emoji_codepoint_id,emoji_id,codepoint_id,sequence_index) VALUES (553, 501, 127, 1),(554, 501, 1185, 2);

INSERT INTO emoji (emoji_id,emoji_version_id,emoji_name,emoji_character,emojipedia_url_ext,emojipedia_category,codepoint_string,num_codepoints,hasComponent,hasModifier,hasModifierBase,appearance_differs_flag,unicode_not_recommended) VALUES (502, 1, 'Motor Boat', '', 'motor-boat', 'travel-places', 'U+1F6E5U+FE0F', 2, 1, 0, 0, 0, 0);
INSERT INTO emoji_codepoints (emoji_codepoint_id,emoji_id,codepoint_id,sequence_index) VALUES (555, 502, 1038, 1),(556, 502, 1185, 2);

INSERT INTO emoji (emoji_id,emoji_version_id,emoji_name,emoji_character,emojipedia_url_ext,emojipedia_category,codepoint_string,num_codepoints,hasComponent,hasModifier,hasModifierBase,appearance_differs_flag,unicode_not_recommended) VALUES (503, 1, 'Ship', '', 'ship', 'travel-places', 'U+1F6A2', 1, 0, 0, 0, 0, 0);
INSERT INTO emoji_codepoints (emoji_codepoint_id,emoji_id,codepoint_id,sequence_index) VALUES (557, 503, 989, 1);

INSERT INTO emoji (emoji_id,emoji_version_id,emoji_name,emoji_character,emojipedia_url_ext,emojipedia_category,codepoint_string,num_codepoints,hasComponent,hasModifier,hasModifierBase,appearance_differs_flag,unicode_not_recommended) VALUES (504, 1, 'Airplane', '', 'airplane', 'travel-places', 'U+2708U+FE0F', 2, 1, 0, 0, 0, 0);
INSERT INTO emoji_codepoints (emoji_codepoint_id,emoji_id,codepoint_id,sequence_index) VALUES (558, 504, 136, 1),(559, 504, 1185, 2);

INSERT INTO emoji (emoji_id,emoji_version_id,emoji_name,emoji_character,emojipedia_url_ext,emojipedia_category,codepoint_string,num_codepoints,hasComponent,hasModifier,hasModifierBase,appearance_differs_flag,unicode_not_recommended) VALUES (505, 1, 'Small Airplane', '', 'small-airplane', 'travel-places', 'U+1F6E9U+FE0F', 2, 1, 0, 0, 0, 0);
INSERT INTO emoji_codepoints (emoji_codepoint_id,emoji_id,codepoint_id,sequence_index) VALUES (560, 505, 1039, 1),(561, 505, 1185, 2);

INSERT INTO emoji (emoji_id,emoji_version_id,emoji_name,emoji_character,emojipedia_url_ext,emojipedia_category,codepoint_string,num_codepoints,hasComponent,hasModifier,hasModifierBase,appearance_differs_flag,unicode_not_recommended) VALUES (506, 1, 'Airplane Departure', '', 'airplane-departure', 'travel-places', 'U+1F6EB', 1, 0, 0, 0, 0, 0);
INSERT INTO emoji_codepoints (emoji_codepoint_id,emoji_id,codepoint_id,sequence_index) VALUES (562, 506, 1040, 1);

INSERT INTO emoji (emoji_id,emoji_version_id,emoji_name,emoji_character,emojipedia_url_ext,emojipedia_category,codepoint_string,num_codepoints,hasComponent,hasModifier,hasModifierBase,appearance_differs_flag,unicode_not_recommended) VALUES (507, 1, 'Airplane Arrival', '', 'airplane-arriving', 'travel-places', 'U+1F6EC', 1, 0, 0, 0, 0, 0);
INSERT INTO emoji_codepoints (emoji_codepoint_id,emoji_id,codepoint_id,sequence_index) VALUES (563, 507, 1041, 1);

INSERT INTO emoji (emoji_id,emoji_version_id,emoji_name,emoji_character,emojipedia_url_ext,emojipedia_category,codepoint_string,num_codepoints,hasComponent,hasModifier,hasModifierBase,appearance_differs_flag,unicode_not_recommended) VALUES (508, 1, 'Seat', '', 'seat', 'travel-places', 'U+1F4BA', 1, 0, 0, 0, 0, 0);
INSERT INTO emoji_codepoints (emoji_codepoint_id,emoji_id,codepoint_id,sequence_index) VALUES (564, 508, 670, 1);

INSERT INTO emoji (emoji_id,emoji_version_id,emoji_name,emoji_character,emojipedia_url_ext,emojipedia_category,codepoint_string,num_codepoints,hasComponent,hasModifier,hasModifierBase,appearance_differs_flag,unicode_not_recommended) VALUES (509, 1, 'Helicopter', '', 'helicopter', 'travel-places', 'U+1F681', 1, 0, 0, 0, 0, 0);
INSERT INTO emoji_codepoints (emoji_codepoint_id,emoji_id,codepoint_id,sequence_index) VALUES (565, 509, 956, 1);

INSERT INTO emoji (emoji_id,emoji_version_id,emoji_name,emoji_character,emojipedia_url_ext,emojipedia_category,codepoint_string,num_codepoints,hasComponent,hasModifier,hasModifierBase,appearance_differs_flag,unicode_not_recommended) VALUES (510, 1, 'Suspension Railway', '', 'suspension-railway', 'travel-places', 'U+1F69F', 1, 0, 0, 0, 0, 0);
INSERT INTO emoji_codepoints (emoji_codepoint_id,emoji_id,codepoint_id,sequence_index) VALUES (566, 510, 986, 1);

INSERT INTO emoji (emoji_id,emoji_version_id,emoji_name,emoji_character,emojipedia_url_ext,emojipedia_category,codepoint_string,num_codepoints,hasComponent,hasModifier,hasModifierBase,appearance_differs_flag,unicode_not_recommended) VALUES (511, 1, 'Mountain Cableway', '', 'mountain-cableway', 'travel-places', 'U+1F6A0', 1, 0, 0, 0, 0, 0);
INSERT INTO emoji_codepoints (emoji_codepoint_id,emoji_id,codepoint_id,sequence_index) VALUES (567, 511, 987, 1);

INSERT INTO emoji (emoji_id,emoji_version_id,emoji_name,emoji_character,emojipedia_url_ext,emojipedia_category,codepoint_string,num_codepoints,hasComponent,hasModifier,hasModifierBase,appearance_differs_flag,unicode_not_recommended) VALUES (512, 1, 'Aerial Tramway', '', 'aerial-tramway', 'travel-places', 'U+1F6A1', 1, 0, 0, 0, 0, 0);
INSERT INTO emoji_codepoints (emoji_codepoint_id,emoji_id,codepoint_id,sequence_index) VALUES (568, 512, 988, 1);

INSERT INTO emoji (emoji_id,emoji_version_id,emoji_name,emoji_character,emojipedia_url_ext,emojipedia_category,codepoint_string,num_codepoints,hasComponent,hasModifier,hasModifierBase,appearance_differs_flag,unicode_not_recommended) VALUES (513, 1, 'Satellite', '', 'satellite', 'travel-places', 'U+1F6F0U+FE0F', 2, 1, 0, 0, 0, 0);
INSERT INTO emoji_codepoints (emoji_codepoint_id,emoji_id,codepoint_id,sequence_index) VALUES (569, 513, 1042, 1),(570, 513, 1185, 2);

INSERT INTO emoji (emoji_id,emoji_version_id,emoji_name,emoji_character,emojipedia_url_ext,emojipedia_category,codepoint_string,num_codepoints,hasComponent,hasModifier,hasModifierBase,appearance_differs_flag,unicode_not_recommended) VALUES (514, 1, 'Rocket', '', 'rocket', 'travel-places', 'U+1F680', 1, 0, 0, 0, 0, 0);
INSERT INTO emoji_codepoints (emoji_codepoint_id,emoji_id,codepoint_id,sequence_index) VALUES (571, 514, 955, 1);

INSERT INTO emoji (emoji_id,emoji_version_id,emoji_name,emoji_character,emojipedia_url_ext,emojipedia_category,codepoint_string,num_codepoints,hasComponent,hasModifier,hasModifierBase,appearance_differs_flag,unicode_not_recommended) VALUES (515, 1, 'Bellhop Bell', '', 'bellhop-bell', 'objects', 'U+1F6CEU+FE0F', 2, 1, 0, 0, 0, 0);
INSERT INTO emoji_codepoints (emoji_codepoint_id,emoji_id,codepoint_id,sequence_index) VALUES (572, 515, 1028, 1),(573, 515, 1185, 2);

INSERT INTO emoji (emoji_id,emoji_version_id,emoji_name,emoji_character,emojipedia_url_ext,emojipedia_category,codepoint_string,num_codepoints,hasComponent,hasModifier,hasModifierBase,appearance_differs_flag,unicode_not_recommended) VALUES (516, 1, 'Hourglass Done', '', 'hourglass', 'objects', 'U+231B', 1, 0, 0, 0, 0, 0);
INSERT INTO emoji_codepoints (emoji_codepoint_id,emoji_id,codepoint_id,sequence_index) VALUES (574, 516, 28, 1);

INSERT INTO emoji (emoji_id,emoji_version_id,emoji_name,emoji_character,emojipedia_url_ext,emojipedia_category,codepoint_string,num_codepoints,hasComponent,hasModifier,hasModifierBase,appearance_differs_flag,unicode_not_recommended) VALUES (517, 1, 'Hourglass Not Done', '', 'hourglass-with-flowing-sand', 'objects', 'U+23F3', 1, 0, 0, 0, 0, 0);
INSERT INTO emoji_codepoints (emoji_codepoint_id,emoji_id,codepoint_id,sequence_index) VALUES (575, 517, 41, 1);

INSERT INTO emoji (emoji_id,emoji_version_id,emoji_name,emoji_character,emojipedia_url_ext,emojipedia_category,codepoint_string,num_codepoints,hasComponent,hasModifier,hasModifierBase,appearance_differs_flag,unicode_not_recommended) VALUES (518, 1, 'Watch', '', 'watch', 'objects', 'U+231A', 1, 0, 0, 0, 0, 0);
INSERT INTO emoji_codepoints (emoji_codepoint_id,emoji_id,codepoint_id,sequence_index) VALUES (576, 518, 27, 1);

INSERT INTO emoji (emoji_id,emoji_version_id,emoji_name,emoji_character,emojipedia_url_ext,emojipedia_category,codepoint_string,num_codepoints,hasComponent,hasModifier,hasModifierBase,appearance_differs_flag,unicode_not_recommended) VALUES (519, 1, 'Alarm Clock', '', 'alarm-clock', 'objects', 'U+23F0', 1, 0, 0, 0, 0, 0);
INSERT INTO emoji_codepoints (emoji_codepoint_id,emoji_id,codepoint_id,sequence_index) VALUES (577, 519, 38, 1);

INSERT INTO emoji (emoji_id,emoji_version_id,emoji_name,emoji_character,emojipedia_url_ext,emojipedia_category,codepoint_string,num_codepoints,hasComponent,hasModifier,hasModifierBase,appearance_differs_flag,unicode_not_recommended) VALUES (520, 1, 'Stopwatch', '', 'stopwatch', 'objects', 'U+23F1U+FE0F', 2, 1, 0, 0, 0, 0);
INSERT INTO emoji_codepoints (emoji_codepoint_id,emoji_id,codepoint_id,sequence_index) VALUES (578, 520, 39, 1),(579, 520, 1185, 2);

INSERT INTO emoji (emoji_id,emoji_version_id,emoji_name,emoji_character,emojipedia_url_ext,emojipedia_category,codepoint_string,num_codepoints,hasComponent,hasModifier,hasModifierBase,appearance_differs_flag,unicode_not_recommended) VALUES (521, 1, 'Timer Clock', '', 'timer-clock', 'objects', 'U+23F2U+FE0F', 2, 1, 0, 0, 0, 0);
INSERT INTO emoji_codepoints (emoji_codepoint_id,emoji_id,codepoint_id,sequence_index) VALUES (580, 521, 40, 1),(581, 521, 1185, 2);

INSERT INTO emoji (emoji_id,emoji_version_id,emoji_name,emoji_character,emojipedia_url_ext,emojipedia_category,codepoint_string,num_codepoints,hasComponent,hasModifier,hasModifierBase,appearance_differs_flag,unicode_not_recommended) VALUES (522, 1, 'Mantelpiece Clock', '', 'mantelpiece-clock', 'objects', 'U+1F570U+FE0F', 2, 1, 0, 0, 0, 0);
INSERT INTO emoji_codepoints (emoji_codepoint_id,emoji_id,codepoint_id,sequence_index) VALUES (582, 522, 832, 1),(583, 522, 1185, 2);

INSERT INTO emoji (emoji_id,emoji_version_id,emoji_name,emoji_character,emojipedia_url_ext,emojipedia_category,codepoint_string,num_codepoints,hasComponent,hasModifier,hasModifierBase,appearance_differs_flag,unicode_not_recommended) VALUES (523, 1, 'Twelve Oclock', '', 'clock-face-twelve-oclock', 'symbols', 'U+1F55B', 1, 0, 0, 0, 0, 0);
INSERT INTO emoji_codepoints (emoji_codepoint_id,emoji_id,codepoint_id,sequence_index) VALUES (584, 523, 818, 1);

INSERT INTO emoji (emoji_id,emoji_version_id,emoji_name,emoji_character,emojipedia_url_ext,emojipedia_category,codepoint_string,num_codepoints,hasComponent,hasModifier,hasModifierBase,appearance_differs_flag,unicode_not_recommended) VALUES (524, 1, 'Twelve-Thirty', '', 'clock-face-twelve-thirty', 'symbols', 'U+1F567', 1, 0, 0, 0, 0, 0);
INSERT INTO emoji_codepoints (emoji_codepoint_id,emoji_id,codepoint_id,sequence_index) VALUES (585, 524, 830, 1);

INSERT INTO emoji (emoji_id,emoji_version_id,emoji_name,emoji_character,emojipedia_url_ext,emojipedia_category,codepoint_string,num_codepoints,hasComponent,hasModifier,hasModifierBase,appearance_differs_flag,unicode_not_recommended) VALUES (525, 1, 'One Oclock', '', 'clock-face-one-oclock', 'symbols', 'U+1F550', 1, 0, 0, 0, 0, 0);
INSERT INTO emoji_codepoints (emoji_codepoint_id,emoji_id,codepoint_id,sequence_index) VALUES (586, 525, 807, 1);

INSERT INTO emoji (emoji_id,emoji_version_id,emoji_name,emoji_character,emojipedia_url_ext,emojipedia_category,codepoint_string,num_codepoints,hasComponent,hasModifier,hasModifierBase,appearance_differs_flag,unicode_not_recommended) VALUES (526, 1, 'One-Thirty', '', 'clock-face-one-thirty', 'symbols', 'U+1F55C', 1, 0, 0, 0, 0, 0);
INSERT INTO emoji_codepoints (emoji_codepoint_id,emoji_id,codepoint_id,sequence_index) VALUES (587, 526, 819, 1);

INSERT INTO emoji (emoji_id,emoji_version_id,emoji_name,emoji_character,emojipedia_url_ext,emojipedia_category,codepoint_string,num_codepoints,hasComponent,hasModifier,hasModifierBase,appearance_differs_flag,unicode_not_recommended) VALUES (527, 1, 'Two Oclock', '', 'clock-face-two-oclock', 'symbols', 'U+1F551', 1, 0, 0, 0, 0, 0);
INSERT INTO emoji_codepoints (emoji_codepoint_id,emoji_id,codepoint_id,sequence_index) VALUES (588, 527, 808, 1);

INSERT INTO emoji (emoji_id,emoji_version_id,emoji_name,emoji_character,emojipedia_url_ext,emojipedia_category,codepoint_string,num_codepoints,hasComponent,hasModifier,hasModifierBase,appearance_differs_flag,unicode_not_recommended) VALUES (528, 1, 'Two-Thirty', '', 'clock-face-two-thirty', 'symbols', 'U+1F55D', 1, 0, 0, 0, 0, 0);
INSERT INTO emoji_codepoints (emoji_codepoint_id,emoji_id,codepoint_id,sequence_index) VALUES (589, 528, 820, 1);

INSERT INTO emoji (emoji_id,emoji_version_id,emoji_name,emoji_character,emojipedia_url_ext,emojipedia_category,codepoint_string,num_codepoints,hasComponent,hasModifier,hasModifierBase,appearance_differs_flag,unicode_not_recommended) VALUES (529, 1, 'Three Oclock', '', 'clock-face-three-oclock', 'symbols', 'U+1F552', 1, 0, 0, 0, 0, 0);
INSERT INTO emoji_codepoints (emoji_codepoint_id,emoji_id,codepoint_id,sequence_index) VALUES (590, 529, 809, 1);

INSERT INTO emoji (emoji_id,emoji_version_id,emoji_name,emoji_character,emojipedia_url_ext,emojipedia_category,codepoint_string,num_codepoints,hasComponent,hasModifier,hasModifierBase,appearance_differs_flag,unicode_not_recommended) VALUES (530, 1, 'Three-Thirty', '', 'clock-face-three-thirty', 'symbols', 'U+1F55E', 1, 0, 0, 0, 0, 0);
INSERT INTO emoji_codepoints (emoji_codepoint_id,emoji_id,codepoint_id,sequence_index) VALUES (591, 530, 821, 1);

INSERT INTO emoji (emoji_id,emoji_version_id,emoji_name,emoji_character,emojipedia_url_ext,emojipedia_category,codepoint_string,num_codepoints,hasComponent,hasModifier,hasModifierBase,appearance_differs_flag,unicode_not_recommended) VALUES (531, 1, 'Four Oclock', '', 'clock-face-four-oclock', 'symbols', 'U+1F553', 1, 0, 0, 0, 0, 0);
INSERT INTO emoji_codepoints (emoji_codepoint_id,emoji_id,codepoint_id,sequence_index) VALUES (592, 531, 810, 1);

INSERT INTO emoji (emoji_id,emoji_version_id,emoji_name,emoji_character,emojipedia_url_ext,emojipedia_category,codepoint_string,num_codepoints,hasComponent,hasModifier,hasModifierBase,appearance_differs_flag,unicode_not_recommended) VALUES (532, 1, 'Four-Thirty', '', 'clock-face-four-thirty', 'symbols', 'U+1F55F', 1, 0, 0, 0, 0, 0);
INSERT INTO emoji_codepoints (emoji_codepoint_id,emoji_id,codepoint_id,sequence_index) VALUES (593, 532, 822, 1);

INSERT INTO emoji (emoji_id,emoji_version_id,emoji_name,emoji_character,emojipedia_url_ext,emojipedia_category,codepoint_string,num_codepoints,hasComponent,hasModifier,hasModifierBase,appearance_differs_flag,unicode_not_recommended) VALUES (533, 1, 'Five Oclock', '', 'clock-face-five-oclock', 'symbols', 'U+1F554', 1, 0, 0, 0, 0, 0);
INSERT INTO emoji_codepoints (emoji_codepoint_id,emoji_id,codepoint_id,sequence_index) VALUES (594, 533, 811, 1);

INSERT INTO emoji (emoji_id,emoji_version_id,emoji_name,emoji_character,emojipedia_url_ext,emojipedia_category,codepoint_string,num_codepoints,hasComponent,hasModifier,hasModifierBase,appearance_differs_flag,unicode_not_recommended) VALUES (534, 1, 'Five-Thirty', '', 'clock-face-five-thirty', 'symbols', 'U+1F560', 1, 0, 0, 0, 0, 0);
INSERT INTO emoji_codepoints (emoji_codepoint_id,emoji_id,codepoint_id,sequence_index) VALUES (595, 534, 823, 1);

INSERT INTO emoji (emoji_id,emoji_version_id,emoji_name,emoji_character,emojipedia_url_ext,emojipedia_category,codepoint_string,num_codepoints,hasComponent,hasModifier,hasModifierBase,appearance_differs_flag,unicode_not_recommended) VALUES (535, 1, 'Six Oclock', '', 'clock-face-six-oclock', 'symbols', 'U+1F555', 1, 0, 0, 0, 0, 0);
INSERT INTO emoji_codepoints (emoji_codepoint_id,emoji_id,codepoint_id,sequence_index) VALUES (596, 535, 812, 1);

INSERT INTO emoji (emoji_id,emoji_version_id,emoji_name,emoji_character,emojipedia_url_ext,emojipedia_category,codepoint_string,num_codepoints,hasComponent,hasModifier,hasModifierBase,appearance_differs_flag,unicode_not_recommended) VALUES (536, 1, 'Six-Thirty', '', 'clock-face-six-thirty', 'symbols', 'U+1F561', 1, 0, 0, 0, 0, 0);
INSERT INTO emoji_codepoints (emoji_codepoint_id,emoji_id,codepoint_id,sequence_index) VALUES (597, 536, 824, 1);

INSERT INTO emoji (emoji_id,emoji_version_id,emoji_name,emoji_character,emojipedia_url_ext,emojipedia_category,codepoint_string,num_codepoints,hasComponent,hasModifier,hasModifierBase,appearance_differs_flag,unicode_not_recommended) VALUES (537, 1, 'Seven Oclock', '', 'clock-face-seven-oclock', 'symbols', 'U+1F556', 1, 0, 0, 0, 0, 0);
INSERT INTO emoji_codepoints (emoji_codepoint_id,emoji_id,codepoint_id,sequence_index) VALUES (598, 537, 813, 1);

INSERT INTO emoji (emoji_id,emoji_version_id,emoji_name,emoji_character,emojipedia_url_ext,emojipedia_category,codepoint_string,num_codepoints,hasComponent,hasModifier,hasModifierBase,appearance_differs_flag,unicode_not_recommended) VALUES (538, 1, 'Seven-Thirty', '', 'clock-face-seven-thirty', 'symbols', 'U+1F562', 1, 0, 0, 0, 0, 0);
INSERT INTO emoji_codepoints (emoji_codepoint_id,emoji_id,codepoint_id,sequence_index) VALUES (599, 538, 825, 1);

INSERT INTO emoji (emoji_id,emoji_version_id,emoji_name,emoji_character,emojipedia_url_ext,emojipedia_category,codepoint_string,num_codepoints,hasComponent,hasModifier,hasModifierBase,appearance_differs_flag,unicode_not_recommended) VALUES (539, 1, 'Eight Oclock', '', 'clock-face-eight-oclock', 'symbols', 'U+1F557', 1, 0, 0, 0, 0, 0);
INSERT INTO emoji_codepoints (emoji_codepoint_id,emoji_id,codepoint_id,sequence_index) VALUES (600, 539, 814, 1);

INSERT INTO emoji (emoji_id,emoji_version_id,emoji_name,emoji_character,emojipedia_url_ext,emojipedia_category,codepoint_string,num_codepoints,hasComponent,hasModifier,hasModifierBase,appearance_differs_flag,unicode_not_recommended) VALUES (540, 1, 'Eight-Thirty', '', 'clock-face-eight-thirty', 'symbols', 'U+1F563', 1, 0, 0, 0, 0, 0);
INSERT INTO emoji_codepoints (emoji_codepoint_id,emoji_id,codepoint_id,sequence_index) VALUES (601, 540, 826, 1);

INSERT INTO emoji (emoji_id,emoji_version_id,emoji_name,emoji_character,emojipedia_url_ext,emojipedia_category,codepoint_string,num_codepoints,hasComponent,hasModifier,hasModifierBase,appearance_differs_flag,unicode_not_recommended) VALUES (541, 1, 'Nine Oclock', '', 'clock-face-nine-oclock', 'symbols', 'U+1F558', 1, 0, 0, 0, 0, 0);
INSERT INTO emoji_codepoints (emoji_codepoint_id,emoji_id,codepoint_id,sequence_index) VALUES (602, 541, 815, 1);

INSERT INTO emoji (emoji_id,emoji_version_id,emoji_name,emoji_character,emojipedia_url_ext,emojipedia_category,codepoint_string,num_codepoints,hasComponent,hasModifier,hasModifierBase,appearance_differs_flag,unicode_not_recommended) VALUES (542, 1, 'Nine-Thirty', '', 'clock-face-nine-thirty', 'symbols', 'U+1F564', 1, 0, 0, 0, 0, 0);
INSERT INTO emoji_codepoints (emoji_codepoint_id,emoji_id,codepoint_id,sequence_index) VALUES (603, 542, 827, 1);

INSERT INTO emoji (emoji_id,emoji_version_id,emoji_name,emoji_character,emojipedia_url_ext,emojipedia_category,codepoint_string,num_codepoints,hasComponent,hasModifier,hasModifierBase,appearance_differs_flag,unicode_not_recommended) VALUES (543, 1, 'Ten Oclock', '', 'clock-face-ten-oclock', 'symbols', 'U+1F559', 1, 0, 0, 0, 0, 0);
INSERT INTO emoji_codepoints (emoji_codepoint_id,emoji_id,codepoint_id,sequence_index) VALUES (604, 543, 816, 1);

INSERT INTO emoji (emoji_id,emoji_version_id,emoji_name,emoji_character,emojipedia_url_ext,emojipedia_category,codepoint_string,num_codepoints,hasComponent,hasModifier,hasModifierBase,appearance_differs_flag,unicode_not_recommended) VALUES (544, 1, 'Ten-Thirty', '', 'clock-face-ten-thirty', 'symbols', 'U+1F565', 1, 0, 0, 0, 0, 0);
INSERT INTO emoji_codepoints (emoji_codepoint_id,emoji_id,codepoint_id,sequence_index) VALUES (605, 544, 828, 1);

INSERT INTO emoji (emoji_id,emoji_version_id,emoji_name,emoji_character,emojipedia_url_ext,emojipedia_category,codepoint_string,num_codepoints,hasComponent,hasModifier,hasModifierBase,appearance_differs_flag,unicode_not_recommended) VALUES (545, 1, 'Eleven Oclock', '', 'clock-face-eleven-oclock', 'symbols', 'U+1F55A', 1, 0, 0, 0, 0, 0);
INSERT INTO emoji_codepoints (emoji_codepoint_id,emoji_id,codepoint_id,sequence_index) VALUES (606, 545, 817, 1);

INSERT INTO emoji (emoji_id,emoji_version_id,emoji_name,emoji_character,emojipedia_url_ext,emojipedia_category,codepoint_string,num_codepoints,hasComponent,hasModifier,hasModifierBase,appearance_differs_flag,unicode_not_recommended) VALUES (546, 1, 'Eleven-Thirty', '', 'clock-face-eleven-thirty', 'symbols', 'U+1F566', 1, 0, 0, 0, 0, 0);
INSERT INTO emoji_codepoints (emoji_codepoint_id,emoji_id,codepoint_id,sequence_index) VALUES (607, 546, 829, 1);

INSERT INTO emoji (emoji_id,emoji_version_id,emoji_name,emoji_character,emojipedia_url_ext,emojipedia_category,codepoint_string,num_codepoints,hasComponent,hasModifier,hasModifierBase,appearance_differs_flag,unicode_not_recommended) VALUES (547, 1, 'New Moon', '', 'new-moon-symbol', 'nature', 'U+1F311', 1, 0, 0, 0, 0, 0);
INSERT INTO emoji_codepoints (emoji_codepoint_id,emoji_id,codepoint_id,sequence_index) VALUES (608, 547, 255, 1);

INSERT INTO emoji (emoji_id,emoji_version_id,emoji_name,emoji_character,emojipedia_url_ext,emojipedia_category,codepoint_string,num_codepoints,hasComponent,hasModifier,hasModifierBase,appearance_differs_flag,unicode_not_recommended) VALUES (548, 1, 'Waxing Crescent Moon', '', 'waxing-crescent-moon-symbol', 'nature', 'U+1F312', 1, 0, 0, 0, 0, 0);
INSERT INTO emoji_codepoints (emoji_codepoint_id,emoji_id,codepoint_id,sequence_index) VALUES (609, 548, 256, 1);

INSERT INTO emoji (emoji_id,emoji_version_id,emoji_name,emoji_character,emojipedia_url_ext,emojipedia_category,codepoint_string,num_codepoints,hasComponent,hasModifier,hasModifierBase,appearance_differs_flag,unicode_not_recommended) VALUES (549, 1, 'First Quarter Moon', '', 'first-quarter-moon-symbol', 'nature', 'U+1F313', 1, 0, 0, 0, 0, 0);
INSERT INTO emoji_codepoints (emoji_codepoint_id,emoji_id,codepoint_id,sequence_index) VALUES (610, 549, 257, 1);

INSERT INTO emoji (emoji_id,emoji_version_id,emoji_name,emoji_character,emojipedia_url_ext,emojipedia_category,codepoint_string,num_codepoints,hasComponent,hasModifier,hasModifierBase,appearance_differs_flag,unicode_not_recommended) VALUES (550, 1, 'Waxing Gibbous Moon', '', 'waxing-gibbous-moon-symbol', 'nature', 'U+1F314', 1, 0, 0, 0, 0, 0);
INSERT INTO emoji_codepoints (emoji_codepoint_id,emoji_id,codepoint_id,sequence_index) VALUES (611, 550, 258, 1);

INSERT INTO emoji (emoji_id,emoji_version_id,emoji_name,emoji_character,emojipedia_url_ext,emojipedia_category,codepoint_string,num_codepoints,hasComponent,hasModifier,hasModifierBase,appearance_differs_flag,unicode_not_recommended) VALUES (551, 1, 'Full Moon', '', 'full-moon-symbol', 'nature', 'U+1F315', 1, 0, 0, 0, 0, 0);
INSERT INTO emoji_codepoints (emoji_codepoint_id,emoji_id,codepoint_id,sequence_index) VALUES (612, 551, 259, 1);

INSERT INTO emoji (emoji_id,emoji_version_id,emoji_name,emoji_character,emojipedia_url_ext,emojipedia_category,codepoint_string,num_codepoints,hasComponent,hasModifier,hasModifierBase,appearance_differs_flag,unicode_not_recommended) VALUES (552, 1, 'Waning Gibbous Moon', '', 'waning-gibbous-moon-symbol', 'nature', 'U+1F316', 1, 0, 0, 0, 0, 0);
INSERT INTO emoji_codepoints (emoji_codepoint_id,emoji_id,codepoint_id,sequence_index) VALUES (613, 552, 260, 1);

INSERT INTO emoji (emoji_id,emoji_version_id,emoji_name,emoji_character,emojipedia_url_ext,emojipedia_category,codepoint_string,num_codepoints,hasComponent,hasModifier,hasModifierBase,appearance_differs_flag,unicode_not_recommended) VALUES (553, 1, 'Last Quarter Moon', '', 'last-quarter-moon-symbol', 'nature', 'U+1F317', 1, 0, 0, 0, 0, 0);
INSERT INTO emoji_codepoints (emoji_codepoint_id,emoji_id,codepoint_id,sequence_index) VALUES (614, 553, 261, 1);

INSERT INTO emoji (emoji_id,emoji_version_id,emoji_name,emoji_character,emojipedia_url_ext,emojipedia_category,codepoint_string,num_codepoints,hasComponent,hasModifier,hasModifierBase,appearance_differs_flag,unicode_not_recommended) VALUES (554, 1, 'Waning Crescent Moon', '', 'waning-crescent-moon-symbol', 'nature', 'U+1F318', 1, 0, 0, 0, 0, 0);
INSERT INTO emoji_codepoints (emoji_codepoint_id,emoji_id,codepoint_id,sequence_index) VALUES (615, 554, 262, 1);

INSERT INTO emoji (emoji_id,emoji_version_id,emoji_name,emoji_character,emojipedia_url_ext,emojipedia_category,codepoint_string,num_codepoints,hasComponent,hasModifier,hasModifierBase,appearance_differs_flag,unicode_not_recommended) VALUES (555, 1, 'Crescent Moon', '', 'crescent-moon', 'nature', 'U+1F319', 1, 0, 0, 0, 0, 0);
INSERT INTO emoji_codepoints (emoji_codepoint_id,emoji_id,codepoint_id,sequence_index) VALUES (616, 555, 263, 1);

INSERT INTO emoji (emoji_id,emoji_version_id,emoji_name,emoji_character,emojipedia_url_ext,emojipedia_category,codepoint_string,num_codepoints,hasComponent,hasModifier,hasModifierBase,appearance_differs_flag,unicode_not_recommended) VALUES (556, 1, 'New Moon Face', '', 'new-moon-with-face', 'nature', 'U+1F31A', 1, 0, 0, 0, 0, 0);
INSERT INTO emoji_codepoints (emoji_codepoint_id,emoji_id,codepoint_id,sequence_index) VALUES (617, 556, 264, 1);

INSERT INTO emoji (emoji_id,emoji_version_id,emoji_name,emoji_character,emojipedia_url_ext,emojipedia_category,codepoint_string,num_codepoints,hasComponent,hasModifier,hasModifierBase,appearance_differs_flag,unicode_not_recommended) VALUES (557, 1, 'First Quarter Moon Face', '', 'first-quarter-moon-with-face', 'nature', 'U+1F31B', 1, 0, 0, 0, 0, 0);
INSERT INTO emoji_codepoints (emoji_codepoint_id,emoji_id,codepoint_id,sequence_index) VALUES (618, 557, 265, 1);

INSERT INTO emoji (emoji_id,emoji_version_id,emoji_name,emoji_character,emojipedia_url_ext,emojipedia_category,codepoint_string,num_codepoints,hasComponent,hasModifier,hasModifierBase,appearance_differs_flag,unicode_not_recommended) VALUES (558, 1, 'Last Quarter Moon Face', '', 'last-quarter-moon-with-face', 'nature', 'U+1F31C', 1, 0, 0, 0, 0, 0);
INSERT INTO emoji_codepoints (emoji_codepoint_id,emoji_id,codepoint_id,sequence_index) VALUES (619, 558, 266, 1);

INSERT INTO emoji (emoji_id,emoji_version_id,emoji_name,emoji_character,emojipedia_url_ext,emojipedia_category,codepoint_string,num_codepoints,hasComponent,hasModifier,hasModifierBase,appearance_differs_flag,unicode_not_recommended) VALUES (559, 1, 'Thermometer', '', 'thermometer', 'objects', 'U+1F321U+FE0F', 2, 1, 0, 0, 0, 0);
INSERT INTO emoji_codepoints (emoji_codepoint_id,emoji_id,codepoint_id,sequence_index) VALUES (620, 559, 271, 1),(621, 559, 1185, 2);

INSERT INTO emoji (emoji_id,emoji_version_id,emoji_name,emoji_character,emojipedia_url_ext,emojipedia_category,codepoint_string,num_codepoints,hasComponent,hasModifier,hasModifierBase,appearance_differs_flag,unicode_not_recommended) VALUES (560, 1, 'Sun', '', 'black-sun-with-rays', 'nature', 'U+2600U+FE0F', 2, 1, 0, 0, 0, 0);
INSERT INTO emoji_codepoints (emoji_codepoint_id,emoji_id,codepoint_id,sequence_index) VALUES (622, 560, 54, 1),(623, 560, 1185, 2);

INSERT INTO emoji (emoji_id,emoji_version_id,emoji_name,emoji_character,emojipedia_url_ext,emojipedia_category,codepoint_string,num_codepoints,hasComponent,hasModifier,hasModifierBase,appearance_differs_flag,unicode_not_recommended) VALUES (561, 1, 'Full Moon Face', '', 'full-moon-with-face', 'nature', 'U+1F31D', 1, 0, 0, 0, 0, 0);
INSERT INTO emoji_codepoints (emoji_codepoint_id,emoji_id,codepoint_id,sequence_index) VALUES (624, 561, 267, 1);

INSERT INTO emoji (emoji_id,emoji_version_id,emoji_name,emoji_character,emojipedia_url_ext,emojipedia_category,codepoint_string,num_codepoints,hasComponent,hasModifier,hasModifierBase,appearance_differs_flag,unicode_not_recommended) VALUES (562, 1, 'Sun With Face', '', 'sun-with-face', 'nature', 'U+1F31E', 1, 0, 0, 0, 0, 0);
INSERT INTO emoji_codepoints (emoji_codepoint_id,emoji_id,codepoint_id,sequence_index) VALUES (625, 562, 268, 1);

INSERT INTO emoji (emoji_id,emoji_version_id,emoji_name,emoji_character,emojipedia_url_ext,emojipedia_category,codepoint_string,num_codepoints,hasComponent,hasModifier,hasModifierBase,appearance_differs_flag,unicode_not_recommended) VALUES (563, 1, 'White Medium Star', '', 'white-medium-star', 'nature', 'U+2B50', 1, 0, 0, 0, 0, 0);
INSERT INTO emoji_codepoints (emoji_codepoint_id,emoji_id,codepoint_id,sequence_index) VALUES (626, 563, 174, 1);

INSERT INTO emoji (emoji_id,emoji_version_id,emoji_name,emoji_character,emojipedia_url_ext,emojipedia_category,codepoint_string,num_codepoints,hasComponent,hasModifier,hasModifierBase,appearance_differs_flag,unicode_not_recommended) VALUES (564, 1, 'Glowing Star', '', 'glowing-star', 'nature', 'U+1F31F', 1, 0, 0, 0, 0, 0);
INSERT INTO emoji_codepoints (emoji_codepoint_id,emoji_id,codepoint_id,sequence_index) VALUES (627, 564, 269, 1);

INSERT INTO emoji (emoji_id,emoji_version_id,emoji_name,emoji_character,emojipedia_url_ext,emojipedia_category,codepoint_string,num_codepoints,hasComponent,hasModifier,hasModifierBase,appearance_differs_flag,unicode_not_recommended) VALUES (565, 1, 'Shooting Star', '', 'shooting-star', 'travel-places', 'U+1F320', 1, 0, 0, 0, 0, 0);
INSERT INTO emoji_codepoints (emoji_codepoint_id,emoji_id,codepoint_id,sequence_index) VALUES (628, 565, 270, 1);

INSERT INTO emoji (emoji_id,emoji_version_id,emoji_name,emoji_character,emojipedia_url_ext,emojipedia_category,codepoint_string,num_codepoints,hasComponent,hasModifier,hasModifierBase,appearance_differs_flag,unicode_not_recommended) VALUES (566, 1, 'Cloud', '', 'cloud', 'nature', 'U+2601U+FE0F', 2, 1, 0, 0, 0, 0);
INSERT INTO emoji_codepoints (emoji_codepoint_id,emoji_id,codepoint_id,sequence_index) VALUES (629, 566, 55, 1),(630, 566, 1185, 2);

INSERT INTO emoji (emoji_id,emoji_version_id,emoji_name,emoji_character,emojipedia_url_ext,emojipedia_category,codepoint_string,num_codepoints,hasComponent,hasModifier,hasModifierBase,appearance_differs_flag,unicode_not_recommended) VALUES (567, 1, 'Sun Behind Cloud', '', 'sun-behind-cloud', 'nature', 'U+26C5', 1, 0, 0, 0, 0, 0);
INSERT INTO emoji_codepoints (emoji_codepoint_id,emoji_id,codepoint_id,sequence_index) VALUES (631, 567, 114, 1);

INSERT INTO emoji (emoji_id,emoji_version_id,emoji_name,emoji_character,emojipedia_url_ext,emojipedia_category,codepoint_string,num_codepoints,hasComponent,hasModifier,hasModifierBase,appearance_differs_flag,unicode_not_recommended) VALUES (568, 1, 'Cloud With Lightning and Rain', '', 'thunder-cloud-and-rain', 'nature', 'U+26C8U+FE0F', 2, 1, 0, 0, 0, 0);
INSERT INTO emoji_codepoints (emoji_codepoint_id,emoji_id,codepoint_id,sequence_index) VALUES (632, 568, 115, 1),(633, 568, 1185, 2);

INSERT INTO emoji (emoji_id,emoji_version_id,emoji_name,emoji_character,emojipedia_url_ext,emojipedia_category,codepoint_string,num_codepoints,hasComponent,hasModifier,hasModifierBase,appearance_differs_flag,unicode_not_recommended) VALUES (569, 1, 'Sun Behind Small Cloud', '', 'white-sun-with-small-cloud', 'nature', 'U+1F324U+FE0F', 2, 1, 0, 0, 0, 0);
INSERT INTO emoji_codepoints (emoji_codepoint_id,emoji_id,codepoint_id,sequence_index) VALUES (634, 569, 272, 1),(635, 569, 1185, 2);

INSERT INTO emoji (emoji_id,emoji_version_id,emoji_name,emoji_character,emojipedia_url_ext,emojipedia_category,codepoint_string,num_codepoints,hasComponent,hasModifier,hasModifierBase,appearance_differs_flag,unicode_not_recommended) VALUES (570, 1, 'Sun Behind Large Cloud', '', 'white-sun-behind-cloud', 'nature', 'U+1F325U+FE0F', 2, 1, 0, 0, 0, 0);
INSERT INTO emoji_codepoints (emoji_codepoint_id,emoji_id,codepoint_id,sequence_index) VALUES (636, 570, 273, 1),(637, 570, 1185, 2);

INSERT INTO emoji (emoji_id,emoji_version_id,emoji_name,emoji_character,emojipedia_url_ext,emojipedia_category,codepoint_string,num_codepoints,hasComponent,hasModifier,hasModifierBase,appearance_differs_flag,unicode_not_recommended) VALUES (571, 1, 'Sun Behind Rain Cloud', '', 'white-sun-behind-cloud-with-rain', 'nature', 'U+1F326U+FE0F', 2, 1, 0, 0, 0, 0);
INSERT INTO emoji_codepoints (emoji_codepoint_id,emoji_id,codepoint_id,sequence_index) VALUES (638, 571, 274, 1),(639, 571, 1185, 2);

INSERT INTO emoji (emoji_id,emoji_version_id,emoji_name,emoji_character,emojipedia_url_ext,emojipedia_category,codepoint_string,num_codepoints,hasComponent,hasModifier,hasModifierBase,appearance_differs_flag,unicode_not_recommended) VALUES (572, 1, 'Cloud With Rain', '', 'cloud-with-rain', 'nature', 'U+1F327U+FE0F', 2, 1, 0, 0, 0, 0);
INSERT INTO emoji_codepoints (emoji_codepoint_id,emoji_id,codepoint_id,sequence_index) VALUES (640, 572, 275, 1),(641, 572, 1185, 2);

INSERT INTO emoji (emoji_id,emoji_version_id,emoji_name,emoji_character,emojipedia_url_ext,emojipedia_category,codepoint_string,num_codepoints,hasComponent,hasModifier,hasModifierBase,appearance_differs_flag,unicode_not_recommended) VALUES (573, 1, 'Cloud With Snow', '', 'cloud-with-snow', 'nature', 'U+1F328U+FE0F', 2, 1, 0, 0, 0, 0);
INSERT INTO emoji_codepoints (emoji_codepoint_id,emoji_id,codepoint_id,sequence_index) VALUES (642, 573, 276, 1),(643, 573, 1185, 2);

INSERT INTO emoji (emoji_id,emoji_version_id,emoji_name,emoji_character,emojipedia_url_ext,emojipedia_category,codepoint_string,num_codepoints,hasComponent,hasModifier,hasModifierBase,appearance_differs_flag,unicode_not_recommended) VALUES (574, 1, 'Cloud With Lightning', '', 'cloud-with-lightning', 'nature', 'U+1F329U+FE0F', 2, 1, 0, 0, 0, 0);
INSERT INTO emoji_codepoints (emoji_codepoint_id,emoji_id,codepoint_id,sequence_index) VALUES (644, 574, 277, 1),(645, 574, 1185, 2);

INSERT INTO emoji (emoji_id,emoji_version_id,emoji_name,emoji_character,emojipedia_url_ext,emojipedia_category,codepoint_string,num_codepoints,hasComponent,hasModifier,hasModifierBase,appearance_differs_flag,unicode_not_recommended) VALUES (575, 1, 'Tornado', '', 'cloud-with-tornado', 'nature', 'U+1F32AU+FE0F', 2, 1, 0, 0, 0, 0);
INSERT INTO emoji_codepoints (emoji_codepoint_id,emoji_id,codepoint_id,sequence_index) VALUES (646, 575, 278, 1),(647, 575, 1185, 2);

INSERT INTO emoji (emoji_id,emoji_version_id,emoji_name,emoji_character,emojipedia_url_ext,emojipedia_category,codepoint_string,num_codepoints,hasComponent,hasModifier,hasModifierBase,appearance_differs_flag,unicode_not_recommended) VALUES (576, 1, 'Fog', '', 'fog', 'nature', 'U+1F32BU+FE0F', 2, 1, 0, 0, 0, 0);
INSERT INTO emoji_codepoints (emoji_codepoint_id,emoji_id,codepoint_id,sequence_index) VALUES (648, 576, 279, 1),(649, 576, 1185, 2);

INSERT INTO emoji (emoji_id,emoji_version_id,emoji_name,emoji_character,emojipedia_url_ext,emojipedia_category,codepoint_string,num_codepoints,hasComponent,hasModifier,hasModifierBase,appearance_differs_flag,unicode_not_recommended) VALUES (577, 1, 'Wind Face', '', 'wind-blowing-face', 'nature', 'U+1F32CU+FE0F', 2, 1, 0, 0, 0, 0);
INSERT INTO emoji_codepoints (emoji_codepoint_id,emoji_id,codepoint_id,sequence_index) VALUES (650, 577, 280, 1),(651, 577, 1185, 2);

INSERT INTO emoji (emoji_id,emoji_version_id,emoji_name,emoji_character,emojipedia_url_ext,emojipedia_category,codepoint_string,num_codepoints,hasComponent,hasModifier,hasModifierBase,appearance_differs_flag,unicode_not_recommended) VALUES (578, 1, 'Cyclone', '', 'cyclone', 'symbols', 'U+1F300', 1, 0, 0, 0, 0, 0);
INSERT INTO emoji_codepoints (emoji_codepoint_id,emoji_id,codepoint_id,sequence_index) VALUES (652, 578, 238, 1);

INSERT INTO emoji (emoji_id,emoji_version_id,emoji_name,emoji_character,emojipedia_url_ext,emojipedia_category,codepoint_string,num_codepoints,hasComponent,hasModifier,hasModifierBase,appearance_differs_flag,unicode_not_recommended) VALUES (579, 1, 'Rainbow', '', 'rainbow', 'nature', 'U+1F308', 1, 0, 0, 0, 0, 0);
INSERT INTO emoji_codepoints (emoji_codepoint_id,emoji_id,codepoint_id,sequence_index) VALUES (653, 579, 246, 1);

INSERT INTO emoji (emoji_id,emoji_version_id,emoji_name,emoji_character,emojipedia_url_ext,emojipedia_category,codepoint_string,num_codepoints,hasComponent,hasModifier,hasModifierBase,appearance_differs_flag,unicode_not_recommended) VALUES (580, 1, 'Closed Umbrella', '', 'closed-umbrella', 'people', 'U+1F302', 1, 0, 0, 0, 0, 0);
INSERT INTO emoji_codepoints (emoji_codepoint_id,emoji_id,codepoint_id,sequence_index) VALUES (654, 580, 240, 1);

INSERT INTO emoji (emoji_id,emoji_version_id,emoji_name,emoji_character,emojipedia_url_ext,emojipedia_category,codepoint_string,num_codepoints,hasComponent,hasModifier,hasModifierBase,appearance_differs_flag,unicode_not_recommended) VALUES (581, 1, 'Umbrella', '', 'umbrella', 'nature', 'U+2602U+FE0F', 2, 1, 0, 0, 0, 0);
INSERT INTO emoji_codepoints (emoji_codepoint_id,emoji_id,codepoint_id,sequence_index) VALUES (655, 581, 56, 1),(656, 581, 1185, 2);

INSERT INTO emoji (emoji_id,emoji_version_id,emoji_name,emoji_character,emojipedia_url_ext,emojipedia_category,codepoint_string,num_codepoints,hasComponent,hasModifier,hasModifierBase,appearance_differs_flag,unicode_not_recommended) VALUES (582, 1, 'Umbrella With Rain Drops', '', 'umbrella-with-rain-drops', 'nature', 'U+2614', 1, 0, 0, 0, 0, 0);
INSERT INTO emoji_codepoints (emoji_codepoint_id,emoji_id,codepoint_id,sequence_index) VALUES (657, 582, 61, 1);

INSERT INTO emoji (emoji_id,emoji_version_id,emoji_name,emoji_character,emojipedia_url_ext,emojipedia_category,codepoint_string,num_codepoints,hasComponent,hasModifier,hasModifierBase,appearance_differs_flag,unicode_not_recommended) VALUES (583, 1, 'Umbrella on Ground', '', 'umbrella-on-ground', 'objects', 'U+26F1U+FE0F', 2, 1, 0, 0, 0, 0);
INSERT INTO emoji_codepoints (emoji_codepoint_id,emoji_id,codepoint_id,sequence_index) VALUES (658, 583, 124, 1),(659, 583, 1185, 2);

INSERT INTO emoji (emoji_id,emoji_version_id,emoji_name,emoji_character,emojipedia_url_ext,emojipedia_category,codepoint_string,num_codepoints,hasComponent,hasModifier,hasModifierBase,appearance_differs_flag,unicode_not_recommended) VALUES (584, 1, 'High Voltage', '', 'high-voltage-sign', 'nature', 'U+26A1', 1, 0, 0, 0, 0, 0);
INSERT INTO emoji_codepoints (emoji_codepoint_id,emoji_id,codepoint_id,sequence_index) VALUES (660, 584, 106, 1);

INSERT INTO emoji (emoji_id,emoji_version_id,emoji_name,emoji_character,emojipedia_url_ext,emojipedia_category,codepoint_string,num_codepoints,hasComponent,hasModifier,hasModifierBase,appearance_differs_flag,unicode_not_recommended) VALUES (585, 1, 'Snowflake', '', 'snowflake', 'nature', 'U+2744U+FE0F', 2, 1, 0, 0, 0, 0);
INSERT INTO emoji_codepoints (emoji_codepoint_id,emoji_id,codepoint_id,sequence_index) VALUES (661, 585, 151, 1),(662, 585, 1185, 2);

INSERT INTO emoji (emoji_id,emoji_version_id,emoji_name,emoji_character,emojipedia_url_ext,emojipedia_category,codepoint_string,num_codepoints,hasComponent,hasModifier,hasModifierBase,appearance_differs_flag,unicode_not_recommended) VALUES (586, 1, 'Snowman', '', 'snowman', 'nature', 'U+2603U+FE0F', 2, 1, 0, 0, 0, 0);
INSERT INTO emoji_codepoints (emoji_codepoint_id,emoji_id,codepoint_id,sequence_index) VALUES (663, 586, 57, 1),(664, 586, 1185, 2);

INSERT INTO emoji (emoji_id,emoji_version_id,emoji_name,emoji_character,emojipedia_url_ext,emojipedia_category,codepoint_string,num_codepoints,hasComponent,hasModifier,hasModifierBase,appearance_differs_flag,unicode_not_recommended) VALUES (587, 1, 'Snowman Without Snow', '', 'snowman-without-snow', 'nature', 'U+26C4', 1, 0, 0, 0, 0, 0);
INSERT INTO emoji_codepoints (emoji_codepoint_id,emoji_id,codepoint_id,sequence_index) VALUES (665, 587, 113, 1);

INSERT INTO emoji (emoji_id,emoji_version_id,emoji_name,emoji_character,emojipedia_url_ext,emojipedia_category,codepoint_string,num_codepoints,hasComponent,hasModifier,hasModifierBase,appearance_differs_flag,unicode_not_recommended) VALUES (588, 1, 'Comet', '', 'comet', 'nature', 'U+2604U+FE0F', 2, 1, 0, 0, 0, 0);
INSERT INTO emoji_codepoints (emoji_codepoint_id,emoji_id,codepoint_id,sequence_index) VALUES (666, 588, 58, 1),(667, 588, 1185, 2);

INSERT INTO emoji (emoji_id,emoji_version_id,emoji_name,emoji_character,emojipedia_url_ext,emojipedia_category,codepoint_string,num_codepoints,hasComponent,hasModifier,hasModifierBase,appearance_differs_flag,unicode_not_recommended) VALUES (589, 1, 'Fire', '', 'fire', 'nature', 'U+1F525', 1, 0, 0, 0, 0, 0);
INSERT INTO emoji_codepoints (emoji_codepoint_id,emoji_id,codepoint_id,sequence_index) VALUES (668, 589, 776, 1);

INSERT INTO emoji (emoji_id,emoji_version_id,emoji_name,emoji_character,emojipedia_url_ext,emojipedia_category,codepoint_string,num_codepoints,hasComponent,hasModifier,hasModifierBase,appearance_differs_flag,unicode_not_recommended) VALUES (590, 1, 'Droplet', '', 'droplet', 'nature', 'U+1F4A7', 1, 0, 0, 0, 0, 0);
INSERT INTO emoji_codepoints (emoji_codepoint_id,emoji_id,codepoint_id,sequence_index) VALUES (669, 590, 651, 1);

INSERT INTO emoji (emoji_id,emoji_version_id,emoji_name,emoji_character,emojipedia_url_ext,emojipedia_category,codepoint_string,num_codepoints,hasComponent,hasModifier,hasModifierBase,appearance_differs_flag,unicode_not_recommended) VALUES (591, 1, 'Water Wave', '', 'water-wave', 'nature', 'U+1F30A', 1, 0, 0, 0, 0, 0);
INSERT INTO emoji_codepoints (emoji_codepoint_id,emoji_id,codepoint_id,sequence_index) VALUES (670, 591, 248, 1);

INSERT INTO emoji (emoji_id,emoji_version_id,emoji_name,emoji_character,emojipedia_url_ext,emojipedia_category,codepoint_string,num_codepoints,hasComponent,hasModifier,hasModifierBase,appearance_differs_flag,unicode_not_recommended) VALUES (592, 1, 'Jack-O-Lantern', '', 'jack-o-lantern', NULL, 'U+1F383', 1, 0, 0, 0, 0, 0);
INSERT INTO emoji_codepoints (emoji_codepoint_id,emoji_id,codepoint_id,sequence_index) VALUES (671, 592, 367, 1);

INSERT INTO emoji (emoji_id,emoji_version_id,emoji_name,emoji_character,emojipedia_url_ext,emojipedia_category,codepoint_string,num_codepoints,hasComponent,hasModifier,hasModifierBase,appearance_differs_flag,unicode_not_recommended) VALUES (593, 1, 'Christmas Tree', '', 'christmas-tree', 'nature', 'U+1F384', 1, 0, 0, 0, 0, 0);
INSERT INTO emoji_codepoints (emoji_codepoint_id,emoji_id,codepoint_id,sequence_index) VALUES (672, 593, 368, 1);

INSERT INTO emoji (emoji_id,emoji_version_id,emoji_name,emoji_character,emojipedia_url_ext,emojipedia_category,codepoint_string,num_codepoints,hasComponent,hasModifier,hasModifierBase,appearance_differs_flag,unicode_not_recommended) VALUES (594, 1, 'Fireworks', '', 'fireworks', 'travel-places', 'U+1F386', 1, 0, 0, 0, 0, 0);
INSERT INTO emoji_codepoints (emoji_codepoint_id,emoji_id,codepoint_id,sequence_index) VALUES (673, 594, 370, 1);

INSERT INTO emoji (emoji_id,emoji_version_id,emoji_name,emoji_character,emojipedia_url_ext,emojipedia_category,codepoint_string,num_codepoints,hasComponent,hasModifier,hasModifierBase,appearance_differs_flag,unicode_not_recommended) VALUES (595, 1, 'Sparkler', '', 'firework-sparkler', 'travel-places', 'U+1F387', 1, 0, 0, 0, 0, 0);
INSERT INTO emoji_codepoints (emoji_codepoint_id,emoji_id,codepoint_id,sequence_index) VALUES (674, 595, 371, 1);

INSERT INTO emoji (emoji_id,emoji_version_id,emoji_name,emoji_character,emojipedia_url_ext,emojipedia_category,codepoint_string,num_codepoints,hasComponent,hasModifier,hasModifierBase,appearance_differs_flag,unicode_not_recommended) VALUES (596, 1, 'Sparkles', '', 'sparkles', 'nature', 'U+2728', 1, 0, 0, 0, 0, 0);
INSERT INTO emoji_codepoints (emoji_codepoint_id,emoji_id,codepoint_id,sequence_index) VALUES (675, 596, 148, 1);

INSERT INTO emoji (emoji_id,emoji_version_id,emoji_name,emoji_character,emojipedia_url_ext,emojipedia_category,codepoint_string,num_codepoints,hasComponent,hasModifier,hasModifierBase,appearance_differs_flag,unicode_not_recommended) VALUES (597, 1, 'Balloon', '', 'balloon', 'objects', 'U+1F388', 1, 0, 0, 0, 0, 0);
INSERT INTO emoji_codepoints (emoji_codepoint_id,emoji_id,codepoint_id,sequence_index) VALUES (676, 597, 372, 1);

INSERT INTO emoji (emoji_id,emoji_version_id,emoji_name,emoji_character,emojipedia_url_ext,emojipedia_category,codepoint_string,num_codepoints,hasComponent,hasModifier,hasModifierBase,appearance_differs_flag,unicode_not_recommended) VALUES (598, 1, 'Party Popper', '', 'party-popper', 'objects', 'U+1F389', 1, 0, 0, 0, 0, 0);
INSERT INTO emoji_codepoints (emoji_codepoint_id,emoji_id,codepoint_id,sequence_index) VALUES (677, 598, 373, 1);

INSERT INTO emoji (emoji_id,emoji_version_id,emoji_name,emoji_character,emojipedia_url_ext,emojipedia_category,codepoint_string,num_codepoints,hasComponent,hasModifier,hasModifierBase,appearance_differs_flag,unicode_not_recommended) VALUES (599, 1, 'Confetti Ball', '', 'confetti-ball', 'objects', 'U+1F38A', 1, 0, 0, 0, 0, 0);
INSERT INTO emoji_codepoints (emoji_codepoint_id,emoji_id,codepoint_id,sequence_index) VALUES (678, 599, 374, 1);

INSERT INTO emoji (emoji_id,emoji_version_id,emoji_name,emoji_character,emojipedia_url_ext,emojipedia_category,codepoint_string,num_codepoints,hasComponent,hasModifier,hasModifierBase,appearance_differs_flag,unicode_not_recommended) VALUES (600, 1, 'Tanabata Tree', '', 'tanabata-tree', 'nature', 'U+1F38B', 1, 0, 0, 0, 0, 0);
INSERT INTO emoji_codepoints (emoji_codepoint_id,emoji_id,codepoint_id,sequence_index) VALUES (679, 600, 375, 1);

INSERT INTO emoji (emoji_id,emoji_version_id,emoji_name,emoji_character,emojipedia_url_ext,emojipedia_category,codepoint_string,num_codepoints,hasComponent,hasModifier,hasModifierBase,appearance_differs_flag,unicode_not_recommended) VALUES (601, 1, 'Pine Decoration', '', 'pine-decoration', 'nature', 'U+1F38D', 1, 0, 0, 0, 0, 0);
INSERT INTO emoji_codepoints (emoji_codepoint_id,emoji_id,codepoint_id,sequence_index) VALUES (680, 601, 377, 1);

INSERT INTO emoji (emoji_id,emoji_version_id,emoji_name,emoji_character,emojipedia_url_ext,emojipedia_category,codepoint_string,num_codepoints,hasComponent,hasModifier,hasModifierBase,appearance_differs_flag,unicode_not_recommended) VALUES (602, 1, 'Japanese Dolls', '', 'japanese-dolls', 'objects', 'U+1F38E', 1, 0, 0, 0, 0, 0);
INSERT INTO emoji_codepoints (emoji_codepoint_id,emoji_id,codepoint_id,sequence_index) VALUES (681, 602, 378, 1);

INSERT INTO emoji (emoji_id,emoji_version_id,emoji_name,emoji_character,emojipedia_url_ext,emojipedia_category,codepoint_string,num_codepoints,hasComponent,hasModifier,hasModifierBase,appearance_differs_flag,unicode_not_recommended) VALUES (603, 1, 'Carp Streamer', '', 'carp-streamer', 'objects', 'U+1F38F', 1, 0, 0, 0, 0, 0);
INSERT INTO emoji_codepoints (emoji_codepoint_id,emoji_id,codepoint_id,sequence_index) VALUES (682, 603, 379, 1);

INSERT INTO emoji (emoji_id,emoji_version_id,emoji_name,emoji_character,emojipedia_url_ext,emojipedia_category,codepoint_string,num_codepoints,hasComponent,hasModifier,hasModifierBase,appearance_differs_flag,unicode_not_recommended) VALUES (604, 1, 'Wind Chime', '', 'wind-chime', 'objects', 'U+1F390', 1, 0, 0, 0, 0, 0);
INSERT INTO emoji_codepoints (emoji_codepoint_id,emoji_id,codepoint_id,sequence_index) VALUES (683, 604, 380, 1);

INSERT INTO emoji (emoji_id,emoji_version_id,emoji_name,emoji_character,emojipedia_url_ext,emojipedia_category,codepoint_string,num_codepoints,hasComponent,hasModifier,hasModifierBase,appearance_differs_flag,unicode_not_recommended) VALUES (605, 1, 'Moon Viewing Ceremony', '', 'moon-viewing-ceremony', 'travel-places', 'U+1F391', 1, 0, 0, 0, 0, 0);
INSERT INTO emoji_codepoints (emoji_codepoint_id,emoji_id,codepoint_id,sequence_index) VALUES (684, 605, 381, 1);

INSERT INTO emoji (emoji_id,emoji_version_id,emoji_name,emoji_character,emojipedia_url_ext,emojipedia_category,codepoint_string,num_codepoints,hasComponent,hasModifier,hasModifierBase,appearance_differs_flag,unicode_not_recommended) VALUES (606, 1, 'Ribbon', '', 'ribbon', 'objects', 'U+1F380', 1, 0, 0, 0, 0, 0);
INSERT INTO emoji_codepoints (emoji_codepoint_id,emoji_id,codepoint_id,sequence_index) VALUES (685, 606, 364, 1);

INSERT INTO emoji (emoji_id,emoji_version_id,emoji_name,emoji_character,emojipedia_url_ext,emojipedia_category,codepoint_string,num_codepoints,hasComponent,hasModifier,hasModifierBase,appearance_differs_flag,unicode_not_recommended) VALUES (607, 1, 'Wrapped Gift', '', 'wrapped-present', 'objects', 'U+1F381', 1, 0, 0, 0, 0, 0);
INSERT INTO emoji_codepoints (emoji_codepoint_id,emoji_id,codepoint_id,sequence_index) VALUES (686, 607, 365, 1);

INSERT INTO emoji (emoji_id,emoji_version_id,emoji_name,emoji_character,emojipedia_url_ext,emojipedia_category,codepoint_string,num_codepoints,hasComponent,hasModifier,hasModifierBase,appearance_differs_flag,unicode_not_recommended) VALUES (608, 1, 'Reminder Ribbon', '', 'reminder-ribbon', 'activity', 'U+1F397U+FE0F', 2, 1, 0, 0, 0, 0);
INSERT INTO emoji_codepoints (emoji_codepoint_id,emoji_id,codepoint_id,sequence_index) VALUES (687, 608, 385, 1),(688, 608, 1185, 2);

INSERT INTO emoji (emoji_id,emoji_version_id,emoji_name,emoji_character,emojipedia_url_ext,emojipedia_category,codepoint_string,num_codepoints,hasComponent,hasModifier,hasModifierBase,appearance_differs_flag,unicode_not_recommended) VALUES (609, 1, 'Admission Tickets', '', 'admission-tickets', 'activity', 'U+1F39FU+FE0F', 2, 1, 0, 0, 0, 0);
INSERT INTO emoji_codepoints (emoji_codepoint_id,emoji_id,codepoint_id,sequence_index) VALUES (689, 609, 390, 1),(690, 609, 1185, 2);

INSERT INTO emoji (emoji_id,emoji_version_id,emoji_name,emoji_character,emojipedia_url_ext,emojipedia_category,codepoint_string,num_codepoints,hasComponent,hasModifier,hasModifierBase,appearance_differs_flag,unicode_not_recommended) VALUES (610, 1, 'Ticket', '', 'ticket', 'activity', 'U+1F3AB', 1, 0, 0, 0, 0, 0);
INSERT INTO emoji_codepoints (emoji_codepoint_id,emoji_id,codepoint_id,sequence_index) VALUES (691, 610, 402, 1);

INSERT INTO emoji (emoji_id,emoji_version_id,emoji_name,emoji_character,emojipedia_url_ext,emojipedia_category,codepoint_string,num_codepoints,hasComponent,hasModifier,hasModifierBase,appearance_differs_flag,unicode_not_recommended) VALUES (611, 1, 'Military Medal', '', 'military-medal', 'activity', 'U+1F396U+FE0F', 2, 1, 0, 0, 0, 0);
INSERT INTO emoji_codepoints (emoji_codepoint_id,emoji_id,codepoint_id,sequence_index) VALUES (692, 611, 384, 1),(693, 611, 1185, 2);

INSERT INTO emoji (emoji_id,emoji_version_id,emoji_name,emoji_character,emojipedia_url_ext,emojipedia_category,codepoint_string,num_codepoints,hasComponent,hasModifier,hasModifierBase,appearance_differs_flag,unicode_not_recommended) VALUES (612, 1, 'Trophy', '', 'trophy', 'activity', 'U+1F3C6', 1, 0, 0, 0, 0, 0);
INSERT INTO emoji_codepoints (emoji_codepoint_id,emoji_id,codepoint_id,sequence_index) VALUES (694, 612, 429, 1);

INSERT INTO emoji (emoji_id,emoji_version_id,emoji_name,emoji_character,emojipedia_url_ext,emojipedia_category,codepoint_string,num_codepoints,hasComponent,hasModifier,hasModifierBase,appearance_differs_flag,unicode_not_recommended) VALUES (613, 1, 'Sports Medal', '', 'sports-medal', 'activity', 'U+1F3C5', 1, 0, 0, 0, 0, 0);
INSERT INTO emoji_codepoints (emoji_codepoint_id,emoji_id,codepoint_id,sequence_index) VALUES (695, 613, 428, 1);

INSERT INTO emoji (emoji_id,emoji_version_id,emoji_name,emoji_character,emojipedia_url_ext,emojipedia_category,codepoint_string,num_codepoints,hasComponent,hasModifier,hasModifierBase,appearance_differs_flag,unicode_not_recommended) VALUES (614, 1, 'Soccer Ball', '', 'soccer-ball', 'activity', 'U+26BD', 1, 0, 0, 0, 0, 0);
INSERT INTO emoji_codepoints (emoji_codepoint_id,emoji_id,codepoint_id,sequence_index) VALUES (696, 614, 111, 1);

INSERT INTO emoji (emoji_id,emoji_version_id,emoji_name,emoji_character,emojipedia_url_ext,emojipedia_category,codepoint_string,num_codepoints,hasComponent,hasModifier,hasModifierBase,appearance_differs_flag,unicode_not_recommended) VALUES (615, 1, 'Baseball', '', 'baseball', 'activity', 'U+26BE', 1, 0, 0, 0, 0, 0);
INSERT INTO emoji_codepoints (emoji_codepoint_id,emoji_id,codepoint_id,sequence_index) VALUES (697, 615, 112, 1);

INSERT INTO emoji (emoji_id,emoji_version_id,emoji_name,emoji_character,emojipedia_url_ext,emojipedia_category,codepoint_string,num_codepoints,hasComponent,hasModifier,hasModifierBase,appearance_differs_flag,unicode_not_recommended) VALUES (616, 1, 'Basketball', '', 'basketball-and-hoop', 'activity', 'U+1F3C0', 1, 0, 0, 0, 0, 0);
INSERT INTO emoji_codepoints (emoji_codepoint_id,emoji_id,codepoint_id,sequence_index) VALUES (698, 616, 423, 1);

INSERT INTO emoji (emoji_id,emoji_version_id,emoji_name,emoji_character,emojipedia_url_ext,emojipedia_category,codepoint_string,num_codepoints,hasComponent,hasModifier,hasModifierBase,appearance_differs_flag,unicode_not_recommended) VALUES (617, 1, 'Volleyball', '', 'volleyball', 'activity', 'U+1F3D0', 1, 0, 0, 0, 0, 0);
INSERT INTO emoji_codepoints (emoji_codepoint_id,emoji_id,codepoint_id,sequence_index) VALUES (699, 617, 439, 1);

INSERT INTO emoji (emoji_id,emoji_version_id,emoji_name,emoji_character,emojipedia_url_ext,emojipedia_category,codepoint_string,num_codepoints,hasComponent,hasModifier,hasModifierBase,appearance_differs_flag,unicode_not_recommended) VALUES (618, 1, 'American Football', '', 'american-football', 'activity', 'U+1F3C8', 1, 0, 0, 0, 0, 0);
INSERT INTO emoji_codepoints (emoji_codepoint_id,emoji_id,codepoint_id,sequence_index) VALUES (700, 618, 431, 1);

INSERT INTO emoji (emoji_id,emoji_version_id,emoji_name,emoji_character,emojipedia_url_ext,emojipedia_category,codepoint_string,num_codepoints,hasComponent,hasModifier,hasModifierBase,appearance_differs_flag,unicode_not_recommended) VALUES (619, 1, 'Rugby Football', '', 'rugby-football', 'activity', 'U+1F3C9', 1, 0, 0, 0, 0, 0);
INSERT INTO emoji_codepoints (emoji_codepoint_id,emoji_id,codepoint_id,sequence_index) VALUES (701, 619, 432, 1);

INSERT INTO emoji (emoji_id,emoji_version_id,emoji_name,emoji_character,emojipedia_url_ext,emojipedia_category,codepoint_string,num_codepoints,hasComponent,hasModifier,hasModifierBase,appearance_differs_flag,unicode_not_recommended) VALUES (620, 1, 'Tennis', '', 'tennis-racquet-and-ball', 'activity', 'U+1F3BE', 1, 0, 0, 0, 0, 0);
INSERT INTO emoji_codepoints (emoji_codepoint_id,emoji_id,codepoint_id,sequence_index) VALUES (702, 620, 421, 1);

INSERT INTO emoji (emoji_id,emoji_version_id,emoji_name,emoji_character,emojipedia_url_ext,emojipedia_category,codepoint_string,num_codepoints,hasComponent,hasModifier,hasModifierBase,appearance_differs_flag,unicode_not_recommended) VALUES (621, 1, 'Bowling', '', 'bowling', 'activity', 'U+1F3B3', 1, 0, 0, 0, 0, 0);
INSERT INTO emoji_codepoints (emoji_codepoint_id,emoji_id,codepoint_id,sequence_index) VALUES (703, 621, 410, 1);

INSERT INTO emoji (emoji_id,emoji_version_id,emoji_name,emoji_character,emojipedia_url_ext,emojipedia_category,codepoint_string,num_codepoints,hasComponent,hasModifier,hasModifierBase,appearance_differs_flag,unicode_not_recommended) VALUES (622, 1, 'Cricket Game', '', 'cricket-bat-and-ball', 'activity', 'U+1F3CF', 1, 0, 0, 0, 0, 0);
INSERT INTO emoji_codepoints (emoji_codepoint_id,emoji_id,codepoint_id,sequence_index) VALUES (704, 622, 438, 1);

INSERT INTO emoji (emoji_id,emoji_version_id,emoji_name,emoji_character,emojipedia_url_ext,emojipedia_category,codepoint_string,num_codepoints,hasComponent,hasModifier,hasModifierBase,appearance_differs_flag,unicode_not_recommended) VALUES (623, 1, 'Field Hockey', '', 'field-hockey-stick-and-ball', 'activity', 'U+1F3D1', 1, 0, 0, 0, 0, 0);
INSERT INTO emoji_codepoints (emoji_codepoint_id,emoji_id,codepoint_id,sequence_index) VALUES (705, 623, 440, 1);

INSERT INTO emoji (emoji_id,emoji_version_id,emoji_name,emoji_character,emojipedia_url_ext,emojipedia_category,codepoint_string,num_codepoints,hasComponent,hasModifier,hasModifierBase,appearance_differs_flag,unicode_not_recommended) VALUES (624, 1, 'Ice Hockey', '', 'ice-hockey-stick-and-puck', 'activity', 'U+1F3D2', 1, 0, 0, 0, 0, 0);
INSERT INTO emoji_codepoints (emoji_codepoint_id,emoji_id,codepoint_id,sequence_index) VALUES (706, 624, 441, 1);

INSERT INTO emoji (emoji_id,emoji_version_id,emoji_name,emoji_character,emojipedia_url_ext,emojipedia_category,codepoint_string,num_codepoints,hasComponent,hasModifier,hasModifierBase,appearance_differs_flag,unicode_not_recommended) VALUES (625, 1, 'Ping Pong', '', 'table-tennis-paddle-and-ball', 'activity', 'U+1F3D3', 1, 0, 0, 0, 0, 0);
INSERT INTO emoji_codepoints (emoji_codepoint_id,emoji_id,codepoint_id,sequence_index) VALUES (707, 625, 442, 1);

INSERT INTO emoji (emoji_id,emoji_version_id,emoji_name,emoji_character,emojipedia_url_ext,emojipedia_category,codepoint_string,num_codepoints,hasComponent,hasModifier,hasModifierBase,appearance_differs_flag,unicode_not_recommended) VALUES (626, 1, 'Badminton', '', 'badminton-racquet-and-shuttlecock', 'activity', 'U+1F3F8', 1, 0, 0, 0, 0, 0);
INSERT INTO emoji_codepoints (emoji_codepoint_id,emoji_id,codepoint_id,sequence_index) VALUES (708, 626, 476, 1);

INSERT INTO emoji (emoji_id,emoji_version_id,emoji_name,emoji_character,emojipedia_url_ext,emojipedia_category,codepoint_string,num_codepoints,hasComponent,hasModifier,hasModifierBase,appearance_differs_flag,unicode_not_recommended) VALUES (627, 1, 'Flag in Hole', '', 'flag-in-hole', 'activity', 'U+26F3', 1, 0, 0, 0, 0, 0);
INSERT INTO emoji_codepoints (emoji_codepoint_id,emoji_id,codepoint_id,sequence_index) VALUES (709, 627, 126, 1);

INSERT INTO emoji (emoji_id,emoji_version_id,emoji_name,emoji_character,emojipedia_url_ext,emojipedia_category,codepoint_string,num_codepoints,hasComponent,hasModifier,hasModifierBase,appearance_differs_flag,unicode_not_recommended) VALUES (628, 1, 'Ice Skate', '', 'ice-skate', 'activity', 'U+26F8U+FE0F', 2, 1, 0, 0, 0, 0);
INSERT INTO emoji_codepoints (emoji_codepoint_id,emoji_id,codepoint_id,sequence_index) VALUES (710, 628, 130, 1),(711, 628, 1185, 2);

INSERT INTO emoji (emoji_id,emoji_version_id,emoji_name,emoji_character,emojipedia_url_ext,emojipedia_category,codepoint_string,num_codepoints,hasComponent,hasModifier,hasModifierBase,appearance_differs_flag,unicode_not_recommended) VALUES (629, 1, 'Fishing Pole', '', 'fishing-pole-and-fish', 'activity', 'U+1F3A3', 1, 0, 0, 0, 0, 0);
INSERT INTO emoji_codepoints (emoji_codepoint_id,emoji_id,codepoint_id,sequence_index) VALUES (712, 629, 394, 1);

INSERT INTO emoji (emoji_id,emoji_version_id,emoji_name,emoji_character,emojipedia_url_ext,emojipedia_category,codepoint_string,num_codepoints,hasComponent,hasModifier,hasModifierBase,appearance_differs_flag,unicode_not_recommended) VALUES (630, 1, 'Running Shirt', '', 'running-shirt-with-sash', 'activity', 'U+1F3BD', 1, 0, 0, 0, 0, 0);
INSERT INTO emoji_codepoints (emoji_codepoint_id,emoji_id,codepoint_id,sequence_index) VALUES (713, 630, 420, 1);

INSERT INTO emoji (emoji_id,emoji_version_id,emoji_name,emoji_character,emojipedia_url_ext,emojipedia_category,codepoint_string,num_codepoints,hasComponent,hasModifier,hasModifierBase,appearance_differs_flag,unicode_not_recommended) VALUES (631, 1, 'Skis', '', 'ski-and-ski-boot', 'activity', 'U+1F3BF', 1, 0, 0, 0, 0, 0);
INSERT INTO emoji_codepoints (emoji_codepoint_id,emoji_id,codepoint_id,sequence_index) VALUES (714, 631, 422, 1);

INSERT INTO emoji (emoji_id,emoji_version_id,emoji_name,emoji_character,emojipedia_url_ext,emojipedia_category,codepoint_string,num_codepoints,hasComponent,hasModifier,hasModifierBase,appearance_differs_flag,unicode_not_recommended) VALUES (632, 1, 'Direct Hit', '', 'direct-hit', 'activity', 'U+1F3AF', 1, 0, 0, 0, 0, 0);
INSERT INTO emoji_codepoints (emoji_codepoint_id,emoji_id,codepoint_id,sequence_index) VALUES (715, 632, 406, 1);

INSERT INTO emoji (emoji_id,emoji_version_id,emoji_name,emoji_character,emojipedia_url_ext,emojipedia_category,codepoint_string,num_codepoints,hasComponent,hasModifier,hasModifierBase,appearance_differs_flag,unicode_not_recommended) VALUES (633, 1, 'Pool 8 Ball', '', 'billiards', 'activity', 'U+1F3B1', 1, 0, 0, 0, 0, 0);
INSERT INTO emoji_codepoints (emoji_codepoint_id,emoji_id,codepoint_id,sequence_index) VALUES (716, 633, 408, 1);

INSERT INTO emoji (emoji_id,emoji_version_id,emoji_name,emoji_character,emojipedia_url_ext,emojipedia_category,codepoint_string,num_codepoints,hasComponent,hasModifier,hasModifierBase,appearance_differs_flag,unicode_not_recommended) VALUES (634, 1, 'Crystal Ball', '', 'crystal-ball', 'objects', 'U+1F52E', 1, 0, 0, 0, 0, 0);
INSERT INTO emoji_codepoints (emoji_codepoint_id,emoji_id,codepoint_id,sequence_index) VALUES (717, 634, 785, 1);

INSERT INTO emoji (emoji_id,emoji_version_id,emoji_name,emoji_character,emojipedia_url_ext,emojipedia_category,codepoint_string,num_codepoints,hasComponent,hasModifier,hasModifierBase,appearance_differs_flag,unicode_not_recommended) VALUES (635, 1, 'Video Game', '', 'video-game', 'activity', 'U+1F3AE', 1, 0, 0, 0, 0, 0);
INSERT INTO emoji_codepoints (emoji_codepoint_id,emoji_id,codepoint_id,sequence_index) VALUES (718, 635, 405, 1);

INSERT INTO emoji (emoji_id,emoji_version_id,emoji_name,emoji_character,emojipedia_url_ext,emojipedia_category,codepoint_string,num_codepoints,hasComponent,hasModifier,hasModifierBase,appearance_differs_flag,unicode_not_recommended) VALUES (636, 1, 'Joystick', '', 'joystick', 'objects', 'U+1F579U+FE0F', 2, 1, 0, 0, 0, 0);
INSERT INTO emoji_codepoints (emoji_codepoint_id,emoji_id,codepoint_id,sequence_index) VALUES (719, 636, 839, 1),(720, 636, 1185, 2);

INSERT INTO emoji (emoji_id,emoji_version_id,emoji_name,emoji_character,emojipedia_url_ext,emojipedia_category,codepoint_string,num_codepoints,hasComponent,hasModifier,hasModifierBase,appearance_differs_flag,unicode_not_recommended) VALUES (637, 1, 'Slot Machine', '', 'slot-machine', 'activity', 'U+1F3B0', 1, 0, 0, 0, 0, 0);
INSERT INTO emoji_codepoints (emoji_codepoint_id,emoji_id,codepoint_id,sequence_index) VALUES (721, 637, 407, 1);

INSERT INTO emoji (emoji_id,emoji_version_id,emoji_name,emoji_character,emojipedia_url_ext,emojipedia_category,codepoint_string,num_codepoints,hasComponent,hasModifier,hasModifierBase,appearance_differs_flag,unicode_not_recommended) VALUES (638, 1, 'Game Die', '', 'game-die', 'activity', 'U+1F3B2', 1, 0, 0, 0, 0, 0);
INSERT INTO emoji_codepoints (emoji_codepoint_id,emoji_id,codepoint_id,sequence_index) VALUES (722, 638, 409, 1);

INSERT INTO emoji (emoji_id,emoji_version_id,emoji_name,emoji_character,emojipedia_url_ext,emojipedia_category,codepoint_string,num_codepoints,hasComponent,hasModifier,hasModifierBase,appearance_differs_flag,unicode_not_recommended) VALUES (639, 1, 'Spade Suit', '', 'black-spade-suit', 'symbols', 'U+2660U+FE0F', 2, 1, 0, 0, 0, 0);
INSERT INTO emoji_codepoints (emoji_codepoint_id,emoji_id,codepoint_id,sequence_index) VALUES (723, 639, 89, 1),(724, 639, 1185, 2);

INSERT INTO emoji (emoji_id,emoji_version_id,emoji_name,emoji_character,emojipedia_url_ext,emojipedia_category,codepoint_string,num_codepoints,hasComponent,hasModifier,hasModifierBase,appearance_differs_flag,unicode_not_recommended) VALUES (640, 1, 'Heart Suit', '', 'black-heart-suit', 'symbols', 'U+2665U+FE0F', 2, 1, 0, 0, 0, 0);
INSERT INTO emoji_codepoints (emoji_codepoint_id,emoji_id,codepoint_id,sequence_index) VALUES (725, 640, 91, 1),(726, 640, 1185, 2);

INSERT INTO emoji (emoji_id,emoji_version_id,emoji_name,emoji_character,emojipedia_url_ext,emojipedia_category,codepoint_string,num_codepoints,hasComponent,hasModifier,hasModifierBase,appearance_differs_flag,unicode_not_recommended) VALUES (641, 1, 'Diamond Suit', '', 'black-diamond-suit', 'symbols', 'U+2666U+FE0F', 2, 1, 0, 0, 0, 0);
INSERT INTO emoji_codepoints (emoji_codepoint_id,emoji_id,codepoint_id,sequence_index) VALUES (727, 641, 92, 1),(728, 641, 1185, 2);

INSERT INTO emoji (emoji_id,emoji_version_id,emoji_name,emoji_character,emojipedia_url_ext,emojipedia_category,codepoint_string,num_codepoints,hasComponent,hasModifier,hasModifierBase,appearance_differs_flag,unicode_not_recommended) VALUES (642, 1, 'Club Suit', '', 'black-club-suit', 'symbols', 'U+2663U+FE0F', 2, 1, 0, 0, 0, 0);
INSERT INTO emoji_codepoints (emoji_codepoint_id,emoji_id,codepoint_id,sequence_index) VALUES (729, 642, 90, 1),(730, 642, 1185, 2);

INSERT INTO emoji (emoji_id,emoji_version_id,emoji_name,emoji_character,emojipedia_url_ext,emojipedia_category,codepoint_string,num_codepoints,hasComponent,hasModifier,hasModifierBase,appearance_differs_flag,unicode_not_recommended) VALUES (643, 1, 'Joker', '', 'playing-card-black-joker', 'symbols', 'U+1F0CF', 1, 0, 0, 0, 0, 0);
INSERT INTO emoji_codepoints (emoji_codepoint_id,emoji_id,codepoint_id,sequence_index) VALUES (731, 643, 181, 1);

INSERT INTO emoji (emoji_id,emoji_version_id,emoji_name,emoji_character,emojipedia_url_ext,emojipedia_category,codepoint_string,num_codepoints,hasComponent,hasModifier,hasModifierBase,appearance_differs_flag,unicode_not_recommended) VALUES (644, 1, 'Mahjong Red Dragon', '', 'mahjong-tile-red-dragon', 'symbols', 'U+1F004', 1, 0, 0, 0, 0, 0);
INSERT INTO emoji_codepoints (emoji_codepoint_id,emoji_id,codepoint_id,sequence_index) VALUES (732, 644, 180, 1);

INSERT INTO emoji (emoji_id,emoji_version_id,emoji_name,emoji_character,emojipedia_url_ext,emojipedia_category,codepoint_string,num_codepoints,hasComponent,hasModifier,hasModifierBase,appearance_differs_flag,unicode_not_recommended) VALUES (645, 1, 'Flower Playing Cards', '', 'flower-playing-cards', 'symbols', 'U+1F3B4', 1, 0, 0, 0, 0, 0);
INSERT INTO emoji_codepoints (emoji_codepoint_id,emoji_id,codepoint_id,sequence_index) VALUES (733, 645, 411, 1);

INSERT INTO emoji (emoji_id,emoji_version_id,emoji_name,emoji_character,emojipedia_url_ext,emojipedia_category,codepoint_string,num_codepoints,hasComponent,hasModifier,hasModifierBase,appearance_differs_flag,unicode_not_recommended) VALUES (646, 1, 'Performing Arts', '', 'performing-arts', 'activity', 'U+1F3AD', 1, 0, 0, 0, 0, 0);
INSERT INTO emoji_codepoints (emoji_codepoint_id,emoji_id,codepoint_id,sequence_index) VALUES (734, 646, 404, 1);

INSERT INTO emoji (emoji_id,emoji_version_id,emoji_name,emoji_character,emojipedia_url_ext,emojipedia_category,codepoint_string,num_codepoints,hasComponent,hasModifier,hasModifierBase,appearance_differs_flag,unicode_not_recommended) VALUES (647, 1, 'Framed Picture', '', 'frame-with-picture', 'objects', 'U+1F5BCU+FE0F', 2, 1, 0, 0, 0, 0);
INSERT INTO emoji_codepoints (emoji_codepoint_id,emoji_id,codepoint_id,sequence_index) VALUES (735, 647, 854, 1),(736, 647, 1185, 2);

INSERT INTO emoji (emoji_id,emoji_version_id,emoji_name,emoji_character,emojipedia_url_ext,emojipedia_category,codepoint_string,num_codepoints,hasComponent,hasModifier,hasModifierBase,appearance_differs_flag,unicode_not_recommended) VALUES (648, 1, 'Artist Palette', '', 'artist-palette', 'activity', 'U+1F3A8', 1, 0, 0, 0, 0, 0);
INSERT INTO emoji_codepoints (emoji_codepoint_id,emoji_id,codepoint_id,sequence_index) VALUES (737, 648, 399, 1);

INSERT INTO emoji (emoji_id,emoji_version_id,emoji_name,emoji_character,emojipedia_url_ext,emojipedia_category,codepoint_string,num_codepoints,hasComponent,hasModifier,hasModifierBase,appearance_differs_flag,unicode_not_recommended) VALUES (649, 1, 'Muted Speaker', '', 'speaker-with-cancellation-stroke', 'symbols', 'U+1F507', 1, 0, 0, 0, 0, 0);
INSERT INTO emoji_codepoints (emoji_codepoint_id,emoji_id,codepoint_id,sequence_index) VALUES (738, 649, 746, 1);

INSERT INTO emoji (emoji_id,emoji_version_id,emoji_name,emoji_character,emojipedia_url_ext,emojipedia_category,codepoint_string,num_codepoints,hasComponent,hasModifier,hasModifierBase,appearance_differs_flag,unicode_not_recommended) VALUES (650, 1, 'Speaker Low Volume', '', 'speaker', 'symbols', 'U+1F508', 1, 0, 0, 0, 0, 0);
INSERT INTO emoji_codepoints (emoji_codepoint_id,emoji_id,codepoint_id,sequence_index) VALUES (739, 650, 747, 1);

INSERT INTO emoji (emoji_id,emoji_version_id,emoji_name,emoji_character,emojipedia_url_ext,emojipedia_category,codepoint_string,num_codepoints,hasComponent,hasModifier,hasModifierBase,appearance_differs_flag,unicode_not_recommended) VALUES (651, 1, 'Speaker Medium Volume', '', 'speaker-with-one-sound-wave', 'symbols', 'U+1F509', 1, 0, 0, 0, 0, 0);
INSERT INTO emoji_codepoints (emoji_codepoint_id,emoji_id,codepoint_id,sequence_index) VALUES (740, 651, 748, 1);

INSERT INTO emoji (emoji_id,emoji_version_id,emoji_name,emoji_character,emojipedia_url_ext,emojipedia_category,codepoint_string,num_codepoints,hasComponent,hasModifier,hasModifierBase,appearance_differs_flag,unicode_not_recommended) VALUES (652, 1, 'Speaker High Volume', '', 'speaker-with-three-sound-waves', 'symbols', 'U+1F50A', 1, 0, 0, 0, 0, 0);
INSERT INTO emoji_codepoints (emoji_codepoint_id,emoji_id,codepoint_id,sequence_index) VALUES (741, 652, 749, 1);

INSERT INTO emoji (emoji_id,emoji_version_id,emoji_name,emoji_character,emojipedia_url_ext,emojipedia_category,codepoint_string,num_codepoints,hasComponent,hasModifier,hasModifierBase,appearance_differs_flag,unicode_not_recommended) VALUES (653, 1, 'Loudspeaker', '', 'public-address-loudspeaker', 'symbols', 'U+1F4E2', 1, 0, 0, 0, 0, 0);
INSERT INTO emoji_codepoints (emoji_codepoint_id,emoji_id,codepoint_id,sequence_index) VALUES (742, 653, 710, 1);

INSERT INTO emoji (emoji_id,emoji_version_id,emoji_name,emoji_character,emojipedia_url_ext,emojipedia_category,codepoint_string,num_codepoints,hasComponent,hasModifier,hasModifierBase,appearance_differs_flag,unicode_not_recommended) VALUES (654, 1, 'Megaphone', '', 'cheering-megaphone', 'symbols', 'U+1F4E3', 1, 0, 0, 0, 0, 0);
INSERT INTO emoji_codepoints (emoji_codepoint_id,emoji_id,codepoint_id,sequence_index) VALUES (743, 654, 711, 1);

INSERT INTO emoji (emoji_id,emoji_version_id,emoji_name,emoji_character,emojipedia_url_ext,emojipedia_category,codepoint_string,num_codepoints,hasComponent,hasModifier,hasModifierBase,appearance_differs_flag,unicode_not_recommended) VALUES (655, 1, 'Postal Horn', '', 'postal-horn', 'symbols', 'U+1F4EF', 1, 0, 0, 0, 0, 0);
INSERT INTO emoji_codepoints (emoji_codepoint_id,emoji_id,codepoint_id,sequence_index) VALUES (744, 655, 723, 1);

INSERT INTO emoji (emoji_id,emoji_version_id,emoji_name,emoji_character,emojipedia_url_ext,emojipedia_category,codepoint_string,num_codepoints,hasComponent,hasModifier,hasModifierBase,appearance_differs_flag,unicode_not_recommended) VALUES (656, 1, 'Bell', '', 'bell', 'symbols', 'U+1F514', 1, 0, 0, 0, 0, 0);
INSERT INTO emoji_codepoints (emoji_codepoint_id,emoji_id,codepoint_id,sequence_index) VALUES (745, 656, 759, 1);

INSERT INTO emoji (emoji_id,emoji_version_id,emoji_name,emoji_character,emojipedia_url_ext,emojipedia_category,codepoint_string,num_codepoints,hasComponent,hasModifier,hasModifierBase,appearance_differs_flag,unicode_not_recommended) VALUES (657, 1, 'Bell With Slash', '', 'bell-with-cancellation-stroke', 'symbols', 'U+1F515', 1, 0, 0, 0, 0, 0);
INSERT INTO emoji_codepoints (emoji_codepoint_id,emoji_id,codepoint_id,sequence_index) VALUES (746, 657, 760, 1);

INSERT INTO emoji (emoji_id,emoji_version_id,emoji_name,emoji_character,emojipedia_url_ext,emojipedia_category,codepoint_string,num_codepoints,hasComponent,hasModifier,hasModifierBase,appearance_differs_flag,unicode_not_recommended) VALUES (658, 1, 'Musical Score', '', 'musical-score', 'activity', 'U+1F3BC', 1, 0, 0, 0, 0, 0);
INSERT INTO emoji_codepoints (emoji_codepoint_id,emoji_id,codepoint_id,sequence_index) VALUES (747, 658, 419, 1);

INSERT INTO emoji (emoji_id,emoji_version_id,emoji_name,emoji_character,emojipedia_url_ext,emojipedia_category,codepoint_string,num_codepoints,hasComponent,hasModifier,hasModifierBase,appearance_differs_flag,unicode_not_recommended) VALUES (659, 1, 'Musical Note', '', 'musical-note', 'symbols', 'U+1F3B5', 1, 0, 0, 0, 0, 0);
INSERT INTO emoji_codepoints (emoji_codepoint_id,emoji_id,codepoint_id,sequence_index) VALUES (748, 659, 412, 1);

INSERT INTO emoji (emoji_id,emoji_version_id,emoji_name,emoji_character,emojipedia_url_ext,emojipedia_category,codepoint_string,num_codepoints,hasComponent,hasModifier,hasModifierBase,appearance_differs_flag,unicode_not_recommended) VALUES (660, 1, 'Musical Notes', '', 'multiple-musical-notes', 'symbols', 'U+1F3B6', 1, 0, 0, 0, 0, 0);
INSERT INTO emoji_codepoints (emoji_codepoint_id,emoji_id,codepoint_id,sequence_index) VALUES (749, 660, 413, 1);

INSERT INTO emoji (emoji_id,emoji_version_id,emoji_name,emoji_character,emojipedia_url_ext,emojipedia_category,codepoint_string,num_codepoints,hasComponent,hasModifier,hasModifierBase,appearance_differs_flag,unicode_not_recommended) VALUES (661, 1, 'Studio Microphone', '', 'studio-microphone', 'objects', 'U+1F399U+FE0F', 2, 1, 0, 0, 0, 0);
INSERT INTO emoji_codepoints (emoji_codepoint_id,emoji_id,codepoint_id,sequence_index) VALUES (750, 661, 386, 1),(751, 661, 1185, 2);

INSERT INTO emoji (emoji_id,emoji_version_id,emoji_name,emoji_character,emojipedia_url_ext,emojipedia_category,codepoint_string,num_codepoints,hasComponent,hasModifier,hasModifierBase,appearance_differs_flag,unicode_not_recommended) VALUES (662, 1, 'Level Slider', '', 'level-slider', 'objects', 'U+1F39AU+FE0F', 2, 1, 0, 0, 0, 0);
INSERT INTO emoji_codepoints (emoji_codepoint_id,emoji_id,codepoint_id,sequence_index) VALUES (752, 662, 387, 1),(753, 662, 1185, 2);

INSERT INTO emoji (emoji_id,emoji_version_id,emoji_name,emoji_character,emojipedia_url_ext,emojipedia_category,codepoint_string,num_codepoints,hasComponent,hasModifier,hasModifierBase,appearance_differs_flag,unicode_not_recommended) VALUES (663, 1, 'Control Knobs', '', 'control-knobs', 'objects', 'U+1F39BU+FE0F', 2, 1, 0, 0, 0, 0);
INSERT INTO emoji_codepoints (emoji_codepoint_id,emoji_id,codepoint_id,sequence_index) VALUES (754, 663, 388, 1),(755, 663, 1185, 2);

INSERT INTO emoji (emoji_id,emoji_version_id,emoji_name,emoji_character,emojipedia_url_ext,emojipedia_category,codepoint_string,num_codepoints,hasComponent,hasModifier,hasModifierBase,appearance_differs_flag,unicode_not_recommended) VALUES (664, 1, 'Microphone', '', 'microphone', 'activity', 'U+1F3A4', 1, 0, 0, 0, 0, 0);
INSERT INTO emoji_codepoints (emoji_codepoint_id,emoji_id,codepoint_id,sequence_index) VALUES (756, 664, 395, 1);

INSERT INTO emoji (emoji_id,emoji_version_id,emoji_name,emoji_character,emojipedia_url_ext,emojipedia_category,codepoint_string,num_codepoints,hasComponent,hasModifier,hasModifierBase,appearance_differs_flag,unicode_not_recommended) VALUES (665, 1, 'Headphone', '', 'headphone', 'activity', 'U+1F3A7', 1, 0, 0, 0, 0, 0);
INSERT INTO emoji_codepoints (emoji_codepoint_id,emoji_id,codepoint_id,sequence_index) VALUES (757, 665, 398, 1);

INSERT INTO emoji (emoji_id,emoji_version_id,emoji_name,emoji_character,emojipedia_url_ext,emojipedia_category,codepoint_string,num_codepoints,hasComponent,hasModifier,hasModifierBase,appearance_differs_flag,unicode_not_recommended) VALUES (666, 1, 'Radio', '', 'radio', 'objects', 'U+1F4FB', 1, 0, 0, 0, 0, 0);
INSERT INTO emoji_codepoints (emoji_codepoint_id,emoji_id,codepoint_id,sequence_index) VALUES (758, 666, 735, 1);

INSERT INTO emoji (emoji_id,emoji_version_id,emoji_name,emoji_character,emojipedia_url_ext,emojipedia_category,codepoint_string,num_codepoints,hasComponent,hasModifier,hasModifierBase,appearance_differs_flag,unicode_not_recommended) VALUES (667, 1, 'Saxophone', '', 'saxophone', 'activity', 'U+1F3B7', 1, 0, 0, 0, 0, 0);
INSERT INTO emoji_codepoints (emoji_codepoint_id,emoji_id,codepoint_id,sequence_index) VALUES (759, 667, 414, 1);

INSERT INTO emoji (emoji_id,emoji_version_id,emoji_name,emoji_character,emojipedia_url_ext,emojipedia_category,codepoint_string,num_codepoints,hasComponent,hasModifier,hasModifierBase,appearance_differs_flag,unicode_not_recommended) VALUES (668, 1, 'Guitar', '', 'guitar', 'activity', 'U+1F3B8', 1, 0, 0, 0, 0, 0);
INSERT INTO emoji_codepoints (emoji_codepoint_id,emoji_id,codepoint_id,sequence_index) VALUES (760, 668, 415, 1);

INSERT INTO emoji (emoji_id,emoji_version_id,emoji_name,emoji_character,emojipedia_url_ext,emojipedia_category,codepoint_string,num_codepoints,hasComponent,hasModifier,hasModifierBase,appearance_differs_flag,unicode_not_recommended) VALUES (669, 1, 'Musical Keyboard', '', 'musical-keyboard', 'activity', 'U+1F3B9', 1, 0, 0, 0, 0, 0);
INSERT INTO emoji_codepoints (emoji_codepoint_id,emoji_id,codepoint_id,sequence_index) VALUES (761, 669, 416, 1);

INSERT INTO emoji (emoji_id,emoji_version_id,emoji_name,emoji_character,emojipedia_url_ext,emojipedia_category,codepoint_string,num_codepoints,hasComponent,hasModifier,hasModifierBase,appearance_differs_flag,unicode_not_recommended) VALUES (670, 1, 'Trumpet', '', 'trumpet', 'activity', 'U+1F3BA', 1, 0, 0, 0, 0, 0);
INSERT INTO emoji_codepoints (emoji_codepoint_id,emoji_id,codepoint_id,sequence_index) VALUES (762, 670, 417, 1);

INSERT INTO emoji (emoji_id,emoji_version_id,emoji_name,emoji_character,emojipedia_url_ext,emojipedia_category,codepoint_string,num_codepoints,hasComponent,hasModifier,hasModifierBase,appearance_differs_flag,unicode_not_recommended) VALUES (671, 1, 'Violin', '', 'violin', 'activity', 'U+1F3BB', 1, 0, 0, 0, 0, 0);
INSERT INTO emoji_codepoints (emoji_codepoint_id,emoji_id,codepoint_id,sequence_index) VALUES (763, 671, 418, 1);

INSERT INTO emoji (emoji_id,emoji_version_id,emoji_name,emoji_character,emojipedia_url_ext,emojipedia_category,codepoint_string,num_codepoints,hasComponent,hasModifier,hasModifierBase,appearance_differs_flag,unicode_not_recommended) VALUES (672, 1, 'Mobile Phone', '', 'mobile-phone', 'objects', 'U+1F4F1', 1, 0, 0, 0, 0, 0);
INSERT INTO emoji_codepoints (emoji_codepoint_id,emoji_id,codepoint_id,sequence_index) VALUES (764, 672, 725, 1);

INSERT INTO emoji (emoji_id,emoji_version_id,emoji_name,emoji_character,emojipedia_url_ext,emojipedia_category,codepoint_string,num_codepoints,hasComponent,hasModifier,hasModifierBase,appearance_differs_flag,unicode_not_recommended) VALUES (673, 1, 'Mobile Phone With Arrow', '', 'mobile-phone-with-rightwards-arrow-at-left', 'objects', 'U+1F4F2', 1, 0, 0, 0, 0, 0);
INSERT INTO emoji_codepoints (emoji_codepoint_id,emoji_id,codepoint_id,sequence_index) VALUES (765, 673, 726, 1);

INSERT INTO emoji (emoji_id,emoji_version_id,emoji_name,emoji_character,emojipedia_url_ext,emojipedia_category,codepoint_string,num_codepoints,hasComponent,hasModifier,hasModifierBase,appearance_differs_flag,unicode_not_recommended) VALUES (674, 1, 'Telephone', '', 'black-telephone', 'objects', 'U+260EU+FE0F', 2, 1, 0, 0, 0, 0);
INSERT INTO emoji_codepoints (emoji_codepoint_id,emoji_id,codepoint_id,sequence_index) VALUES (766, 674, 59, 1),(767, 674, 1185, 2);

INSERT INTO emoji (emoji_id,emoji_version_id,emoji_name,emoji_character,emojipedia_url_ext,emojipedia_category,codepoint_string,num_codepoints,hasComponent,hasModifier,hasModifierBase,appearance_differs_flag,unicode_not_recommended) VALUES (675, 1, 'Telephone Receiver', '', 'telephone-receiver', 'objects', 'U+1F4DE', 1, 0, 0, 0, 0, 0);
INSERT INTO emoji_codepoints (emoji_codepoint_id,emoji_id,codepoint_id,sequence_index) VALUES (768, 675, 706, 1);

INSERT INTO emoji (emoji_id,emoji_version_id,emoji_name,emoji_character,emojipedia_url_ext,emojipedia_category,codepoint_string,num_codepoints,hasComponent,hasModifier,hasModifierBase,appearance_differs_flag,unicode_not_recommended) VALUES (676, 1, 'Pager', '', 'pager', 'objects', 'U+1F4DF', 1, 0, 0, 0, 0, 0);
INSERT INTO emoji_codepoints (emoji_codepoint_id,emoji_id,codepoint_id,sequence_index) VALUES (769, 676, 707, 1);

INSERT INTO emoji (emoji_id,emoji_version_id,emoji_name,emoji_character,emojipedia_url_ext,emojipedia_category,codepoint_string,num_codepoints,hasComponent,hasModifier,hasModifierBase,appearance_differs_flag,unicode_not_recommended) VALUES (677, 1, 'Fax Machine', '', 'fax-machine', 'objects', 'U+1F4E0', 1, 0, 0, 0, 0, 0);
INSERT INTO emoji_codepoints (emoji_codepoint_id,emoji_id,codepoint_id,sequence_index) VALUES (770, 677, 708, 1);

INSERT INTO emoji (emoji_id,emoji_version_id,emoji_name,emoji_character,emojipedia_url_ext,emojipedia_category,codepoint_string,num_codepoints,hasComponent,hasModifier,hasModifierBase,appearance_differs_flag,unicode_not_recommended) VALUES (678, 1, 'Battery', '', 'battery', 'objects', 'U+1F50B', 1, 0, 0, 0, 0, 0);
INSERT INTO emoji_codepoints (emoji_codepoint_id,emoji_id,codepoint_id,sequence_index) VALUES (771, 678, 750, 1);

INSERT INTO emoji (emoji_id,emoji_version_id,emoji_name,emoji_character,emojipedia_url_ext,emojipedia_category,codepoint_string,num_codepoints,hasComponent,hasModifier,hasModifierBase,appearance_differs_flag,unicode_not_recommended) VALUES (679, 1, 'Electric Plug', '', 'electric-plug', 'objects', 'U+1F50C', 1, 0, 0, 0, 0, 0);
INSERT INTO emoji_codepoints (emoji_codepoint_id,emoji_id,codepoint_id,sequence_index) VALUES (772, 679, 751, 1);

INSERT INTO emoji (emoji_id,emoji_version_id,emoji_name,emoji_character,emojipedia_url_ext,emojipedia_category,codepoint_string,num_codepoints,hasComponent,hasModifier,hasModifierBase,appearance_differs_flag,unicode_not_recommended) VALUES (680, 1, 'Laptop Computer', '', 'personal-computer', 'objects', 'U+1F4BB', 1, 0, 0, 0, 0, 0);
INSERT INTO emoji_codepoints (emoji_codepoint_id,emoji_id,codepoint_id,sequence_index) VALUES (773, 680, 671, 1);

INSERT INTO emoji (emoji_id,emoji_version_id,emoji_name,emoji_character,emojipedia_url_ext,emojipedia_category,codepoint_string,num_codepoints,hasComponent,hasModifier,hasModifierBase,appearance_differs_flag,unicode_not_recommended) VALUES (681, 1, 'Desktop Computer', '', 'desktop-computer', 'objects', 'U+1F5A5U+FE0F', 2, 1, 0, 0, 0, 0);
INSERT INTO emoji_codepoints (emoji_codepoint_id,emoji_id,codepoint_id,sequence_index) VALUES (774, 681, 850, 1),(775, 681, 1185, 2);

INSERT INTO emoji (emoji_id,emoji_version_id,emoji_name,emoji_character,emojipedia_url_ext,emojipedia_category,codepoint_string,num_codepoints,hasComponent,hasModifier,hasModifierBase,appearance_differs_flag,unicode_not_recommended) VALUES (682, 1, 'Printer', '', 'printer', 'objects', 'U+1F5A8U+FE0F', 2, 1, 0, 0, 0, 0);
INSERT INTO emoji_codepoints (emoji_codepoint_id,emoji_id,codepoint_id,sequence_index) VALUES (776, 682, 851, 1),(777, 682, 1185, 2);

INSERT INTO emoji (emoji_id,emoji_version_id,emoji_name,emoji_character,emojipedia_url_ext,emojipedia_category,codepoint_string,num_codepoints,hasComponent,hasModifier,hasModifierBase,appearance_differs_flag,unicode_not_recommended) VALUES (683, 1, 'Keyboard', '', 'keyboard', 'objects', 'U+2328U+FE0F', 2, 1, 0, 0, 0, 0);
INSERT INTO emoji_codepoints (emoji_codepoint_id,emoji_id,codepoint_id,sequence_index) VALUES (778, 683, 29, 1),(779, 683, 1185, 2);

INSERT INTO emoji (emoji_id,emoji_version_id,emoji_name,emoji_character,emojipedia_url_ext,emojipedia_category,codepoint_string,num_codepoints,hasComponent,hasModifier,hasModifierBase,appearance_differs_flag,unicode_not_recommended) VALUES (684, 1, 'Computer Mouse', '', 'three-button-mouse', 'objects', 'U+1F5B1U+FE0F', 2, 1, 0, 0, 0, 0);
INSERT INTO emoji_codepoints (emoji_codepoint_id,emoji_id,codepoint_id,sequence_index) VALUES (780, 684, 852, 1),(781, 684, 1185, 2);

INSERT INTO emoji (emoji_id,emoji_version_id,emoji_name,emoji_character,emojipedia_url_ext,emojipedia_category,codepoint_string,num_codepoints,hasComponent,hasModifier,hasModifierBase,appearance_differs_flag,unicode_not_recommended) VALUES (685, 1, 'Trackball', '', 'trackball', 'objects', 'U+1F5B2U+FE0F', 2, 1, 0, 0, 0, 0);
INSERT INTO emoji_codepoints (emoji_codepoint_id,emoji_id,codepoint_id,sequence_index) VALUES (782, 685, 853, 1),(783, 685, 1185, 2);

INSERT INTO emoji (emoji_id,emoji_version_id,emoji_name,emoji_character,emojipedia_url_ext,emojipedia_category,codepoint_string,num_codepoints,hasComponent,hasModifier,hasModifierBase,appearance_differs_flag,unicode_not_recommended) VALUES (686, 1, 'Computer Disk', '', 'minidisc', 'objects', 'U+1F4BD', 1, 0, 0, 0, 0, 0);
INSERT INTO emoji_codepoints (emoji_codepoint_id,emoji_id,codepoint_id,sequence_index) VALUES (784, 686, 673, 1);

INSERT INTO emoji (emoji_id,emoji_version_id,emoji_name,emoji_character,emojipedia_url_ext,emojipedia_category,codepoint_string,num_codepoints,hasComponent,hasModifier,hasModifierBase,appearance_differs_flag,unicode_not_recommended) VALUES (687, 1, 'Floppy Disk', '', 'floppy-disk', 'objects', 'U+1F4BE', 1, 0, 0, 0, 0, 0);
INSERT INTO emoji_codepoints (emoji_codepoint_id,emoji_id,codepoint_id,sequence_index) VALUES (785, 687, 674, 1);

INSERT INTO emoji (emoji_id,emoji_version_id,emoji_name,emoji_character,emojipedia_url_ext,emojipedia_category,codepoint_string,num_codepoints,hasComponent,hasModifier,hasModifierBase,appearance_differs_flag,unicode_not_recommended) VALUES (688, 1, 'Optical Disk', '', 'optical-disc', 'objects', 'U+1F4BF', 1, 0, 0, 0, 0, 0);
INSERT INTO emoji_codepoints (emoji_codepoint_id,emoji_id,codepoint_id,sequence_index) VALUES (786, 688, 675, 1);

INSERT INTO emoji (emoji_id,emoji_version_id,emoji_name,emoji_character,emojipedia_url_ext,emojipedia_category,codepoint_string,num_codepoints,hasComponent,hasModifier,hasModifierBase,appearance_differs_flag,unicode_not_recommended) VALUES (689, 1, 'DVD', '', 'dvd', 'objects', 'U+1F4C0', 1, 0, 0, 0, 0, 0);
INSERT INTO emoji_codepoints (emoji_codepoint_id,emoji_id,codepoint_id,sequence_index) VALUES (787, 689, 676, 1);

INSERT INTO emoji (emoji_id,emoji_version_id,emoji_name,emoji_character,emojipedia_url_ext,emojipedia_category,codepoint_string,num_codepoints,hasComponent,hasModifier,hasModifierBase,appearance_differs_flag,unicode_not_recommended) VALUES (690, 1, 'Movie Camera', '', 'movie-camera', 'objects', 'U+1F3A5', 1, 0, 0, 0, 0, 0);
INSERT INTO emoji_codepoints (emoji_codepoint_id,emoji_id,codepoint_id,sequence_index) VALUES (788, 690, 396, 1);

INSERT INTO emoji (emoji_id,emoji_version_id,emoji_name,emoji_character,emojipedia_url_ext,emojipedia_category,codepoint_string,num_codepoints,hasComponent,hasModifier,hasModifierBase,appearance_differs_flag,unicode_not_recommended) VALUES (691, 1, 'Film Frames', '', 'film-frames', 'objects', 'U+1F39EU+FE0F', 2, 1, 0, 0, 0, 0);
INSERT INTO emoji_codepoints (emoji_codepoint_id,emoji_id,codepoint_id,sequence_index) VALUES (789, 691, 389, 1),(790, 691, 1185, 2);

INSERT INTO emoji (emoji_id,emoji_version_id,emoji_name,emoji_character,emojipedia_url_ext,emojipedia_category,codepoint_string,num_codepoints,hasComponent,hasModifier,hasModifierBase,appearance_differs_flag,unicode_not_recommended) VALUES (692, 1, 'Film Projector', '', 'film-projector', 'objects', 'U+1F4FDU+FE0F', 2, 1, 0, 0, 0, 0);
INSERT INTO emoji_codepoints (emoji_codepoint_id,emoji_id,codepoint_id,sequence_index) VALUES (791, 692, 737, 1),(792, 692, 1185, 2);

INSERT INTO emoji (emoji_id,emoji_version_id,emoji_name,emoji_character,emojipedia_url_ext,emojipedia_category,codepoint_string,num_codepoints,hasComponent,hasModifier,hasModifierBase,appearance_differs_flag,unicode_not_recommended) VALUES (693, 1, 'Clapper Board', '', 'clapper-board', 'activity', 'U+1F3AC', 1, 0, 0, 0, 0, 0);
INSERT INTO emoji_codepoints (emoji_codepoint_id,emoji_id,codepoint_id,sequence_index) VALUES (793, 693, 403, 1);

INSERT INTO emoji (emoji_id,emoji_version_id,emoji_name,emoji_character,emojipedia_url_ext,emojipedia_category,codepoint_string,num_codepoints,hasComponent,hasModifier,hasModifierBase,appearance_differs_flag,unicode_not_recommended) VALUES (694, 1, 'Television', '', 'television', 'objects', 'U+1F4FA', 1, 0, 0, 0, 0, 0);
INSERT INTO emoji_codepoints (emoji_codepoint_id,emoji_id,codepoint_id,sequence_index) VALUES (794, 694, 734, 1);

INSERT INTO emoji (emoji_id,emoji_version_id,emoji_name,emoji_character,emojipedia_url_ext,emojipedia_category,codepoint_string,num_codepoints,hasComponent,hasModifier,hasModifierBase,appearance_differs_flag,unicode_not_recommended) VALUES (695, 1, 'Camera', '', 'camera', 'objects', 'U+1F4F7', 1, 0, 0, 0, 0, 0);
INSERT INTO emoji_codepoints (emoji_codepoint_id,emoji_id,codepoint_id,sequence_index) VALUES (795, 695, 731, 1);

INSERT INTO emoji (emoji_id,emoji_version_id,emoji_name,emoji_character,emojipedia_url_ext,emojipedia_category,codepoint_string,num_codepoints,hasComponent,hasModifier,hasModifierBase,appearance_differs_flag,unicode_not_recommended) VALUES (696, 1, 'Camera With Flash', '', 'camera-with-flash', 'objects', 'U+1F4F8', 1, 0, 0, 0, 0, 0);
INSERT INTO emoji_codepoints (emoji_codepoint_id,emoji_id,codepoint_id,sequence_index) VALUES (796, 696, 732, 1);

INSERT INTO emoji (emoji_id,emoji_version_id,emoji_name,emoji_character,emojipedia_url_ext,emojipedia_category,codepoint_string,num_codepoints,hasComponent,hasModifier,hasModifierBase,appearance_differs_flag,unicode_not_recommended) VALUES (697, 1, 'Video Camera', '', 'video-camera', 'objects', 'U+1F4F9', 1, 0, 0, 0, 0, 0);
INSERT INTO emoji_codepoints (emoji_codepoint_id,emoji_id,codepoint_id,sequence_index) VALUES (797, 697, 733, 1);

INSERT INTO emoji (emoji_id,emoji_version_id,emoji_name,emoji_character,emojipedia_url_ext,emojipedia_category,codepoint_string,num_codepoints,hasComponent,hasModifier,hasModifierBase,appearance_differs_flag,unicode_not_recommended) VALUES (698, 1, 'Videocassette', '', 'videocassette', 'objects', 'U+1F4FC', 1, 0, 0, 0, 0, 0);
INSERT INTO emoji_codepoints (emoji_codepoint_id,emoji_id,codepoint_id,sequence_index) VALUES (798, 698, 736, 1);

INSERT INTO emoji (emoji_id,emoji_version_id,emoji_name,emoji_character,emojipedia_url_ext,emojipedia_category,codepoint_string,num_codepoints,hasComponent,hasModifier,hasModifierBase,appearance_differs_flag,unicode_not_recommended) VALUES (699, 1, 'Magnifying Glass Tilted Left', '', 'left-pointing-magnifying-glass', 'objects', 'U+1F50D', 1, 0, 0, 0, 0, 0);
INSERT INTO emoji_codepoints (emoji_codepoint_id,emoji_id,codepoint_id,sequence_index) VALUES (799, 699, 752, 1);

INSERT INTO emoji (emoji_id,emoji_version_id,emoji_name,emoji_character,emojipedia_url_ext,emojipedia_category,codepoint_string,num_codepoints,hasComponent,hasModifier,hasModifierBase,appearance_differs_flag,unicode_not_recommended) VALUES (700, 1, 'Magnifying Glass Tilted Right', '', 'right-pointing-magnifying-glass', 'objects', 'U+1F50E', 1, 0, 0, 0, 0, 0);
INSERT INTO emoji_codepoints (emoji_codepoint_id,emoji_id,codepoint_id,sequence_index) VALUES (800, 700, 753, 1);

INSERT INTO emoji (emoji_id,emoji_version_id,emoji_name,emoji_character,emojipedia_url_ext,emojipedia_category,codepoint_string,num_codepoints,hasComponent,hasModifier,hasModifierBase,appearance_differs_flag,unicode_not_recommended) VALUES (701, 1, 'Candle', '', 'candle', 'objects', 'U+1F56FU+FE0F', 2, 1, 0, 0, 0, 0);
INSERT INTO emoji_codepoints (emoji_codepoint_id,emoji_id,codepoint_id,sequence_index) VALUES (801, 701, 831, 1),(802, 701, 1185, 2);

INSERT INTO emoji (emoji_id,emoji_version_id,emoji_name,emoji_character,emojipedia_url_ext,emojipedia_category,codepoint_string,num_codepoints,hasComponent,hasModifier,hasModifierBase,appearance_differs_flag,unicode_not_recommended) VALUES (702, 1, 'Light Bulb', '', 'electric-light-bulb', 'objects', 'U+1F4A1', 1, 0, 0, 0, 0, 0);
INSERT INTO emoji_codepoints (emoji_codepoint_id,emoji_id,codepoint_id,sequence_index) VALUES (803, 702, 645, 1);

INSERT INTO emoji (emoji_id,emoji_version_id,emoji_name,emoji_character,emojipedia_url_ext,emojipedia_category,codepoint_string,num_codepoints,hasComponent,hasModifier,hasModifierBase,appearance_differs_flag,unicode_not_recommended) VALUES (703, 1, 'Flashlight', '', 'electric-torch', 'objects', 'U+1F526', 1, 0, 0, 0, 0, 0);
INSERT INTO emoji_codepoints (emoji_codepoint_id,emoji_id,codepoint_id,sequence_index) VALUES (804, 703, 777, 1);

INSERT INTO emoji (emoji_id,emoji_version_id,emoji_name,emoji_character,emojipedia_url_ext,emojipedia_category,codepoint_string,num_codepoints,hasComponent,hasModifier,hasModifierBase,appearance_differs_flag,unicode_not_recommended) VALUES (704, 1, 'Red Paper Lantern', '', 'izakaya-lantern', 'objects', 'U+1F3EE', 1, 0, 0, 0, 0, 0);
INSERT INTO emoji_codepoints (emoji_codepoint_id,emoji_id,codepoint_id,sequence_index) VALUES (805, 704, 469, 1);

INSERT INTO emoji (emoji_id,emoji_version_id,emoji_name,emoji_character,emojipedia_url_ext,emojipedia_category,codepoint_string,num_codepoints,hasComponent,hasModifier,hasModifierBase,appearance_differs_flag,unicode_not_recommended) VALUES (705, 1, 'Notebook With Decorative Cover', '', 'notebook-with-decorative-cover', 'objects', 'U+1F4D4', 1, 0, 0, 0, 0, 0);
INSERT INTO emoji_codepoints (emoji_codepoint_id,emoji_id,codepoint_id,sequence_index) VALUES (806, 705, 696, 1);

INSERT INTO emoji (emoji_id,emoji_version_id,emoji_name,emoji_character,emojipedia_url_ext,emojipedia_category,codepoint_string,num_codepoints,hasComponent,hasModifier,hasModifierBase,appearance_differs_flag,unicode_not_recommended) VALUES (706, 1, 'Closed Book', '', 'closed-book', 'objects', 'U+1F4D5', 1, 0, 0, 0, 0, 0);
INSERT INTO emoji_codepoints (emoji_codepoint_id,emoji_id,codepoint_id,sequence_index) VALUES (807, 706, 697, 1);

INSERT INTO emoji (emoji_id,emoji_version_id,emoji_name,emoji_character,emojipedia_url_ext,emojipedia_category,codepoint_string,num_codepoints,hasComponent,hasModifier,hasModifierBase,appearance_differs_flag,unicode_not_recommended) VALUES (707, 1, 'Open Book', '', 'open-book', 'objects', 'U+1F4D6', 1, 0, 0, 0, 0, 0);
INSERT INTO emoji_codepoints (emoji_codepoint_id,emoji_id,codepoint_id,sequence_index) VALUES (808, 707, 698, 1);

INSERT INTO emoji (emoji_id,emoji_version_id,emoji_name,emoji_character,emojipedia_url_ext,emojipedia_category,codepoint_string,num_codepoints,hasComponent,hasModifier,hasModifierBase,appearance_differs_flag,unicode_not_recommended) VALUES (708, 1, 'Green Book', '', 'green-book', 'objects', 'U+1F4D7', 1, 0, 0, 0, 0, 0);
INSERT INTO emoji_codepoints (emoji_codepoint_id,emoji_id,codepoint_id,sequence_index) VALUES (809, 708, 699, 1);

INSERT INTO emoji (emoji_id,emoji_version_id,emoji_name,emoji_character,emojipedia_url_ext,emojipedia_category,codepoint_string,num_codepoints,hasComponent,hasModifier,hasModifierBase,appearance_differs_flag,unicode_not_recommended) VALUES (709, 1, 'Blue Book', '', 'blue-book', 'objects', 'U+1F4D8', 1, 0, 0, 0, 0, 0);
INSERT INTO emoji_codepoints (emoji_codepoint_id,emoji_id,codepoint_id,sequence_index) VALUES (810, 709, 700, 1);

INSERT INTO emoji (emoji_id,emoji_version_id,emoji_name,emoji_character,emojipedia_url_ext,emojipedia_category,codepoint_string,num_codepoints,hasComponent,hasModifier,hasModifierBase,appearance_differs_flag,unicode_not_recommended) VALUES (710, 1, 'Orange Book', '', 'orange-book', 'objects', 'U+1F4D9', 1, 0, 0, 0, 0, 0);
INSERT INTO emoji_codepoints (emoji_codepoint_id,emoji_id,codepoint_id,sequence_index) VALUES (811, 710, 701, 1);

INSERT INTO emoji (emoji_id,emoji_version_id,emoji_name,emoji_character,emojipedia_url_ext,emojipedia_category,codepoint_string,num_codepoints,hasComponent,hasModifier,hasModifierBase,appearance_differs_flag,unicode_not_recommended) VALUES (711, 1, 'Books', '', 'books', 'objects', 'U+1F4DA', 1, 0, 0, 0, 0, 0);
INSERT INTO emoji_codepoints (emoji_codepoint_id,emoji_id,codepoint_id,sequence_index) VALUES (812, 711, 702, 1);

INSERT INTO emoji (emoji_id,emoji_version_id,emoji_name,emoji_character,emojipedia_url_ext,emojipedia_category,codepoint_string,num_codepoints,hasComponent,hasModifier,hasModifierBase,appearance_differs_flag,unicode_not_recommended) VALUES (712, 1, 'Notebook', '', 'notebook', 'objects', 'U+1F4D3', 1, 0, 0, 0, 0, 0);
INSERT INTO emoji_codepoints (emoji_codepoint_id,emoji_id,codepoint_id,sequence_index) VALUES (813, 712, 695, 1);

INSERT INTO emoji (emoji_id,emoji_version_id,emoji_name,emoji_character,emojipedia_url_ext,emojipedia_category,codepoint_string,num_codepoints,hasComponent,hasModifier,hasModifierBase,appearance_differs_flag,unicode_not_recommended) VALUES (713, 1, 'Ledger', '', 'ledger', NULL, 'U+1F4D2', 1, 0, 0, 0, 0, 0);
INSERT INTO emoji_codepoints (emoji_codepoint_id,emoji_id,codepoint_id,sequence_index) VALUES (814, 713, 694, 1);

INSERT INTO emoji (emoji_id,emoji_version_id,emoji_name,emoji_character,emojipedia_url_ext,emojipedia_category,codepoint_string,num_codepoints,hasComponent,hasModifier,hasModifierBase,appearance_differs_flag,unicode_not_recommended) VALUES (714, 1, 'Page With Curl', '', 'page-with-curl', 'objects', 'U+1F4C3', 1, 0, 0, 0, 0, 0);
INSERT INTO emoji_codepoints (emoji_codepoint_id,emoji_id,codepoint_id,sequence_index) VALUES (815, 714, 679, 1);

INSERT INTO emoji (emoji_id,emoji_version_id,emoji_name,emoji_character,emojipedia_url_ext,emojipedia_category,codepoint_string,num_codepoints,hasComponent,hasModifier,hasModifierBase,appearance_differs_flag,unicode_not_recommended) VALUES (715, 1, 'Scroll', '', 'scroll', 'objects', 'U+1F4DC', 1, 0, 0, 0, 0, 0);
INSERT INTO emoji_codepoints (emoji_codepoint_id,emoji_id,codepoint_id,sequence_index) VALUES (816, 715, 704, 1);

INSERT INTO emoji (emoji_id,emoji_version_id,emoji_name,emoji_character,emojipedia_url_ext,emojipedia_category,codepoint_string,num_codepoints,hasComponent,hasModifier,hasModifierBase,appearance_differs_flag,unicode_not_recommended) VALUES (716, 1, 'Page Facing Up', '', 'page-facing-up', 'objects', 'U+1F4C4', 1, 0, 0, 0, 0, 0);
INSERT INTO emoji_codepoints (emoji_codepoint_id,emoji_id,codepoint_id,sequence_index) VALUES (817, 716, 680, 1);

INSERT INTO emoji (emoji_id,emoji_version_id,emoji_name,emoji_character,emojipedia_url_ext,emojipedia_category,codepoint_string,num_codepoints,hasComponent,hasModifier,hasModifierBase,appearance_differs_flag,unicode_not_recommended) VALUES (717, 1, 'Newspaper', '', 'newspaper', 'objects', 'U+1F4F0', 1, 0, 0, 0, 0, 0);
INSERT INTO emoji_codepoints (emoji_codepoint_id,emoji_id,codepoint_id,sequence_index) VALUES (818, 717, 724, 1);

INSERT INTO emoji (emoji_id,emoji_version_id,emoji_name,emoji_character,emojipedia_url_ext,emojipedia_category,codepoint_string,num_codepoints,hasComponent,hasModifier,hasModifierBase,appearance_differs_flag,unicode_not_recommended) VALUES (718, 1, 'Rolled-Up Newspaper', '', 'rolled-up-newspaper', 'objects', 'U+1F5DEU+FE0F', 2, 1, 0, 0, 0, 0);
INSERT INTO emoji_codepoints (emoji_codepoint_id,emoji_id,codepoint_id,sequence_index) VALUES (819, 718, 863, 1),(820, 718, 1185, 2);

INSERT INTO emoji (emoji_id,emoji_version_id,emoji_name,emoji_character,emojipedia_url_ext,emojipedia_category,codepoint_string,num_codepoints,hasComponent,hasModifier,hasModifierBase,appearance_differs_flag,unicode_not_recommended) VALUES (719, 1, 'Bookmark Tabs', '', 'bookmark-tabs', 'objects', 'U+1F4D1', 1, 0, 0, 0, 0, 0);
INSERT INTO emoji_codepoints (emoji_codepoint_id,emoji_id,codepoint_id,sequence_index) VALUES (821, 719, 693, 1);

INSERT INTO emoji (emoji_id,emoji_version_id,emoji_name,emoji_character,emojipedia_url_ext,emojipedia_category,codepoint_string,num_codepoints,hasComponent,hasModifier,hasModifierBase,appearance_differs_flag,unicode_not_recommended) VALUES (720, 1, 'Bookmark', '', 'bookmark', 'objects', 'U+1F516', 1, 0, 0, 0, 0, 0);
INSERT INTO emoji_codepoints (emoji_codepoint_id,emoji_id,codepoint_id,sequence_index) VALUES (822, 720, 761, 1);

INSERT INTO emoji (emoji_id,emoji_version_id,emoji_name,emoji_character,emojipedia_url_ext,emojipedia_category,codepoint_string,num_codepoints,hasComponent,hasModifier,hasModifierBase,appearance_differs_flag,unicode_not_recommended) VALUES (721, 1, 'Label', '', 'label', 'objects', 'U+1F3F7U+FE0F', 2, 1, 0, 0, 0, 0);
INSERT INTO emoji_codepoints (emoji_codepoint_id,emoji_id,codepoint_id,sequence_index) VALUES (823, 721, 475, 1),(824, 721, 1185, 2);

INSERT INTO emoji (emoji_id,emoji_version_id,emoji_name,emoji_character,emojipedia_url_ext,emojipedia_category,codepoint_string,num_codepoints,hasComponent,hasModifier,hasModifierBase,appearance_differs_flag,unicode_not_recommended) VALUES (722, 1, 'Money Bag', '', 'money-bag', 'objects', 'U+1F4B0', 1, 0, 0, 0, 0, 0);
INSERT INTO emoji_codepoints (emoji_codepoint_id,emoji_id,codepoint_id,sequence_index) VALUES (825, 722, 660, 1);

INSERT INTO emoji (emoji_id,emoji_version_id,emoji_name,emoji_character,emojipedia_url_ext,emojipedia_category,codepoint_string,num_codepoints,hasComponent,hasModifier,hasModifierBase,appearance_differs_flag,unicode_not_recommended) VALUES (723, 1, 'Yen Banknote', '', 'banknote-with-yen-sign', 'objects', 'U+1F4B4', 1, 0, 0, 0, 0, 0);
INSERT INTO emoji_codepoints (emoji_codepoint_id,emoji_id,codepoint_id,sequence_index) VALUES (826, 723, 664, 1);

INSERT INTO emoji (emoji_id,emoji_version_id,emoji_name,emoji_character,emojipedia_url_ext,emojipedia_category,codepoint_string,num_codepoints,hasComponent,hasModifier,hasModifierBase,appearance_differs_flag,unicode_not_recommended) VALUES (724, 1, 'Dollar Banknote', '', 'banknote-with-dollar-sign', 'objects', 'U+1F4B5', 1, 0, 0, 0, 0, 0);
INSERT INTO emoji_codepoints (emoji_codepoint_id,emoji_id,codepoint_id,sequence_index) VALUES (827, 724, 665, 1);

INSERT INTO emoji (emoji_id,emoji_version_id,emoji_name,emoji_character,emojipedia_url_ext,emojipedia_category,codepoint_string,num_codepoints,hasComponent,hasModifier,hasModifierBase,appearance_differs_flag,unicode_not_recommended) VALUES (725, 1, 'Euro Banknote', '', 'banknote-with-euro-sign', 'objects', 'U+1F4B6', 1, 0, 0, 0, 0, 0);
INSERT INTO emoji_codepoints (emoji_codepoint_id,emoji_id,codepoint_id,sequence_index) VALUES (828, 725, 666, 1);

INSERT INTO emoji (emoji_id,emoji_version_id,emoji_name,emoji_character,emojipedia_url_ext,emojipedia_category,codepoint_string,num_codepoints,hasComponent,hasModifier,hasModifierBase,appearance_differs_flag,unicode_not_recommended) VALUES (726, 1, 'Pound Banknote', '', 'banknote-with-pound-sign', 'objects', 'U+1F4B7', 1, 0, 0, 0, 0, 0);
INSERT INTO emoji_codepoints (emoji_codepoint_id,emoji_id,codepoint_id,sequence_index) VALUES (829, 726, 667, 1);

INSERT INTO emoji (emoji_id,emoji_version_id,emoji_name,emoji_character,emojipedia_url_ext,emojipedia_category,codepoint_string,num_codepoints,hasComponent,hasModifier,hasModifierBase,appearance_differs_flag,unicode_not_recommended) VALUES (727, 1, 'Money With Wings', '', 'money-with-wings', 'objects', 'U+1F4B8', 1, 0, 0, 0, 0, 0);
INSERT INTO emoji_codepoints (emoji_codepoint_id,emoji_id,codepoint_id,sequence_index) VALUES (830, 727, 668, 1);

INSERT INTO emoji (emoji_id,emoji_version_id,emoji_name,emoji_character,emojipedia_url_ext,emojipedia_category,codepoint_string,num_codepoints,hasComponent,hasModifier,hasModifierBase,appearance_differs_flag,unicode_not_recommended) VALUES (728, 1, 'Credit Card', '', 'credit-card', 'objects', 'U+1F4B3', 1, 0, 0, 0, 0, 0);
INSERT INTO emoji_codepoints (emoji_codepoint_id,emoji_id,codepoint_id,sequence_index) VALUES (831, 728, 663, 1);

INSERT INTO emoji (emoji_id,emoji_version_id,emoji_name,emoji_character,emojipedia_url_ext,emojipedia_category,codepoint_string,num_codepoints,hasComponent,hasModifier,hasModifierBase,appearance_differs_flag,unicode_not_recommended) VALUES (729, 1, 'Chart Increasing With Yen', '', 'chart-with-upwards-trend-and-yen-sign', NULL, 'U+1F4B9', 1, 0, 0, 0, 0, 0);
INSERT INTO emoji_codepoints (emoji_codepoint_id,emoji_id,codepoint_id,sequence_index) VALUES (832, 729, 669, 1);

INSERT INTO emoji (emoji_id,emoji_version_id,emoji_name,emoji_character,emojipedia_url_ext,emojipedia_category,codepoint_string,num_codepoints,hasComponent,hasModifier,hasModifierBase,appearance_differs_flag,unicode_not_recommended) VALUES (730, 1, 'Currency Exchange', '', 'currency-exchange', NULL, 'U+1F4B1', 1, 0, 0, 0, 0, 0);
INSERT INTO emoji_codepoints (emoji_codepoint_id,emoji_id,codepoint_id,sequence_index) VALUES (833, 730, 661, 1);

INSERT INTO emoji (emoji_id,emoji_version_id,emoji_name,emoji_character,emojipedia_url_ext,emojipedia_category,codepoint_string,num_codepoints,hasComponent,hasModifier,hasModifierBase,appearance_differs_flag,unicode_not_recommended) VALUES (731, 1, 'Heavy Dollar Sign', '', 'heavy-dollar-sign', NULL, 'U+1F4B2', 1, 0, 0, 0, 0, 0);
INSERT INTO emoji_codepoints (emoji_codepoint_id,emoji_id,codepoint_id,sequence_index) VALUES (834, 731, 662, 1);

INSERT INTO emoji (emoji_id,emoji_version_id,emoji_name,emoji_character,emojipedia_url_ext,emojipedia_category,codepoint_string,num_codepoints,hasComponent,hasModifier,hasModifierBase,appearance_differs_flag,unicode_not_recommended) VALUES (732, 1, 'Envelope', '', 'envelope', 'objects', 'U+2709U+FE0F', 2, 1, 0, 0, 0, 0);
INSERT INTO emoji_codepoints (emoji_codepoint_id,emoji_id,codepoint_id,sequence_index) VALUES (835, 732, 137, 1),(836, 732, 1185, 2);

INSERT INTO emoji (emoji_id,emoji_version_id,emoji_name,emoji_character,emojipedia_url_ext,emojipedia_category,codepoint_string,num_codepoints,hasComponent,hasModifier,hasModifierBase,appearance_differs_flag,unicode_not_recommended) VALUES (733, 1, 'E-Mail', '', 'e-mail-symbol', 'objects', 'U+1F4E7', 1, 0, 0, 0, 0, 0);
INSERT INTO emoji_codepoints (emoji_codepoint_id,emoji_id,codepoint_id,sequence_index) VALUES (837, 733, 715, 1);

INSERT INTO emoji (emoji_id,emoji_version_id,emoji_name,emoji_character,emojipedia_url_ext,emojipedia_category,codepoint_string,num_codepoints,hasComponent,hasModifier,hasModifierBase,appearance_differs_flag,unicode_not_recommended) VALUES (734, 1, 'Incoming Envelope', '', 'incoming-envelope', 'objects', 'U+1F4E8', 1, 0, 0, 0, 0, 0);
INSERT INTO emoji_codepoints (emoji_codepoint_id,emoji_id,codepoint_id,sequence_index) VALUES (838, 734, 716, 1);

INSERT INTO emoji (emoji_id,emoji_version_id,emoji_name,emoji_character,emojipedia_url_ext,emojipedia_category,codepoint_string,num_codepoints,hasComponent,hasModifier,hasModifierBase,appearance_differs_flag,unicode_not_recommended) VALUES (735, 1, 'Envelope With Arrow', '', 'envelope-with-downwards-arrow-above', 'objects', 'U+1F4E9', 1, 0, 0, 0, 0, 0);
INSERT INTO emoji_codepoints (emoji_codepoint_id,emoji_id,codepoint_id,sequence_index) VALUES (839, 735, 717, 1);

INSERT INTO emoji (emoji_id,emoji_version_id,emoji_name,emoji_character,emojipedia_url_ext,emojipedia_category,codepoint_string,num_codepoints,hasComponent,hasModifier,hasModifierBase,appearance_differs_flag,unicode_not_recommended) VALUES (736, 1, 'Outbox Tray', '', 'outbox-tray', 'objects', 'U+1F4E4', 1, 0, 0, 0, 0, 0);
INSERT INTO emoji_codepoints (emoji_codepoint_id,emoji_id,codepoint_id,sequence_index) VALUES (840, 736, 712, 1);

INSERT INTO emoji (emoji_id,emoji_version_id,emoji_name,emoji_character,emojipedia_url_ext,emojipedia_category,codepoint_string,num_codepoints,hasComponent,hasModifier,hasModifierBase,appearance_differs_flag,unicode_not_recommended) VALUES (737, 1, 'Inbox Tray', '', 'inbox-tray', 'objects', 'U+1F4E5', 1, 0, 0, 0, 0, 0);
INSERT INTO emoji_codepoints (emoji_codepoint_id,emoji_id,codepoint_id,sequence_index) VALUES (841, 737, 713, 1);

INSERT INTO emoji (emoji_id,emoji_version_id,emoji_name,emoji_character,emojipedia_url_ext,emojipedia_category,codepoint_string,num_codepoints,hasComponent,hasModifier,hasModifierBase,appearance_differs_flag,unicode_not_recommended) VALUES (738, 1, 'Package', '', 'package', 'objects', 'U+1F4E6', 1, 0, 0, 0, 0, 0);
INSERT INTO emoji_codepoints (emoji_codepoint_id,emoji_id,codepoint_id,sequence_index) VALUES (842, 738, 714, 1);

INSERT INTO emoji (emoji_id,emoji_version_id,emoji_name,emoji_character,emojipedia_url_ext,emojipedia_category,codepoint_string,num_codepoints,hasComponent,hasModifier,hasModifierBase,appearance_differs_flag,unicode_not_recommended) VALUES (739, 1, 'Closed Mailbox With Raised Flag', '', 'closed-mailbox-with-raised-flag', 'objects', 'U+1F4EB', 1, 0, 0, 0, 0, 0);
INSERT INTO emoji_codepoints (emoji_codepoint_id,emoji_id,codepoint_id,sequence_index) VALUES (843, 739, 719, 1);

INSERT INTO emoji (emoji_id,emoji_version_id,emoji_name,emoji_character,emojipedia_url_ext,emojipedia_category,codepoint_string,num_codepoints,hasComponent,hasModifier,hasModifierBase,appearance_differs_flag,unicode_not_recommended) VALUES (740, 1, 'Closed Mailbox With Lowered Flag', '', 'closed-mailbox-with-lowered-flag', 'objects', 'U+1F4EA', 1, 0, 0, 0, 0, 0);
INSERT INTO emoji_codepoints (emoji_codepoint_id,emoji_id,codepoint_id,sequence_index) VALUES (844, 740, 718, 1);

INSERT INTO emoji (emoji_id,emoji_version_id,emoji_name,emoji_character,emojipedia_url_ext,emojipedia_category,codepoint_string,num_codepoints,hasComponent,hasModifier,hasModifierBase,appearance_differs_flag,unicode_not_recommended) VALUES (741, 1, 'Open Mailbox With Raised Flag', '', 'open-mailbox-with-raised-flag', 'objects', 'U+1F4EC', 1, 0, 0, 0, 0, 0);
INSERT INTO emoji_codepoints (emoji_codepoint_id,emoji_id,codepoint_id,sequence_index) VALUES (845, 741, 720, 1);

INSERT INTO emoji (emoji_id,emoji_version_id,emoji_name,emoji_character,emojipedia_url_ext,emojipedia_category,codepoint_string,num_codepoints,hasComponent,hasModifier,hasModifierBase,appearance_differs_flag,unicode_not_recommended) VALUES (742, 1, 'Open Mailbox With Lowered Flag', '', 'open-mailbox-with-lowered-flag', 'objects', 'U+1F4ED', 1, 0, 0, 0, 0, 0);
INSERT INTO emoji_codepoints (emoji_codepoint_id,emoji_id,codepoint_id,sequence_index) VALUES (846, 742, 721, 1);

INSERT INTO emoji (emoji_id,emoji_version_id,emoji_name,emoji_character,emojipedia_url_ext,emojipedia_category,codepoint_string,num_codepoints,hasComponent,hasModifier,hasModifierBase,appearance_differs_flag,unicode_not_recommended) VALUES (743, 1, 'Postbox', '', 'postbox', 'objects', 'U+1F4EE', 1, 0, 0, 0, 0, 0);
INSERT INTO emoji_codepoints (emoji_codepoint_id,emoji_id,codepoint_id,sequence_index) VALUES (847, 743, 722, 1);

INSERT INTO emoji (emoji_id,emoji_version_id,emoji_name,emoji_character,emojipedia_url_ext,emojipedia_category,codepoint_string,num_codepoints,hasComponent,hasModifier,hasModifierBase,appearance_differs_flag,unicode_not_recommended) VALUES (744, 1, 'Ballot Box With Ballot', '', 'ballot-box-with-ballot', 'objects', 'U+1F5F3U+FE0F', 2, 1, 0, 0, 0, 0);
INSERT INTO emoji_codepoints (emoji_codepoint_id,emoji_id,codepoint_id,sequence_index) VALUES (848, 744, 868, 1),(849, 744, 1185, 2);

INSERT INTO emoji (emoji_id,emoji_version_id,emoji_name,emoji_character,emojipedia_url_ext,emojipedia_category,codepoint_string,num_codepoints,hasComponent,hasModifier,hasModifierBase,appearance_differs_flag,unicode_not_recommended) VALUES (745, 1, 'Pencil', '', 'pencil', 'objects', 'U+270FU+FE0F', 2, 1, 0, 0, 0, 0);
INSERT INTO emoji_codepoints (emoji_codepoint_id,emoji_id,codepoint_id,sequence_index) VALUES (850, 745, 142, 1),(851, 745, 1185, 2);

INSERT INTO emoji (emoji_id,emoji_version_id,emoji_name,emoji_character,emojipedia_url_ext,emojipedia_category,codepoint_string,num_codepoints,hasComponent,hasModifier,hasModifierBase,appearance_differs_flag,unicode_not_recommended) VALUES (746, 1, 'Black Nib', '', 'black-nib', 'objects', 'U+2712U+FE0F', 2, 1, 0, 0, 0, 0);
INSERT INTO emoji_codepoints (emoji_codepoint_id,emoji_id,codepoint_id,sequence_index) VALUES (852, 746, 143, 1),(853, 746, 1185, 2);

INSERT INTO emoji (emoji_id,emoji_version_id,emoji_name,emoji_character,emojipedia_url_ext,emojipedia_category,codepoint_string,num_codepoints,hasComponent,hasModifier,hasModifierBase,appearance_differs_flag,unicode_not_recommended) VALUES (747, 1, 'Fountain Pen', '', 'lower-left-fountain-pen', 'objects', 'U+1F58BU+FE0F', 2, 1, 0, 0, 0, 0);
INSERT INTO emoji_codepoints (emoji_codepoint_id,emoji_id,codepoint_id,sequence_index) VALUES (854, 747, 843, 1),(855, 747, 1185, 2);

INSERT INTO emoji (emoji_id,emoji_version_id,emoji_name,emoji_character,emojipedia_url_ext,emojipedia_category,codepoint_string,num_codepoints,hasComponent,hasModifier,hasModifierBase,appearance_differs_flag,unicode_not_recommended) VALUES (748, 1, 'Pen', '', 'lower-left-ballpoint-pen', 'objects', 'U+1F58AU+FE0F', 2, 1, 0, 0, 0, 0);
INSERT INTO emoji_codepoints (emoji_codepoint_id,emoji_id,codepoint_id,sequence_index) VALUES (856, 748, 842, 1),(857, 748, 1185, 2);

INSERT INTO emoji (emoji_id,emoji_version_id,emoji_name,emoji_character,emojipedia_url_ext,emojipedia_category,codepoint_string,num_codepoints,hasComponent,hasModifier,hasModifierBase,appearance_differs_flag,unicode_not_recommended) VALUES (749, 1, 'Paintbrush', '', 'lower-left-paintbrush', 'objects', 'U+1F58CU+FE0F', 2, 1, 0, 0, 0, 0);
INSERT INTO emoji_codepoints (emoji_codepoint_id,emoji_id,codepoint_id,sequence_index) VALUES (858, 749, 844, 1),(859, 749, 1185, 2);

INSERT INTO emoji (emoji_id,emoji_version_id,emoji_name,emoji_character,emojipedia_url_ext,emojipedia_category,codepoint_string,num_codepoints,hasComponent,hasModifier,hasModifierBase,appearance_differs_flag,unicode_not_recommended) VALUES (750, 1, 'Crayon', '', 'lower-left-crayon', 'objects', 'U+1F58DU+FE0F', 2, 1, 0, 0, 0, 0);
INSERT INTO emoji_codepoints (emoji_codepoint_id,emoji_id,codepoint_id,sequence_index) VALUES (860, 750, 845, 1),(861, 750, 1185, 2);

INSERT INTO emoji (emoji_id,emoji_version_id,emoji_name,emoji_character,emojipedia_url_ext,emojipedia_category,codepoint_string,num_codepoints,hasComponent,hasModifier,hasModifierBase,appearance_differs_flag,unicode_not_recommended) VALUES (751, 1, 'Memo', '', 'memo', 'objects', 'U+1F4DD', 1, 0, 0, 0, 0, 0);
INSERT INTO emoji_codepoints (emoji_codepoint_id,emoji_id,codepoint_id,sequence_index) VALUES (862, 751, 705, 1);

INSERT INTO emoji (emoji_id,emoji_version_id,emoji_name,emoji_character,emojipedia_url_ext,emojipedia_category,codepoint_string,num_codepoints,hasComponent,hasModifier,hasModifierBase,appearance_differs_flag,unicode_not_recommended) VALUES (752, 1, 'Briefcase', '', 'briefcase', 'people', 'U+1F4BC', 1, 0, 0, 0, 0, 0);
INSERT INTO emoji_codepoints (emoji_codepoint_id,emoji_id,codepoint_id,sequence_index) VALUES (863, 752, 672, 1);

INSERT INTO emoji (emoji_id,emoji_version_id,emoji_name,emoji_character,emojipedia_url_ext,emojipedia_category,codepoint_string,num_codepoints,hasComponent,hasModifier,hasModifierBase,appearance_differs_flag,unicode_not_recommended) VALUES (753, 1, 'File Folder', '', 'file-folder', 'objects', 'U+1F4C1', 1, 0, 0, 0, 0, 0);
INSERT INTO emoji_codepoints (emoji_codepoint_id,emoji_id,codepoint_id,sequence_index) VALUES (864, 753, 677, 1);

INSERT INTO emoji (emoji_id,emoji_version_id,emoji_name,emoji_character,emojipedia_url_ext,emojipedia_category,codepoint_string,num_codepoints,hasComponent,hasModifier,hasModifierBase,appearance_differs_flag,unicode_not_recommended) VALUES (754, 1, 'Open File Folder', '', 'open-file-folder', 'objects', 'U+1F4C2', 1, 0, 0, 0, 0, 0);
INSERT INTO emoji_codepoints (emoji_codepoint_id,emoji_id,codepoint_id,sequence_index) VALUES (865, 754, 678, 1);

INSERT INTO emoji (emoji_id,emoji_version_id,emoji_name,emoji_character,emojipedia_url_ext,emojipedia_category,codepoint_string,num_codepoints,hasComponent,hasModifier,hasModifierBase,appearance_differs_flag,unicode_not_recommended) VALUES (755, 1, 'Card Index Dividers', '', 'card-index-dividers', 'objects', 'U+1F5C2U+FE0F', 2, 1, 0, 0, 0, 0);
INSERT INTO emoji_codepoints (emoji_codepoint_id,emoji_id,codepoint_id,sequence_index) VALUES (866, 755, 855, 1),(867, 755, 1185, 2);

INSERT INTO emoji (emoji_id,emoji_version_id,emoji_name,emoji_character,emojipedia_url_ext,emojipedia_category,codepoint_string,num_codepoints,hasComponent,hasModifier,hasModifierBase,appearance_differs_flag,unicode_not_recommended) VALUES (756, 1, 'Calendar', '', 'calendar', 'objects', 'U+1F4C5', 1, 0, 0, 0, 0, 0);
INSERT INTO emoji_codepoints (emoji_codepoint_id,emoji_id,codepoint_id,sequence_index) VALUES (868, 756, 681, 1);

INSERT INTO emoji (emoji_id,emoji_version_id,emoji_name,emoji_character,emojipedia_url_ext,emojipedia_category,codepoint_string,num_codepoints,hasComponent,hasModifier,hasModifierBase,appearance_differs_flag,unicode_not_recommended) VALUES (757, 1, 'Tear-Off Calendar', '', 'tear-off-calendar', 'objects', 'U+1F4C6', 1, 0, 0, 0, 0, 0);
INSERT INTO emoji_codepoints (emoji_codepoint_id,emoji_id,codepoint_id,sequence_index) VALUES (869, 757, 682, 1);

INSERT INTO emoji (emoji_id,emoji_version_id,emoji_name,emoji_character,emojipedia_url_ext,emojipedia_category,codepoint_string,num_codepoints,hasComponent,hasModifier,hasModifierBase,appearance_differs_flag,unicode_not_recommended) VALUES (758, 1, 'Spiral Notepad', '', 'spiral-note-pad', 'objects', 'U+1F5D2U+FE0F', 2, 1, 0, 0, 0, 0);
INSERT INTO emoji_codepoints (emoji_codepoint_id,emoji_id,codepoint_id,sequence_index) VALUES (870, 758, 859, 1),(871, 758, 1185, 2);

INSERT INTO emoji (emoji_id,emoji_version_id,emoji_name,emoji_character,emojipedia_url_ext,emojipedia_category,codepoint_string,num_codepoints,hasComponent,hasModifier,hasModifierBase,appearance_differs_flag,unicode_not_recommended) VALUES (759, 1, 'Spiral Calendar', '', 'spiral-calendar-pad', 'objects', 'U+1F5D3U+FE0F', 2, 1, 0, 0, 0, 0);
INSERT INTO emoji_codepoints (emoji_codepoint_id,emoji_id,codepoint_id,sequence_index) VALUES (872, 759, 860, 1),(873, 759, 1185, 2);

INSERT INTO emoji (emoji_id,emoji_version_id,emoji_name,emoji_character,emojipedia_url_ext,emojipedia_category,codepoint_string,num_codepoints,hasComponent,hasModifier,hasModifierBase,appearance_differs_flag,unicode_not_recommended) VALUES (760, 1, 'Card Index', '', 'card-index', 'objects', 'U+1F4C7', 1, 0, 0, 0, 0, 0);
INSERT INTO emoji_codepoints (emoji_codepoint_id,emoji_id,codepoint_id,sequence_index) VALUES (874, 760, 683, 1);

INSERT INTO emoji (emoji_id,emoji_version_id,emoji_name,emoji_character,emojipedia_url_ext,emojipedia_category,codepoint_string,num_codepoints,hasComponent,hasModifier,hasModifierBase,appearance_differs_flag,unicode_not_recommended) VALUES (761, 1, 'Chart Increasing', '', 'chart-with-upwards-trend', 'objects', 'U+1F4C8', 1, 0, 0, 0, 0, 0);
INSERT INTO emoji_codepoints (emoji_codepoint_id,emoji_id,codepoint_id,sequence_index) VALUES (875, 761, 684, 1);

INSERT INTO emoji (emoji_id,emoji_version_id,emoji_name,emoji_character,emojipedia_url_ext,emojipedia_category,codepoint_string,num_codepoints,hasComponent,hasModifier,hasModifierBase,appearance_differs_flag,unicode_not_recommended) VALUES (762, 1, 'Chart Decreasing', '', 'chart-with-downwards-trend', 'objects', 'U+1F4C9', 1, 0, 0, 0, 0, 0);
INSERT INTO emoji_codepoints (emoji_codepoint_id,emoji_id,codepoint_id,sequence_index) VALUES (876, 762, 685, 1);

INSERT INTO emoji (emoji_id,emoji_version_id,emoji_name,emoji_character,emojipedia_url_ext,emojipedia_category,codepoint_string,num_codepoints,hasComponent,hasModifier,hasModifierBase,appearance_differs_flag,unicode_not_recommended) VALUES (763, 1, 'Bar Chart', '', 'bar-chart', 'objects', 'U+1F4CA', 1, 0, 0, 0, 0, 0);
INSERT INTO emoji_codepoints (emoji_codepoint_id,emoji_id,codepoint_id,sequence_index) VALUES (877, 763, 686, 1);

INSERT INTO emoji (emoji_id,emoji_version_id,emoji_name,emoji_character,emojipedia_url_ext,emojipedia_category,codepoint_string,num_codepoints,hasComponent,hasModifier,hasModifierBase,appearance_differs_flag,unicode_not_recommended) VALUES (764, 1, 'Clipboard', '', 'clipboard', 'objects', 'U+1F4CB', 1, 0, 0, 0, 0, 0);
INSERT INTO emoji_codepoints (emoji_codepoint_id,emoji_id,codepoint_id,sequence_index) VALUES (878, 764, 687, 1);

INSERT INTO emoji (emoji_id,emoji_version_id,emoji_name,emoji_character,emojipedia_url_ext,emojipedia_category,codepoint_string,num_codepoints,hasComponent,hasModifier,hasModifierBase,appearance_differs_flag,unicode_not_recommended) VALUES (765, 1, 'Pushpin', '', 'pushpin', 'objects', 'U+1F4CC', 1, 0, 0, 0, 0, 0);
INSERT INTO emoji_codepoints (emoji_codepoint_id,emoji_id,codepoint_id,sequence_index) VALUES (879, 765, 688, 1);

INSERT INTO emoji (emoji_id,emoji_version_id,emoji_name,emoji_character,emojipedia_url_ext,emojipedia_category,codepoint_string,num_codepoints,hasComponent,hasModifier,hasModifierBase,appearance_differs_flag,unicode_not_recommended) VALUES (766, 1, 'Round Pushpin', '', 'round-pushpin', 'objects', 'U+1F4CD', 1, 0, 0, 0, 0, 0);
INSERT INTO emoji_codepoints (emoji_codepoint_id,emoji_id,codepoint_id,sequence_index) VALUES (880, 766, 689, 1);

INSERT INTO emoji (emoji_id,emoji_version_id,emoji_name,emoji_character,emojipedia_url_ext,emojipedia_category,codepoint_string,num_codepoints,hasComponent,hasModifier,hasModifierBase,appearance_differs_flag,unicode_not_recommended) VALUES (767, 1, 'Paperclip', '', 'paperclip', 'objects', 'U+1F4CE', 1, 0, 0, 0, 0, 0);
INSERT INTO emoji_codepoints (emoji_codepoint_id,emoji_id,codepoint_id,sequence_index) VALUES (881, 767, 690, 1);

INSERT INTO emoji (emoji_id,emoji_version_id,emoji_name,emoji_character,emojipedia_url_ext,emojipedia_category,codepoint_string,num_codepoints,hasComponent,hasModifier,hasModifierBase,appearance_differs_flag,unicode_not_recommended) VALUES (768, 1, 'Linked Paperclips', '', 'linked-paperclips', 'objects', 'U+1F587U+FE0F', 2, 1, 0, 0, 0, 0);
INSERT INTO emoji_codepoints (emoji_codepoint_id,emoji_id,codepoint_id,sequence_index) VALUES (882, 768, 841, 1),(883, 768, 1185, 2);

INSERT INTO emoji (emoji_id,emoji_version_id,emoji_name,emoji_character,emojipedia_url_ext,emojipedia_category,codepoint_string,num_codepoints,hasComponent,hasModifier,hasModifierBase,appearance_differs_flag,unicode_not_recommended) VALUES (769, 1, 'Straight Ruler', '', 'straight-ruler', 'objects', 'U+1F4CF', 1, 0, 0, 0, 0, 0);
INSERT INTO emoji_codepoints (emoji_codepoint_id,emoji_id,codepoint_id,sequence_index) VALUES (884, 769, 691, 1);

INSERT INTO emoji (emoji_id,emoji_version_id,emoji_name,emoji_character,emojipedia_url_ext,emojipedia_category,codepoint_string,num_codepoints,hasComponent,hasModifier,hasModifierBase,appearance_differs_flag,unicode_not_recommended) VALUES (770, 1, 'Triangular Ruler', '', 'triangular-ruler', 'objects', 'U+1F4D0', 1, 0, 0, 0, 0, 0);
INSERT INTO emoji_codepoints (emoji_codepoint_id,emoji_id,codepoint_id,sequence_index) VALUES (885, 770, 692, 1);

INSERT INTO emoji (emoji_id,emoji_version_id,emoji_name,emoji_character,emojipedia_url_ext,emojipedia_category,codepoint_string,num_codepoints,hasComponent,hasModifier,hasModifierBase,appearance_differs_flag,unicode_not_recommended) VALUES (771, 1, 'Scissors', '', 'black-scissors', 'objects', 'U+2702U+FE0F', 2, 1, 0, 0, 0, 0);
INSERT INTO emoji_codepoints (emoji_codepoint_id,emoji_id,codepoint_id,sequence_index) VALUES (886, 771, 134, 1),(887, 771, 1185, 2);

INSERT INTO emoji (emoji_id,emoji_version_id,emoji_name,emoji_character,emojipedia_url_ext,emojipedia_category,codepoint_string,num_codepoints,hasComponent,hasModifier,hasModifierBase,appearance_differs_flag,unicode_not_recommended) VALUES (772, 1, 'Card File Box', '', 'card-file-box', 'objects', 'U+1F5C3U+FE0F', 2, 1, 0, 0, 0, 0);
INSERT INTO emoji_codepoints (emoji_codepoint_id,emoji_id,codepoint_id,sequence_index) VALUES (888, 772, 856, 1),(889, 772, 1185, 2);

INSERT INTO emoji (emoji_id,emoji_version_id,emoji_name,emoji_character,emojipedia_url_ext,emojipedia_category,codepoint_string,num_codepoints,hasComponent,hasModifier,hasModifierBase,appearance_differs_flag,unicode_not_recommended) VALUES (773, 1, 'File Cabinet', '', 'file-cabinet', 'objects', 'U+1F5C4U+FE0F', 2, 1, 0, 0, 0, 0);
INSERT INTO emoji_codepoints (emoji_codepoint_id,emoji_id,codepoint_id,sequence_index) VALUES (890, 773, 857, 1),(891, 773, 1185, 2);

INSERT INTO emoji (emoji_id,emoji_version_id,emoji_name,emoji_character,emojipedia_url_ext,emojipedia_category,codepoint_string,num_codepoints,hasComponent,hasModifier,hasModifierBase,appearance_differs_flag,unicode_not_recommended) VALUES (774, 1, 'Wastebasket', '', 'wastebasket', 'objects', 'U+1F5D1U+FE0F', 2, 1, 0, 0, 0, 0);
INSERT INTO emoji_codepoints (emoji_codepoint_id,emoji_id,codepoint_id,sequence_index) VALUES (892, 774, 858, 1),(893, 774, 1185, 2);

INSERT INTO emoji (emoji_id,emoji_version_id,emoji_name,emoji_character,emojipedia_url_ext,emojipedia_category,codepoint_string,num_codepoints,hasComponent,hasModifier,hasModifierBase,appearance_differs_flag,unicode_not_recommended) VALUES (775, 1, 'Locked', '', 'lock', 'objects', 'U+1F512', 1, 0, 0, 0, 0, 0);
INSERT INTO emoji_codepoints (emoji_codepoint_id,emoji_id,codepoint_id,sequence_index) VALUES (894, 775, 757, 1);

INSERT INTO emoji (emoji_id,emoji_version_id,emoji_name,emoji_character,emojipedia_url_ext,emojipedia_category,codepoint_string,num_codepoints,hasComponent,hasModifier,hasModifierBase,appearance_differs_flag,unicode_not_recommended) VALUES (776, 1, 'Unlocked', '', 'open-lock', 'objects', 'U+1F513', 1, 0, 0, 0, 0, 0);
INSERT INTO emoji_codepoints (emoji_codepoint_id,emoji_id,codepoint_id,sequence_index) VALUES (895, 776, 758, 1);

INSERT INTO emoji (emoji_id,emoji_version_id,emoji_name,emoji_character,emojipedia_url_ext,emojipedia_category,codepoint_string,num_codepoints,hasComponent,hasModifier,hasModifierBase,appearance_differs_flag,unicode_not_recommended) VALUES (777, 1, 'Locked With Pen', '', 'lock-with-ink-pen', 'objects', 'U+1F50F', 1, 0, 0, 0, 0, 0);
INSERT INTO emoji_codepoints (emoji_codepoint_id,emoji_id,codepoint_id,sequence_index) VALUES (896, 777, 754, 1);

INSERT INTO emoji (emoji_id,emoji_version_id,emoji_name,emoji_character,emojipedia_url_ext,emojipedia_category,codepoint_string,num_codepoints,hasComponent,hasModifier,hasModifierBase,appearance_differs_flag,unicode_not_recommended) VALUES (778, 1, 'Locked With Key', '', 'closed-lock-with-key', 'objects', 'U+1F510', 1, 0, 0, 0, 0, 0);
INSERT INTO emoji_codepoints (emoji_codepoint_id,emoji_id,codepoint_id,sequence_index) VALUES (897, 778, 755, 1);

INSERT INTO emoji (emoji_id,emoji_version_id,emoji_name,emoji_character,emojipedia_url_ext,emojipedia_category,codepoint_string,num_codepoints,hasComponent,hasModifier,hasModifierBase,appearance_differs_flag,unicode_not_recommended) VALUES (779, 1, 'Key', '', 'key', 'objects', 'U+1F511', 1, 0, 0, 0, 0, 0);
INSERT INTO emoji_codepoints (emoji_codepoint_id,emoji_id,codepoint_id,sequence_index) VALUES (898, 779, 756, 1);

INSERT INTO emoji (emoji_id,emoji_version_id,emoji_name,emoji_character,emojipedia_url_ext,emojipedia_category,codepoint_string,num_codepoints,hasComponent,hasModifier,hasModifierBase,appearance_differs_flag,unicode_not_recommended) VALUES (780, 1, 'Old Key', '', 'old-key', 'objects', 'U+1F5DDU+FE0F', 2, 1, 0, 0, 0, 0);
INSERT INTO emoji_codepoints (emoji_codepoint_id,emoji_id,codepoint_id,sequence_index) VALUES (899, 780, 862, 1),(900, 780, 1185, 2);

INSERT INTO emoji (emoji_id,emoji_version_id,emoji_name,emoji_character,emojipedia_url_ext,emojipedia_category,codepoint_string,num_codepoints,hasComponent,hasModifier,hasModifierBase,appearance_differs_flag,unicode_not_recommended) VALUES (781, 1, 'Hammer', '', 'hammer', 'objects', 'U+1F528', 1, 0, 0, 0, 0, 0);
INSERT INTO emoji_codepoints (emoji_codepoint_id,emoji_id,codepoint_id,sequence_index) VALUES (901, 781, 779, 1);

INSERT INTO emoji (emoji_id,emoji_version_id,emoji_name,emoji_character,emojipedia_url_ext,emojipedia_category,codepoint_string,num_codepoints,hasComponent,hasModifier,hasModifierBase,appearance_differs_flag,unicode_not_recommended) VALUES (782, 1, 'Pick', '', 'pick', 'objects', 'U+26CFU+FE0F', 2, 1, 0, 0, 0, 0);
INSERT INTO emoji_codepoints (emoji_codepoint_id,emoji_id,codepoint_id,sequence_index) VALUES (902, 782, 117, 1),(903, 782, 1185, 2);

INSERT INTO emoji (emoji_id,emoji_version_id,emoji_name,emoji_character,emojipedia_url_ext,emojipedia_category,codepoint_string,num_codepoints,hasComponent,hasModifier,hasModifierBase,appearance_differs_flag,unicode_not_recommended) VALUES (783, 1, 'Hammer and Pick', '', 'hammer-and-pick', 'objects', 'U+2692U+FE0F', 2, 1, 0, 0, 0, 0);
INSERT INTO emoji_codepoints (emoji_codepoint_id,emoji_id,codepoint_id,sequence_index) VALUES (904, 783, 96, 1),(905, 783, 1185, 2);

INSERT INTO emoji (emoji_id,emoji_version_id,emoji_name,emoji_character,emojipedia_url_ext,emojipedia_category,codepoint_string,num_codepoints,hasComponent,hasModifier,hasModifierBase,appearance_differs_flag,unicode_not_recommended) VALUES (784, 1, 'Hammer and Wrench', '', 'hammer-and-wrench', 'objects', 'U+1F6E0U+FE0F', 2, 1, 0, 0, 0, 0);
INSERT INTO emoji_codepoints (emoji_codepoint_id,emoji_id,codepoint_id,sequence_index) VALUES (906, 784, 1033, 1),(907, 784, 1185, 2);

INSERT INTO emoji (emoji_id,emoji_version_id,emoji_name,emoji_character,emojipedia_url_ext,emojipedia_category,codepoint_string,num_codepoints,hasComponent,hasModifier,hasModifierBase,appearance_differs_flag,unicode_not_recommended) VALUES (785, 1, 'Dagger', '', 'dagger-knife', 'objects', 'U+1F5E1U+FE0F', 2, 1, 0, 0, 0, 0);
INSERT INTO emoji_codepoints (emoji_codepoint_id,emoji_id,codepoint_id,sequence_index) VALUES (908, 785, 864, 1),(909, 785, 1185, 2);

INSERT INTO emoji (emoji_id,emoji_version_id,emoji_name,emoji_character,emojipedia_url_ext,emojipedia_category,codepoint_string,num_codepoints,hasComponent,hasModifier,hasModifierBase,appearance_differs_flag,unicode_not_recommended) VALUES (786, 1, 'Crossed Swords', '', 'crossed-swords', 'objects', 'U+2694U+FE0F', 2, 1, 0, 0, 0, 0);
INSERT INTO emoji_codepoints (emoji_codepoint_id,emoji_id,codepoint_id,sequence_index) VALUES (910, 786, 98, 1),(911, 786, 1185, 2);

INSERT INTO emoji (emoji_id,emoji_version_id,emoji_name,emoji_character,emojipedia_url_ext,emojipedia_category,codepoint_string,num_codepoints,hasComponent,hasModifier,hasModifierBase,appearance_differs_flag,unicode_not_recommended) VALUES (787, 1, 'Pistol', '', 'pistol', 'objects', 'U+1F52B', 1, 0, 0, 0, 1, 0);
INSERT INTO emoji_codepoints (emoji_codepoint_id,emoji_id,codepoint_id,sequence_index) VALUES (912, 787, 782, 1);

INSERT INTO emoji (emoji_id,emoji_version_id,emoji_name,emoji_character,emojipedia_url_ext,emojipedia_category,codepoint_string,num_codepoints,hasComponent,hasModifier,hasModifierBase,appearance_differs_flag,unicode_not_recommended) VALUES (788, 1, 'Bow and Arrow', '', 'bow-and-arrow', 'activity', 'U+1F3F9', 1, 0, 0, 0, 0, 0);
INSERT INTO emoji_codepoints (emoji_codepoint_id,emoji_id,codepoint_id,sequence_index) VALUES (913, 788, 477, 1);

INSERT INTO emoji (emoji_id,emoji_version_id,emoji_name,emoji_character,emojipedia_url_ext,emojipedia_category,codepoint_string,num_codepoints,hasComponent,hasModifier,hasModifierBase,appearance_differs_flag,unicode_not_recommended) VALUES (789, 1, 'Shield', '', 'shield', 'objects', 'U+1F6E1U+FE0F', 2, 1, 0, 0, 0, 0);
INSERT INTO emoji_codepoints (emoji_codepoint_id,emoji_id,codepoint_id,sequence_index) VALUES (914, 789, 1034, 1),(915, 789, 1185, 2);

INSERT INTO emoji (emoji_id,emoji_version_id,emoji_name,emoji_character,emojipedia_url_ext,emojipedia_category,codepoint_string,num_codepoints,hasComponent,hasModifier,hasModifierBase,appearance_differs_flag,unicode_not_recommended) VALUES (790, 1, 'Wrench', '', 'wrench', 'objects', 'U+1F527', 1, 0, 0, 0, 0, 0);
INSERT INTO emoji_codepoints (emoji_codepoint_id,emoji_id,codepoint_id,sequence_index) VALUES (916, 790, 778, 1);

INSERT INTO emoji (emoji_id,emoji_version_id,emoji_name,emoji_character,emojipedia_url_ext,emojipedia_category,codepoint_string,num_codepoints,hasComponent,hasModifier,hasModifierBase,appearance_differs_flag,unicode_not_recommended) VALUES (791, 1, 'Nut and Bolt', '', 'nut-and-bolt', 'objects', 'U+1F529', 1, 0, 0, 0, 0, 0);
INSERT INTO emoji_codepoints (emoji_codepoint_id,emoji_id,codepoint_id,sequence_index) VALUES (917, 791, 780, 1);

INSERT INTO emoji (emoji_id,emoji_version_id,emoji_name,emoji_character,emojipedia_url_ext,emojipedia_category,codepoint_string,num_codepoints,hasComponent,hasModifier,hasModifierBase,appearance_differs_flag,unicode_not_recommended) VALUES (792, 1, 'Gear', '', 'gear', 'objects', 'U+2699U+FE0F', 2, 1, 0, 0, 0, 0);
INSERT INTO emoji_codepoints (emoji_codepoint_id,emoji_id,codepoint_id,sequence_index) VALUES (918, 792, 102, 1),(919, 792, 1185, 2);

INSERT INTO emoji (emoji_id,emoji_version_id,emoji_name,emoji_character,emojipedia_url_ext,emojipedia_category,codepoint_string,num_codepoints,hasComponent,hasModifier,hasModifierBase,appearance_differs_flag,unicode_not_recommended) VALUES (793, 1, 'Clamp', '', 'compression', 'objects', 'U+1F5DCU+FE0F', 2, 1, 0, 0, 0, 0);
INSERT INTO emoji_codepoints (emoji_codepoint_id,emoji_id,codepoint_id,sequence_index) VALUES (920, 793, 861, 1),(921, 793, 1185, 2);

INSERT INTO emoji (emoji_id,emoji_version_id,emoji_name,emoji_character,emojipedia_url_ext,emojipedia_category,codepoint_string,num_codepoints,hasComponent,hasModifier,hasModifierBase,appearance_differs_flag,unicode_not_recommended) VALUES (794, 1, 'Balance Scale', '', 'scales', 'objects', 'U+2696U+FE0F', 2, 1, 0, 0, 0, 0);
INSERT INTO emoji_codepoints (emoji_codepoint_id,emoji_id,codepoint_id,sequence_index) VALUES (922, 794, 100, 1),(923, 794, 1185, 2);

INSERT INTO emoji (emoji_id,emoji_version_id,emoji_name,emoji_character,emojipedia_url_ext,emojipedia_category,codepoint_string,num_codepoints,hasComponent,hasModifier,hasModifierBase,appearance_differs_flag,unicode_not_recommended) VALUES (795, 1, 'Link', '', 'link-symbol', 'objects', 'U+1F517', 1, 0, 0, 0, 0, 0);
INSERT INTO emoji_codepoints (emoji_codepoint_id,emoji_id,codepoint_id,sequence_index) VALUES (924, 795, 762, 1);

INSERT INTO emoji (emoji_id,emoji_version_id,emoji_name,emoji_character,emojipedia_url_ext,emojipedia_category,codepoint_string,num_codepoints,hasComponent,hasModifier,hasModifierBase,appearance_differs_flag,unicode_not_recommended) VALUES (796, 1, 'Chains', '', 'chains', 'objects', 'U+26D3U+FE0F', 2, 1, 0, 0, 0, 0);
INSERT INTO emoji_codepoints (emoji_codepoint_id,emoji_id,codepoint_id,sequence_index) VALUES (925, 796, 119, 1),(926, 796, 1185, 2);

INSERT INTO emoji (emoji_id,emoji_version_id,emoji_name,emoji_character,emojipedia_url_ext,emojipedia_category,codepoint_string,num_codepoints,hasComponent,hasModifier,hasModifierBase,appearance_differs_flag,unicode_not_recommended) VALUES (797, 1, 'Alembic', '', 'alembic', 'objects', 'U+2697U+FE0F', 2, 1, 0, 0, 0, 0);
INSERT INTO emoji_codepoints (emoji_codepoint_id,emoji_id,codepoint_id,sequence_index) VALUES (927, 797, 101, 1),(928, 797, 1185, 2);

INSERT INTO emoji (emoji_id,emoji_version_id,emoji_name,emoji_character,emojipedia_url_ext,emojipedia_category,codepoint_string,num_codepoints,hasComponent,hasModifier,hasModifierBase,appearance_differs_flag,unicode_not_recommended) VALUES (798, 1, 'Microscope', '', 'microscope', 'objects', 'U+1F52C', 1, 0, 0, 0, 0, 0);
INSERT INTO emoji_codepoints (emoji_codepoint_id,emoji_id,codepoint_id,sequence_index) VALUES (929, 798, 783, 1);

INSERT INTO emoji (emoji_id,emoji_version_id,emoji_name,emoji_character,emojipedia_url_ext,emojipedia_category,codepoint_string,num_codepoints,hasComponent,hasModifier,hasModifierBase,appearance_differs_flag,unicode_not_recommended) VALUES (799, 1, 'Telescope', '', 'telescope', 'objects', 'U+1F52D', 1, 0, 0, 0, 0, 0);
INSERT INTO emoji_codepoints (emoji_codepoint_id,emoji_id,codepoint_id,sequence_index) VALUES (930, 799, 784, 1);

INSERT INTO emoji (emoji_id,emoji_version_id,emoji_name,emoji_character,emojipedia_url_ext,emojipedia_category,codepoint_string,num_codepoints,hasComponent,hasModifier,hasModifierBase,appearance_differs_flag,unicode_not_recommended) VALUES (800, 1, 'Satellite Antenna', '', 'satellite-antenna', 'objects', 'U+1F4E1', 1, 0, 0, 0, 0, 0);
INSERT INTO emoji_codepoints (emoji_codepoint_id,emoji_id,codepoint_id,sequence_index) VALUES (931, 800, 709, 1);

INSERT INTO emoji (emoji_id,emoji_version_id,emoji_name,emoji_character,emojipedia_url_ext,emojipedia_category,codepoint_string,num_codepoints,hasComponent,hasModifier,hasModifierBase,appearance_differs_flag,unicode_not_recommended) VALUES (801, 1, 'Syringe', '', 'syringe', 'objects', 'U+1F489', 1, 0, 0, 0, 0, 0);
INSERT INTO emoji_codepoints (emoji_codepoint_id,emoji_id,codepoint_id,sequence_index) VALUES (932, 801, 621, 1);

INSERT INTO emoji (emoji_id,emoji_version_id,emoji_name,emoji_character,emojipedia_url_ext,emojipedia_category,codepoint_string,num_codepoints,hasComponent,hasModifier,hasModifierBase,appearance_differs_flag,unicode_not_recommended) VALUES (802, 1, 'Pill', '', 'pill', 'objects', 'U+1F48A', 1, 0, 0, 0, 0, 0);
INSERT INTO emoji_codepoints (emoji_codepoint_id,emoji_id,codepoint_id,sequence_index) VALUES (933, 802, 622, 1);

INSERT INTO emoji (emoji_id,emoji_version_id,emoji_name,emoji_character,emojipedia_url_ext,emojipedia_category,codepoint_string,num_codepoints,hasComponent,hasModifier,hasModifierBase,appearance_differs_flag,unicode_not_recommended) VALUES (803, 1, 'Door', '', 'door', 'objects', 'U+1F6AA', 1, 0, 0, 0, 0, 0);
INSERT INTO emoji_codepoints (emoji_codepoint_id,emoji_id,codepoint_id,sequence_index) VALUES (934, 803, 997, 1);

INSERT INTO emoji (emoji_id,emoji_version_id,emoji_name,emoji_character,emojipedia_url_ext,emojipedia_category,codepoint_string,num_codepoints,hasComponent,hasModifier,hasModifierBase,appearance_differs_flag,unicode_not_recommended) VALUES (804, 1, 'Bed', '', 'bed', 'objects', 'U+1F6CFU+FE0F', 2, 1, 0, 0, 0, 0);
INSERT INTO emoji_codepoints (emoji_codepoint_id,emoji_id,codepoint_id,sequence_index) VALUES (935, 804, 1029, 1),(936, 804, 1185, 2);

INSERT INTO emoji (emoji_id,emoji_version_id,emoji_name,emoji_character,emojipedia_url_ext,emojipedia_category,codepoint_string,num_codepoints,hasComponent,hasModifier,hasModifierBase,appearance_differs_flag,unicode_not_recommended) VALUES (805, 1, 'Couch and Lamp', '', 'couch-and-lamp', 'objects', 'U+1F6CBU+FE0F', 2, 1, 0, 0, 0, 0);
INSERT INTO emoji_codepoints (emoji_codepoint_id,emoji_id,codepoint_id,sequence_index) VALUES (937, 805, 1025, 1),(938, 805, 1185, 2);

INSERT INTO emoji (emoji_id,emoji_version_id,emoji_name,emoji_character,emojipedia_url_ext,emojipedia_category,codepoint_string,num_codepoints,hasComponent,hasModifier,hasModifierBase,appearance_differs_flag,unicode_not_recommended) VALUES (806, 1, 'Toilet', '', 'toilet', 'objects', 'U+1F6BD', 1, 0, 0, 0, 0, 0);
INSERT INTO emoji_codepoints (emoji_codepoint_id,emoji_id,codepoint_id,sequence_index) VALUES (939, 806, 1016, 1);

INSERT INTO emoji (emoji_id,emoji_version_id,emoji_name,emoji_character,emojipedia_url_ext,emojipedia_category,codepoint_string,num_codepoints,hasComponent,hasModifier,hasModifierBase,appearance_differs_flag,unicode_not_recommended) VALUES (807, 1, 'Shower', '', 'shower', 'objects', 'U+1F6BF', 1, 0, 0, 0, 0, 0);
INSERT INTO emoji_codepoints (emoji_codepoint_id,emoji_id,codepoint_id,sequence_index) VALUES (940, 807, 1018, 1);

INSERT INTO emoji (emoji_id,emoji_version_id,emoji_name,emoji_character,emojipedia_url_ext,emojipedia_category,codepoint_string,num_codepoints,hasComponent,hasModifier,hasModifierBase,appearance_differs_flag,unicode_not_recommended) VALUES (808, 1, 'Bathtub', '', 'bathtub', 'objects', 'U+1F6C1', 1, 0, 0, 0, 0, 0);
INSERT INTO emoji_codepoints (emoji_codepoint_id,emoji_id,codepoint_id,sequence_index) VALUES (941, 808, 1020, 1);

INSERT INTO emoji (emoji_id,emoji_version_id,emoji_name,emoji_character,emojipedia_url_ext,emojipedia_category,codepoint_string,num_codepoints,hasComponent,hasModifier,hasModifierBase,appearance_differs_flag,unicode_not_recommended) VALUES (809, 1, 'Cigarette', '', 'smoking-symbol', 'objects', 'U+1F6AC', 1, 0, 0, 0, 0, 0);
INSERT INTO emoji_codepoints (emoji_codepoint_id,emoji_id,codepoint_id,sequence_index) VALUES (942, 809, 999, 1);

INSERT INTO emoji (emoji_id,emoji_version_id,emoji_name,emoji_character,emojipedia_url_ext,emojipedia_category,codepoint_string,num_codepoints,hasComponent,hasModifier,hasModifierBase,appearance_differs_flag,unicode_not_recommended) VALUES (810, 1, 'Coffin', '', 'coffin', 'objects', 'U+26B0U+FE0F', 2, 1, 0, 0, 0, 0);
INSERT INTO emoji_codepoints (emoji_codepoint_id,emoji_id,codepoint_id,sequence_index) VALUES (943, 810, 109, 1),(944, 810, 1185, 2);

INSERT INTO emoji (emoji_id,emoji_version_id,emoji_name,emoji_character,emojipedia_url_ext,emojipedia_category,codepoint_string,num_codepoints,hasComponent,hasModifier,hasModifierBase,appearance_differs_flag,unicode_not_recommended) VALUES (811, 1, 'Funeral Urn', '', 'funeral-urn', 'objects', 'U+26B1U+FE0F', 2, 1, 0, 0, 0, 0);
INSERT INTO emoji_codepoints (emoji_codepoint_id,emoji_id,codepoint_id,sequence_index) VALUES (945, 811, 110, 1),(946, 811, 1185, 2);

INSERT INTO emoji (emoji_id,emoji_version_id,emoji_name,emoji_character,emojipedia_url_ext,emojipedia_category,codepoint_string,num_codepoints,hasComponent,hasModifier,hasModifierBase,appearance_differs_flag,unicode_not_recommended) VALUES (812, 1, 'Moai', '', 'moyai', 'objects', 'U+1F5FF', 1, 0, 0, 0, 0, 0);
INSERT INTO emoji_codepoints (emoji_codepoint_id,emoji_id,codepoint_id,sequence_index) VALUES (947, 812, 874, 1);

INSERT INTO emoji (emoji_id,emoji_version_id,emoji_name,emoji_character,emojipedia_url_ext,emojipedia_category,codepoint_string,num_codepoints,hasComponent,hasModifier,hasModifierBase,appearance_differs_flag,unicode_not_recommended) VALUES (813, 1, 'Atm Sign', '', 'automated-teller-machine', 'symbols', 'U+1F3E7', 1, 0, 0, 0, 0, 0);
INSERT INTO emoji_codepoints (emoji_codepoint_id,emoji_id,codepoint_id,sequence_index) VALUES (948, 813, 462, 1);

INSERT INTO emoji (emoji_id,emoji_version_id,emoji_name,emoji_character,emojipedia_url_ext,emojipedia_category,codepoint_string,num_codepoints,hasComponent,hasModifier,hasModifierBase,appearance_differs_flag,unicode_not_recommended) VALUES (814, 1, 'Litter in Bin Sign', '', 'put-litter-in-its-place-symbol', 'symbols', 'U+1F6AE', 1, 0, 0, 0, 0, 0);
INSERT INTO emoji_codepoints (emoji_codepoint_id,emoji_id,codepoint_id,sequence_index) VALUES (949, 814, 1001, 1);

INSERT INTO emoji (emoji_id,emoji_version_id,emoji_name,emoji_character,emojipedia_url_ext,emojipedia_category,codepoint_string,num_codepoints,hasComponent,hasModifier,hasModifierBase,appearance_differs_flag,unicode_not_recommended) VALUES (815, 1, 'Potable Water', '', 'potable-water-symbol', 'symbols', 'U+1F6B0', 1, 0, 0, 0, 0, 0);
INSERT INTO emoji_codepoints (emoji_codepoint_id,emoji_id,codepoint_id,sequence_index) VALUES (950, 815, 1003, 1);

INSERT INTO emoji (emoji_id,emoji_version_id,emoji_name,emoji_character,emojipedia_url_ext,emojipedia_category,codepoint_string,num_codepoints,hasComponent,hasModifier,hasModifierBase,appearance_differs_flag,unicode_not_recommended) VALUES (816, 1, 'Wheelchair Symbol', '', 'wheelchair-symbol', 'symbols', 'U+267F', 1, 0, 0, 0, 0, 0);
INSERT INTO emoji_codepoints (emoji_codepoint_id,emoji_id,codepoint_id,sequence_index) VALUES (951, 816, 95, 1);

INSERT INTO emoji (emoji_id,emoji_version_id,emoji_name,emoji_character,emojipedia_url_ext,emojipedia_category,codepoint_string,num_codepoints,hasComponent,hasModifier,hasModifierBase,appearance_differs_flag,unicode_not_recommended) VALUES (817, 1, 'Mens Room', '', 'mens-symbol', 'symbols', 'U+1F6B9', 1, 0, 0, 0, 0, 0);
INSERT INTO emoji_codepoints (emoji_codepoint_id,emoji_id,codepoint_id,sequence_index) VALUES (952, 817, 1012, 1);

INSERT INTO emoji (emoji_id,emoji_version_id,emoji_name,emoji_character,emojipedia_url_ext,emojipedia_category,codepoint_string,num_codepoints,hasComponent,hasModifier,hasModifierBase,appearance_differs_flag,unicode_not_recommended) VALUES (818, 1, 'Womens Room', '', 'womens-symbol', 'symbols', 'U+1F6BA', 1, 0, 0, 0, 0, 0);
INSERT INTO emoji_codepoints (emoji_codepoint_id,emoji_id,codepoint_id,sequence_index) VALUES (953, 818, 1013, 1);

INSERT INTO emoji (emoji_id,emoji_version_id,emoji_name,emoji_character,emojipedia_url_ext,emojipedia_category,codepoint_string,num_codepoints,hasComponent,hasModifier,hasModifierBase,appearance_differs_flag,unicode_not_recommended) VALUES (819, 1, 'Restroom', '', 'restroom', 'symbols', 'U+1F6BB', 1, 0, 0, 0, 0, 0);
INSERT INTO emoji_codepoints (emoji_codepoint_id,emoji_id,codepoint_id,sequence_index) VALUES (954, 819, 1014, 1);

INSERT INTO emoji (emoji_id,emoji_version_id,emoji_name,emoji_character,emojipedia_url_ext,emojipedia_category,codepoint_string,num_codepoints,hasComponent,hasModifier,hasModifierBase,appearance_differs_flag,unicode_not_recommended) VALUES (820, 1, 'Baby Symbol', '', 'baby-symbol', 'symbols', 'U+1F6BC', 1, 0, 0, 0, 0, 0);
INSERT INTO emoji_codepoints (emoji_codepoint_id,emoji_id,codepoint_id,sequence_index) VALUES (955, 820, 1015, 1);

INSERT INTO emoji (emoji_id,emoji_version_id,emoji_name,emoji_character,emojipedia_url_ext,emojipedia_category,codepoint_string,num_codepoints,hasComponent,hasModifier,hasModifierBase,appearance_differs_flag,unicode_not_recommended) VALUES (821, 1, 'Water Closet', '', 'water-closet', 'symbols', 'U+1F6BE', 1, 0, 0, 0, 0, 0);
INSERT INTO emoji_codepoints (emoji_codepoint_id,emoji_id,codepoint_id,sequence_index) VALUES (956, 821, 1017, 1);

INSERT INTO emoji (emoji_id,emoji_version_id,emoji_name,emoji_character,emojipedia_url_ext,emojipedia_category,codepoint_string,num_codepoints,hasComponent,hasModifier,hasModifierBase,appearance_differs_flag,unicode_not_recommended) VALUES (822, 1, 'Passport Control', '', 'passport-control', 'travel-places', 'U+1F6C2', 1, 0, 0, 0, 0, 0);
INSERT INTO emoji_codepoints (emoji_codepoint_id,emoji_id,codepoint_id,sequence_index) VALUES (957, 822, 1021, 1);

INSERT INTO emoji (emoji_id,emoji_version_id,emoji_name,emoji_character,emojipedia_url_ext,emojipedia_category,codepoint_string,num_codepoints,hasComponent,hasModifier,hasModifierBase,appearance_differs_flag,unicode_not_recommended) VALUES (823, 1, 'Customs', '', 'customs', 'travel-places', 'U+1F6C3', 1, 0, 0, 0, 0, 0);
INSERT INTO emoji_codepoints (emoji_codepoint_id,emoji_id,codepoint_id,sequence_index) VALUES (958, 823, 1022, 1);

INSERT INTO emoji (emoji_id,emoji_version_id,emoji_name,emoji_character,emojipedia_url_ext,emojipedia_category,codepoint_string,num_codepoints,hasComponent,hasModifier,hasModifierBase,appearance_differs_flag,unicode_not_recommended) VALUES (824, 1, 'Baggage Claim', '', 'baggage-claim', 'travel-places', 'U+1F6C4', 1, 0, 0, 0, 0, 0);
INSERT INTO emoji_codepoints (emoji_codepoint_id,emoji_id,codepoint_id,sequence_index) VALUES (959, 824, 1023, 1);

INSERT INTO emoji (emoji_id,emoji_version_id,emoji_name,emoji_character,emojipedia_url_ext,emojipedia_category,codepoint_string,num_codepoints,hasComponent,hasModifier,hasModifierBase,appearance_differs_flag,unicode_not_recommended) VALUES (825, 1, 'Left Luggage', '', 'left-luggage', 'travel-places', 'U+1F6C5', 1, 0, 0, 0, 0, 0);
INSERT INTO emoji_codepoints (emoji_codepoint_id,emoji_id,codepoint_id,sequence_index) VALUES (960, 825, 1024, 1);

INSERT INTO emoji (emoji_id,emoji_version_id,emoji_name,emoji_character,emojipedia_url_ext,emojipedia_category,codepoint_string,num_codepoints,hasComponent,hasModifier,hasModifierBase,appearance_differs_flag,unicode_not_recommended) VALUES (826, 1, 'Warning', '', 'warning-sign', 'symbols', 'U+26A0U+FE0F', 2, 1, 0, 0, 0, 0);
INSERT INTO emoji_codepoints (emoji_codepoint_id,emoji_id,codepoint_id,sequence_index) VALUES (961, 826, 105, 1),(962, 826, 1185, 2);

INSERT INTO emoji (emoji_id,emoji_version_id,emoji_name,emoji_character,emojipedia_url_ext,emojipedia_category,codepoint_string,num_codepoints,hasComponent,hasModifier,hasModifierBase,appearance_differs_flag,unicode_not_recommended) VALUES (827, 1, 'Children Crossing', '', 'children-crossing', 'symbols', 'U+1F6B8', 1, 0, 0, 0, 0, 0);
INSERT INTO emoji_codepoints (emoji_codepoint_id,emoji_id,codepoint_id,sequence_index) VALUES (963, 827, 1011, 1);

INSERT INTO emoji (emoji_id,emoji_version_id,emoji_name,emoji_character,emojipedia_url_ext,emojipedia_category,codepoint_string,num_codepoints,hasComponent,hasModifier,hasModifierBase,appearance_differs_flag,unicode_not_recommended) VALUES (828, 1, 'No Entry', '', 'no-entry', 'symbols', 'U+26D4', 1, 0, 0, 0, 0, 0);
INSERT INTO emoji_codepoints (emoji_codepoint_id,emoji_id,codepoint_id,sequence_index) VALUES (964, 828, 120, 1);

INSERT INTO emoji (emoji_id,emoji_version_id,emoji_name,emoji_character,emojipedia_url_ext,emojipedia_category,codepoint_string,num_codepoints,hasComponent,hasModifier,hasModifierBase,appearance_differs_flag,unicode_not_recommended) VALUES (829, 1, 'Prohibited', '', 'no-entry-sign', 'symbols', 'U+1F6AB', 1, 0, 0, 0, 0, 0);
INSERT INTO emoji_codepoints (emoji_codepoint_id,emoji_id,codepoint_id,sequence_index) VALUES (965, 829, 998, 1);

INSERT INTO emoji (emoji_id,emoji_version_id,emoji_name,emoji_character,emojipedia_url_ext,emojipedia_category,codepoint_string,num_codepoints,hasComponent,hasModifier,hasModifierBase,appearance_differs_flag,unicode_not_recommended) VALUES (830, 1, 'No Bicycles', '', 'no-bicycles', 'symbols', 'U+1F6B3', 1, 0, 0, 0, 0, 0);
INSERT INTO emoji_codepoints (emoji_codepoint_id,emoji_id,codepoint_id,sequence_index) VALUES (966, 830, 1006, 1);

INSERT INTO emoji (emoji_id,emoji_version_id,emoji_name,emoji_character,emojipedia_url_ext,emojipedia_category,codepoint_string,num_codepoints,hasComponent,hasModifier,hasModifierBase,appearance_differs_flag,unicode_not_recommended) VALUES (831, 1, 'No Smoking', '', 'no-smoking-symbol', 'symbols', 'U+1F6AD', 1, 0, 0, 0, 0, 0);
INSERT INTO emoji_codepoints (emoji_codepoint_id,emoji_id,codepoint_id,sequence_index) VALUES (967, 831, 1000, 1);

INSERT INTO emoji (emoji_id,emoji_version_id,emoji_name,emoji_character,emojipedia_url_ext,emojipedia_category,codepoint_string,num_codepoints,hasComponent,hasModifier,hasModifierBase,appearance_differs_flag,unicode_not_recommended) VALUES (832, 1, 'No Littering', '', 'do-not-litter-symbol', 'symbols', 'U+1F6AF', 1, 0, 0, 0, 0, 0);
INSERT INTO emoji_codepoints (emoji_codepoint_id,emoji_id,codepoint_id,sequence_index) VALUES (968, 832, 1002, 1);

INSERT INTO emoji (emoji_id,emoji_version_id,emoji_name,emoji_character,emojipedia_url_ext,emojipedia_category,codepoint_string,num_codepoints,hasComponent,hasModifier,hasModifierBase,appearance_differs_flag,unicode_not_recommended) VALUES (833, 1, 'Non-Potable Water', '', 'non-potable-water-symbol', 'symbols', 'U+1F6B1', 1, 0, 0, 0, 0, 0);
INSERT INTO emoji_codepoints (emoji_codepoint_id,emoji_id,codepoint_id,sequence_index) VALUES (969, 833, 1004, 1);

INSERT INTO emoji (emoji_id,emoji_version_id,emoji_name,emoji_character,emojipedia_url_ext,emojipedia_category,codepoint_string,num_codepoints,hasComponent,hasModifier,hasModifierBase,appearance_differs_flag,unicode_not_recommended) VALUES (834, 1, 'No Pedestrians', '', 'no-pedestrians', 'symbols', 'U+1F6B7', 1, 0, 0, 0, 0, 0);
INSERT INTO emoji_codepoints (emoji_codepoint_id,emoji_id,codepoint_id,sequence_index) VALUES (970, 834, 1010, 1);

INSERT INTO emoji (emoji_id,emoji_version_id,emoji_name,emoji_character,emojipedia_url_ext,emojipedia_category,codepoint_string,num_codepoints,hasComponent,hasModifier,hasModifierBase,appearance_differs_flag,unicode_not_recommended) VALUES (835, 1, 'No Mobile Phones', '', 'no-mobile-phones', NULL, 'U+1F4F5', 1, 0, 0, 0, 0, 0);
INSERT INTO emoji_codepoints (emoji_codepoint_id,emoji_id,codepoint_id,sequence_index) VALUES (971, 835, 729, 1);

INSERT INTO emoji (emoji_id,emoji_version_id,emoji_name,emoji_character,emojipedia_url_ext,emojipedia_category,codepoint_string,num_codepoints,hasComponent,hasModifier,hasModifierBase,appearance_differs_flag,unicode_not_recommended) VALUES (836, 1, 'No One Under Eighteen', '', 'no-one-under-eighteen-symbol', 'symbols', 'U+1F51E', 1, 0, 0, 0, 0, 0);
INSERT INTO emoji_codepoints (emoji_codepoint_id,emoji_id,codepoint_id,sequence_index) VALUES (972, 836, 769, 1);

INSERT INTO emoji (emoji_id,emoji_version_id,emoji_name,emoji_character,emojipedia_url_ext,emojipedia_category,codepoint_string,num_codepoints,hasComponent,hasModifier,hasModifierBase,appearance_differs_flag,unicode_not_recommended) VALUES (837, 1, 'Radioactive', '', 'radioactive-sign', 'symbols', 'U+2622U+FE0F', 2, 1, 0, 0, 0, 0);
INSERT INTO emoji_codepoints (emoji_codepoint_id,emoji_id,codepoint_id,sequence_index) VALUES (973, 837, 66, 1),(974, 837, 1185, 2);

INSERT INTO emoji (emoji_id,emoji_version_id,emoji_name,emoji_character,emojipedia_url_ext,emojipedia_category,codepoint_string,num_codepoints,hasComponent,hasModifier,hasModifierBase,appearance_differs_flag,unicode_not_recommended) VALUES (838, 1, 'Biohazard', '', 'biohazard-sign', 'symbols', 'U+2623U+FE0F', 2, 1, 0, 0, 0, 0);
INSERT INTO emoji_codepoints (emoji_codepoint_id,emoji_id,codepoint_id,sequence_index) VALUES (975, 838, 67, 1),(976, 838, 1185, 2);

INSERT INTO emoji (emoji_id,emoji_version_id,emoji_name,emoji_character,emojipedia_url_ext,emojipedia_category,codepoint_string,num_codepoints,hasComponent,hasModifier,hasModifierBase,appearance_differs_flag,unicode_not_recommended) VALUES (839, 1, 'Up Arrow', '', 'upwards-black-arrow', 'symbols', 'U+2B06U+FE0F', 2, 1, 0, 0, 0, 0);
INSERT INTO emoji_codepoints (emoji_codepoint_id,emoji_id,codepoint_id,sequence_index) VALUES (977, 839, 170, 1),(978, 839, 1185, 2);

INSERT INTO emoji (emoji_id,emoji_version_id,emoji_name,emoji_character,emojipedia_url_ext,emojipedia_category,codepoint_string,num_codepoints,hasComponent,hasModifier,hasModifierBase,appearance_differs_flag,unicode_not_recommended) VALUES (840, 1, 'Up-Right Arrow', '', 'north-east-arrow', 'symbols', 'U+2197U+FE0F', 2, 1, 0, 0, 0, 0);
INSERT INTO emoji_codepoints (emoji_codepoint_id,emoji_id,codepoint_id,sequence_index) VALUES (979, 840, 22, 1),(980, 840, 1185, 2);

INSERT INTO emoji (emoji_id,emoji_version_id,emoji_name,emoji_character,emojipedia_url_ext,emojipedia_category,codepoint_string,num_codepoints,hasComponent,hasModifier,hasModifierBase,appearance_differs_flag,unicode_not_recommended) VALUES (841, 1, 'Right Arrow', '', 'black-rightwards-arrow', 'symbols', 'U+27A1U+FE0F', 2, 1, 0, 0, 0, 0);
INSERT INTO emoji_codepoints (emoji_codepoint_id,emoji_id,codepoint_id,sequence_index) VALUES (981, 841, 164, 1),(982, 841, 1185, 2);

INSERT INTO emoji (emoji_id,emoji_version_id,emoji_name,emoji_character,emojipedia_url_ext,emojipedia_category,codepoint_string,num_codepoints,hasComponent,hasModifier,hasModifierBase,appearance_differs_flag,unicode_not_recommended) VALUES (842, 1, 'Down-Right Arrow', '', 'south-east-arrow', 'symbols', 'U+2198U+FE0F', 2, 1, 0, 0, 0, 0);
INSERT INTO emoji_codepoints (emoji_codepoint_id,emoji_id,codepoint_id,sequence_index) VALUES (983, 842, 23, 1),(984, 842, 1185, 2);

INSERT INTO emoji (emoji_id,emoji_version_id,emoji_name,emoji_character,emojipedia_url_ext,emojipedia_category,codepoint_string,num_codepoints,hasComponent,hasModifier,hasModifierBase,appearance_differs_flag,unicode_not_recommended) VALUES (843, 1, 'Down Arrow', '', 'downwards-black-arrow', 'symbols', 'U+2B07U+FE0F', 2, 1, 0, 0, 0, 0);
INSERT INTO emoji_codepoints (emoji_codepoint_id,emoji_id,codepoint_id,sequence_index) VALUES (985, 843, 171, 1),(986, 843, 1185, 2);

INSERT INTO emoji (emoji_id,emoji_version_id,emoji_name,emoji_character,emojipedia_url_ext,emojipedia_category,codepoint_string,num_codepoints,hasComponent,hasModifier,hasModifierBase,appearance_differs_flag,unicode_not_recommended) VALUES (844, 1, 'Down-Left Arrow', '', 'south-west-arrow', 'symbols', 'U+2199U+FE0F', 2, 1, 0, 0, 0, 0);
INSERT INTO emoji_codepoints (emoji_codepoint_id,emoji_id,codepoint_id,sequence_index) VALUES (987, 844, 24, 1),(988, 844, 1185, 2);

INSERT INTO emoji (emoji_id,emoji_version_id,emoji_name,emoji_character,emojipedia_url_ext,emojipedia_category,codepoint_string,num_codepoints,hasComponent,hasModifier,hasModifierBase,appearance_differs_flag,unicode_not_recommended) VALUES (845, 1, 'Left Arrow', '', 'leftwards-black-arrow', 'symbols', 'U+2B05U+FE0F', 2, 1, 0, 0, 0, 0);
INSERT INTO emoji_codepoints (emoji_codepoint_id,emoji_id,codepoint_id,sequence_index) VALUES (989, 845, 169, 1),(990, 845, 1185, 2);

INSERT INTO emoji (emoji_id,emoji_version_id,emoji_name,emoji_character,emojipedia_url_ext,emojipedia_category,codepoint_string,num_codepoints,hasComponent,hasModifier,hasModifierBase,appearance_differs_flag,unicode_not_recommended) VALUES (846, 1, 'Up-Left Arrow', '', 'north-west-arrow', 'symbols', 'U+2196U+FE0F', 2, 1, 0, 0, 0, 0);
INSERT INTO emoji_codepoints (emoji_codepoint_id,emoji_id,codepoint_id,sequence_index) VALUES (991, 846, 21, 1),(992, 846, 1185, 2);

INSERT INTO emoji (emoji_id,emoji_version_id,emoji_name,emoji_character,emojipedia_url_ext,emojipedia_category,codepoint_string,num_codepoints,hasComponent,hasModifier,hasModifierBase,appearance_differs_flag,unicode_not_recommended) VALUES (847, 1, 'Up-Down Arrow', '', 'up-down-arrow', 'symbols', 'U+2195U+FE0F', 2, 1, 0, 0, 0, 0);
INSERT INTO emoji_codepoints (emoji_codepoint_id,emoji_id,codepoint_id,sequence_index) VALUES (993, 847, 20, 1),(994, 847, 1185, 2);

INSERT INTO emoji (emoji_id,emoji_version_id,emoji_name,emoji_character,emojipedia_url_ext,emojipedia_category,codepoint_string,num_codepoints,hasComponent,hasModifier,hasModifierBase,appearance_differs_flag,unicode_not_recommended) VALUES (848, 1, 'Left-Right Arrow', '', 'left-right-arrow', 'symbols', 'U+2194U+FE0F', 2, 1, 0, 0, 0, 0);
INSERT INTO emoji_codepoints (emoji_codepoint_id,emoji_id,codepoint_id,sequence_index) VALUES (995, 848, 19, 1),(996, 848, 1185, 2);

INSERT INTO emoji (emoji_id,emoji_version_id,emoji_name,emoji_character,emojipedia_url_ext,emojipedia_category,codepoint_string,num_codepoints,hasComponent,hasModifier,hasModifierBase,appearance_differs_flag,unicode_not_recommended) VALUES (849, 1, 'Right Arrow Curving Left', '', 'leftwards-arrow-with-hook', 'symbols', 'U+21A9U+FE0F', 2, 1, 0, 0, 0, 0);
INSERT INTO emoji_codepoints (emoji_codepoint_id,emoji_id,codepoint_id,sequence_index) VALUES (997, 849, 25, 1),(998, 849, 1185, 2);

INSERT INTO emoji (emoji_id,emoji_version_id,emoji_name,emoji_character,emojipedia_url_ext,emojipedia_category,codepoint_string,num_codepoints,hasComponent,hasModifier,hasModifierBase,appearance_differs_flag,unicode_not_recommended) VALUES (850, 1, 'Left Arrow Curving Right', '', 'rightwards-arrow-with-hook', 'symbols', 'U+21AAU+FE0F', 2, 1, 0, 0, 0, 0);
INSERT INTO emoji_codepoints (emoji_codepoint_id,emoji_id,codepoint_id,sequence_index) VALUES (999, 850, 26, 1),(1000, 850, 1185, 2);

INSERT INTO emoji (emoji_id,emoji_version_id,emoji_name,emoji_character,emojipedia_url_ext,emojipedia_category,codepoint_string,num_codepoints,hasComponent,hasModifier,hasModifierBase,appearance_differs_flag,unicode_not_recommended) VALUES (851, 1, 'Right Arrow Curving Up', '', 'arrow-pointing-rightwards-then-curving-upwards', 'symbols', 'U+2934U+FE0F', 2, 1, 0, 0, 0, 0);
INSERT INTO emoji_codepoints (emoji_codepoint_id,emoji_id,codepoint_id,sequence_index) VALUES (1001, 851, 167, 1),(1002, 851, 1185, 2);

INSERT INTO emoji (emoji_id,emoji_version_id,emoji_name,emoji_character,emojipedia_url_ext,emojipedia_category,codepoint_string,num_codepoints,hasComponent,hasModifier,hasModifierBase,appearance_differs_flag,unicode_not_recommended) VALUES (852, 1, 'Right Arrow Curving Down', '', 'arrow-pointing-rightwards-then-curving-downwards', 'symbols', 'U+2935U+FE0F', 2, 1, 0, 0, 0, 0);
INSERT INTO emoji_codepoints (emoji_codepoint_id,emoji_id,codepoint_id,sequence_index) VALUES (1003, 852, 168, 1),(1004, 852, 1185, 2);

INSERT INTO emoji (emoji_id,emoji_version_id,emoji_name,emoji_character,emojipedia_url_ext,emojipedia_category,codepoint_string,num_codepoints,hasComponent,hasModifier,hasModifierBase,appearance_differs_flag,unicode_not_recommended) VALUES (853, 1, 'Clockwise Vertical Arrows', '', 'clockwise-downwards-and-upwards-open-circle-arrows', 'symbols', 'U+1F503', 1, 0, 0, 0, 0, 0);
INSERT INTO emoji_codepoints (emoji_codepoint_id,emoji_id,codepoint_id,sequence_index) VALUES (1005, 853, 742, 1);

INSERT INTO emoji (emoji_id,emoji_version_id,emoji_name,emoji_character,emojipedia_url_ext,emojipedia_category,codepoint_string,num_codepoints,hasComponent,hasModifier,hasModifierBase,appearance_differs_flag,unicode_not_recommended) VALUES (854, 1, 'Counterclockwise Arrows Button', '', 'anticlockwise-downwards-and-upwards-open-circle-arrows', 'symbols', 'U+1F504', 1, 0, 0, 0, 0, 0);
INSERT INTO emoji_codepoints (emoji_codepoint_id,emoji_id,codepoint_id,sequence_index) VALUES (1006, 854, 743, 1);

INSERT INTO emoji (emoji_id,emoji_version_id,emoji_name,emoji_character,emojipedia_url_ext,emojipedia_category,codepoint_string,num_codepoints,hasComponent,hasModifier,hasModifierBase,appearance_differs_flag,unicode_not_recommended) VALUES (855, 1, 'Back Arrow', '', 'back-with-leftwards-arrow-above', 'symbols', 'U+1F519', 1, 0, 0, 0, 0, 0);
INSERT INTO emoji_codepoints (emoji_codepoint_id,emoji_id,codepoint_id,sequence_index) VALUES (1007, 855, 764, 1);

INSERT INTO emoji (emoji_id,emoji_version_id,emoji_name,emoji_character,emojipedia_url_ext,emojipedia_category,codepoint_string,num_codepoints,hasComponent,hasModifier,hasModifierBase,appearance_differs_flag,unicode_not_recommended) VALUES (856, 1, 'End Arrow', '', 'end-with-leftwards-arrow-above', 'symbols', 'U+1F51A', 1, 0, 0, 0, 0, 0);
INSERT INTO emoji_codepoints (emoji_codepoint_id,emoji_id,codepoint_id,sequence_index) VALUES (1008, 856, 765, 1);

INSERT INTO emoji (emoji_id,emoji_version_id,emoji_name,emoji_character,emojipedia_url_ext,emojipedia_category,codepoint_string,num_codepoints,hasComponent,hasModifier,hasModifierBase,appearance_differs_flag,unicode_not_recommended) VALUES (857, 1, 'On! Arrow', '', 'on-with-exclamation-mark-with-left-right-arrow-above', 'symbols', 'U+1F51B', 1, 0, 0, 0, 0, 0);
INSERT INTO emoji_codepoints (emoji_codepoint_id,emoji_id,codepoint_id,sequence_index) VALUES (1009, 857, 766, 1);

INSERT INTO emoji (emoji_id,emoji_version_id,emoji_name,emoji_character,emojipedia_url_ext,emojipedia_category,codepoint_string,num_codepoints,hasComponent,hasModifier,hasModifierBase,appearance_differs_flag,unicode_not_recommended) VALUES (858, 1, 'Soon Arrow', '', 'soon-with-rightwards-arrow-above', 'symbols', 'U+1F51C', 1, 0, 0, 0, 0, 0);
INSERT INTO emoji_codepoints (emoji_codepoint_id,emoji_id,codepoint_id,sequence_index) VALUES (1010, 858, 767, 1);

INSERT INTO emoji (emoji_id,emoji_version_id,emoji_name,emoji_character,emojipedia_url_ext,emojipedia_category,codepoint_string,num_codepoints,hasComponent,hasModifier,hasModifierBase,appearance_differs_flag,unicode_not_recommended) VALUES (859, 1, 'Top Arrow', '', 'top-with-upwards-arrow-above', 'symbols', 'U+1F51D', 1, 0, 0, 0, 0, 0);
INSERT INTO emoji_codepoints (emoji_codepoint_id,emoji_id,codepoint_id,sequence_index) VALUES (1011, 859, 768, 1);

INSERT INTO emoji (emoji_id,emoji_version_id,emoji_name,emoji_character,emojipedia_url_ext,emojipedia_category,codepoint_string,num_codepoints,hasComponent,hasModifier,hasModifierBase,appearance_differs_flag,unicode_not_recommended) VALUES (860, 1, 'Place of Worship', '', 'place-of-worship', 'symbols', 'U+1F6D0', 1, 0, 0, 0, 0, 0);
INSERT INTO emoji_codepoints (emoji_codepoint_id,emoji_id,codepoint_id,sequence_index) VALUES (1012, 860, 1030, 1);

INSERT INTO emoji (emoji_id,emoji_version_id,emoji_name,emoji_character,emojipedia_url_ext,emojipedia_category,codepoint_string,num_codepoints,hasComponent,hasModifier,hasModifierBase,appearance_differs_flag,unicode_not_recommended) VALUES (861, 1, 'Atom Symbol', '', 'atom-symbol', 'symbols', 'U+269BU+FE0F', 2, 1, 0, 0, 0, 0);
INSERT INTO emoji_codepoints (emoji_codepoint_id,emoji_id,codepoint_id,sequence_index) VALUES (1013, 861, 103, 1),(1014, 861, 1185, 2);

INSERT INTO emoji (emoji_id,emoji_version_id,emoji_name,emoji_character,emojipedia_url_ext,emojipedia_category,codepoint_string,num_codepoints,hasComponent,hasModifier,hasModifierBase,appearance_differs_flag,unicode_not_recommended) VALUES (862, 1, 'Om', '', 'om-symbol', 'symbols', 'U+1F549U+FE0F', 2, 1, 0, 0, 0, 0);
INSERT INTO emoji_codepoints (emoji_codepoint_id,emoji_id,codepoint_id,sequence_index) VALUES (1015, 862, 801, 1),(1016, 862, 1185, 2);

INSERT INTO emoji (emoji_id,emoji_version_id,emoji_name,emoji_character,emojipedia_url_ext,emojipedia_category,codepoint_string,num_codepoints,hasComponent,hasModifier,hasModifierBase,appearance_differs_flag,unicode_not_recommended) VALUES (863, 1, 'Star of David', '', 'star-of-david', 'symbols', 'U+2721U+FE0F', 2, 1, 0, 0, 0, 0);
INSERT INTO emoji_codepoints (emoji_codepoint_id,emoji_id,codepoint_id,sequence_index) VALUES (1017, 863, 147, 1),(1018, 863, 1185, 2);

INSERT INTO emoji (emoji_id,emoji_version_id,emoji_name,emoji_character,emojipedia_url_ext,emojipedia_category,codepoint_string,num_codepoints,hasComponent,hasModifier,hasModifierBase,appearance_differs_flag,unicode_not_recommended) VALUES (864, 1, 'Wheel of Dharma', '', 'wheel-of-dharma', 'symbols', 'U+2638U+FE0F', 2, 1, 0, 0, 0, 0);
INSERT INTO emoji_codepoints (emoji_codepoint_id,emoji_id,codepoint_id,sequence_index) VALUES (1019, 864, 72, 1),(1020, 864, 1185, 2);

INSERT INTO emoji (emoji_id,emoji_version_id,emoji_name,emoji_character,emojipedia_url_ext,emojipedia_category,codepoint_string,num_codepoints,hasComponent,hasModifier,hasModifierBase,appearance_differs_flag,unicode_not_recommended) VALUES (865, 1, 'Yin Yang', '', 'yin-yang', 'symbols', 'U+262FU+FE0F', 2, 1, 0, 0, 0, 0);
INSERT INTO emoji_codepoints (emoji_codepoint_id,emoji_id,codepoint_id,sequence_index) VALUES (1021, 865, 71, 1),(1022, 865, 1185, 2);

INSERT INTO emoji (emoji_id,emoji_version_id,emoji_name,emoji_character,emojipedia_url_ext,emojipedia_category,codepoint_string,num_codepoints,hasComponent,hasModifier,hasModifierBase,appearance_differs_flag,unicode_not_recommended) VALUES (866, 1, 'Latin Cross', '', 'latin-cross', 'symbols', 'U+271DU+FE0F', 2, 1, 0, 0, 0, 0);
INSERT INTO emoji_codepoints (emoji_codepoint_id,emoji_id,codepoint_id,sequence_index) VALUES (1023, 866, 146, 1),(1024, 866, 1185, 2);

INSERT INTO emoji (emoji_id,emoji_version_id,emoji_name,emoji_character,emojipedia_url_ext,emojipedia_category,codepoint_string,num_codepoints,hasComponent,hasModifier,hasModifierBase,appearance_differs_flag,unicode_not_recommended) VALUES (867, 1, 'Orthodox Cross', '', 'orthodox-cross', 'symbols', 'U+2626U+FE0F', 2, 1, 0, 0, 0, 0);
INSERT INTO emoji_codepoints (emoji_codepoint_id,emoji_id,codepoint_id,sequence_index) VALUES (1025, 867, 68, 1),(1026, 867, 1185, 2);

INSERT INTO emoji (emoji_id,emoji_version_id,emoji_name,emoji_character,emojipedia_url_ext,emojipedia_category,codepoint_string,num_codepoints,hasComponent,hasModifier,hasModifierBase,appearance_differs_flag,unicode_not_recommended) VALUES (868, 1, 'Star and Crescent', '', 'star-and-crescent', 'symbols', 'U+262AU+FE0F', 2, 1, 0, 0, 0, 0);
INSERT INTO emoji_codepoints (emoji_codepoint_id,emoji_id,codepoint_id,sequence_index) VALUES (1027, 868, 69, 1),(1028, 868, 1185, 2);

INSERT INTO emoji (emoji_id,emoji_version_id,emoji_name,emoji_character,emojipedia_url_ext,emojipedia_category,codepoint_string,num_codepoints,hasComponent,hasModifier,hasModifierBase,appearance_differs_flag,unicode_not_recommended) VALUES (869, 1, 'Peace Symbol', '', 'peace-symbol', 'symbols', 'U+262EU+FE0F', 2, 1, 0, 0, 0, 0);
INSERT INTO emoji_codepoints (emoji_codepoint_id,emoji_id,codepoint_id,sequence_index) VALUES (1029, 869, 70, 1),(1030, 869, 1185, 2);

INSERT INTO emoji (emoji_id,emoji_version_id,emoji_name,emoji_character,emojipedia_url_ext,emojipedia_category,codepoint_string,num_codepoints,hasComponent,hasModifier,hasModifierBase,appearance_differs_flag,unicode_not_recommended) VALUES (870, 1, 'Menorah', '', 'menorah-with-nine-branches', 'symbols', 'U+1F54E', 1, 0, 0, 0, 0, 0);
INSERT INTO emoji_codepoints (emoji_codepoint_id,emoji_id,codepoint_id,sequence_index) VALUES (1031, 870, 806, 1);

INSERT INTO emoji (emoji_id,emoji_version_id,emoji_name,emoji_character,emojipedia_url_ext,emojipedia_category,codepoint_string,num_codepoints,hasComponent,hasModifier,hasModifierBase,appearance_differs_flag,unicode_not_recommended) VALUES (871, 1, 'Dotted Six-Pointed Star', '', 'six-pointed-star-with-middle-dot', 'symbols', 'U+1F52F', 1, 0, 0, 0, 0, 0);
INSERT INTO emoji_codepoints (emoji_codepoint_id,emoji_id,codepoint_id,sequence_index) VALUES (1032, 871, 786, 1);

INSERT INTO emoji (emoji_id,emoji_version_id,emoji_name,emoji_character,emojipedia_url_ext,emojipedia_category,codepoint_string,num_codepoints,hasComponent,hasModifier,hasModifierBase,appearance_differs_flag,unicode_not_recommended) VALUES (872, 1, 'Aries', '', 'aries', 'symbols', 'U+2648', 1, 0, 0, 0, 0, 0);
INSERT INTO emoji_codepoints (emoji_codepoint_id,emoji_id,codepoint_id,sequence_index) VALUES (1033, 872, 77, 1);

INSERT INTO emoji (emoji_id,emoji_version_id,emoji_name,emoji_character,emojipedia_url_ext,emojipedia_category,codepoint_string,num_codepoints,hasComponent,hasModifier,hasModifierBase,appearance_differs_flag,unicode_not_recommended) VALUES (873, 1, 'Taurus', '', 'taurus', 'symbols', 'U+2649', 1, 0, 0, 0, 0, 0);
INSERT INTO emoji_codepoints (emoji_codepoint_id,emoji_id,codepoint_id,sequence_index) VALUES (1034, 873, 78, 1);

INSERT INTO emoji (emoji_id,emoji_version_id,emoji_name,emoji_character,emojipedia_url_ext,emojipedia_category,codepoint_string,num_codepoints,hasComponent,hasModifier,hasModifierBase,appearance_differs_flag,unicode_not_recommended) VALUES (874, 1, 'Gemini', '', 'gemini', 'symbols', 'U+264A', 1, 0, 0, 0, 0, 0);
INSERT INTO emoji_codepoints (emoji_codepoint_id,emoji_id,codepoint_id,sequence_index) VALUES (1035, 874, 79, 1);

INSERT INTO emoji (emoji_id,emoji_version_id,emoji_name,emoji_character,emojipedia_url_ext,emojipedia_category,codepoint_string,num_codepoints,hasComponent,hasModifier,hasModifierBase,appearance_differs_flag,unicode_not_recommended) VALUES (875, 1, 'Cancer', '', 'cancer', 'symbols', 'U+264B', 1, 0, 0, 0, 0, 0);
INSERT INTO emoji_codepoints (emoji_codepoint_id,emoji_id,codepoint_id,sequence_index) VALUES (1036, 875, 80, 1);

INSERT INTO emoji (emoji_id,emoji_version_id,emoji_name,emoji_character,emojipedia_url_ext,emojipedia_category,codepoint_string,num_codepoints,hasComponent,hasModifier,hasModifierBase,appearance_differs_flag,unicode_not_recommended) VALUES (876, 1, 'Leo', '', 'leo', 'symbols', 'U+264C', 1, 0, 0, 0, 0, 0);
INSERT INTO emoji_codepoints (emoji_codepoint_id,emoji_id,codepoint_id,sequence_index) VALUES (1037, 876, 81, 1);

INSERT INTO emoji (emoji_id,emoji_version_id,emoji_name,emoji_character,emojipedia_url_ext,emojipedia_category,codepoint_string,num_codepoints,hasComponent,hasModifier,hasModifierBase,appearance_differs_flag,unicode_not_recommended) VALUES (877, 1, 'Virgo', '', 'virgo', 'symbols', 'U+264D', 1, 0, 0, 0, 0, 0);
INSERT INTO emoji_codepoints (emoji_codepoint_id,emoji_id,codepoint_id,sequence_index) VALUES (1038, 877, 82, 1);

INSERT INTO emoji (emoji_id,emoji_version_id,emoji_name,emoji_character,emojipedia_url_ext,emojipedia_category,codepoint_string,num_codepoints,hasComponent,hasModifier,hasModifierBase,appearance_differs_flag,unicode_not_recommended) VALUES (878, 1, 'Libra', '', 'libra', 'symbols', 'U+264E', 1, 0, 0, 0, 0, 0);
INSERT INTO emoji_codepoints (emoji_codepoint_id,emoji_id,codepoint_id,sequence_index) VALUES (1039, 878, 83, 1);

INSERT INTO emoji (emoji_id,emoji_version_id,emoji_name,emoji_character,emojipedia_url_ext,emojipedia_category,codepoint_string,num_codepoints,hasComponent,hasModifier,hasModifierBase,appearance_differs_flag,unicode_not_recommended) VALUES (879, 1, 'Scorpio', '', 'scorpius', 'symbols', 'U+264F', 1, 0, 0, 0, 0, 0);
INSERT INTO emoji_codepoints (emoji_codepoint_id,emoji_id,codepoint_id,sequence_index) VALUES (1040, 879, 84, 1);

INSERT INTO emoji (emoji_id,emoji_version_id,emoji_name,emoji_character,emojipedia_url_ext,emojipedia_category,codepoint_string,num_codepoints,hasComponent,hasModifier,hasModifierBase,appearance_differs_flag,unicode_not_recommended) VALUES (880, 1, 'Sagittarius', '', 'sagittarius', 'symbols', 'U+2650', 1, 0, 0, 0, 0, 0);
INSERT INTO emoji_codepoints (emoji_codepoint_id,emoji_id,codepoint_id,sequence_index) VALUES (1041, 880, 85, 1);

INSERT INTO emoji (emoji_id,emoji_version_id,emoji_name,emoji_character,emojipedia_url_ext,emojipedia_category,codepoint_string,num_codepoints,hasComponent,hasModifier,hasModifierBase,appearance_differs_flag,unicode_not_recommended) VALUES (881, 1, 'Capricorn', '', 'capricorn', 'symbols', 'U+2651', 1, 0, 0, 0, 0, 0);
INSERT INTO emoji_codepoints (emoji_codepoint_id,emoji_id,codepoint_id,sequence_index) VALUES (1042, 881, 86, 1);

INSERT INTO emoji (emoji_id,emoji_version_id,emoji_name,emoji_character,emojipedia_url_ext,emojipedia_category,codepoint_string,num_codepoints,hasComponent,hasModifier,hasModifierBase,appearance_differs_flag,unicode_not_recommended) VALUES (882, 1, 'Aquarius', '', 'aquarius', 'symbols', 'U+2652', 1, 0, 0, 0, 0, 0);
INSERT INTO emoji_codepoints (emoji_codepoint_id,emoji_id,codepoint_id,sequence_index) VALUES (1043, 882, 87, 1);

INSERT INTO emoji (emoji_id,emoji_version_id,emoji_name,emoji_character,emojipedia_url_ext,emojipedia_category,codepoint_string,num_codepoints,hasComponent,hasModifier,hasModifierBase,appearance_differs_flag,unicode_not_recommended) VALUES (883, 1, 'Pisces', '', 'pisces', 'symbols', 'U+2653', 1, 0, 0, 0, 0, 0);
INSERT INTO emoji_codepoints (emoji_codepoint_id,emoji_id,codepoint_id,sequence_index) VALUES (1044, 883, 88, 1);

INSERT INTO emoji (emoji_id,emoji_version_id,emoji_name,emoji_character,emojipedia_url_ext,emojipedia_category,codepoint_string,num_codepoints,hasComponent,hasModifier,hasModifierBase,appearance_differs_flag,unicode_not_recommended) VALUES (884, 1, 'Ophiuchus', '', 'ophiuchus', 'symbols', 'U+26CE', 1, 0, 0, 0, 0, 0);
INSERT INTO emoji_codepoints (emoji_codepoint_id,emoji_id,codepoint_id,sequence_index) VALUES (1045, 884, 116, 1);

INSERT INTO emoji (emoji_id,emoji_version_id,emoji_name,emoji_character,emojipedia_url_ext,emojipedia_category,codepoint_string,num_codepoints,hasComponent,hasModifier,hasModifierBase,appearance_differs_flag,unicode_not_recommended) VALUES (885, 1, 'Shuffle Tracks Button', '', 'twisted-rightwards-arrows', 'symbols', 'U+1F500', 1, 0, 0, 0, 0, 0);
INSERT INTO emoji_codepoints (emoji_codepoint_id,emoji_id,codepoint_id,sequence_index) VALUES (1046, 885, 739, 1);

INSERT INTO emoji (emoji_id,emoji_version_id,emoji_name,emoji_character,emojipedia_url_ext,emojipedia_category,codepoint_string,num_codepoints,hasComponent,hasModifier,hasModifierBase,appearance_differs_flag,unicode_not_recommended) VALUES (886, 1, 'Repeat Button', '', 'clockwise-rightwards-and-leftwards-open-circle-arrows', 'symbols', 'U+1F501', 1, 0, 0, 0, 0, 0);
INSERT INTO emoji_codepoints (emoji_codepoint_id,emoji_id,codepoint_id,sequence_index) VALUES (1047, 886, 740, 1);

INSERT INTO emoji (emoji_id,emoji_version_id,emoji_name,emoji_character,emojipedia_url_ext,emojipedia_category,codepoint_string,num_codepoints,hasComponent,hasModifier,hasModifierBase,appearance_differs_flag,unicode_not_recommended) VALUES (887, 1, 'Repeat Single Button', '', 'clockwise-rightwards-and-leftwards-open-circle-arrows-with-circled-one-overlay', 'symbols', 'U+1F502', 1, 0, 0, 0, 0, 0);
INSERT INTO emoji_codepoints (emoji_codepoint_id,emoji_id,codepoint_id,sequence_index) VALUES (1048, 887, 741, 1);

INSERT INTO emoji (emoji_id,emoji_version_id,emoji_name,emoji_character,emojipedia_url_ext,emojipedia_category,codepoint_string,num_codepoints,hasComponent,hasModifier,hasModifierBase,appearance_differs_flag,unicode_not_recommended) VALUES (888, 1, 'Play Button', '', 'black-right-pointing-triangle', 'symbols', 'U+25B6U+FE0F', 2, 1, 0, 0, 0, 0);
INSERT INTO emoji_codepoints (emoji_codepoint_id,emoji_id,codepoint_id,sequence_index) VALUES (1049, 888, 48, 1),(1050, 888, 1185, 2);

INSERT INTO emoji (emoji_id,emoji_version_id,emoji_name,emoji_character,emojipedia_url_ext,emojipedia_category,codepoint_string,num_codepoints,hasComponent,hasModifier,hasModifierBase,appearance_differs_flag,unicode_not_recommended) VALUES (889, 1, 'Fast-Forward Button', '', 'black-right-pointing-double-triangle', 'symbols', 'U+23E9', 1, 0, 0, 0, 0, 0);
INSERT INTO emoji_codepoints (emoji_codepoint_id,emoji_id,codepoint_id,sequence_index) VALUES (1051, 889, 31, 1);

INSERT INTO emoji (emoji_id,emoji_version_id,emoji_name,emoji_character,emojipedia_url_ext,emojipedia_category,codepoint_string,num_codepoints,hasComponent,hasModifier,hasModifierBase,appearance_differs_flag,unicode_not_recommended) VALUES (890, 1, 'Next Track Button', '', 'black-right-pointing-double-triangle-with-vertical-bar', NULL, 'U+23EDU+FE0F', 2, 1, 0, 0, 0, 0);
INSERT INTO emoji_codepoints (emoji_codepoint_id,emoji_id,codepoint_id,sequence_index) VALUES (1052, 890, 35, 1),(1053, 890, 1185, 2);

INSERT INTO emoji (emoji_id,emoji_version_id,emoji_name,emoji_character,emojipedia_url_ext,emojipedia_category,codepoint_string,num_codepoints,hasComponent,hasModifier,hasModifierBase,appearance_differs_flag,unicode_not_recommended) VALUES (891, 1, 'Play or Pause Button', '', 'black-right-pointing-triangle-with-double-vertical-bar', NULL, 'U+23EFU+FE0F', 2, 1, 0, 0, 0, 0);
INSERT INTO emoji_codepoints (emoji_codepoint_id,emoji_id,codepoint_id,sequence_index) VALUES (1054, 891, 37, 1),(1055, 891, 1185, 2);

INSERT INTO emoji (emoji_id,emoji_version_id,emoji_name,emoji_character,emojipedia_url_ext,emojipedia_category,codepoint_string,num_codepoints,hasComponent,hasModifier,hasModifierBase,appearance_differs_flag,unicode_not_recommended) VALUES (892, 1, 'Reverse Button', '', 'black-left-pointing-triangle', 'symbols', 'U+25C0U+FE0F', 2, 1, 0, 0, 0, 0);
INSERT INTO emoji_codepoints (emoji_codepoint_id,emoji_id,codepoint_id,sequence_index) VALUES (1056, 892, 49, 1),(1057, 892, 1185, 2);

INSERT INTO emoji (emoji_id,emoji_version_id,emoji_name,emoji_character,emojipedia_url_ext,emojipedia_category,codepoint_string,num_codepoints,hasComponent,hasModifier,hasModifierBase,appearance_differs_flag,unicode_not_recommended) VALUES (893, 1, 'Fast Reverse Button', '', 'black-left-pointing-double-triangle', 'symbols', 'U+23EA', 1, 0, 0, 0, 0, 0);
INSERT INTO emoji_codepoints (emoji_codepoint_id,emoji_id,codepoint_id,sequence_index) VALUES (1058, 893, 32, 1);

INSERT INTO emoji (emoji_id,emoji_version_id,emoji_name,emoji_character,emojipedia_url_ext,emojipedia_category,codepoint_string,num_codepoints,hasComponent,hasModifier,hasModifierBase,appearance_differs_flag,unicode_not_recommended) VALUES (894, 1, 'Last Track Button', '', 'black-left-pointing-double-triangle-with-vertical-bar', NULL, 'U+23EEU+FE0F', 2, 1, 0, 0, 0, 0);
INSERT INTO emoji_codepoints (emoji_codepoint_id,emoji_id,codepoint_id,sequence_index) VALUES (1059, 894, 36, 1),(1060, 894, 1185, 2);

INSERT INTO emoji (emoji_id,emoji_version_id,emoji_name,emoji_character,emojipedia_url_ext,emojipedia_category,codepoint_string,num_codepoints,hasComponent,hasModifier,hasModifierBase,appearance_differs_flag,unicode_not_recommended) VALUES (895, 1, 'Upwards Button', '', 'up-pointing-small-red-triangle', 'symbols', 'U+1F53C', 1, 0, 0, 0, 0, 0);
INSERT INTO emoji_codepoints (emoji_codepoint_id,emoji_id,codepoint_id,sequence_index) VALUES (1061, 895, 799, 1);

INSERT INTO emoji (emoji_id,emoji_version_id,emoji_name,emoji_character,emojipedia_url_ext,emojipedia_category,codepoint_string,num_codepoints,hasComponent,hasModifier,hasModifierBase,appearance_differs_flag,unicode_not_recommended) VALUES (896, 1, 'Fast Up Button', '', 'black-up-pointing-double-triangle', 'symbols', 'U+23EB', 1, 0, 0, 0, 0, 0);
INSERT INTO emoji_codepoints (emoji_codepoint_id,emoji_id,codepoint_id,sequence_index) VALUES (1062, 896, 33, 1);

INSERT INTO emoji (emoji_id,emoji_version_id,emoji_name,emoji_character,emojipedia_url_ext,emojipedia_category,codepoint_string,num_codepoints,hasComponent,hasModifier,hasModifierBase,appearance_differs_flag,unicode_not_recommended) VALUES (897, 1, 'Downwards Button', '', 'down-pointing-small-red-triangle', 'symbols', 'U+1F53D', 1, 0, 0, 0, 0, 0);
INSERT INTO emoji_codepoints (emoji_codepoint_id,emoji_id,codepoint_id,sequence_index) VALUES (1063, 897, 800, 1);

INSERT INTO emoji (emoji_id,emoji_version_id,emoji_name,emoji_character,emojipedia_url_ext,emojipedia_category,codepoint_string,num_codepoints,hasComponent,hasModifier,hasModifierBase,appearance_differs_flag,unicode_not_recommended) VALUES (898, 1, 'Fast Down Button', '', 'black-down-pointing-double-triangle', 'symbols', 'U+23EC', 1, 0, 0, 0, 0, 0);
INSERT INTO emoji_codepoints (emoji_codepoint_id,emoji_id,codepoint_id,sequence_index) VALUES (1064, 898, 34, 1);

INSERT INTO emoji (emoji_id,emoji_version_id,emoji_name,emoji_character,emojipedia_url_ext,emojipedia_category,codepoint_string,num_codepoints,hasComponent,hasModifier,hasModifierBase,appearance_differs_flag,unicode_not_recommended) VALUES (899, 1, 'Pause Button', '', 'double-vertical-bar', NULL, 'U+23F8U+FE0F', 2, 1, 0, 0, 0, 0);
INSERT INTO emoji_codepoints (emoji_codepoint_id,emoji_id,codepoint_id,sequence_index) VALUES (1065, 899, 42, 1),(1066, 899, 1185, 2);

INSERT INTO emoji (emoji_id,emoji_version_id,emoji_name,emoji_character,emojipedia_url_ext,emojipedia_category,codepoint_string,num_codepoints,hasComponent,hasModifier,hasModifierBase,appearance_differs_flag,unicode_not_recommended) VALUES (900, 1, 'Stop Button', '', 'black-square-for-stop', 'symbols', 'U+23F9U+FE0F', 2, 1, 0, 0, 0, 0);
INSERT INTO emoji_codepoints (emoji_codepoint_id,emoji_id,codepoint_id,sequence_index) VALUES (1067, 900, 43, 1),(1068, 900, 1185, 2);

INSERT INTO emoji (emoji_id,emoji_version_id,emoji_name,emoji_character,emojipedia_url_ext,emojipedia_category,codepoint_string,num_codepoints,hasComponent,hasModifier,hasModifierBase,appearance_differs_flag,unicode_not_recommended) VALUES (901, 1, 'Record Button', '', 'black-circle-for-record', NULL, 'U+23FAU+FE0F', 2, 1, 0, 0, 0, 0);
INSERT INTO emoji_codepoints (emoji_codepoint_id,emoji_id,codepoint_id,sequence_index) VALUES (1069, 901, 44, 1),(1070, 901, 1185, 2);

INSERT INTO emoji (emoji_id,emoji_version_id,emoji_name,emoji_character,emojipedia_url_ext,emojipedia_category,codepoint_string,num_codepoints,hasComponent,hasModifier,hasModifierBase,appearance_differs_flag,unicode_not_recommended) VALUES (902, 1, 'Eject Button', '', 'eject-symbol', 'symbols', 'U+23CFU+FE0F', 2, 1, 0, 0, 0, 0);
INSERT INTO emoji_codepoints (emoji_codepoint_id,emoji_id,codepoint_id,sequence_index) VALUES (1071, 902, 30, 1),(1072, 902, 1185, 2);

INSERT INTO emoji (emoji_id,emoji_version_id,emoji_name,emoji_character,emojipedia_url_ext,emojipedia_category,codepoint_string,num_codepoints,hasComponent,hasModifier,hasModifierBase,appearance_differs_flag,unicode_not_recommended) VALUES (903, 1, 'Cinema', '', 'cinema', 'symbols', 'U+1F3A6', 1, 0, 0, 0, 0, 0);
INSERT INTO emoji_codepoints (emoji_codepoint_id,emoji_id,codepoint_id,sequence_index) VALUES (1073, 903, 397, 1);

INSERT INTO emoji (emoji_id,emoji_version_id,emoji_name,emoji_character,emojipedia_url_ext,emojipedia_category,codepoint_string,num_codepoints,hasComponent,hasModifier,hasModifierBase,appearance_differs_flag,unicode_not_recommended) VALUES (904, 1, 'Dim Button', '', 'low-brightness-symbol', 'symbols', 'U+1F505', 1, 0, 0, 0, 0, 0);
INSERT INTO emoji_codepoints (emoji_codepoint_id,emoji_id,codepoint_id,sequence_index) VALUES (1074, 904, 744, 1);

INSERT INTO emoji (emoji_id,emoji_version_id,emoji_name,emoji_character,emojipedia_url_ext,emojipedia_category,codepoint_string,num_codepoints,hasComponent,hasModifier,hasModifierBase,appearance_differs_flag,unicode_not_recommended) VALUES (905, 1, 'Bright Button', '', 'high-brightness-symbol', 'symbols', 'U+1F506', 1, 0, 0, 0, 0, 0);
INSERT INTO emoji_codepoints (emoji_codepoint_id,emoji_id,codepoint_id,sequence_index) VALUES (1075, 905, 745, 1);

INSERT INTO emoji (emoji_id,emoji_version_id,emoji_name,emoji_character,emojipedia_url_ext,emojipedia_category,codepoint_string,num_codepoints,hasComponent,hasModifier,hasModifierBase,appearance_differs_flag,unicode_not_recommended) VALUES (906, 1, 'Antenna Bars', '', 'antenna-with-bars', 'symbols', 'U+1F4F6', 1, 0, 0, 0, 0, 0);
INSERT INTO emoji_codepoints (emoji_codepoint_id,emoji_id,codepoint_id,sequence_index) VALUES (1076, 906, 730, 1);

INSERT INTO emoji (emoji_id,emoji_version_id,emoji_name,emoji_character,emojipedia_url_ext,emojipedia_category,codepoint_string,num_codepoints,hasComponent,hasModifier,hasModifierBase,appearance_differs_flag,unicode_not_recommended) VALUES (907, 1, 'Vibration Mode', '', 'vibration-mode', 'symbols', 'U+1F4F3', 1, 0, 0, 0, 0, 0);
INSERT INTO emoji_codepoints (emoji_codepoint_id,emoji_id,codepoint_id,sequence_index) VALUES (1077, 907, 727, 1);

INSERT INTO emoji (emoji_id,emoji_version_id,emoji_name,emoji_character,emojipedia_url_ext,emojipedia_category,codepoint_string,num_codepoints,hasComponent,hasModifier,hasModifierBase,appearance_differs_flag,unicode_not_recommended) VALUES (908, 1, 'Mobile Phone Off', '', 'mobile-phone-off', 'symbols', 'U+1F4F4', 1, 0, 0, 0, 0, 0);
INSERT INTO emoji_codepoints (emoji_codepoint_id,emoji_id,codepoint_id,sequence_index) VALUES (1078, 908, 728, 1);

INSERT INTO emoji (emoji_id,emoji_version_id,emoji_name,emoji_character,emojipedia_url_ext,emojipedia_category,codepoint_string,num_codepoints,hasComponent,hasModifier,hasModifierBase,appearance_differs_flag,unicode_not_recommended) VALUES (909, 1, 'Recycling Symbol', '', 'black-universal-recycling-symbol', 'symbols', 'U+267BU+FE0F', 2, 1, 0, 0, 0, 0);
INSERT INTO emoji_codepoints (emoji_codepoint_id,emoji_id,codepoint_id,sequence_index) VALUES (1079, 909, 94, 1),(1080, 909, 1185, 2);

INSERT INTO emoji (emoji_id,emoji_version_id,emoji_name,emoji_character,emojipedia_url_ext,emojipedia_category,codepoint_string,num_codepoints,hasComponent,hasModifier,hasModifierBase,appearance_differs_flag,unicode_not_recommended) VALUES (910, 1, 'Fleur-De-Lis', '', 'fleur-de-lis', NULL, 'U+269CU+FE0F', 2, 1, 0, 0, 0, 0);
INSERT INTO emoji_codepoints (emoji_codepoint_id,emoji_id,codepoint_id,sequence_index) VALUES (1081, 910, 104, 1),(1082, 910, 1185, 2);

INSERT INTO emoji (emoji_id,emoji_version_id,emoji_name,emoji_character,emojipedia_url_ext,emojipedia_category,codepoint_string,num_codepoints,hasComponent,hasModifier,hasModifierBase,appearance_differs_flag,unicode_not_recommended) VALUES (911, 1, 'Trident Emblem', '', 'trident-emblem', 'symbols', 'U+1F531', 1, 0, 0, 0, 0, 0);
INSERT INTO emoji_codepoints (emoji_codepoint_id,emoji_id,codepoint_id,sequence_index) VALUES (1083, 911, 788, 1);

INSERT INTO emoji (emoji_id,emoji_version_id,emoji_name,emoji_character,emojipedia_url_ext,emojipedia_category,codepoint_string,num_codepoints,hasComponent,hasModifier,hasModifierBase,appearance_differs_flag,unicode_not_recommended) VALUES (912, 1, 'Name Badge', '', 'name-badge', 'symbols', 'U+1F4DB', 1, 0, 0, 0, 0, 0);
INSERT INTO emoji_codepoints (emoji_codepoint_id,emoji_id,codepoint_id,sequence_index) VALUES (1084, 912, 703, 1);

INSERT INTO emoji (emoji_id,emoji_version_id,emoji_name,emoji_character,emojipedia_url_ext,emojipedia_category,codepoint_string,num_codepoints,hasComponent,hasModifier,hasModifierBase,appearance_differs_flag,unicode_not_recommended) VALUES (913, 1, 'Japanese Symbol for Beginner', '', 'japanese-symbol-for-beginner', 'symbols', 'U+1F530', 1, 0, 0, 0, 0, 0);
INSERT INTO emoji_codepoints (emoji_codepoint_id,emoji_id,codepoint_id,sequence_index) VALUES (1085, 913, 787, 1);

INSERT INTO emoji (emoji_id,emoji_version_id,emoji_name,emoji_character,emojipedia_url_ext,emojipedia_category,codepoint_string,num_codepoints,hasComponent,hasModifier,hasModifierBase,appearance_differs_flag,unicode_not_recommended) VALUES (914, 1, 'Heavy Large Circle', '', 'heavy-large-circle', 'symbols', 'U+2B55', 1, 0, 0, 0, 0, 0);
INSERT INTO emoji_codepoints (emoji_codepoint_id,emoji_id,codepoint_id,sequence_index) VALUES (1086, 914, 175, 1);

INSERT INTO emoji (emoji_id,emoji_version_id,emoji_name,emoji_character,emojipedia_url_ext,emojipedia_category,codepoint_string,num_codepoints,hasComponent,hasModifier,hasModifierBase,appearance_differs_flag,unicode_not_recommended) VALUES (915, 1, 'White Heavy Check Mark', '', 'white-heavy-check-mark', 'symbols', 'U+2705', 1, 0, 0, 0, 0, 0);
INSERT INTO emoji_codepoints (emoji_codepoint_id,emoji_id,codepoint_id,sequence_index) VALUES (1087, 915, 135, 1);

INSERT INTO emoji (emoji_id,emoji_version_id,emoji_name,emoji_character,emojipedia_url_ext,emojipedia_category,codepoint_string,num_codepoints,hasComponent,hasModifier,hasModifierBase,appearance_differs_flag,unicode_not_recommended) VALUES (916, 1, 'Ballot Box With Check', '', 'ballot-box-with-check', 'symbols', 'U+2611U+FE0F', 2, 1, 0, 0, 0, 0);
INSERT INTO emoji_codepoints (emoji_codepoint_id,emoji_id,codepoint_id,sequence_index) VALUES (1088, 916, 60, 1),(1089, 916, 1185, 2);

INSERT INTO emoji (emoji_id,emoji_version_id,emoji_name,emoji_character,emojipedia_url_ext,emojipedia_category,codepoint_string,num_codepoints,hasComponent,hasModifier,hasModifierBase,appearance_differs_flag,unicode_not_recommended) VALUES (917, 1, 'Heavy Check Mark', '', 'heavy-check-mark', 'symbols', 'U+2714U+FE0F', 2, 1, 0, 0, 0, 0);
INSERT INTO emoji_codepoints (emoji_codepoint_id,emoji_id,codepoint_id,sequence_index) VALUES (1090, 917, 144, 1),(1091, 917, 1185, 2);

INSERT INTO emoji (emoji_id,emoji_version_id,emoji_name,emoji_character,emojipedia_url_ext,emojipedia_category,codepoint_string,num_codepoints,hasComponent,hasModifier,hasModifierBase,appearance_differs_flag,unicode_not_recommended) VALUES (918, 1, 'Heavy Multiplication X', '', 'heavy-multiplication-x', 'symbols', 'U+2716U+FE0F', 2, 1, 0, 0, 0, 0);
INSERT INTO emoji_codepoints (emoji_codepoint_id,emoji_id,codepoint_id,sequence_index) VALUES (1092, 918, 145, 1),(1093, 918, 1185, 2);

INSERT INTO emoji (emoji_id,emoji_version_id,emoji_name,emoji_character,emojipedia_url_ext,emojipedia_category,codepoint_string,num_codepoints,hasComponent,hasModifier,hasModifierBase,appearance_differs_flag,unicode_not_recommended) VALUES (919, 1, 'Cross Mark', '', 'cross-mark', 'symbols', 'U+274C', 1, 0, 0, 0, 0, 0);
INSERT INTO emoji_codepoints (emoji_codepoint_id,emoji_id,codepoint_id,sequence_index) VALUES (1094, 919, 153, 1);

INSERT INTO emoji (emoji_id,emoji_version_id,emoji_name,emoji_character,emojipedia_url_ext,emojipedia_category,codepoint_string,num_codepoints,hasComponent,hasModifier,hasModifierBase,appearance_differs_flag,unicode_not_recommended) VALUES (920, 1, 'Cross Mark Button', '', 'negative-squared-cross-mark', 'symbols', 'U+274E', 1, 0, 0, 0, 0, 0);
INSERT INTO emoji_codepoints (emoji_codepoint_id,emoji_id,codepoint_id,sequence_index) VALUES (1095, 920, 154, 1);

INSERT INTO emoji (emoji_id,emoji_version_id,emoji_name,emoji_character,emojipedia_url_ext,emojipedia_category,codepoint_string,num_codepoints,hasComponent,hasModifier,hasModifierBase,appearance_differs_flag,unicode_not_recommended) VALUES (921, 1, 'Heavy Plus Sign', '', 'heavy-plus-sign', 'symbols', 'U+2795', 1, 0, 0, 0, 0, 0);
INSERT INTO emoji_codepoints (emoji_codepoint_id,emoji_id,codepoint_id,sequence_index) VALUES (1096, 921, 161, 1);

INSERT INTO emoji (emoji_id,emoji_version_id,emoji_name,emoji_character,emojipedia_url_ext,emojipedia_category,codepoint_string,num_codepoints,hasComponent,hasModifier,hasModifierBase,appearance_differs_flag,unicode_not_recommended) VALUES (922, 1, 'Heavy Minus Sign', '', 'heavy-minus-sign', 'symbols', 'U+2796', 1, 0, 0, 0, 0, 0);
INSERT INTO emoji_codepoints (emoji_codepoint_id,emoji_id,codepoint_id,sequence_index) VALUES (1097, 922, 162, 1);

INSERT INTO emoji (emoji_id,emoji_version_id,emoji_name,emoji_character,emojipedia_url_ext,emojipedia_category,codepoint_string,num_codepoints,hasComponent,hasModifier,hasModifierBase,appearance_differs_flag,unicode_not_recommended) VALUES (923, 1, 'Heavy Division Sign', '', 'heavy-division-sign', 'symbols', 'U+2797', 1, 0, 0, 0, 0, 0);
INSERT INTO emoji_codepoints (emoji_codepoint_id,emoji_id,codepoint_id,sequence_index) VALUES (1098, 923, 163, 1);

INSERT INTO emoji (emoji_id,emoji_version_id,emoji_name,emoji_character,emojipedia_url_ext,emojipedia_category,codepoint_string,num_codepoints,hasComponent,hasModifier,hasModifierBase,appearance_differs_flag,unicode_not_recommended) VALUES (924, 1, 'Curly Loop', '', 'curly-loop', 'symbols', 'U+27B0', 1, 0, 0, 0, 0, 0);
INSERT INTO emoji_codepoints (emoji_codepoint_id,emoji_id,codepoint_id,sequence_index) VALUES (1099, 924, 165, 1);

INSERT INTO emoji (emoji_id,emoji_version_id,emoji_name,emoji_character,emojipedia_url_ext,emojipedia_category,codepoint_string,num_codepoints,hasComponent,hasModifier,hasModifierBase,appearance_differs_flag,unicode_not_recommended) VALUES (925, 1, 'Double Curly Loop', '', 'double-curly-loop', 'symbols', 'U+27BF', 1, 0, 0, 0, 0, 0);
INSERT INTO emoji_codepoints (emoji_codepoint_id,emoji_id,codepoint_id,sequence_index) VALUES (1100, 925, 166, 1);

INSERT INTO emoji (emoji_id,emoji_version_id,emoji_name,emoji_character,emojipedia_url_ext,emojipedia_category,codepoint_string,num_codepoints,hasComponent,hasModifier,hasModifierBase,appearance_differs_flag,unicode_not_recommended) VALUES (926, 1, 'Part Alternation Mark', '', 'part-alternation-mark', 'symbols', 'U+303DU+FE0F', 2, 1, 0, 0, 0, 0);
INSERT INTO emoji_codepoints (emoji_codepoint_id,emoji_id,codepoint_id,sequence_index) VALUES (1101, 926, 177, 1),(1102, 926, 1185, 2);

INSERT INTO emoji (emoji_id,emoji_version_id,emoji_name,emoji_character,emojipedia_url_ext,emojipedia_category,codepoint_string,num_codepoints,hasComponent,hasModifier,hasModifierBase,appearance_differs_flag,unicode_not_recommended) VALUES (927, 1, 'Eight-Spoked Asterisk', '', 'eight-spoked-asterisk', 'symbols', 'U+2733U+FE0F', 2, 1, 0, 0, 0, 0);
INSERT INTO emoji_codepoints (emoji_codepoint_id,emoji_id,codepoint_id,sequence_index) VALUES (1103, 927, 149, 1),(1104, 927, 1185, 2);

INSERT INTO emoji (emoji_id,emoji_version_id,emoji_name,emoji_character,emojipedia_url_ext,emojipedia_category,codepoint_string,num_codepoints,hasComponent,hasModifier,hasModifierBase,appearance_differs_flag,unicode_not_recommended) VALUES (928, 1, 'Eight-Pointed Star', '', 'eight-pointed-black-star', 'symbols', 'U+2734U+FE0F', 2, 1, 0, 0, 0, 0);
INSERT INTO emoji_codepoints (emoji_codepoint_id,emoji_id,codepoint_id,sequence_index) VALUES (1105, 928, 150, 1),(1106, 928, 1185, 2);

INSERT INTO emoji (emoji_id,emoji_version_id,emoji_name,emoji_character,emojipedia_url_ext,emojipedia_category,codepoint_string,num_codepoints,hasComponent,hasModifier,hasModifierBase,appearance_differs_flag,unicode_not_recommended) VALUES (929, 1, 'Sparkle', '', 'sparkle', 'symbols', 'U+2747U+FE0F', 2, 1, 0, 0, 0, 0);
INSERT INTO emoji_codepoints (emoji_codepoint_id,emoji_id,codepoint_id,sequence_index) VALUES (1107, 929, 152, 1),(1108, 929, 1185, 2);

INSERT INTO emoji (emoji_id,emoji_version_id,emoji_name,emoji_character,emojipedia_url_ext,emojipedia_category,codepoint_string,num_codepoints,hasComponent,hasModifier,hasModifierBase,appearance_differs_flag,unicode_not_recommended) VALUES (930, 1, 'Double Exclamation Mark', '', 'double-exclamation-mark', 'symbols', 'U+203CU+FE0F', 2, 1, 0, 0, 0, 0);
INSERT INTO emoji_codepoints (emoji_codepoint_id,emoji_id,codepoint_id,sequence_index) VALUES (1109, 930, 15, 1),(1110, 930, 1185, 2);

INSERT INTO emoji (emoji_id,emoji_version_id,emoji_name,emoji_character,emojipedia_url_ext,emojipedia_category,codepoint_string,num_codepoints,hasComponent,hasModifier,hasModifierBase,appearance_differs_flag,unicode_not_recommended) VALUES (931, 1, 'Exclamation Question Mark', '', 'exclamation-question-mark', 'symbols', 'U+2049U+FE0F', 2, 1, 0, 0, 0, 0);
INSERT INTO emoji_codepoints (emoji_codepoint_id,emoji_id,codepoint_id,sequence_index) VALUES (1111, 931, 16, 1),(1112, 931, 1185, 2);

INSERT INTO emoji (emoji_id,emoji_version_id,emoji_name,emoji_character,emojipedia_url_ext,emojipedia_category,codepoint_string,num_codepoints,hasComponent,hasModifier,hasModifierBase,appearance_differs_flag,unicode_not_recommended) VALUES (932, 1, 'Question Mark', '', 'black-question-mark-ornament', 'symbols', 'U+2753', 1, 0, 0, 0, 0, 0);
INSERT INTO emoji_codepoints (emoji_codepoint_id,emoji_id,codepoint_id,sequence_index) VALUES (1113, 932, 155, 1);

INSERT INTO emoji (emoji_id,emoji_version_id,emoji_name,emoji_character,emojipedia_url_ext,emojipedia_category,codepoint_string,num_codepoints,hasComponent,hasModifier,hasModifierBase,appearance_differs_flag,unicode_not_recommended) VALUES (933, 1, 'White Question Mark', '', 'white-question-mark-ornament', 'symbols', 'U+2754', 1, 0, 0, 0, 0, 0);
INSERT INTO emoji_codepoints (emoji_codepoint_id,emoji_id,codepoint_id,sequence_index) VALUES (1114, 933, 156, 1);

INSERT INTO emoji (emoji_id,emoji_version_id,emoji_name,emoji_character,emojipedia_url_ext,emojipedia_category,codepoint_string,num_codepoints,hasComponent,hasModifier,hasModifierBase,appearance_differs_flag,unicode_not_recommended) VALUES (934, 1, 'White Exclamation Mark', '', 'white-exclamation-mark-ornament', 'symbols', 'U+2755', 1, 0, 0, 0, 0, 0);
INSERT INTO emoji_codepoints (emoji_codepoint_id,emoji_id,codepoint_id,sequence_index) VALUES (1115, 934, 157, 1);

INSERT INTO emoji (emoji_id,emoji_version_id,emoji_name,emoji_character,emojipedia_url_ext,emojipedia_category,codepoint_string,num_codepoints,hasComponent,hasModifier,hasModifierBase,appearance_differs_flag,unicode_not_recommended) VALUES (935, 1, 'Exclamation Mark', '', 'heavy-exclamation-mark-symbol', 'symbols', 'U+2757', 1, 0, 0, 0, 0, 0);
INSERT INTO emoji_codepoints (emoji_codepoint_id,emoji_id,codepoint_id,sequence_index) VALUES (1116, 935, 158, 1);

INSERT INTO emoji (emoji_id,emoji_version_id,emoji_name,emoji_character,emojipedia_url_ext,emojipedia_category,codepoint_string,num_codepoints,hasComponent,hasModifier,hasModifierBase,appearance_differs_flag,unicode_not_recommended) VALUES (936, 1, 'Wavy Dash', '', 'wavy-dash', NULL, 'U+3030U+FE0F', 2, 1, 0, 0, 0, 0);
INSERT INTO emoji_codepoints (emoji_codepoint_id,emoji_id,codepoint_id,sequence_index) VALUES (1117, 936, 176, 1),(1118, 936, 1185, 2);

INSERT INTO emoji (emoji_id,emoji_version_id,emoji_name,emoji_character,emojipedia_url_ext,emojipedia_category,codepoint_string,num_codepoints,hasComponent,hasModifier,hasModifierBase,appearance_differs_flag,unicode_not_recommended) VALUES (937, 1, 'Copyright', '', 'copyright-sign', 'symbols', 'U+A9U+FE0F', 2, 1, 0, 0, 0, 0);
INSERT INTO emoji_codepoints (emoji_codepoint_id,emoji_id,codepoint_id,sequence_index) VALUES (1119, 937, 13, 1),(1120, 937, 1185, 2);

INSERT INTO emoji (emoji_id,emoji_version_id,emoji_name,emoji_character,emojipedia_url_ext,emojipedia_category,codepoint_string,num_codepoints,hasComponent,hasModifier,hasModifierBase,appearance_differs_flag,unicode_not_recommended) VALUES (938, 1, 'Registered', '', 'registered-sign', 'symbols', 'U+AEU+FE0F', 2, 1, 0, 0, 0, 0);
INSERT INTO emoji_codepoints (emoji_codepoint_id,emoji_id,codepoint_id,sequence_index) VALUES (1121, 938, 14, 1),(1122, 938, 1185, 2);

INSERT INTO emoji (emoji_id,emoji_version_id,emoji_name,emoji_character,emojipedia_url_ext,emojipedia_category,codepoint_string,num_codepoints,hasComponent,hasModifier,hasModifierBase,appearance_differs_flag,unicode_not_recommended) VALUES (939, 1, 'Trade Mark', '', 'trade-mark-sign', 'symbols', 'U+2122U+FE0F', 2, 1, 0, 0, 0, 0);
INSERT INTO emoji_codepoints (emoji_codepoint_id,emoji_id,codepoint_id,sequence_index) VALUES (1123, 939, 17, 1),(1124, 939, 1185, 2);

INSERT INTO emoji (emoji_id,emoji_version_id,emoji_name,emoji_character,emojipedia_url_ext,emojipedia_category,codepoint_string,num_codepoints,hasComponent,hasModifier,hasModifierBase,appearance_differs_flag,unicode_not_recommended) VALUES (940, 1, 'Keycap 10', '', 'keycap-ten', 'symbols', 'U+1F51F', 1, 0, 0, 0, 0, 0);
INSERT INTO emoji_codepoints (emoji_codepoint_id,emoji_id,codepoint_id,sequence_index) VALUES (1125, 940, 770, 1);

INSERT INTO emoji (emoji_id,emoji_version_id,emoji_name,emoji_character,emojipedia_url_ext,emojipedia_category,codepoint_string,num_codepoints,hasComponent,hasModifier,hasModifierBase,appearance_differs_flag,unicode_not_recommended) VALUES (941, 1, 'Hundred Points', '', 'hundred-points-symbol', 'symbols', 'U+1F4AF', 1, 0, 0, 0, 0, 0);
INSERT INTO emoji_codepoints (emoji_codepoint_id,emoji_id,codepoint_id,sequence_index) VALUES (1126, 941, 659, 1);

INSERT INTO emoji (emoji_id,emoji_version_id,emoji_name,emoji_character,emojipedia_url_ext,emojipedia_category,codepoint_string,num_codepoints,hasComponent,hasModifier,hasModifierBase,appearance_differs_flag,unicode_not_recommended) VALUES (942, 1, 'Input Latin Uppercase', '', 'input-symbol-for-latin-capital-letters', 'symbols', 'U+1F520', 1, 0, 0, 0, 0, 0);
INSERT INTO emoji_codepoints (emoji_codepoint_id,emoji_id,codepoint_id,sequence_index) VALUES (1127, 942, 771, 1);

INSERT INTO emoji (emoji_id,emoji_version_id,emoji_name,emoji_character,emojipedia_url_ext,emojipedia_category,codepoint_string,num_codepoints,hasComponent,hasModifier,hasModifierBase,appearance_differs_flag,unicode_not_recommended) VALUES (943, 1, 'Input Latin Lowercase', '', 'input-symbol-for-latin-small-letters', 'symbols', 'U+1F521', 1, 0, 0, 0, 0, 0);
INSERT INTO emoji_codepoints (emoji_codepoint_id,emoji_id,codepoint_id,sequence_index) VALUES (1128, 943, 772, 1);

INSERT INTO emoji (emoji_id,emoji_version_id,emoji_name,emoji_character,emojipedia_url_ext,emojipedia_category,codepoint_string,num_codepoints,hasComponent,hasModifier,hasModifierBase,appearance_differs_flag,unicode_not_recommended) VALUES (944, 1, 'Input Numbers', '', 'input-symbol-for-numbers', 'symbols', 'U+1F522', 1, 0, 0, 0, 0, 0);
INSERT INTO emoji_codepoints (emoji_codepoint_id,emoji_id,codepoint_id,sequence_index) VALUES (1129, 944, 773, 1);

INSERT INTO emoji (emoji_id,emoji_version_id,emoji_name,emoji_character,emojipedia_url_ext,emojipedia_category,codepoint_string,num_codepoints,hasComponent,hasModifier,hasModifierBase,appearance_differs_flag,unicode_not_recommended) VALUES (945, 1, 'Input Symbols', '', 'input-symbol-for-symbols', 'symbols', 'U+1F523', 1, 0, 0, 0, 0, 0);
INSERT INTO emoji_codepoints (emoji_codepoint_id,emoji_id,codepoint_id,sequence_index) VALUES (1130, 945, 774, 1);

INSERT INTO emoji (emoji_id,emoji_version_id,emoji_name,emoji_character,emojipedia_url_ext,emojipedia_category,codepoint_string,num_codepoints,hasComponent,hasModifier,hasModifierBase,appearance_differs_flag,unicode_not_recommended) VALUES (946, 1, 'Input Latin Letters', '', 'input-symbol-for-latin-letters', 'symbols', 'U+1F524', 1, 0, 0, 0, 0, 0);
INSERT INTO emoji_codepoints (emoji_codepoint_id,emoji_id,codepoint_id,sequence_index) VALUES (1131, 946, 775, 1);

INSERT INTO emoji (emoji_id,emoji_version_id,emoji_name,emoji_character,emojipedia_url_ext,emojipedia_category,codepoint_string,num_codepoints,hasComponent,hasModifier,hasModifierBase,appearance_differs_flag,unicode_not_recommended) VALUES (947, 1, 'A Button (blood Type)', '', 'negative-squared-latin-capital-letter-a', 'symbols', 'U+1F170U+FE0F', 2, 1, 0, 0, 0, 0);
INSERT INTO emoji_codepoints (emoji_codepoint_id,emoji_id,codepoint_id,sequence_index) VALUES (1132, 947, 182, 1),(1133, 947, 1185, 2);

INSERT INTO emoji (emoji_id,emoji_version_id,emoji_name,emoji_character,emojipedia_url_ext,emojipedia_category,codepoint_string,num_codepoints,hasComponent,hasModifier,hasModifierBase,appearance_differs_flag,unicode_not_recommended) VALUES (948, 1, 'Ab Button (blood Type)', '', 'negative-squared-ab', 'symbols', 'U+1F18E', 1, 0, 0, 0, 0, 0);
INSERT INTO emoji_codepoints (emoji_codepoint_id,emoji_id,codepoint_id,sequence_index) VALUES (1134, 948, 186, 1);

INSERT INTO emoji (emoji_id,emoji_version_id,emoji_name,emoji_character,emojipedia_url_ext,emojipedia_category,codepoint_string,num_codepoints,hasComponent,hasModifier,hasModifierBase,appearance_differs_flag,unicode_not_recommended) VALUES (949, 1, 'B Button (blood Type)', '', 'negative-squared-latin-capital-letter-b', 'symbols', 'U+1F171U+FE0F', 2, 1, 0, 0, 0, 0);
INSERT INTO emoji_codepoints (emoji_codepoint_id,emoji_id,codepoint_id,sequence_index) VALUES (1135, 949, 183, 1),(1136, 949, 1185, 2);

INSERT INTO emoji (emoji_id,emoji_version_id,emoji_name,emoji_character,emojipedia_url_ext,emojipedia_category,codepoint_string,num_codepoints,hasComponent,hasModifier,hasModifierBase,appearance_differs_flag,unicode_not_recommended) VALUES (950, 1, 'CL Button', '', 'squared-cl', 'symbols', 'U+1F191', 1, 0, 0, 0, 0, 0);
INSERT INTO emoji_codepoints (emoji_codepoint_id,emoji_id,codepoint_id,sequence_index) VALUES (1137, 950, 187, 1);

INSERT INTO emoji (emoji_id,emoji_version_id,emoji_name,emoji_character,emojipedia_url_ext,emojipedia_category,codepoint_string,num_codepoints,hasComponent,hasModifier,hasModifierBase,appearance_differs_flag,unicode_not_recommended) VALUES (951, 1, 'Cool Button', '', 'squared-cool', 'symbols', 'U+1F192', 1, 0, 0, 0, 0, 0);
INSERT INTO emoji_codepoints (emoji_codepoint_id,emoji_id,codepoint_id,sequence_index) VALUES (1138, 951, 188, 1);

INSERT INTO emoji (emoji_id,emoji_version_id,emoji_name,emoji_character,emojipedia_url_ext,emojipedia_category,codepoint_string,num_codepoints,hasComponent,hasModifier,hasModifierBase,appearance_differs_flag,unicode_not_recommended) VALUES (952, 1, 'Free Button', '', 'squared-free', 'symbols', 'U+1F193', 1, 0, 0, 0, 0, 0);
INSERT INTO emoji_codepoints (emoji_codepoint_id,emoji_id,codepoint_id,sequence_index) VALUES (1139, 952, 189, 1);

INSERT INTO emoji (emoji_id,emoji_version_id,emoji_name,emoji_character,emojipedia_url_ext,emojipedia_category,codepoint_string,num_codepoints,hasComponent,hasModifier,hasModifierBase,appearance_differs_flag,unicode_not_recommended) VALUES (953, 1, 'Information', '', 'information-source', 'symbols', 'U+2139U+FE0F', 2, 1, 0, 0, 0, 0);
INSERT INTO emoji_codepoints (emoji_codepoint_id,emoji_id,codepoint_id,sequence_index) VALUES (1140, 953, 18, 1),(1141, 953, 1185, 2);

INSERT INTO emoji (emoji_id,emoji_version_id,emoji_name,emoji_character,emojipedia_url_ext,emojipedia_category,codepoint_string,num_codepoints,hasComponent,hasModifier,hasModifierBase,appearance_differs_flag,unicode_not_recommended) VALUES (954, 1, 'ID Button', '', 'squared-id', 'symbols', 'U+1F194', 1, 0, 0, 0, 0, 0);
INSERT INTO emoji_codepoints (emoji_codepoint_id,emoji_id,codepoint_id,sequence_index) VALUES (1142, 954, 190, 1);

INSERT INTO emoji (emoji_id,emoji_version_id,emoji_name,emoji_character,emojipedia_url_ext,emojipedia_category,codepoint_string,num_codepoints,hasComponent,hasModifier,hasModifierBase,appearance_differs_flag,unicode_not_recommended) VALUES (955, 1, 'Circled M', '', 'circled-latin-capital-letter-m', 'symbols', 'U+24C2U+FE0F', 2, 1, 0, 0, 0, 0);
INSERT INTO emoji_codepoints (emoji_codepoint_id,emoji_id,codepoint_id,sequence_index) VALUES (1143, 955, 45, 1),(1144, 955, 1185, 2);

INSERT INTO emoji (emoji_id,emoji_version_id,emoji_name,emoji_character,emojipedia_url_ext,emojipedia_category,codepoint_string,num_codepoints,hasComponent,hasModifier,hasModifierBase,appearance_differs_flag,unicode_not_recommended) VALUES (956, 1, 'New Button', '', 'squared-new', 'symbols', 'U+1F195', 1, 0, 0, 0, 0, 0);
INSERT INTO emoji_codepoints (emoji_codepoint_id,emoji_id,codepoint_id,sequence_index) VALUES (1145, 956, 191, 1);

INSERT INTO emoji (emoji_id,emoji_version_id,emoji_name,emoji_character,emojipedia_url_ext,emojipedia_category,codepoint_string,num_codepoints,hasComponent,hasModifier,hasModifierBase,appearance_differs_flag,unicode_not_recommended) VALUES (957, 1, 'NG Button', '', 'squared-ng', 'symbols', 'U+1F196', 1, 0, 0, 0, 0, 0);
INSERT INTO emoji_codepoints (emoji_codepoint_id,emoji_id,codepoint_id,sequence_index) VALUES (1146, 957, 192, 1);

INSERT INTO emoji (emoji_id,emoji_version_id,emoji_name,emoji_character,emojipedia_url_ext,emojipedia_category,codepoint_string,num_codepoints,hasComponent,hasModifier,hasModifierBase,appearance_differs_flag,unicode_not_recommended) VALUES (958, 1, 'O Button (blood Type)', '', 'negative-squared-latin-capital-letter-o', 'symbols', 'U+1F17EU+FE0F', 2, 1, 0, 0, 0, 0);
INSERT INTO emoji_codepoints (emoji_codepoint_id,emoji_id,codepoint_id,sequence_index) VALUES (1147, 958, 184, 1),(1148, 958, 1185, 2);

INSERT INTO emoji (emoji_id,emoji_version_id,emoji_name,emoji_character,emojipedia_url_ext,emojipedia_category,codepoint_string,num_codepoints,hasComponent,hasModifier,hasModifierBase,appearance_differs_flag,unicode_not_recommended) VALUES (959, 1, 'OK Button', '', 'squared-ok', 'symbols', 'U+1F197', 1, 0, 0, 0, 0, 0);
INSERT INTO emoji_codepoints (emoji_codepoint_id,emoji_id,codepoint_id,sequence_index) VALUES (1149, 959, 193, 1);

INSERT INTO emoji (emoji_id,emoji_version_id,emoji_name,emoji_character,emojipedia_url_ext,emojipedia_category,codepoint_string,num_codepoints,hasComponent,hasModifier,hasModifierBase,appearance_differs_flag,unicode_not_recommended) VALUES (960, 1, 'P Button', '', 'negative-squared-latin-capital-letter-p', 'symbols', 'U+1F17FU+FE0F', 2, 1, 0, 0, 0, 0);
INSERT INTO emoji_codepoints (emoji_codepoint_id,emoji_id,codepoint_id,sequence_index) VALUES (1150, 960, 185, 1),(1151, 960, 1185, 2);

INSERT INTO emoji (emoji_id,emoji_version_id,emoji_name,emoji_character,emojipedia_url_ext,emojipedia_category,codepoint_string,num_codepoints,hasComponent,hasModifier,hasModifierBase,appearance_differs_flag,unicode_not_recommended) VALUES (961, 1, 'SOS Button', '', 'squared-sos', 'symbols', 'U+1F198', 1, 0, 0, 0, 0, 0);
INSERT INTO emoji_codepoints (emoji_codepoint_id,emoji_id,codepoint_id,sequence_index) VALUES (1152, 961, 194, 1);

INSERT INTO emoji (emoji_id,emoji_version_id,emoji_name,emoji_character,emojipedia_url_ext,emojipedia_category,codepoint_string,num_codepoints,hasComponent,hasModifier,hasModifierBase,appearance_differs_flag,unicode_not_recommended) VALUES (962, 1, 'Up! Button', '', 'squared-up-with-exclamation-mark', 'symbols', 'U+1F199', 1, 0, 0, 0, 0, 0);
INSERT INTO emoji_codepoints (emoji_codepoint_id,emoji_id,codepoint_id,sequence_index) VALUES (1153, 962, 195, 1);

INSERT INTO emoji (emoji_id,emoji_version_id,emoji_name,emoji_character,emojipedia_url_ext,emojipedia_category,codepoint_string,num_codepoints,hasComponent,hasModifier,hasModifierBase,appearance_differs_flag,unicode_not_recommended) VALUES (963, 1, 'Vs Button', '', 'squared-vs', 'symbols', 'U+1F19A', 1, 0, 0, 0, 0, 0);
INSERT INTO emoji_codepoints (emoji_codepoint_id,emoji_id,codepoint_id,sequence_index) VALUES (1154, 963, 196, 1);

INSERT INTO emoji (emoji_id,emoji_version_id,emoji_name,emoji_character,emojipedia_url_ext,emojipedia_category,codepoint_string,num_codepoints,hasComponent,hasModifier,hasModifierBase,appearance_differs_flag,unicode_not_recommended) VALUES (964, 1, 'Japanese here Button', '', 'squared-katakana-koko', 'symbols', 'U+1F201', 1, 0, 0, 0, 0, 0);
INSERT INTO emoji_codepoints (emoji_codepoint_id,emoji_id,codepoint_id,sequence_index) VALUES (1155, 964, 223, 1);

INSERT INTO emoji (emoji_id,emoji_version_id,emoji_name,emoji_character,emojipedia_url_ext,emojipedia_category,codepoint_string,num_codepoints,hasComponent,hasModifier,hasModifierBase,appearance_differs_flag,unicode_not_recommended) VALUES (965, 1, 'Japanese service Charge Button', '', 'squared-katakana-sa', 'symbols', 'U+1F202U+FE0F', 2, 1, 0, 0, 0, 0);
INSERT INTO emoji_codepoints (emoji_codepoint_id,emoji_id,codepoint_id,sequence_index) VALUES (1156, 965, 224, 1),(1157, 965, 1185, 2);

INSERT INTO emoji (emoji_id,emoji_version_id,emoji_name,emoji_character,emojipedia_url_ext,emojipedia_category,codepoint_string,num_codepoints,hasComponent,hasModifier,hasModifierBase,appearance_differs_flag,unicode_not_recommended) VALUES (966, 1, 'Japanese monthly Amount Button', '', 'squared-cjk-unified-ideograph-6708', 'symbols', 'U+1F237U+FE0F', 2, 1, 0, 0, 0, 0);
INSERT INTO emoji_codepoints (emoji_codepoint_id,emoji_id,codepoint_id,sequence_index) VALUES (1158, 966, 232, 1),(1159, 966, 1185, 2);

INSERT INTO emoji (emoji_id,emoji_version_id,emoji_name,emoji_character,emojipedia_url_ext,emojipedia_category,codepoint_string,num_codepoints,hasComponent,hasModifier,hasModifierBase,appearance_differs_flag,unicode_not_recommended) VALUES (967, 1, 'Japanese not Free of Charge Button', '', 'squared-cjk-unified-ideograph-6709', 'symbols', 'U+1F236', 1, 0, 0, 0, 0, 0);
INSERT INTO emoji_codepoints (emoji_codepoint_id,emoji_id,codepoint_id,sequence_index) VALUES (1160, 967, 231, 1);

INSERT INTO emoji (emoji_id,emoji_version_id,emoji_name,emoji_character,emojipedia_url_ext,emojipedia_category,codepoint_string,num_codepoints,hasComponent,hasModifier,hasModifierBase,appearance_differs_flag,unicode_not_recommended) VALUES (968, 1, 'Japanese reserved Button', '', 'squared-cjk-unified-ideograph-6307', 'symbols', 'U+1F22F', 1, 0, 0, 0, 0, 0);
INSERT INTO emoji_codepoints (emoji_codepoint_id,emoji_id,codepoint_id,sequence_index) VALUES (1161, 968, 226, 1);

INSERT INTO emoji (emoji_id,emoji_version_id,emoji_name,emoji_character,emojipedia_url_ext,emojipedia_category,codepoint_string,num_codepoints,hasComponent,hasModifier,hasModifierBase,appearance_differs_flag,unicode_not_recommended) VALUES (969, 1, 'Japanese bargain Button', '', 'circled-ideograph-advantage', 'symbols', 'U+1F250', 1, 0, 0, 0, 0, 0);
INSERT INTO emoji_codepoints (emoji_codepoint_id,emoji_id,codepoint_id,sequence_index) VALUES (1162, 969, 236, 1);

INSERT INTO emoji (emoji_id,emoji_version_id,emoji_name,emoji_character,emojipedia_url_ext,emojipedia_category,codepoint_string,num_codepoints,hasComponent,hasModifier,hasModifierBase,appearance_differs_flag,unicode_not_recommended) VALUES (970, 1, 'Japanese discount Button', '', 'squared-cjk-unified-ideograph-5272', 'symbols', 'U+1F239', 1, 0, 0, 0, 0, 0);
INSERT INTO emoji_codepoints (emoji_codepoint_id,emoji_id,codepoint_id,sequence_index) VALUES (1163, 970, 234, 1);

INSERT INTO emoji (emoji_id,emoji_version_id,emoji_name,emoji_character,emojipedia_url_ext,emojipedia_category,codepoint_string,num_codepoints,hasComponent,hasModifier,hasModifierBase,appearance_differs_flag,unicode_not_recommended) VALUES (971, 1, 'Japanese free of Charge Button', '', 'squared-cjk-unified-ideograph-7121', 'symbols', 'U+1F21A', 1, 0, 0, 0, 0, 0);
INSERT INTO emoji_codepoints (emoji_codepoint_id,emoji_id,codepoint_id,sequence_index) VALUES (1164, 971, 225, 1);

INSERT INTO emoji (emoji_id,emoji_version_id,emoji_name,emoji_character,emojipedia_url_ext,emojipedia_category,codepoint_string,num_codepoints,hasComponent,hasModifier,hasModifierBase,appearance_differs_flag,unicode_not_recommended) VALUES (972, 1, 'Japanese prohibited Button', '', 'squared-cjk-unified-ideograph-7981', 'symbols', 'U+1F232', 1, 0, 0, 0, 0, 0);
INSERT INTO emoji_codepoints (emoji_codepoint_id,emoji_id,codepoint_id,sequence_index) VALUES (1165, 972, 227, 1);

INSERT INTO emoji (emoji_id,emoji_version_id,emoji_name,emoji_character,emojipedia_url_ext,emojipedia_category,codepoint_string,num_codepoints,hasComponent,hasModifier,hasModifierBase,appearance_differs_flag,unicode_not_recommended) VALUES (973, 1, 'Japanese acceptable Button', '', 'circled-ideograph-accept', 'symbols', 'U+1F251', 1, 0, 0, 0, 0, 0);
INSERT INTO emoji_codepoints (emoji_codepoint_id,emoji_id,codepoint_id,sequence_index) VALUES (1166, 973, 237, 1);

INSERT INTO emoji (emoji_id,emoji_version_id,emoji_name,emoji_character,emojipedia_url_ext,emojipedia_category,codepoint_string,num_codepoints,hasComponent,hasModifier,hasModifierBase,appearance_differs_flag,unicode_not_recommended) VALUES (974, 1, 'Japanese application Button', '', 'squared-cjk-unified-ideograph-7533', 'symbols', 'U+1F238', 1, 0, 0, 0, 0, 0);
INSERT INTO emoji_codepoints (emoji_codepoint_id,emoji_id,codepoint_id,sequence_index) VALUES (1167, 974, 233, 1);

INSERT INTO emoji (emoji_id,emoji_version_id,emoji_name,emoji_character,emojipedia_url_ext,emojipedia_category,codepoint_string,num_codepoints,hasComponent,hasModifier,hasModifierBase,appearance_differs_flag,unicode_not_recommended) VALUES (975, 1, 'Japanese passing Grade Button', '', 'squared-cjk-unified-ideograph-5408', 'symbols', 'U+1F234', 1, 0, 0, 0, 0, 0);
INSERT INTO emoji_codepoints (emoji_codepoint_id,emoji_id,codepoint_id,sequence_index) VALUES (1168, 975, 229, 1);

INSERT INTO emoji (emoji_id,emoji_version_id,emoji_name,emoji_character,emojipedia_url_ext,emojipedia_category,codepoint_string,num_codepoints,hasComponent,hasModifier,hasModifierBase,appearance_differs_flag,unicode_not_recommended) VALUES (976, 1, 'Japanese vacancy Button', '', 'squared-cjk-unified-ideograph-7a7a', 'symbols', 'U+1F233', 1, 0, 0, 0, 0, 0);
INSERT INTO emoji_codepoints (emoji_codepoint_id,emoji_id,codepoint_id,sequence_index) VALUES (1169, 976, 228, 1);

INSERT INTO emoji (emoji_id,emoji_version_id,emoji_name,emoji_character,emojipedia_url_ext,emojipedia_category,codepoint_string,num_codepoints,hasComponent,hasModifier,hasModifierBase,appearance_differs_flag,unicode_not_recommended) VALUES (977, 1, 'Japanese congratulations Button', '', 'circled-ideograph-congratulation', 'symbols', 'U+3297U+FE0F', 2, 1, 0, 0, 0, 0);
INSERT INTO emoji_codepoints (emoji_codepoint_id,emoji_id,codepoint_id,sequence_index) VALUES (1170, 977, 178, 1),(1171, 977, 1185, 2);

INSERT INTO emoji (emoji_id,emoji_version_id,emoji_name,emoji_character,emojipedia_url_ext,emojipedia_category,codepoint_string,num_codepoints,hasComponent,hasModifier,hasModifierBase,appearance_differs_flag,unicode_not_recommended) VALUES (978, 1, 'Japanese secret Button', '', 'circled-ideograph-secret', 'symbols', 'U+3299U+FE0F', 2, 1, 0, 0, 0, 0);
INSERT INTO emoji_codepoints (emoji_codepoint_id,emoji_id,codepoint_id,sequence_index) VALUES (1172, 978, 179, 1),(1173, 978, 1185, 2);

INSERT INTO emoji (emoji_id,emoji_version_id,emoji_name,emoji_character,emojipedia_url_ext,emojipedia_category,codepoint_string,num_codepoints,hasComponent,hasModifier,hasModifierBase,appearance_differs_flag,unicode_not_recommended) VALUES (979, 1, 'Japanese open for Business Button', '', 'squared-cjk-unified-ideograph-55b6', 'symbols', 'U+1F23A', 1, 0, 0, 0, 0, 0);
INSERT INTO emoji_codepoints (emoji_codepoint_id,emoji_id,codepoint_id,sequence_index) VALUES (1174, 979, 235, 1);

INSERT INTO emoji (emoji_id,emoji_version_id,emoji_name,emoji_character,emojipedia_url_ext,emojipedia_category,codepoint_string,num_codepoints,hasComponent,hasModifier,hasModifierBase,appearance_differs_flag,unicode_not_recommended) VALUES (980, 1, 'Japanese no Vacancy Button', '', 'squared-cjk-unified-ideograph-6e80', 'symbols', 'U+1F235', 1, 0, 0, 0, 0, 0);
INSERT INTO emoji_codepoints (emoji_codepoint_id,emoji_id,codepoint_id,sequence_index) VALUES (1175, 980, 230, 1);

INSERT INTO emoji (emoji_id,emoji_version_id,emoji_name,emoji_character,emojipedia_url_ext,emojipedia_category,codepoint_string,num_codepoints,hasComponent,hasModifier,hasModifierBase,appearance_differs_flag,unicode_not_recommended) VALUES (981, 1, 'Black Small Square', '', 'black-small-square', 'symbols', 'U+25AAU+FE0F', 2, 1, 0, 0, 0, 0);
INSERT INTO emoji_codepoints (emoji_codepoint_id,emoji_id,codepoint_id,sequence_index) VALUES (1176, 981, 46, 1),(1177, 981, 1185, 2);

INSERT INTO emoji (emoji_id,emoji_version_id,emoji_name,emoji_character,emojipedia_url_ext,emojipedia_category,codepoint_string,num_codepoints,hasComponent,hasModifier,hasModifierBase,appearance_differs_flag,unicode_not_recommended) VALUES (982, 1, 'White Small Square', '', 'white-small-square', 'symbols', 'U+25ABU+FE0F', 2, 1, 0, 0, 0, 0);
INSERT INTO emoji_codepoints (emoji_codepoint_id,emoji_id,codepoint_id,sequence_index) VALUES (1178, 982, 47, 1),(1179, 982, 1185, 2);

INSERT INTO emoji (emoji_id,emoji_version_id,emoji_name,emoji_character,emojipedia_url_ext,emojipedia_category,codepoint_string,num_codepoints,hasComponent,hasModifier,hasModifierBase,appearance_differs_flag,unicode_not_recommended) VALUES (983, 1, 'White Medium Square', '', 'white-medium-square', 'symbols', 'U+25FBU+FE0F', 2, 1, 0, 0, 0, 0);
INSERT INTO emoji_codepoints (emoji_codepoint_id,emoji_id,codepoint_id,sequence_index) VALUES (1180, 983, 50, 1),(1181, 983, 1185, 2);

INSERT INTO emoji (emoji_id,emoji_version_id,emoji_name,emoji_character,emojipedia_url_ext,emojipedia_category,codepoint_string,num_codepoints,hasComponent,hasModifier,hasModifierBase,appearance_differs_flag,unicode_not_recommended) VALUES (984, 1, 'Black Medium Square', '', 'black-medium-square', 'symbols', 'U+25FCU+FE0F', 2, 1, 0, 0, 0, 0);
INSERT INTO emoji_codepoints (emoji_codepoint_id,emoji_id,codepoint_id,sequence_index) VALUES (1182, 984, 51, 1),(1183, 984, 1185, 2);

INSERT INTO emoji (emoji_id,emoji_version_id,emoji_name,emoji_character,emojipedia_url_ext,emojipedia_category,codepoint_string,num_codepoints,hasComponent,hasModifier,hasModifierBase,appearance_differs_flag,unicode_not_recommended) VALUES (985, 1, 'White Medium-Small Square', '', 'white-medium-small-square', 'symbols', 'U+25FD', 1, 0, 0, 0, 0, 0);
INSERT INTO emoji_codepoints (emoji_codepoint_id,emoji_id,codepoint_id,sequence_index) VALUES (1184, 985, 52, 1);

INSERT INTO emoji (emoji_id,emoji_version_id,emoji_name,emoji_character,emojipedia_url_ext,emojipedia_category,codepoint_string,num_codepoints,hasComponent,hasModifier,hasModifierBase,appearance_differs_flag,unicode_not_recommended) VALUES (986, 1, 'Black Medium-Small Square', '', 'black-medium-small-square', 'symbols', 'U+25FE', 1, 0, 0, 0, 0, 0);
INSERT INTO emoji_codepoints (emoji_codepoint_id,emoji_id,codepoint_id,sequence_index) VALUES (1185, 986, 53, 1);

INSERT INTO emoji (emoji_id,emoji_version_id,emoji_name,emoji_character,emojipedia_url_ext,emojipedia_category,codepoint_string,num_codepoints,hasComponent,hasModifier,hasModifierBase,appearance_differs_flag,unicode_not_recommended) VALUES (987, 1, 'Black Large Square', '', 'black-large-square', 'symbols', 'U+2B1B', 1, 0, 0, 0, 0, 0);
INSERT INTO emoji_codepoints (emoji_codepoint_id,emoji_id,codepoint_id,sequence_index) VALUES (1186, 987, 172, 1);

INSERT INTO emoji (emoji_id,emoji_version_id,emoji_name,emoji_character,emojipedia_url_ext,emojipedia_category,codepoint_string,num_codepoints,hasComponent,hasModifier,hasModifierBase,appearance_differs_flag,unicode_not_recommended) VALUES (988, 1, 'White Large Square', '', 'white-large-square', 'symbols', 'U+2B1C', 1, 0, 0, 0, 0, 0);
INSERT INTO emoji_codepoints (emoji_codepoint_id,emoji_id,codepoint_id,sequence_index) VALUES (1187, 988, 173, 1);

INSERT INTO emoji (emoji_id,emoji_version_id,emoji_name,emoji_character,emojipedia_url_ext,emojipedia_category,codepoint_string,num_codepoints,hasComponent,hasModifier,hasModifierBase,appearance_differs_flag,unicode_not_recommended) VALUES (989, 1, 'Large Orange Diamond', '', 'large-orange-diamond', 'symbols', 'U+1F536', 1, 0, 0, 0, 0, 0);
INSERT INTO emoji_codepoints (emoji_codepoint_id,emoji_id,codepoint_id,sequence_index) VALUES (1188, 989, 793, 1);

INSERT INTO emoji (emoji_id,emoji_version_id,emoji_name,emoji_character,emojipedia_url_ext,emojipedia_category,codepoint_string,num_codepoints,hasComponent,hasModifier,hasModifierBase,appearance_differs_flag,unicode_not_recommended) VALUES (990, 1, 'Large Blue Diamond', '', 'large-blue-diamond', 'symbols', 'U+1F537', 1, 0, 0, 0, 0, 0);
INSERT INTO emoji_codepoints (emoji_codepoint_id,emoji_id,codepoint_id,sequence_index) VALUES (1189, 990, 794, 1);

INSERT INTO emoji (emoji_id,emoji_version_id,emoji_name,emoji_character,emojipedia_url_ext,emojipedia_category,codepoint_string,num_codepoints,hasComponent,hasModifier,hasModifierBase,appearance_differs_flag,unicode_not_recommended) VALUES (991, 1, 'Small Orange Diamond', '', 'small-orange-diamond', 'symbols', 'U+1F538', 1, 0, 0, 0, 0, 0);
INSERT INTO emoji_codepoints (emoji_codepoint_id,emoji_id,codepoint_id,sequence_index) VALUES (1190, 991, 795, 1);

INSERT INTO emoji (emoji_id,emoji_version_id,emoji_name,emoji_character,emojipedia_url_ext,emojipedia_category,codepoint_string,num_codepoints,hasComponent,hasModifier,hasModifierBase,appearance_differs_flag,unicode_not_recommended) VALUES (992, 1, 'Small Blue Diamond', '', 'small-blue-diamond', 'symbols', 'U+1F539', 1, 0, 0, 0, 0, 0);
INSERT INTO emoji_codepoints (emoji_codepoint_id,emoji_id,codepoint_id,sequence_index) VALUES (1191, 992, 796, 1);

INSERT INTO emoji (emoji_id,emoji_version_id,emoji_name,emoji_character,emojipedia_url_ext,emojipedia_category,codepoint_string,num_codepoints,hasComponent,hasModifier,hasModifierBase,appearance_differs_flag,unicode_not_recommended) VALUES (993, 1, 'Red Triangle Pointed Up', '', 'up-pointing-red-triangle', 'symbols', 'U+1F53A', 1, 0, 0, 0, 0, 0);
INSERT INTO emoji_codepoints (emoji_codepoint_id,emoji_id,codepoint_id,sequence_index) VALUES (1192, 993, 797, 1);

INSERT INTO emoji (emoji_id,emoji_version_id,emoji_name,emoji_character,emojipedia_url_ext,emojipedia_category,codepoint_string,num_codepoints,hasComponent,hasModifier,hasModifierBase,appearance_differs_flag,unicode_not_recommended) VALUES (994, 1, 'Red Triangle Pointed Down', '', 'down-pointing-red-triangle', 'symbols', 'U+1F53B', 1, 0, 0, 0, 0, 0);
INSERT INTO emoji_codepoints (emoji_codepoint_id,emoji_id,codepoint_id,sequence_index) VALUES (1193, 994, 798, 1);

INSERT INTO emoji (emoji_id,emoji_version_id,emoji_name,emoji_character,emojipedia_url_ext,emojipedia_category,codepoint_string,num_codepoints,hasComponent,hasModifier,hasModifierBase,appearance_differs_flag,unicode_not_recommended) VALUES (995, 1, 'Diamond With a Dot', '', 'diamond-shape-with-a-dot-inside', 'symbols', 'U+1F4A0', 1, 0, 0, 0, 0, 0);
INSERT INTO emoji_codepoints (emoji_codepoint_id,emoji_id,codepoint_id,sequence_index) VALUES (1194, 995, 644, 1);

INSERT INTO emoji (emoji_id,emoji_version_id,emoji_name,emoji_character,emojipedia_url_ext,emojipedia_category,codepoint_string,num_codepoints,hasComponent,hasModifier,hasModifierBase,appearance_differs_flag,unicode_not_recommended) VALUES (996, 1, 'Radio Button', '', 'radio-button', NULL, 'U+1F518', 1, 0, 0, 0, 0, 0);
INSERT INTO emoji_codepoints (emoji_codepoint_id,emoji_id,codepoint_id,sequence_index) VALUES (1195, 996, 763, 1);

INSERT INTO emoji (emoji_id,emoji_version_id,emoji_name,emoji_character,emojipedia_url_ext,emojipedia_category,codepoint_string,num_codepoints,hasComponent,hasModifier,hasModifierBase,appearance_differs_flag,unicode_not_recommended) VALUES (997, 1, 'Black Square Button', '', 'black-square-button', 'symbols', 'U+1F532', 1, 0, 0, 0, 0, 0);
INSERT INTO emoji_codepoints (emoji_codepoint_id,emoji_id,codepoint_id,sequence_index) VALUES (1196, 997, 789, 1);

INSERT INTO emoji (emoji_id,emoji_version_id,emoji_name,emoji_character,emojipedia_url_ext,emojipedia_category,codepoint_string,num_codepoints,hasComponent,hasModifier,hasModifierBase,appearance_differs_flag,unicode_not_recommended) VALUES (998, 1, 'White Square Button', '', 'white-square-button', 'symbols', 'U+1F533', 1, 0, 0, 0, 0, 0);
INSERT INTO emoji_codepoints (emoji_codepoint_id,emoji_id,codepoint_id,sequence_index) VALUES (1197, 998, 790, 1);

INSERT INTO emoji (emoji_id,emoji_version_id,emoji_name,emoji_character,emojipedia_url_ext,emojipedia_category,codepoint_string,num_codepoints,hasComponent,hasModifier,hasModifierBase,appearance_differs_flag,unicode_not_recommended) VALUES (999, 1, 'White Circle', '', 'medium-white-circle', 'symbols', 'U+26AA', 1, 0, 0, 0, 0, 0);
INSERT INTO emoji_codepoints (emoji_codepoint_id,emoji_id,codepoint_id,sequence_index) VALUES (1198, 999, 107, 1);

INSERT INTO emoji (emoji_id,emoji_version_id,emoji_name,emoji_character,emojipedia_url_ext,emojipedia_category,codepoint_string,num_codepoints,hasComponent,hasModifier,hasModifierBase,appearance_differs_flag,unicode_not_recommended) VALUES (1000, 1, 'Black Circle', '', 'medium-black-circle', 'symbols', 'U+26AB', 1, 0, 0, 0, 0, 0);
INSERT INTO emoji_codepoints (emoji_codepoint_id,emoji_id,codepoint_id,sequence_index) VALUES (1199, 1000, 108, 1);

INSERT INTO emoji (emoji_id,emoji_version_id,emoji_name,emoji_character,emojipedia_url_ext,emojipedia_category,codepoint_string,num_codepoints,hasComponent,hasModifier,hasModifierBase,appearance_differs_flag,unicode_not_recommended) VALUES (1001, 1, 'Red Circle', '', 'large-red-circle', 'symbols', 'U+1F534', 1, 0, 0, 0, 0, 0);
INSERT INTO emoji_codepoints (emoji_codepoint_id,emoji_id,codepoint_id,sequence_index) VALUES (1200, 1001, 791, 1);

INSERT INTO emoji (emoji_id,emoji_version_id,emoji_name,emoji_character,emojipedia_url_ext,emojipedia_category,codepoint_string,num_codepoints,hasComponent,hasModifier,hasModifierBase,appearance_differs_flag,unicode_not_recommended) VALUES (1002, 1, 'Blue Circle', '', 'large-blue-circle', 'symbols', 'U+1F535', 1, 0, 0, 0, 0, 0);
INSERT INTO emoji_codepoints (emoji_codepoint_id,emoji_id,codepoint_id,sequence_index) VALUES (1201, 1002, 792, 1);

INSERT INTO emoji (emoji_id,emoji_version_id,emoji_name,emoji_character,emojipedia_url_ext,emojipedia_category,codepoint_string,num_codepoints,hasComponent,hasModifier,hasModifierBase,appearance_differs_flag,unicode_not_recommended) VALUES (1003, 1, 'Chequered Flag', '', 'chequered-flag', 'flags', 'U+1F3C1', 1, 0, 0, 0, 0, 0);
INSERT INTO emoji_codepoints (emoji_codepoint_id,emoji_id,codepoint_id,sequence_index) VALUES (1202, 1003, 424, 1);

INSERT INTO emoji (emoji_id,emoji_version_id,emoji_name,emoji_character,emojipedia_url_ext,emojipedia_category,codepoint_string,num_codepoints,hasComponent,hasModifier,hasModifierBase,appearance_differs_flag,unicode_not_recommended) VALUES (1004, 1, 'Triangular Flag', '', 'triangular-flag-on-post', 'flags', 'U+1F6A9', 1, 0, 0, 0, 0, 0);
INSERT INTO emoji_codepoints (emoji_codepoint_id,emoji_id,codepoint_id,sequence_index) VALUES (1203, 1004, 996, 1);

INSERT INTO emoji (emoji_id,emoji_version_id,emoji_name,emoji_character,emojipedia_url_ext,emojipedia_category,codepoint_string,num_codepoints,hasComponent,hasModifier,hasModifierBase,appearance_differs_flag,unicode_not_recommended) VALUES (1005, 1, 'Crossed Flags', '', 'crossed-flags', 'flags', 'U+1F38C', 1, 0, 0, 0, 0, 0);
INSERT INTO emoji_codepoints (emoji_codepoint_id,emoji_id,codepoint_id,sequence_index) VALUES (1204, 1005, 376, 1);

INSERT INTO emoji (emoji_id,emoji_version_id,emoji_name,emoji_character,emojipedia_url_ext,emojipedia_category,codepoint_string,num_codepoints,hasComponent,hasModifier,hasModifierBase,appearance_differs_flag,unicode_not_recommended) VALUES (1006, 1, 'Black Flag', '', 'waving-black-flag', 'flags', 'U+1F3F4', 1, 0, 0, 0, 0, 0);
INSERT INTO emoji_codepoints (emoji_codepoint_id,emoji_id,codepoint_id,sequence_index) VALUES (1205, 1006, 473, 1);

INSERT INTO emoji (emoji_id,emoji_version_id,emoji_name,emoji_character,emojipedia_url_ext,emojipedia_category,codepoint_string,num_codepoints,hasComponent,hasModifier,hasModifierBase,appearance_differs_flag,unicode_not_recommended) VALUES (1007, 1, 'White Flag', '', 'waving-white-flag', 'flags', 'U+1F3F3U+FE0F', 2, 1, 0, 0, 0, 0);
INSERT INTO emoji_codepoints (emoji_codepoint_id,emoji_id,codepoint_id,sequence_index) VALUES (1206, 1007, 472, 1),(1207, 1007, 1185, 2);

INSERT INTO emoji (emoji_id,emoji_version_id,emoji_name,emoji_character,emojipedia_url_ext,emojipedia_category,codepoint_string,num_codepoints,hasComponent,hasModifier,hasModifierBase,appearance_differs_flag,unicode_not_recommended) VALUES (1008, 1, 'Ascension Island', '', 'flag-for-ascension-island', 'flags', 'U+1F1E6U+1F1E8', 2, 1, 0, 0, 0, 0);
INSERT INTO emoji_codepoints (emoji_codepoint_id,emoji_id,codepoint_id,sequence_index) VALUES (1208, 1008, 197, 1),(1209, 1008, 199, 2);

INSERT INTO emoji (emoji_id,emoji_version_id,emoji_name,emoji_character,emojipedia_url_ext,emojipedia_category,codepoint_string,num_codepoints,hasComponent,hasModifier,hasModifierBase,appearance_differs_flag,unicode_not_recommended) VALUES (1009, 1, 'Andorra', '', 'flag-for-andorra', 'flags', 'U+1F1E6U+1F1E9', 2, 1, 0, 0, 0, 0);
INSERT INTO emoji_codepoints (emoji_codepoint_id,emoji_id,codepoint_id,sequence_index) VALUES (1210, 1009, 197, 1),(1211, 1009, 200, 2);

INSERT INTO emoji (emoji_id,emoji_version_id,emoji_name,emoji_character,emojipedia_url_ext,emojipedia_category,codepoint_string,num_codepoints,hasComponent,hasModifier,hasModifierBase,appearance_differs_flag,unicode_not_recommended) VALUES (1010, 1, 'United Arab Emirates', '', 'flag-for-united-arab-emirates', 'flags', 'U+1F1E6U+1F1EA', 2, 1, 0, 0, 0, 0);
INSERT INTO emoji_codepoints (emoji_codepoint_id,emoji_id,codepoint_id,sequence_index) VALUES (1212, 1010, 197, 1),(1213, 1010, 201, 2);

INSERT INTO emoji (emoji_id,emoji_version_id,emoji_name,emoji_character,emojipedia_url_ext,emojipedia_category,codepoint_string,num_codepoints,hasComponent,hasModifier,hasModifierBase,appearance_differs_flag,unicode_not_recommended) VALUES (1011, 1, 'Afghanistan', '', 'flag-for-afghanistan', 'flags', 'U+1F1E6U+1F1EB', 2, 1, 0, 0, 0, 0);
INSERT INTO emoji_codepoints (emoji_codepoint_id,emoji_id,codepoint_id,sequence_index) VALUES (1214, 1011, 197, 1),(1215, 1011, 202, 2);

INSERT INTO emoji (emoji_id,emoji_version_id,emoji_name,emoji_character,emojipedia_url_ext,emojipedia_category,codepoint_string,num_codepoints,hasComponent,hasModifier,hasModifierBase,appearance_differs_flag,unicode_not_recommended) VALUES (1012, 1, 'Antigua & Barbuda', '', 'flag-for-antigua-barbuda', 'flags', 'U+1F1E6U+1F1EC', 2, 1, 0, 0, 0, 0);
INSERT INTO emoji_codepoints (emoji_codepoint_id,emoji_id,codepoint_id,sequence_index) VALUES (1216, 1012, 197, 1),(1217, 1012, 203, 2);

INSERT INTO emoji (emoji_id,emoji_version_id,emoji_name,emoji_character,emojipedia_url_ext,emojipedia_category,codepoint_string,num_codepoints,hasComponent,hasModifier,hasModifierBase,appearance_differs_flag,unicode_not_recommended) VALUES (1013, 1, 'Anguilla', '', 'flag-for-anguilla', 'flags', 'U+1F1E6U+1F1EE', 2, 1, 0, 0, 0, 0);
INSERT INTO emoji_codepoints (emoji_codepoint_id,emoji_id,codepoint_id,sequence_index) VALUES (1218, 1013, 197, 1),(1219, 1013, 205, 2);

INSERT INTO emoji (emoji_id,emoji_version_id,emoji_name,emoji_character,emojipedia_url_ext,emojipedia_category,codepoint_string,num_codepoints,hasComponent,hasModifier,hasModifierBase,appearance_differs_flag,unicode_not_recommended) VALUES (1014, 1, 'Albania', '', 'flag-for-albania', 'flags', 'U+1F1E6U+1F1F1', 2, 1, 0, 0, 0, 0);
INSERT INTO emoji_codepoints (emoji_codepoint_id,emoji_id,codepoint_id,sequence_index) VALUES (1220, 1014, 197, 1),(1221, 1014, 208, 2);

INSERT INTO emoji (emoji_id,emoji_version_id,emoji_name,emoji_character,emojipedia_url_ext,emojipedia_category,codepoint_string,num_codepoints,hasComponent,hasModifier,hasModifierBase,appearance_differs_flag,unicode_not_recommended) VALUES (1015, 1, 'Armenia', '', 'flag-for-armenia', 'flags', 'U+1F1E6U+1F1F2', 2, 1, 0, 0, 0, 0);
INSERT INTO emoji_codepoints (emoji_codepoint_id,emoji_id,codepoint_id,sequence_index) VALUES (1222, 1015, 197, 1),(1223, 1015, 209, 2);

INSERT INTO emoji (emoji_id,emoji_version_id,emoji_name,emoji_character,emojipedia_url_ext,emojipedia_category,codepoint_string,num_codepoints,hasComponent,hasModifier,hasModifierBase,appearance_differs_flag,unicode_not_recommended) VALUES (1016, 1, 'Angola', '', 'flag-for-angola', 'flags', 'U+1F1E6U+1F1F4', 2, 1, 0, 0, 0, 0);
INSERT INTO emoji_codepoints (emoji_codepoint_id,emoji_id,codepoint_id,sequence_index) VALUES (1224, 1016, 197, 1),(1225, 1016, 211, 2);

INSERT INTO emoji (emoji_id,emoji_version_id,emoji_name,emoji_character,emojipedia_url_ext,emojipedia_category,codepoint_string,num_codepoints,hasComponent,hasModifier,hasModifierBase,appearance_differs_flag,unicode_not_recommended) VALUES (1017, 1, 'Antarctica', '', 'flag-for-antarctica', 'flags', 'U+1F1E6U+1F1F6', 2, 1, 0, 0, 0, 0);
INSERT INTO emoji_codepoints (emoji_codepoint_id,emoji_id,codepoint_id,sequence_index) VALUES (1226, 1017, 197, 1),(1227, 1017, 213, 2);

INSERT INTO emoji (emoji_id,emoji_version_id,emoji_name,emoji_character,emojipedia_url_ext,emojipedia_category,codepoint_string,num_codepoints,hasComponent,hasModifier,hasModifierBase,appearance_differs_flag,unicode_not_recommended) VALUES (1018, 1, 'Argentina', '', 'flag-for-argentina', 'flags', 'U+1F1E6U+1F1F7', 2, 1, 0, 0, 0, 0);
INSERT INTO emoji_codepoints (emoji_codepoint_id,emoji_id,codepoint_id,sequence_index) VALUES (1228, 1018, 197, 1),(1229, 1018, 214, 2);

INSERT INTO emoji (emoji_id,emoji_version_id,emoji_name,emoji_character,emojipedia_url_ext,emojipedia_category,codepoint_string,num_codepoints,hasComponent,hasModifier,hasModifierBase,appearance_differs_flag,unicode_not_recommended) VALUES (1019, 1, 'American Samoa', '', 'flag-for-american-samoa', 'flags', 'U+1F1E6U+1F1F8', 2, 1, 0, 0, 0, 0);
INSERT INTO emoji_codepoints (emoji_codepoint_id,emoji_id,codepoint_id,sequence_index) VALUES (1230, 1019, 197, 1),(1231, 1019, 215, 2);

INSERT INTO emoji (emoji_id,emoji_version_id,emoji_name,emoji_character,emojipedia_url_ext,emojipedia_category,codepoint_string,num_codepoints,hasComponent,hasModifier,hasModifierBase,appearance_differs_flag,unicode_not_recommended) VALUES (1020, 1, 'Austria', '', 'flag-for-austria', 'flags', 'U+1F1E6U+1F1F9', 2, 1, 0, 0, 0, 0);
INSERT INTO emoji_codepoints (emoji_codepoint_id,emoji_id,codepoint_id,sequence_index) VALUES (1232, 1020, 197, 1),(1233, 1020, 216, 2);

INSERT INTO emoji (emoji_id,emoji_version_id,emoji_name,emoji_character,emojipedia_url_ext,emojipedia_category,codepoint_string,num_codepoints,hasComponent,hasModifier,hasModifierBase,appearance_differs_flag,unicode_not_recommended) VALUES (1021, 1, 'Australia', '', 'flag-for-australia', 'flags', 'U+1F1E6U+1F1FA', 2, 1, 0, 0, 0, 0);
INSERT INTO emoji_codepoints (emoji_codepoint_id,emoji_id,codepoint_id,sequence_index) VALUES (1234, 1021, 197, 1),(1235, 1021, 217, 2);

INSERT INTO emoji (emoji_id,emoji_version_id,emoji_name,emoji_character,emojipedia_url_ext,emojipedia_category,codepoint_string,num_codepoints,hasComponent,hasModifier,hasModifierBase,appearance_differs_flag,unicode_not_recommended) VALUES (1022, 1, 'Aruba', '', 'flag-for-aruba', 'flags', 'U+1F1E6U+1F1FC', 2, 1, 0, 0, 0, 0);
INSERT INTO emoji_codepoints (emoji_codepoint_id,emoji_id,codepoint_id,sequence_index) VALUES (1236, 1022, 197, 1),(1237, 1022, 219, 2);

INSERT INTO emoji (emoji_id,emoji_version_id,emoji_name,emoji_character,emojipedia_url_ext,emojipedia_category,codepoint_string,num_codepoints,hasComponent,hasModifier,hasModifierBase,appearance_differs_flag,unicode_not_recommended) VALUES (1023, 1, 'land Islands', '', 'flag-for-aland-islands', 'flags', 'U+1F1E6U+1F1FD', 2, 1, 0, 0, 0, 0);
INSERT INTO emoji_codepoints (emoji_codepoint_id,emoji_id,codepoint_id,sequence_index) VALUES (1238, 1023, 197, 1),(1239, 1023, 220, 2);

INSERT INTO emoji (emoji_id,emoji_version_id,emoji_name,emoji_character,emojipedia_url_ext,emojipedia_category,codepoint_string,num_codepoints,hasComponent,hasModifier,hasModifierBase,appearance_differs_flag,unicode_not_recommended) VALUES (1024, 1, 'Azerbaijan', '', 'flag-for-azerbaijan', 'flags', 'U+1F1E6U+1F1FF', 2, 1, 0, 0, 0, 0);
INSERT INTO emoji_codepoints (emoji_codepoint_id,emoji_id,codepoint_id,sequence_index) VALUES (1240, 1024, 197, 1),(1241, 1024, 222, 2);

INSERT INTO emoji (emoji_id,emoji_version_id,emoji_name,emoji_character,emojipedia_url_ext,emojipedia_category,codepoint_string,num_codepoints,hasComponent,hasModifier,hasModifierBase,appearance_differs_flag,unicode_not_recommended) VALUES (1025, 1, 'Bosnia & Herzegovina', '', 'flag-for-bosnia-herzegovina', 'flags', 'U+1F1E7U+1F1E6', 2, 1, 0, 0, 0, 0);
INSERT INTO emoji_codepoints (emoji_codepoint_id,emoji_id,codepoint_id,sequence_index) VALUES (1242, 1025, 198, 1),(1243, 1025, 197, 2);

INSERT INTO emoji (emoji_id,emoji_version_id,emoji_name,emoji_character,emojipedia_url_ext,emojipedia_category,codepoint_string,num_codepoints,hasComponent,hasModifier,hasModifierBase,appearance_differs_flag,unicode_not_recommended) VALUES (1026, 1, 'Barbados', '', 'flag-for-barbados', 'flags', 'U+1F1E7U+1F1E7', 2, 1, 0, 0, 0, 0);
INSERT INTO emoji_codepoints (emoji_codepoint_id,emoji_id,codepoint_id,sequence_index) VALUES (1244, 1026, 198, 1),(1245, 1026, 198, 2);

INSERT INTO emoji (emoji_id,emoji_version_id,emoji_name,emoji_character,emojipedia_url_ext,emojipedia_category,codepoint_string,num_codepoints,hasComponent,hasModifier,hasModifierBase,appearance_differs_flag,unicode_not_recommended) VALUES (1027, 1, 'Bangladesh', '', 'flag-for-bangladesh', 'flags', 'U+1F1E7U+1F1E9', 2, 1, 0, 0, 0, 0);
INSERT INTO emoji_codepoints (emoji_codepoint_id,emoji_id,codepoint_id,sequence_index) VALUES (1246, 1027, 198, 1),(1247, 1027, 200, 2);

INSERT INTO emoji (emoji_id,emoji_version_id,emoji_name,emoji_character,emojipedia_url_ext,emojipedia_category,codepoint_string,num_codepoints,hasComponent,hasModifier,hasModifierBase,appearance_differs_flag,unicode_not_recommended) VALUES (1028, 1, 'Belgium', '', 'flag-for-belgium', 'flags', 'U+1F1E7U+1F1EA', 2, 1, 0, 0, 0, 0);
INSERT INTO emoji_codepoints (emoji_codepoint_id,emoji_id,codepoint_id,sequence_index) VALUES (1248, 1028, 198, 1),(1249, 1028, 201, 2);

INSERT INTO emoji (emoji_id,emoji_version_id,emoji_name,emoji_character,emojipedia_url_ext,emojipedia_category,codepoint_string,num_codepoints,hasComponent,hasModifier,hasModifierBase,appearance_differs_flag,unicode_not_recommended) VALUES (1029, 1, 'Burkina Faso', '', 'flag-for-burkina-faso', 'flags', 'U+1F1E7U+1F1EB', 2, 1, 0, 0, 0, 0);
INSERT INTO emoji_codepoints (emoji_codepoint_id,emoji_id,codepoint_id,sequence_index) VALUES (1250, 1029, 198, 1),(1251, 1029, 202, 2);

INSERT INTO emoji (emoji_id,emoji_version_id,emoji_name,emoji_character,emojipedia_url_ext,emojipedia_category,codepoint_string,num_codepoints,hasComponent,hasModifier,hasModifierBase,appearance_differs_flag,unicode_not_recommended) VALUES (1030, 1, 'Bulgaria', '', 'flag-for-bulgaria', 'flags', 'U+1F1E7U+1F1EC', 2, 1, 0, 0, 0, 0);
INSERT INTO emoji_codepoints (emoji_codepoint_id,emoji_id,codepoint_id,sequence_index) VALUES (1252, 1030, 198, 1),(1253, 1030, 203, 2);

INSERT INTO emoji (emoji_id,emoji_version_id,emoji_name,emoji_character,emojipedia_url_ext,emojipedia_category,codepoint_string,num_codepoints,hasComponent,hasModifier,hasModifierBase,appearance_differs_flag,unicode_not_recommended) VALUES (1031, 1, 'Bahrain', '', 'flag-for-bahrain', 'flags', 'U+1F1E7U+1F1ED', 2, 1, 0, 0, 0, 0);
INSERT INTO emoji_codepoints (emoji_codepoint_id,emoji_id,codepoint_id,sequence_index) VALUES (1254, 1031, 198, 1),(1255, 1031, 204, 2);

INSERT INTO emoji (emoji_id,emoji_version_id,emoji_name,emoji_character,emojipedia_url_ext,emojipedia_category,codepoint_string,num_codepoints,hasComponent,hasModifier,hasModifierBase,appearance_differs_flag,unicode_not_recommended) VALUES (1032, 1, 'Burundi', '', 'flag-for-burundi', 'flags', 'U+1F1E7U+1F1EE', 2, 1, 0, 0, 0, 0);
INSERT INTO emoji_codepoints (emoji_codepoint_id,emoji_id,codepoint_id,sequence_index) VALUES (1256, 1032, 198, 1),(1257, 1032, 205, 2);

INSERT INTO emoji (emoji_id,emoji_version_id,emoji_name,emoji_character,emojipedia_url_ext,emojipedia_category,codepoint_string,num_codepoints,hasComponent,hasModifier,hasModifierBase,appearance_differs_flag,unicode_not_recommended) VALUES (1033, 1, 'Benin', '', 'flag-for-benin', 'flags', 'U+1F1E7U+1F1EF', 2, 1, 0, 0, 0, 0);
INSERT INTO emoji_codepoints (emoji_codepoint_id,emoji_id,codepoint_id,sequence_index) VALUES (1258, 1033, 198, 1),(1259, 1033, 206, 2);

INSERT INTO emoji (emoji_id,emoji_version_id,emoji_name,emoji_character,emojipedia_url_ext,emojipedia_category,codepoint_string,num_codepoints,hasComponent,hasModifier,hasModifierBase,appearance_differs_flag,unicode_not_recommended) VALUES (1034, 1, 'St. Barthlemy', '', 'flag-for-st-barthelemy', 'flags', 'U+1F1E7U+1F1F1', 2, 1, 0, 0, 0, 0);
INSERT INTO emoji_codepoints (emoji_codepoint_id,emoji_id,codepoint_id,sequence_index) VALUES (1260, 1034, 198, 1),(1261, 1034, 208, 2);

INSERT INTO emoji (emoji_id,emoji_version_id,emoji_name,emoji_character,emojipedia_url_ext,emojipedia_category,codepoint_string,num_codepoints,hasComponent,hasModifier,hasModifierBase,appearance_differs_flag,unicode_not_recommended) VALUES (1035, 1, 'Bermuda', '', 'flag-for-bermuda', 'flags', 'U+1F1E7U+1F1F2', 2, 1, 0, 0, 0, 0);
INSERT INTO emoji_codepoints (emoji_codepoint_id,emoji_id,codepoint_id,sequence_index) VALUES (1262, 1035, 198, 1),(1263, 1035, 209, 2);

INSERT INTO emoji (emoji_id,emoji_version_id,emoji_name,emoji_character,emojipedia_url_ext,emojipedia_category,codepoint_string,num_codepoints,hasComponent,hasModifier,hasModifierBase,appearance_differs_flag,unicode_not_recommended) VALUES (1036, 1, 'Brunei', '', 'flag-for-brunei', 'flags', 'U+1F1E7U+1F1F3', 2, 1, 0, 0, 0, 0);
INSERT INTO emoji_codepoints (emoji_codepoint_id,emoji_id,codepoint_id,sequence_index) VALUES (1264, 1036, 198, 1),(1265, 1036, 210, 2);

INSERT INTO emoji (emoji_id,emoji_version_id,emoji_name,emoji_character,emojipedia_url_ext,emojipedia_category,codepoint_string,num_codepoints,hasComponent,hasModifier,hasModifierBase,appearance_differs_flag,unicode_not_recommended) VALUES (1037, 1, 'Bolivia', '', 'flag-for-bolivia', 'flags', 'U+1F1E7U+1F1F4', 2, 1, 0, 0, 0, 0);
INSERT INTO emoji_codepoints (emoji_codepoint_id,emoji_id,codepoint_id,sequence_index) VALUES (1266, 1037, 198, 1),(1267, 1037, 211, 2);

INSERT INTO emoji (emoji_id,emoji_version_id,emoji_name,emoji_character,emojipedia_url_ext,emojipedia_category,codepoint_string,num_codepoints,hasComponent,hasModifier,hasModifierBase,appearance_differs_flag,unicode_not_recommended) VALUES (1038, 1, 'Caribbean Netherlands', '', 'flag-for-caribbean-netherlands', 'flags', 'U+1F1E7U+1F1F6', 2, 1, 0, 0, 0, 0);
INSERT INTO emoji_codepoints (emoji_codepoint_id,emoji_id,codepoint_id,sequence_index) VALUES (1268, 1038, 198, 1),(1269, 1038, 213, 2);

INSERT INTO emoji (emoji_id,emoji_version_id,emoji_name,emoji_character,emojipedia_url_ext,emojipedia_category,codepoint_string,num_codepoints,hasComponent,hasModifier,hasModifierBase,appearance_differs_flag,unicode_not_recommended) VALUES (1039, 1, 'Brazil', '', 'flag-for-brazil', 'flags', 'U+1F1E7U+1F1F7', 2, 1, 0, 0, 0, 0);
INSERT INTO emoji_codepoints (emoji_codepoint_id,emoji_id,codepoint_id,sequence_index) VALUES (1270, 1039, 198, 1),(1271, 1039, 214, 2);

INSERT INTO emoji (emoji_id,emoji_version_id,emoji_name,emoji_character,emojipedia_url_ext,emojipedia_category,codepoint_string,num_codepoints,hasComponent,hasModifier,hasModifierBase,appearance_differs_flag,unicode_not_recommended) VALUES (1040, 1, 'Bahamas', '', 'flag-for-bahamas', 'flags', 'U+1F1E7U+1F1F8', 2, 1, 0, 0, 0, 0);
INSERT INTO emoji_codepoints (emoji_codepoint_id,emoji_id,codepoint_id,sequence_index) VALUES (1272, 1040, 198, 1),(1273, 1040, 215, 2);

INSERT INTO emoji (emoji_id,emoji_version_id,emoji_name,emoji_character,emojipedia_url_ext,emojipedia_category,codepoint_string,num_codepoints,hasComponent,hasModifier,hasModifierBase,appearance_differs_flag,unicode_not_recommended) VALUES (1041, 1, 'Bhutan', '', 'flag-for-bhutan', 'flags', 'U+1F1E7U+1F1F9', 2, 1, 0, 0, 0, 0);
INSERT INTO emoji_codepoints (emoji_codepoint_id,emoji_id,codepoint_id,sequence_index) VALUES (1274, 1041, 198, 1),(1275, 1041, 216, 2);

INSERT INTO emoji (emoji_id,emoji_version_id,emoji_name,emoji_character,emojipedia_url_ext,emojipedia_category,codepoint_string,num_codepoints,hasComponent,hasModifier,hasModifierBase,appearance_differs_flag,unicode_not_recommended) VALUES (1042, 1, 'Bouvet Island', '', 'flag-for-bouvet-island', 'flags', 'U+1F1E7U+1F1FB', 2, 1, 0, 0, 0, 0);
INSERT INTO emoji_codepoints (emoji_codepoint_id,emoji_id,codepoint_id,sequence_index) VALUES (1276, 1042, 198, 1),(1277, 1042, 218, 2);

INSERT INTO emoji (emoji_id,emoji_version_id,emoji_name,emoji_character,emojipedia_url_ext,emojipedia_category,codepoint_string,num_codepoints,hasComponent,hasModifier,hasModifierBase,appearance_differs_flag,unicode_not_recommended) VALUES (1043, 1, 'Botswana', '', 'flag-for-botswana', 'flags', 'U+1F1E7U+1F1FC', 2, 1, 0, 0, 0, 0);
INSERT INTO emoji_codepoints (emoji_codepoint_id,emoji_id,codepoint_id,sequence_index) VALUES (1278, 1043, 198, 1),(1279, 1043, 219, 2);

INSERT INTO emoji (emoji_id,emoji_version_id,emoji_name,emoji_character,emojipedia_url_ext,emojipedia_category,codepoint_string,num_codepoints,hasComponent,hasModifier,hasModifierBase,appearance_differs_flag,unicode_not_recommended) VALUES (1044, 1, 'Belarus', '', 'flag-for-belarus', 'flags', 'U+1F1E7U+1F1FE', 2, 1, 0, 0, 0, 0);
INSERT INTO emoji_codepoints (emoji_codepoint_id,emoji_id,codepoint_id,sequence_index) VALUES (1280, 1044, 198, 1),(1281, 1044, 221, 2);

INSERT INTO emoji (emoji_id,emoji_version_id,emoji_name,emoji_character,emojipedia_url_ext,emojipedia_category,codepoint_string,num_codepoints,hasComponent,hasModifier,hasModifierBase,appearance_differs_flag,unicode_not_recommended) VALUES (1045, 1, 'Belize', '', 'flag-for-belize', 'flags', 'U+1F1E7U+1F1FF', 2, 1, 0, 0, 0, 0);
INSERT INTO emoji_codepoints (emoji_codepoint_id,emoji_id,codepoint_id,sequence_index) VALUES (1282, 1045, 198, 1),(1283, 1045, 222, 2);

INSERT INTO emoji (emoji_id,emoji_version_id,emoji_name,emoji_character,emojipedia_url_ext,emojipedia_category,codepoint_string,num_codepoints,hasComponent,hasModifier,hasModifierBase,appearance_differs_flag,unicode_not_recommended) VALUES (1046, 1, 'Canada', '', 'flag-for-canada', 'flags', 'U+1F1E8U+1F1E6', 2, 1, 0, 0, 0, 0);
INSERT INTO emoji_codepoints (emoji_codepoint_id,emoji_id,codepoint_id,sequence_index) VALUES (1284, 1046, 199, 1),(1285, 1046, 197, 2);

INSERT INTO emoji (emoji_id,emoji_version_id,emoji_name,emoji_character,emojipedia_url_ext,emojipedia_category,codepoint_string,num_codepoints,hasComponent,hasModifier,hasModifierBase,appearance_differs_flag,unicode_not_recommended) VALUES (1047, 1, 'Cocos (Keeling) Islands', '', 'flag-for-cocos-islands', 'flags', 'U+1F1E8U+1F1E8', 2, 1, 0, 0, 0, 0);
INSERT INTO emoji_codepoints (emoji_codepoint_id,emoji_id,codepoint_id,sequence_index) VALUES (1286, 1047, 199, 1),(1287, 1047, 199, 2);

INSERT INTO emoji (emoji_id,emoji_version_id,emoji_name,emoji_character,emojipedia_url_ext,emojipedia_category,codepoint_string,num_codepoints,hasComponent,hasModifier,hasModifierBase,appearance_differs_flag,unicode_not_recommended) VALUES (1048, 1, 'Congo - Kinshasa', '', 'flag-for-congo-kinshasa', 'flags', 'U+1F1E8U+1F1E9', 2, 1, 0, 0, 0, 0);
INSERT INTO emoji_codepoints (emoji_codepoint_id,emoji_id,codepoint_id,sequence_index) VALUES (1288, 1048, 199, 1),(1289, 1048, 200, 2);

INSERT INTO emoji (emoji_id,emoji_version_id,emoji_name,emoji_character,emojipedia_url_ext,emojipedia_category,codepoint_string,num_codepoints,hasComponent,hasModifier,hasModifierBase,appearance_differs_flag,unicode_not_recommended) VALUES (1049, 1, 'Central African Republic', '', 'flag-for-central-african-republic', 'flags', 'U+1F1E8U+1F1EB', 2, 1, 0, 0, 0, 0);
INSERT INTO emoji_codepoints (emoji_codepoint_id,emoji_id,codepoint_id,sequence_index) VALUES (1290, 1049, 199, 1),(1291, 1049, 202, 2);

INSERT INTO emoji (emoji_id,emoji_version_id,emoji_name,emoji_character,emojipedia_url_ext,emojipedia_category,codepoint_string,num_codepoints,hasComponent,hasModifier,hasModifierBase,appearance_differs_flag,unicode_not_recommended) VALUES (1050, 1, 'Congo - Brazzaville', '', 'flag-for-congo-brazzaville', 'flags', 'U+1F1E8U+1F1EC', 2, 1, 0, 0, 0, 0);
INSERT INTO emoji_codepoints (emoji_codepoint_id,emoji_id,codepoint_id,sequence_index) VALUES (1292, 1050, 199, 1),(1293, 1050, 203, 2);

INSERT INTO emoji (emoji_id,emoji_version_id,emoji_name,emoji_character,emojipedia_url_ext,emojipedia_category,codepoint_string,num_codepoints,hasComponent,hasModifier,hasModifierBase,appearance_differs_flag,unicode_not_recommended) VALUES (1051, 1, 'Switzerland', '', 'flag-for-switzerland', 'flags', 'U+1F1E8U+1F1ED', 2, 1, 0, 0, 0, 0);
INSERT INTO emoji_codepoints (emoji_codepoint_id,emoji_id,codepoint_id,sequence_index) VALUES (1294, 1051, 199, 1),(1295, 1051, 204, 2);

INSERT INTO emoji (emoji_id,emoji_version_id,emoji_name,emoji_character,emojipedia_url_ext,emojipedia_category,codepoint_string,num_codepoints,hasComponent,hasModifier,hasModifierBase,appearance_differs_flag,unicode_not_recommended) VALUES (1052, 1, 'Cte DIvoire', '', 'flag-for-cote-divoire', 'flags', 'U+1F1E8U+1F1EE', 2, 1, 0, 0, 0, 0);
INSERT INTO emoji_codepoints (emoji_codepoint_id,emoji_id,codepoint_id,sequence_index) VALUES (1296, 1052, 199, 1),(1297, 1052, 205, 2);

INSERT INTO emoji (emoji_id,emoji_version_id,emoji_name,emoji_character,emojipedia_url_ext,emojipedia_category,codepoint_string,num_codepoints,hasComponent,hasModifier,hasModifierBase,appearance_differs_flag,unicode_not_recommended) VALUES (1053, 1, 'Cook Islands', '', 'flag-for-cook-islands', 'flags', 'U+1F1E8U+1F1F0', 2, 1, 0, 0, 0, 0);
INSERT INTO emoji_codepoints (emoji_codepoint_id,emoji_id,codepoint_id,sequence_index) VALUES (1298, 1053, 199, 1),(1299, 1053, 207, 2);

INSERT INTO emoji (emoji_id,emoji_version_id,emoji_name,emoji_character,emojipedia_url_ext,emojipedia_category,codepoint_string,num_codepoints,hasComponent,hasModifier,hasModifierBase,appearance_differs_flag,unicode_not_recommended) VALUES (1054, 1, 'Chile', '', 'flag-for-chile', 'flags', 'U+1F1E8U+1F1F1', 2, 1, 0, 0, 0, 0);
INSERT INTO emoji_codepoints (emoji_codepoint_id,emoji_id,codepoint_id,sequence_index) VALUES (1300, 1054, 199, 1),(1301, 1054, 208, 2);

INSERT INTO emoji (emoji_id,emoji_version_id,emoji_name,emoji_character,emojipedia_url_ext,emojipedia_category,codepoint_string,num_codepoints,hasComponent,hasModifier,hasModifierBase,appearance_differs_flag,unicode_not_recommended) VALUES (1055, 1, 'Cameroon', '', 'flag-for-cameroon', 'flags', 'U+1F1E8U+1F1F2', 2, 1, 0, 0, 0, 0);
INSERT INTO emoji_codepoints (emoji_codepoint_id,emoji_id,codepoint_id,sequence_index) VALUES (1302, 1055, 199, 1),(1303, 1055, 209, 2);

INSERT INTO emoji (emoji_id,emoji_version_id,emoji_name,emoji_character,emojipedia_url_ext,emojipedia_category,codepoint_string,num_codepoints,hasComponent,hasModifier,hasModifierBase,appearance_differs_flag,unicode_not_recommended) VALUES (1056, 1, 'China', '', 'flag-for-china', 'flags', 'U+1F1E8U+1F1F3', 2, 1, 0, 0, 0, 0);
INSERT INTO emoji_codepoints (emoji_codepoint_id,emoji_id,codepoint_id,sequence_index) VALUES (1304, 1056, 199, 1),(1305, 1056, 210, 2);

INSERT INTO emoji (emoji_id,emoji_version_id,emoji_name,emoji_character,emojipedia_url_ext,emojipedia_category,codepoint_string,num_codepoints,hasComponent,hasModifier,hasModifierBase,appearance_differs_flag,unicode_not_recommended) VALUES (1057, 1, 'Colombia', '', 'flag-for-colombia', 'flags', 'U+1F1E8U+1F1F4', 2, 1, 0, 0, 0, 0);
INSERT INTO emoji_codepoints (emoji_codepoint_id,emoji_id,codepoint_id,sequence_index) VALUES (1306, 1057, 199, 1),(1307, 1057, 211, 2);

INSERT INTO emoji (emoji_id,emoji_version_id,emoji_name,emoji_character,emojipedia_url_ext,emojipedia_category,codepoint_string,num_codepoints,hasComponent,hasModifier,hasModifierBase,appearance_differs_flag,unicode_not_recommended) VALUES (1058, 1, 'Clipperton Island', '', 'flag-for-clipperton-island', 'flags', 'U+1F1E8U+1F1F5', 2, 1, 0, 0, 0, 0);
INSERT INTO emoji_codepoints (emoji_codepoint_id,emoji_id,codepoint_id,sequence_index) VALUES (1308, 1058, 199, 1),(1309, 1058, 212, 2);

INSERT INTO emoji (emoji_id,emoji_version_id,emoji_name,emoji_character,emojipedia_url_ext,emojipedia_category,codepoint_string,num_codepoints,hasComponent,hasModifier,hasModifierBase,appearance_differs_flag,unicode_not_recommended) VALUES (1059, 1, 'Costa Rica', '', 'flag-for-costa-rica', 'flags', 'U+1F1E8U+1F1F7', 2, 1, 0, 0, 0, 0);
INSERT INTO emoji_codepoints (emoji_codepoint_id,emoji_id,codepoint_id,sequence_index) VALUES (1310, 1059, 199, 1),(1311, 1059, 214, 2);

INSERT INTO emoji (emoji_id,emoji_version_id,emoji_name,emoji_character,emojipedia_url_ext,emojipedia_category,codepoint_string,num_codepoints,hasComponent,hasModifier,hasModifierBase,appearance_differs_flag,unicode_not_recommended) VALUES (1060, 1, 'Cuba', '', 'flag-for-cuba', 'flags', 'U+1F1E8U+1F1FA', 2, 1, 0, 0, 0, 0);
INSERT INTO emoji_codepoints (emoji_codepoint_id,emoji_id,codepoint_id,sequence_index) VALUES (1312, 1060, 199, 1),(1313, 1060, 217, 2);

INSERT INTO emoji (emoji_id,emoji_version_id,emoji_name,emoji_character,emojipedia_url_ext,emojipedia_category,codepoint_string,num_codepoints,hasComponent,hasModifier,hasModifierBase,appearance_differs_flag,unicode_not_recommended) VALUES (1061, 1, 'Cape Verde', '', 'flag-for-cape-verde', 'flags', 'U+1F1E8U+1F1FB', 2, 1, 0, 0, 0, 0);
INSERT INTO emoji_codepoints (emoji_codepoint_id,emoji_id,codepoint_id,sequence_index) VALUES (1314, 1061, 199, 1),(1315, 1061, 218, 2);

INSERT INTO emoji (emoji_id,emoji_version_id,emoji_name,emoji_character,emojipedia_url_ext,emojipedia_category,codepoint_string,num_codepoints,hasComponent,hasModifier,hasModifierBase,appearance_differs_flag,unicode_not_recommended) VALUES (1062, 1, 'Curaao', '', 'flag-for-curacao', 'flags', 'U+1F1E8U+1F1FC', 2, 1, 0, 0, 0, 0);
INSERT INTO emoji_codepoints (emoji_codepoint_id,emoji_id,codepoint_id,sequence_index) VALUES (1316, 1062, 199, 1),(1317, 1062, 219, 2);

INSERT INTO emoji (emoji_id,emoji_version_id,emoji_name,emoji_character,emojipedia_url_ext,emojipedia_category,codepoint_string,num_codepoints,hasComponent,hasModifier,hasModifierBase,appearance_differs_flag,unicode_not_recommended) VALUES (1063, 1, 'Christmas Island', '', 'flag-for-christmas-island', 'flags', 'U+1F1E8U+1F1FD', 2, 1, 0, 0, 0, 0);
INSERT INTO emoji_codepoints (emoji_codepoint_id,emoji_id,codepoint_id,sequence_index) VALUES (1318, 1063, 199, 1),(1319, 1063, 220, 2);

INSERT INTO emoji (emoji_id,emoji_version_id,emoji_name,emoji_character,emojipedia_url_ext,emojipedia_category,codepoint_string,num_codepoints,hasComponent,hasModifier,hasModifierBase,appearance_differs_flag,unicode_not_recommended) VALUES (1064, 1, 'Cyprus', '', 'flag-for-cyprus', 'flags', 'U+1F1E8U+1F1FE', 2, 1, 0, 0, 0, 0);
INSERT INTO emoji_codepoints (emoji_codepoint_id,emoji_id,codepoint_id,sequence_index) VALUES (1320, 1064, 199, 1),(1321, 1064, 221, 2);

INSERT INTO emoji (emoji_id,emoji_version_id,emoji_name,emoji_character,emojipedia_url_ext,emojipedia_category,codepoint_string,num_codepoints,hasComponent,hasModifier,hasModifierBase,appearance_differs_flag,unicode_not_recommended) VALUES (1065, 1, 'Czechia', '', 'flag-for-czech-republic', 'flags', 'U+1F1E8U+1F1FF', 2, 1, 0, 0, 0, 0);
INSERT INTO emoji_codepoints (emoji_codepoint_id,emoji_id,codepoint_id,sequence_index) VALUES (1322, 1065, 199, 1),(1323, 1065, 222, 2);

INSERT INTO emoji (emoji_id,emoji_version_id,emoji_name,emoji_character,emojipedia_url_ext,emojipedia_category,codepoint_string,num_codepoints,hasComponent,hasModifier,hasModifierBase,appearance_differs_flag,unicode_not_recommended) VALUES (1066, 1, 'Germany', '', 'flag-for-germany', 'flags', 'U+1F1E9U+1F1EA', 2, 1, 0, 0, 0, 0);
INSERT INTO emoji_codepoints (emoji_codepoint_id,emoji_id,codepoint_id,sequence_index) VALUES (1324, 1066, 200, 1),(1325, 1066, 201, 2);

INSERT INTO emoji (emoji_id,emoji_version_id,emoji_name,emoji_character,emojipedia_url_ext,emojipedia_category,codepoint_string,num_codepoints,hasComponent,hasModifier,hasModifierBase,appearance_differs_flag,unicode_not_recommended) VALUES (1067, 1, 'Diego Garcia', '', 'flag-for-diego-garcia', 'flags', 'U+1F1E9U+1F1EC', 2, 1, 0, 0, 0, 0);
INSERT INTO emoji_codepoints (emoji_codepoint_id,emoji_id,codepoint_id,sequence_index) VALUES (1326, 1067, 200, 1),(1327, 1067, 203, 2);

INSERT INTO emoji (emoji_id,emoji_version_id,emoji_name,emoji_character,emojipedia_url_ext,emojipedia_category,codepoint_string,num_codepoints,hasComponent,hasModifier,hasModifierBase,appearance_differs_flag,unicode_not_recommended) VALUES (1068, 1, 'Djibouti', '', 'flag-for-djibouti', 'flags', 'U+1F1E9U+1F1EF', 2, 1, 0, 0, 0, 0);
INSERT INTO emoji_codepoints (emoji_codepoint_id,emoji_id,codepoint_id,sequence_index) VALUES (1328, 1068, 200, 1),(1329, 1068, 206, 2);

INSERT INTO emoji (emoji_id,emoji_version_id,emoji_name,emoji_character,emojipedia_url_ext,emojipedia_category,codepoint_string,num_codepoints,hasComponent,hasModifier,hasModifierBase,appearance_differs_flag,unicode_not_recommended) VALUES (1069, 1, 'Denmark', '', 'flag-for-denmark', 'flags', 'U+1F1E9U+1F1F0', 2, 1, 0, 0, 0, 0);
INSERT INTO emoji_codepoints (emoji_codepoint_id,emoji_id,codepoint_id,sequence_index) VALUES (1330, 1069, 200, 1),(1331, 1069, 207, 2);

INSERT INTO emoji (emoji_id,emoji_version_id,emoji_name,emoji_character,emojipedia_url_ext,emojipedia_category,codepoint_string,num_codepoints,hasComponent,hasModifier,hasModifierBase,appearance_differs_flag,unicode_not_recommended) VALUES (1070, 1, 'Dominica', '', 'flag-for-dominica', 'flags', 'U+1F1E9U+1F1F2', 2, 1, 0, 0, 0, 0);
INSERT INTO emoji_codepoints (emoji_codepoint_id,emoji_id,codepoint_id,sequence_index) VALUES (1332, 1070, 200, 1),(1333, 1070, 209, 2);

INSERT INTO emoji (emoji_id,emoji_version_id,emoji_name,emoji_character,emojipedia_url_ext,emojipedia_category,codepoint_string,num_codepoints,hasComponent,hasModifier,hasModifierBase,appearance_differs_flag,unicode_not_recommended) VALUES (1071, 1, 'Dominican Republic', '', 'flag-for-dominican-republic', 'flags', 'U+1F1E9U+1F1F4', 2, 1, 0, 0, 0, 0);
INSERT INTO emoji_codepoints (emoji_codepoint_id,emoji_id,codepoint_id,sequence_index) VALUES (1334, 1071, 200, 1),(1335, 1071, 211, 2);

INSERT INTO emoji (emoji_id,emoji_version_id,emoji_name,emoji_character,emojipedia_url_ext,emojipedia_category,codepoint_string,num_codepoints,hasComponent,hasModifier,hasModifierBase,appearance_differs_flag,unicode_not_recommended) VALUES (1072, 1, 'Algeria', '', 'flag-for-algeria', 'flags', 'U+1F1E9U+1F1FF', 2, 1, 0, 0, 0, 0);
INSERT INTO emoji_codepoints (emoji_codepoint_id,emoji_id,codepoint_id,sequence_index) VALUES (1336, 1072, 200, 1),(1337, 1072, 222, 2);

INSERT INTO emoji (emoji_id,emoji_version_id,emoji_name,emoji_character,emojipedia_url_ext,emojipedia_category,codepoint_string,num_codepoints,hasComponent,hasModifier,hasModifierBase,appearance_differs_flag,unicode_not_recommended) VALUES (1073, 1, 'Ceuta & Melilla', '', 'flag-for-ceuta-melilla', 'flags', 'U+1F1EAU+1F1E6', 2, 1, 0, 0, 0, 0);
INSERT INTO emoji_codepoints (emoji_codepoint_id,emoji_id,codepoint_id,sequence_index) VALUES (1338, 1073, 201, 1),(1339, 1073, 197, 2);

INSERT INTO emoji (emoji_id,emoji_version_id,emoji_name,emoji_character,emojipedia_url_ext,emojipedia_category,codepoint_string,num_codepoints,hasComponent,hasModifier,hasModifierBase,appearance_differs_flag,unicode_not_recommended) VALUES (1074, 1, 'Ecuador', '', 'flag-for-ecuador', 'flags', 'U+1F1EAU+1F1E8', 2, 1, 0, 0, 0, 0);
INSERT INTO emoji_codepoints (emoji_codepoint_id,emoji_id,codepoint_id,sequence_index) VALUES (1340, 1074, 201, 1),(1341, 1074, 199, 2);

INSERT INTO emoji (emoji_id,emoji_version_id,emoji_name,emoji_character,emojipedia_url_ext,emojipedia_category,codepoint_string,num_codepoints,hasComponent,hasModifier,hasModifierBase,appearance_differs_flag,unicode_not_recommended) VALUES (1075, 1, 'Estonia', '', 'flag-for-estonia', 'flags', 'U+1F1EAU+1F1EA', 2, 1, 0, 0, 0, 0);
INSERT INTO emoji_codepoints (emoji_codepoint_id,emoji_id,codepoint_id,sequence_index) VALUES (1342, 1075, 201, 1),(1343, 1075, 201, 2);

INSERT INTO emoji (emoji_id,emoji_version_id,emoji_name,emoji_character,emojipedia_url_ext,emojipedia_category,codepoint_string,num_codepoints,hasComponent,hasModifier,hasModifierBase,appearance_differs_flag,unicode_not_recommended) VALUES (1076, 1, 'Egypt', '', 'flag-for-egypt', 'flags', 'U+1F1EAU+1F1EC', 2, 1, 0, 0, 0, 0);
INSERT INTO emoji_codepoints (emoji_codepoint_id,emoji_id,codepoint_id,sequence_index) VALUES (1344, 1076, 201, 1),(1345, 1076, 203, 2);

INSERT INTO emoji (emoji_id,emoji_version_id,emoji_name,emoji_character,emojipedia_url_ext,emojipedia_category,codepoint_string,num_codepoints,hasComponent,hasModifier,hasModifierBase,appearance_differs_flag,unicode_not_recommended) VALUES (1077, 1, 'Western Sahara', '', 'flag-for-western-sahara', 'flags', 'U+1F1EAU+1F1ED', 2, 1, 0, 0, 0, 0);
INSERT INTO emoji_codepoints (emoji_codepoint_id,emoji_id,codepoint_id,sequence_index) VALUES (1346, 1077, 201, 1),(1347, 1077, 204, 2);

INSERT INTO emoji (emoji_id,emoji_version_id,emoji_name,emoji_character,emojipedia_url_ext,emojipedia_category,codepoint_string,num_codepoints,hasComponent,hasModifier,hasModifierBase,appearance_differs_flag,unicode_not_recommended) VALUES (1078, 1, 'Eritrea', '', 'flag-for-eritrea', 'flags', 'U+1F1EAU+1F1F7', 2, 1, 0, 0, 0, 0);
INSERT INTO emoji_codepoints (emoji_codepoint_id,emoji_id,codepoint_id,sequence_index) VALUES (1348, 1078, 201, 1),(1349, 1078, 214, 2);

INSERT INTO emoji (emoji_id,emoji_version_id,emoji_name,emoji_character,emojipedia_url_ext,emojipedia_category,codepoint_string,num_codepoints,hasComponent,hasModifier,hasModifierBase,appearance_differs_flag,unicode_not_recommended) VALUES (1079, 1, 'Spain', '', 'flag-for-spain', 'flags', 'U+1F1EAU+1F1F8', 2, 1, 0, 0, 0, 0);
INSERT INTO emoji_codepoints (emoji_codepoint_id,emoji_id,codepoint_id,sequence_index) VALUES (1350, 1079, 201, 1),(1351, 1079, 215, 2);

INSERT INTO emoji (emoji_id,emoji_version_id,emoji_name,emoji_character,emojipedia_url_ext,emojipedia_category,codepoint_string,num_codepoints,hasComponent,hasModifier,hasModifierBase,appearance_differs_flag,unicode_not_recommended) VALUES (1080, 1, 'Ethiopia', '', 'flag-for-ethiopia', 'flags', 'U+1F1EAU+1F1F9', 2, 1, 0, 0, 0, 0);
INSERT INTO emoji_codepoints (emoji_codepoint_id,emoji_id,codepoint_id,sequence_index) VALUES (1352, 1080, 201, 1),(1353, 1080, 216, 2);

INSERT INTO emoji (emoji_id,emoji_version_id,emoji_name,emoji_character,emojipedia_url_ext,emojipedia_category,codepoint_string,num_codepoints,hasComponent,hasModifier,hasModifierBase,appearance_differs_flag,unicode_not_recommended) VALUES (1081, 1, 'European Union', '', 'flag-for-european-union', 'flags', 'U+1F1EAU+1F1FA', 2, 1, 0, 0, 0, 0);
INSERT INTO emoji_codepoints (emoji_codepoint_id,emoji_id,codepoint_id,sequence_index) VALUES (1354, 1081, 201, 1),(1355, 1081, 217, 2);

INSERT INTO emoji (emoji_id,emoji_version_id,emoji_name,emoji_character,emojipedia_url_ext,emojipedia_category,codepoint_string,num_codepoints,hasComponent,hasModifier,hasModifierBase,appearance_differs_flag,unicode_not_recommended) VALUES (1082, 1, 'Finland', '', 'flag-for-finland', 'flags', 'U+1F1EBU+1F1EE', 2, 1, 0, 0, 0, 0);
INSERT INTO emoji_codepoints (emoji_codepoint_id,emoji_id,codepoint_id,sequence_index) VALUES (1356, 1082, 202, 1),(1357, 1082, 205, 2);

INSERT INTO emoji (emoji_id,emoji_version_id,emoji_name,emoji_character,emojipedia_url_ext,emojipedia_category,codepoint_string,num_codepoints,hasComponent,hasModifier,hasModifierBase,appearance_differs_flag,unicode_not_recommended) VALUES (1083, 1, 'Fiji', '', 'flag-for-fiji', 'flags', 'U+1F1EBU+1F1EF', 2, 1, 0, 0, 0, 0);
INSERT INTO emoji_codepoints (emoji_codepoint_id,emoji_id,codepoint_id,sequence_index) VALUES (1358, 1083, 202, 1),(1359, 1083, 206, 2);

INSERT INTO emoji (emoji_id,emoji_version_id,emoji_name,emoji_character,emojipedia_url_ext,emojipedia_category,codepoint_string,num_codepoints,hasComponent,hasModifier,hasModifierBase,appearance_differs_flag,unicode_not_recommended) VALUES (1084, 1, 'Falkland Islands', '', 'flag-for-falkland-islands', 'flags', 'U+1F1EBU+1F1F0', 2, 1, 0, 0, 0, 0);
INSERT INTO emoji_codepoints (emoji_codepoint_id,emoji_id,codepoint_id,sequence_index) VALUES (1360, 1084, 202, 1),(1361, 1084, 207, 2);

INSERT INTO emoji (emoji_id,emoji_version_id,emoji_name,emoji_character,emojipedia_url_ext,emojipedia_category,codepoint_string,num_codepoints,hasComponent,hasModifier,hasModifierBase,appearance_differs_flag,unicode_not_recommended) VALUES (1085, 1, 'Micronesia', '', 'flag-for-micronesia', 'flags', 'U+1F1EBU+1F1F2', 2, 1, 0, 0, 0, 0);
INSERT INTO emoji_codepoints (emoji_codepoint_id,emoji_id,codepoint_id,sequence_index) VALUES (1362, 1085, 202, 1),(1363, 1085, 209, 2);

INSERT INTO emoji (emoji_id,emoji_version_id,emoji_name,emoji_character,emojipedia_url_ext,emojipedia_category,codepoint_string,num_codepoints,hasComponent,hasModifier,hasModifierBase,appearance_differs_flag,unicode_not_recommended) VALUES (1086, 1, 'Faroe Islands', '', 'flag-for-faroe-islands', 'flags', 'U+1F1EBU+1F1F4', 2, 1, 0, 0, 0, 0);
INSERT INTO emoji_codepoints (emoji_codepoint_id,emoji_id,codepoint_id,sequence_index) VALUES (1364, 1086, 202, 1),(1365, 1086, 211, 2);

INSERT INTO emoji (emoji_id,emoji_version_id,emoji_name,emoji_character,emojipedia_url_ext,emojipedia_category,codepoint_string,num_codepoints,hasComponent,hasModifier,hasModifierBase,appearance_differs_flag,unicode_not_recommended) VALUES (1087, 1, 'France', '', 'flag-for-france', 'flags', 'U+1F1EBU+1F1F7', 2, 1, 0, 0, 0, 0);
INSERT INTO emoji_codepoints (emoji_codepoint_id,emoji_id,codepoint_id,sequence_index) VALUES (1366, 1087, 202, 1),(1367, 1087, 214, 2);

INSERT INTO emoji (emoji_id,emoji_version_id,emoji_name,emoji_character,emojipedia_url_ext,emojipedia_category,codepoint_string,num_codepoints,hasComponent,hasModifier,hasModifierBase,appearance_differs_flag,unicode_not_recommended) VALUES (1088, 1, 'Gabon', '', 'flag-for-gabon', 'flags', 'U+1F1ECU+1F1E6', 2, 1, 0, 0, 0, 0);
INSERT INTO emoji_codepoints (emoji_codepoint_id,emoji_id,codepoint_id,sequence_index) VALUES (1368, 1088, 203, 1),(1369, 1088, 197, 2);

INSERT INTO emoji (emoji_id,emoji_version_id,emoji_name,emoji_character,emojipedia_url_ext,emojipedia_category,codepoint_string,num_codepoints,hasComponent,hasModifier,hasModifierBase,appearance_differs_flag,unicode_not_recommended) VALUES (1089, 1, 'United Kingdom', '', 'flag-for-united-kingdom', 'flags', 'U+1F1ECU+1F1E7', 2, 1, 0, 0, 0, 0);
INSERT INTO emoji_codepoints (emoji_codepoint_id,emoji_id,codepoint_id,sequence_index) VALUES (1370, 1089, 203, 1),(1371, 1089, 198, 2);

INSERT INTO emoji (emoji_id,emoji_version_id,emoji_name,emoji_character,emojipedia_url_ext,emojipedia_category,codepoint_string,num_codepoints,hasComponent,hasModifier,hasModifierBase,appearance_differs_flag,unicode_not_recommended) VALUES (1090, 1, 'Grenada', '', 'flag-for-grenada', 'flags', 'U+1F1ECU+1F1E9', 2, 1, 0, 0, 0, 0);
INSERT INTO emoji_codepoints (emoji_codepoint_id,emoji_id,codepoint_id,sequence_index) VALUES (1372, 1090, 203, 1),(1373, 1090, 200, 2);

INSERT INTO emoji (emoji_id,emoji_version_id,emoji_name,emoji_character,emojipedia_url_ext,emojipedia_category,codepoint_string,num_codepoints,hasComponent,hasModifier,hasModifierBase,appearance_differs_flag,unicode_not_recommended) VALUES (1091, 1, 'Georgia', '', 'flag-for-georgia', 'flags', 'U+1F1ECU+1F1EA', 2, 1, 0, 0, 0, 0);
INSERT INTO emoji_codepoints (emoji_codepoint_id,emoji_id,codepoint_id,sequence_index) VALUES (1374, 1091, 203, 1),(1375, 1091, 201, 2);

INSERT INTO emoji (emoji_id,emoji_version_id,emoji_name,emoji_character,emojipedia_url_ext,emojipedia_category,codepoint_string,num_codepoints,hasComponent,hasModifier,hasModifierBase,appearance_differs_flag,unicode_not_recommended) VALUES (1092, 1, 'French Guiana', '', 'flag-for-french-guiana', 'flags', 'U+1F1ECU+1F1EB', 2, 1, 0, 0, 0, 0);
INSERT INTO emoji_codepoints (emoji_codepoint_id,emoji_id,codepoint_id,sequence_index) VALUES (1376, 1092, 203, 1),(1377, 1092, 202, 2);

INSERT INTO emoji (emoji_id,emoji_version_id,emoji_name,emoji_character,emojipedia_url_ext,emojipedia_category,codepoint_string,num_codepoints,hasComponent,hasModifier,hasModifierBase,appearance_differs_flag,unicode_not_recommended) VALUES (1093, 1, 'Guernsey', '', 'flag-for-guernsey', 'flags', 'U+1F1ECU+1F1EC', 2, 1, 0, 0, 0, 0);
INSERT INTO emoji_codepoints (emoji_codepoint_id,emoji_id,codepoint_id,sequence_index) VALUES (1378, 1093, 203, 1),(1379, 1093, 203, 2);

INSERT INTO emoji (emoji_id,emoji_version_id,emoji_name,emoji_character,emojipedia_url_ext,emojipedia_category,codepoint_string,num_codepoints,hasComponent,hasModifier,hasModifierBase,appearance_differs_flag,unicode_not_recommended) VALUES (1094, 1, 'Ghana', '', 'flag-for-ghana', 'flags', 'U+1F1ECU+1F1ED', 2, 1, 0, 0, 0, 0);
INSERT INTO emoji_codepoints (emoji_codepoint_id,emoji_id,codepoint_id,sequence_index) VALUES (1380, 1094, 203, 1),(1381, 1094, 204, 2);

INSERT INTO emoji (emoji_id,emoji_version_id,emoji_name,emoji_character,emojipedia_url_ext,emojipedia_category,codepoint_string,num_codepoints,hasComponent,hasModifier,hasModifierBase,appearance_differs_flag,unicode_not_recommended) VALUES (1095, 1, 'Gibraltar', '', 'flag-for-gibraltar', 'flags', 'U+1F1ECU+1F1EE', 2, 1, 0, 0, 0, 0);
INSERT INTO emoji_codepoints (emoji_codepoint_id,emoji_id,codepoint_id,sequence_index) VALUES (1382, 1095, 203, 1),(1383, 1095, 205, 2);

INSERT INTO emoji (emoji_id,emoji_version_id,emoji_name,emoji_character,emojipedia_url_ext,emojipedia_category,codepoint_string,num_codepoints,hasComponent,hasModifier,hasModifierBase,appearance_differs_flag,unicode_not_recommended) VALUES (1096, 1, 'Greenland', '', 'flag-for-greenland', 'flags', 'U+1F1ECU+1F1F1', 2, 1, 0, 0, 0, 0);
INSERT INTO emoji_codepoints (emoji_codepoint_id,emoji_id,codepoint_id,sequence_index) VALUES (1384, 1096, 203, 1),(1385, 1096, 208, 2);

INSERT INTO emoji (emoji_id,emoji_version_id,emoji_name,emoji_character,emojipedia_url_ext,emojipedia_category,codepoint_string,num_codepoints,hasComponent,hasModifier,hasModifierBase,appearance_differs_flag,unicode_not_recommended) VALUES (1097, 1, 'Gambia', '', 'flag-for-gambia', 'flags', 'U+1F1ECU+1F1F2', 2, 1, 0, 0, 0, 0);
INSERT INTO emoji_codepoints (emoji_codepoint_id,emoji_id,codepoint_id,sequence_index) VALUES (1386, 1097, 203, 1),(1387, 1097, 209, 2);

INSERT INTO emoji (emoji_id,emoji_version_id,emoji_name,emoji_character,emojipedia_url_ext,emojipedia_category,codepoint_string,num_codepoints,hasComponent,hasModifier,hasModifierBase,appearance_differs_flag,unicode_not_recommended) VALUES (1098, 1, 'Guinea', '', 'flag-for-guinea', 'flags', 'U+1F1ECU+1F1F3', 2, 1, 0, 0, 0, 0);
INSERT INTO emoji_codepoints (emoji_codepoint_id,emoji_id,codepoint_id,sequence_index) VALUES (1388, 1098, 203, 1),(1389, 1098, 210, 2);

INSERT INTO emoji (emoji_id,emoji_version_id,emoji_name,emoji_character,emojipedia_url_ext,emojipedia_category,codepoint_string,num_codepoints,hasComponent,hasModifier,hasModifierBase,appearance_differs_flag,unicode_not_recommended) VALUES (1099, 1, 'Guadeloupe', '', 'flag-for-guadeloupe', 'flags', 'U+1F1ECU+1F1F5', 2, 1, 0, 0, 0, 0);
INSERT INTO emoji_codepoints (emoji_codepoint_id,emoji_id,codepoint_id,sequence_index) VALUES (1390, 1099, 203, 1),(1391, 1099, 212, 2);

INSERT INTO emoji (emoji_id,emoji_version_id,emoji_name,emoji_character,emojipedia_url_ext,emojipedia_category,codepoint_string,num_codepoints,hasComponent,hasModifier,hasModifierBase,appearance_differs_flag,unicode_not_recommended) VALUES (1100, 1, 'Equatorial Guinea', '', 'flag-for-equatorial-guinea', 'flags', 'U+1F1ECU+1F1F6', 2, 1, 0, 0, 0, 0);
INSERT INTO emoji_codepoints (emoji_codepoint_id,emoji_id,codepoint_id,sequence_index) VALUES (1392, 1100, 203, 1),(1393, 1100, 213, 2);

INSERT INTO emoji (emoji_id,emoji_version_id,emoji_name,emoji_character,emojipedia_url_ext,emojipedia_category,codepoint_string,num_codepoints,hasComponent,hasModifier,hasModifierBase,appearance_differs_flag,unicode_not_recommended) VALUES (1101, 1, 'Greece', '', 'flag-for-greece', 'flags', 'U+1F1ECU+1F1F7', 2, 1, 0, 0, 0, 0);
INSERT INTO emoji_codepoints (emoji_codepoint_id,emoji_id,codepoint_id,sequence_index) VALUES (1394, 1101, 203, 1),(1395, 1101, 214, 2);

INSERT INTO emoji (emoji_id,emoji_version_id,emoji_name,emoji_character,emojipedia_url_ext,emojipedia_category,codepoint_string,num_codepoints,hasComponent,hasModifier,hasModifierBase,appearance_differs_flag,unicode_not_recommended) VALUES (1102, 1, 'South Georgia & South Sandwich Islands', '', 'flag-for-south-georgia-south-sandwich-islands', 'flags', 'U+1F1ECU+1F1F8', 2, 1, 0, 0, 0, 0);
INSERT INTO emoji_codepoints (emoji_codepoint_id,emoji_id,codepoint_id,sequence_index) VALUES (1396, 1102, 203, 1),(1397, 1102, 215, 2);

INSERT INTO emoji (emoji_id,emoji_version_id,emoji_name,emoji_character,emojipedia_url_ext,emojipedia_category,codepoint_string,num_codepoints,hasComponent,hasModifier,hasModifierBase,appearance_differs_flag,unicode_not_recommended) VALUES (1103, 1, 'Guatemala', '', 'flag-for-guatemala', 'flags', 'U+1F1ECU+1F1F9', 2, 1, 0, 0, 0, 0);
INSERT INTO emoji_codepoints (emoji_codepoint_id,emoji_id,codepoint_id,sequence_index) VALUES (1398, 1103, 203, 1),(1399, 1103, 216, 2);

INSERT INTO emoji (emoji_id,emoji_version_id,emoji_name,emoji_character,emojipedia_url_ext,emojipedia_category,codepoint_string,num_codepoints,hasComponent,hasModifier,hasModifierBase,appearance_differs_flag,unicode_not_recommended) VALUES (1104, 1, 'Guam', '', 'flag-for-guam', 'flags', 'U+1F1ECU+1F1FA', 2, 1, 0, 0, 0, 0);
INSERT INTO emoji_codepoints (emoji_codepoint_id,emoji_id,codepoint_id,sequence_index) VALUES (1400, 1104, 203, 1),(1401, 1104, 217, 2);

INSERT INTO emoji (emoji_id,emoji_version_id,emoji_name,emoji_character,emojipedia_url_ext,emojipedia_category,codepoint_string,num_codepoints,hasComponent,hasModifier,hasModifierBase,appearance_differs_flag,unicode_not_recommended) VALUES (1105, 1, 'Guinea-Bissau', '', 'flag-for-guinea-bissau', 'flags', 'U+1F1ECU+1F1FC', 2, 1, 0, 0, 0, 0);
INSERT INTO emoji_codepoints (emoji_codepoint_id,emoji_id,codepoint_id,sequence_index) VALUES (1402, 1105, 203, 1),(1403, 1105, 219, 2);

INSERT INTO emoji (emoji_id,emoji_version_id,emoji_name,emoji_character,emojipedia_url_ext,emojipedia_category,codepoint_string,num_codepoints,hasComponent,hasModifier,hasModifierBase,appearance_differs_flag,unicode_not_recommended) VALUES (1106, 1, 'Guyana', '', 'flag-for-guyana', 'flags', 'U+1F1ECU+1F1FE', 2, 1, 0, 0, 0, 0);
INSERT INTO emoji_codepoints (emoji_codepoint_id,emoji_id,codepoint_id,sequence_index) VALUES (1404, 1106, 203, 1),(1405, 1106, 221, 2);

INSERT INTO emoji (emoji_id,emoji_version_id,emoji_name,emoji_character,emojipedia_url_ext,emojipedia_category,codepoint_string,num_codepoints,hasComponent,hasModifier,hasModifierBase,appearance_differs_flag,unicode_not_recommended) VALUES (1107, 1, 'Hong Kong Sar China', '', 'flag-for-hong-kong', 'flags', 'U+1F1EDU+1F1F0', 2, 1, 0, 0, 0, 0);
INSERT INTO emoji_codepoints (emoji_codepoint_id,emoji_id,codepoint_id,sequence_index) VALUES (1406, 1107, 204, 1),(1407, 1107, 207, 2);

INSERT INTO emoji (emoji_id,emoji_version_id,emoji_name,emoji_character,emojipedia_url_ext,emojipedia_category,codepoint_string,num_codepoints,hasComponent,hasModifier,hasModifierBase,appearance_differs_flag,unicode_not_recommended) VALUES (1108, 1, 'Heard & Mcdonald Islands', '', 'flag-for-heard-mcdonald-islands', 'flags', 'U+1F1EDU+1F1F2', 2, 1, 0, 0, 0, 0);
INSERT INTO emoji_codepoints (emoji_codepoint_id,emoji_id,codepoint_id,sequence_index) VALUES (1408, 1108, 204, 1),(1409, 1108, 209, 2);

INSERT INTO emoji (emoji_id,emoji_version_id,emoji_name,emoji_character,emojipedia_url_ext,emojipedia_category,codepoint_string,num_codepoints,hasComponent,hasModifier,hasModifierBase,appearance_differs_flag,unicode_not_recommended) VALUES (1109, 1, 'Honduras', '', 'flag-for-honduras', 'flags', 'U+1F1EDU+1F1F3', 2, 1, 0, 0, 0, 0);
INSERT INTO emoji_codepoints (emoji_codepoint_id,emoji_id,codepoint_id,sequence_index) VALUES (1410, 1109, 204, 1),(1411, 1109, 210, 2);

INSERT INTO emoji (emoji_id,emoji_version_id,emoji_name,emoji_character,emojipedia_url_ext,emojipedia_category,codepoint_string,num_codepoints,hasComponent,hasModifier,hasModifierBase,appearance_differs_flag,unicode_not_recommended) VALUES (1110, 1, 'Croatia', '', 'flag-for-croatia', 'flags', 'U+1F1EDU+1F1F7', 2, 1, 0, 0, 0, 0);
INSERT INTO emoji_codepoints (emoji_codepoint_id,emoji_id,codepoint_id,sequence_index) VALUES (1412, 1110, 204, 1),(1413, 1110, 214, 2);

INSERT INTO emoji (emoji_id,emoji_version_id,emoji_name,emoji_character,emojipedia_url_ext,emojipedia_category,codepoint_string,num_codepoints,hasComponent,hasModifier,hasModifierBase,appearance_differs_flag,unicode_not_recommended) VALUES (1111, 1, 'Haiti', '', 'flag-for-haiti', 'flags', 'U+1F1EDU+1F1F9', 2, 1, 0, 0, 0, 0);
INSERT INTO emoji_codepoints (emoji_codepoint_id,emoji_id,codepoint_id,sequence_index) VALUES (1414, 1111, 204, 1),(1415, 1111, 216, 2);

INSERT INTO emoji (emoji_id,emoji_version_id,emoji_name,emoji_character,emojipedia_url_ext,emojipedia_category,codepoint_string,num_codepoints,hasComponent,hasModifier,hasModifierBase,appearance_differs_flag,unicode_not_recommended) VALUES (1112, 1, 'Hungary', '', 'flag-for-hungary', 'flags', 'U+1F1EDU+1F1FA', 2, 1, 0, 0, 0, 0);
INSERT INTO emoji_codepoints (emoji_codepoint_id,emoji_id,codepoint_id,sequence_index) VALUES (1416, 1112, 204, 1),(1417, 1112, 217, 2);

INSERT INTO emoji (emoji_id,emoji_version_id,emoji_name,emoji_character,emojipedia_url_ext,emojipedia_category,codepoint_string,num_codepoints,hasComponent,hasModifier,hasModifierBase,appearance_differs_flag,unicode_not_recommended) VALUES (1113, 1, 'Canary Islands', '', 'flag-for-canary-islands', 'flags', 'U+1F1EEU+1F1E8', 2, 1, 0, 0, 0, 0);
INSERT INTO emoji_codepoints (emoji_codepoint_id,emoji_id,codepoint_id,sequence_index) VALUES (1418, 1113, 205, 1),(1419, 1113, 199, 2);

INSERT INTO emoji (emoji_id,emoji_version_id,emoji_name,emoji_character,emojipedia_url_ext,emojipedia_category,codepoint_string,num_codepoints,hasComponent,hasModifier,hasModifierBase,appearance_differs_flag,unicode_not_recommended) VALUES (1114, 1, 'Indonesia', '', 'flag-for-indonesia', 'flags', 'U+1F1EEU+1F1E9', 2, 1, 0, 0, 0, 0);
INSERT INTO emoji_codepoints (emoji_codepoint_id,emoji_id,codepoint_id,sequence_index) VALUES (1420, 1114, 205, 1),(1421, 1114, 200, 2);

INSERT INTO emoji (emoji_id,emoji_version_id,emoji_name,emoji_character,emojipedia_url_ext,emojipedia_category,codepoint_string,num_codepoints,hasComponent,hasModifier,hasModifierBase,appearance_differs_flag,unicode_not_recommended) VALUES (1115, 1, 'Ireland', '', 'flag-for-ireland', 'flags', 'U+1F1EEU+1F1EA', 2, 1, 0, 0, 0, 0);
INSERT INTO emoji_codepoints (emoji_codepoint_id,emoji_id,codepoint_id,sequence_index) VALUES (1422, 1115, 205, 1),(1423, 1115, 201, 2);

INSERT INTO emoji (emoji_id,emoji_version_id,emoji_name,emoji_character,emojipedia_url_ext,emojipedia_category,codepoint_string,num_codepoints,hasComponent,hasModifier,hasModifierBase,appearance_differs_flag,unicode_not_recommended) VALUES (1116, 1, 'Israel', '', 'flag-for-israel', 'flags', 'U+1F1EEU+1F1F1', 2, 1, 0, 0, 0, 0);
INSERT INTO emoji_codepoints (emoji_codepoint_id,emoji_id,codepoint_id,sequence_index) VALUES (1424, 1116, 205, 1),(1425, 1116, 208, 2);

INSERT INTO emoji (emoji_id,emoji_version_id,emoji_name,emoji_character,emojipedia_url_ext,emojipedia_category,codepoint_string,num_codepoints,hasComponent,hasModifier,hasModifierBase,appearance_differs_flag,unicode_not_recommended) VALUES (1117, 1, 'Isle of Man', '', 'flag-for-isle-of-man', 'flags', 'U+1F1EEU+1F1F2', 2, 1, 0, 0, 0, 0);
INSERT INTO emoji_codepoints (emoji_codepoint_id,emoji_id,codepoint_id,sequence_index) VALUES (1426, 1117, 205, 1),(1427, 1117, 209, 2);

INSERT INTO emoji (emoji_id,emoji_version_id,emoji_name,emoji_character,emojipedia_url_ext,emojipedia_category,codepoint_string,num_codepoints,hasComponent,hasModifier,hasModifierBase,appearance_differs_flag,unicode_not_recommended) VALUES (1118, 1, 'India', '', 'flag-for-india', 'flags', 'U+1F1EEU+1F1F3', 2, 1, 0, 0, 0, 0);
INSERT INTO emoji_codepoints (emoji_codepoint_id,emoji_id,codepoint_id,sequence_index) VALUES (1428, 1118, 205, 1),(1429, 1118, 210, 2);

INSERT INTO emoji (emoji_id,emoji_version_id,emoji_name,emoji_character,emojipedia_url_ext,emojipedia_category,codepoint_string,num_codepoints,hasComponent,hasModifier,hasModifierBase,appearance_differs_flag,unicode_not_recommended) VALUES (1119, 1, 'British Indian Ocean Territory', '', 'flag-for-british-indian-ocean-territory', 'flags', 'U+1F1EEU+1F1F4', 2, 1, 0, 0, 0, 0);
INSERT INTO emoji_codepoints (emoji_codepoint_id,emoji_id,codepoint_id,sequence_index) VALUES (1430, 1119, 205, 1),(1431, 1119, 211, 2);

INSERT INTO emoji (emoji_id,emoji_version_id,emoji_name,emoji_character,emojipedia_url_ext,emojipedia_category,codepoint_string,num_codepoints,hasComponent,hasModifier,hasModifierBase,appearance_differs_flag,unicode_not_recommended) VALUES (1120, 1, 'Iraq', '', 'flag-for-iraq', 'flags', 'U+1F1EEU+1F1F6', 2, 1, 0, 0, 0, 0);
INSERT INTO emoji_codepoints (emoji_codepoint_id,emoji_id,codepoint_id,sequence_index) VALUES (1432, 1120, 205, 1),(1433, 1120, 213, 2);

INSERT INTO emoji (emoji_id,emoji_version_id,emoji_name,emoji_character,emojipedia_url_ext,emojipedia_category,codepoint_string,num_codepoints,hasComponent,hasModifier,hasModifierBase,appearance_differs_flag,unicode_not_recommended) VALUES (1121, 1, 'Iran', '', 'flag-for-iran', 'flags', 'U+1F1EEU+1F1F7', 2, 1, 0, 0, 0, 0);
INSERT INTO emoji_codepoints (emoji_codepoint_id,emoji_id,codepoint_id,sequence_index) VALUES (1434, 1121, 205, 1),(1435, 1121, 214, 2);

INSERT INTO emoji (emoji_id,emoji_version_id,emoji_name,emoji_character,emojipedia_url_ext,emojipedia_category,codepoint_string,num_codepoints,hasComponent,hasModifier,hasModifierBase,appearance_differs_flag,unicode_not_recommended) VALUES (1122, 1, 'Iceland', '', 'flag-for-iceland', 'flags', 'U+1F1EEU+1F1F8', 2, 1, 0, 0, 0, 0);
INSERT INTO emoji_codepoints (emoji_codepoint_id,emoji_id,codepoint_id,sequence_index) VALUES (1436, 1122, 205, 1),(1437, 1122, 215, 2);

INSERT INTO emoji (emoji_id,emoji_version_id,emoji_name,emoji_character,emojipedia_url_ext,emojipedia_category,codepoint_string,num_codepoints,hasComponent,hasModifier,hasModifierBase,appearance_differs_flag,unicode_not_recommended) VALUES (1123, 1, 'Italy', '', 'flag-for-italy', 'flags', 'U+1F1EEU+1F1F9', 2, 1, 0, 0, 0, 0);
INSERT INTO emoji_codepoints (emoji_codepoint_id,emoji_id,codepoint_id,sequence_index) VALUES (1438, 1123, 205, 1),(1439, 1123, 216, 2);

INSERT INTO emoji (emoji_id,emoji_version_id,emoji_name,emoji_character,emojipedia_url_ext,emojipedia_category,codepoint_string,num_codepoints,hasComponent,hasModifier,hasModifierBase,appearance_differs_flag,unicode_not_recommended) VALUES (1124, 1, 'Jersey', '', 'flag-for-jersey', 'flags', 'U+1F1EFU+1F1EA', 2, 1, 0, 0, 0, 0);
INSERT INTO emoji_codepoints (emoji_codepoint_id,emoji_id,codepoint_id,sequence_index) VALUES (1440, 1124, 206, 1),(1441, 1124, 201, 2);

INSERT INTO emoji (emoji_id,emoji_version_id,emoji_name,emoji_character,emojipedia_url_ext,emojipedia_category,codepoint_string,num_codepoints,hasComponent,hasModifier,hasModifierBase,appearance_differs_flag,unicode_not_recommended) VALUES (1125, 1, 'Jamaica', '', 'flag-for-jamaica', 'flags', 'U+1F1EFU+1F1F2', 2, 1, 0, 0, 0, 0);
INSERT INTO emoji_codepoints (emoji_codepoint_id,emoji_id,codepoint_id,sequence_index) VALUES (1442, 1125, 206, 1),(1443, 1125, 209, 2);

INSERT INTO emoji (emoji_id,emoji_version_id,emoji_name,emoji_character,emojipedia_url_ext,emojipedia_category,codepoint_string,num_codepoints,hasComponent,hasModifier,hasModifierBase,appearance_differs_flag,unicode_not_recommended) VALUES (1126, 1, 'Jordan', '', 'flag-for-jordan', 'flags', 'U+1F1EFU+1F1F4', 2, 1, 0, 0, 0, 0);
INSERT INTO emoji_codepoints (emoji_codepoint_id,emoji_id,codepoint_id,sequence_index) VALUES (1444, 1126, 206, 1),(1445, 1126, 211, 2);

INSERT INTO emoji (emoji_id,emoji_version_id,emoji_name,emoji_character,emojipedia_url_ext,emojipedia_category,codepoint_string,num_codepoints,hasComponent,hasModifier,hasModifierBase,appearance_differs_flag,unicode_not_recommended) VALUES (1127, 1, 'Japan', '', 'flag-for-japan', 'flags', 'U+1F1EFU+1F1F5', 2, 1, 0, 0, 0, 0);
INSERT INTO emoji_codepoints (emoji_codepoint_id,emoji_id,codepoint_id,sequence_index) VALUES (1446, 1127, 206, 1),(1447, 1127, 212, 2);

INSERT INTO emoji (emoji_id,emoji_version_id,emoji_name,emoji_character,emojipedia_url_ext,emojipedia_category,codepoint_string,num_codepoints,hasComponent,hasModifier,hasModifierBase,appearance_differs_flag,unicode_not_recommended) VALUES (1128, 1, 'Kenya', '', 'flag-for-kenya', 'flags', 'U+1F1F0U+1F1EA', 2, 1, 0, 0, 0, 0);
INSERT INTO emoji_codepoints (emoji_codepoint_id,emoji_id,codepoint_id,sequence_index) VALUES (1448, 1128, 207, 1),(1449, 1128, 201, 2);

INSERT INTO emoji (emoji_id,emoji_version_id,emoji_name,emoji_character,emojipedia_url_ext,emojipedia_category,codepoint_string,num_codepoints,hasComponent,hasModifier,hasModifierBase,appearance_differs_flag,unicode_not_recommended) VALUES (1129, 1, 'Kyrgyzstan', '', 'flag-for-kyrgyzstan', 'flags', 'U+1F1F0U+1F1EC', 2, 1, 0, 0, 0, 0);
INSERT INTO emoji_codepoints (emoji_codepoint_id,emoji_id,codepoint_id,sequence_index) VALUES (1450, 1129, 207, 1),(1451, 1129, 203, 2);

INSERT INTO emoji (emoji_id,emoji_version_id,emoji_name,emoji_character,emojipedia_url_ext,emojipedia_category,codepoint_string,num_codepoints,hasComponent,hasModifier,hasModifierBase,appearance_differs_flag,unicode_not_recommended) VALUES (1130, 1, 'Cambodia', '', 'flag-for-cambodia', 'flags', 'U+1F1F0U+1F1ED', 2, 1, 0, 0, 0, 0);
INSERT INTO emoji_codepoints (emoji_codepoint_id,emoji_id,codepoint_id,sequence_index) VALUES (1452, 1130, 207, 1),(1453, 1130, 204, 2);

INSERT INTO emoji (emoji_id,emoji_version_id,emoji_name,emoji_character,emojipedia_url_ext,emojipedia_category,codepoint_string,num_codepoints,hasComponent,hasModifier,hasModifierBase,appearance_differs_flag,unicode_not_recommended) VALUES (1131, 1, 'Kiribati', '', 'flag-for-kiribati', 'flags', 'U+1F1F0U+1F1EE', 2, 1, 0, 0, 0, 0);
INSERT INTO emoji_codepoints (emoji_codepoint_id,emoji_id,codepoint_id,sequence_index) VALUES (1454, 1131, 207, 1),(1455, 1131, 205, 2);

INSERT INTO emoji (emoji_id,emoji_version_id,emoji_name,emoji_character,emojipedia_url_ext,emojipedia_category,codepoint_string,num_codepoints,hasComponent,hasModifier,hasModifierBase,appearance_differs_flag,unicode_not_recommended) VALUES (1132, 1, 'Comoros', '', 'flag-for-comoros', 'flags', 'U+1F1F0U+1F1F2', 2, 1, 0, 0, 0, 0);
INSERT INTO emoji_codepoints (emoji_codepoint_id,emoji_id,codepoint_id,sequence_index) VALUES (1456, 1132, 207, 1),(1457, 1132, 209, 2);

INSERT INTO emoji (emoji_id,emoji_version_id,emoji_name,emoji_character,emojipedia_url_ext,emojipedia_category,codepoint_string,num_codepoints,hasComponent,hasModifier,hasModifierBase,appearance_differs_flag,unicode_not_recommended) VALUES (1133, 1, 'St. Kitts & Nevis', '', 'flag-for-st-kitts-nevis', 'flags', 'U+1F1F0U+1F1F3', 2, 1, 0, 0, 0, 0);
INSERT INTO emoji_codepoints (emoji_codepoint_id,emoji_id,codepoint_id,sequence_index) VALUES (1458, 1133, 207, 1),(1459, 1133, 210, 2);

INSERT INTO emoji (emoji_id,emoji_version_id,emoji_name,emoji_character,emojipedia_url_ext,emojipedia_category,codepoint_string,num_codepoints,hasComponent,hasModifier,hasModifierBase,appearance_differs_flag,unicode_not_recommended) VALUES (1134, 1, 'North Korea', '', 'flag-for-north-korea', 'flags', 'U+1F1F0U+1F1F5', 2, 1, 0, 0, 0, 0);
INSERT INTO emoji_codepoints (emoji_codepoint_id,emoji_id,codepoint_id,sequence_index) VALUES (1460, 1134, 207, 1),(1461, 1134, 212, 2);

INSERT INTO emoji (emoji_id,emoji_version_id,emoji_name,emoji_character,emojipedia_url_ext,emojipedia_category,codepoint_string,num_codepoints,hasComponent,hasModifier,hasModifierBase,appearance_differs_flag,unicode_not_recommended) VALUES (1135, 1, 'South Korea', '', 'flag-for-south-korea', 'flags', 'U+1F1F0U+1F1F7', 2, 1, 0, 0, 0, 0);
INSERT INTO emoji_codepoints (emoji_codepoint_id,emoji_id,codepoint_id,sequence_index) VALUES (1462, 1135, 207, 1),(1463, 1135, 214, 2);

INSERT INTO emoji (emoji_id,emoji_version_id,emoji_name,emoji_character,emojipedia_url_ext,emojipedia_category,codepoint_string,num_codepoints,hasComponent,hasModifier,hasModifierBase,appearance_differs_flag,unicode_not_recommended) VALUES (1136, 1, 'Kuwait', '', 'flag-for-kuwait', 'flags', 'U+1F1F0U+1F1FC', 2, 1, 0, 0, 0, 0);
INSERT INTO emoji_codepoints (emoji_codepoint_id,emoji_id,codepoint_id,sequence_index) VALUES (1464, 1136, 207, 1),(1465, 1136, 219, 2);

INSERT INTO emoji (emoji_id,emoji_version_id,emoji_name,emoji_character,emojipedia_url_ext,emojipedia_category,codepoint_string,num_codepoints,hasComponent,hasModifier,hasModifierBase,appearance_differs_flag,unicode_not_recommended) VALUES (1137, 1, 'Cayman Islands', '', 'flag-for-cayman-islands', 'flags', 'U+1F1F0U+1F1FE', 2, 1, 0, 0, 0, 0);
INSERT INTO emoji_codepoints (emoji_codepoint_id,emoji_id,codepoint_id,sequence_index) VALUES (1466, 1137, 207, 1),(1467, 1137, 221, 2);

INSERT INTO emoji (emoji_id,emoji_version_id,emoji_name,emoji_character,emojipedia_url_ext,emojipedia_category,codepoint_string,num_codepoints,hasComponent,hasModifier,hasModifierBase,appearance_differs_flag,unicode_not_recommended) VALUES (1138, 1, 'Kazakhstan', '', 'flag-for-kazakhstan', 'flags', 'U+1F1F0U+1F1FF', 2, 1, 0, 0, 0, 0);
INSERT INTO emoji_codepoints (emoji_codepoint_id,emoji_id,codepoint_id,sequence_index) VALUES (1468, 1138, 207, 1),(1469, 1138, 222, 2);

INSERT INTO emoji (emoji_id,emoji_version_id,emoji_name,emoji_character,emojipedia_url_ext,emojipedia_category,codepoint_string,num_codepoints,hasComponent,hasModifier,hasModifierBase,appearance_differs_flag,unicode_not_recommended) VALUES (1139, 1, 'Laos', '', 'flag-for-laos', 'flags', 'U+1F1F1U+1F1E6', 2, 1, 0, 0, 0, 0);
INSERT INTO emoji_codepoints (emoji_codepoint_id,emoji_id,codepoint_id,sequence_index) VALUES (1470, 1139, 208, 1),(1471, 1139, 197, 2);

INSERT INTO emoji (emoji_id,emoji_version_id,emoji_name,emoji_character,emojipedia_url_ext,emojipedia_category,codepoint_string,num_codepoints,hasComponent,hasModifier,hasModifierBase,appearance_differs_flag,unicode_not_recommended) VALUES (1140, 1, 'Lebanon', '', 'flag-for-lebanon', 'flags', 'U+1F1F1U+1F1E7', 2, 1, 0, 0, 0, 0);
INSERT INTO emoji_codepoints (emoji_codepoint_id,emoji_id,codepoint_id,sequence_index) VALUES (1472, 1140, 208, 1),(1473, 1140, 198, 2);

INSERT INTO emoji (emoji_id,emoji_version_id,emoji_name,emoji_character,emojipedia_url_ext,emojipedia_category,codepoint_string,num_codepoints,hasComponent,hasModifier,hasModifierBase,appearance_differs_flag,unicode_not_recommended) VALUES (1141, 1, 'St. Lucia', '', 'flag-for-st-lucia', 'flags', 'U+1F1F1U+1F1E8', 2, 1, 0, 0, 0, 0);
INSERT INTO emoji_codepoints (emoji_codepoint_id,emoji_id,codepoint_id,sequence_index) VALUES (1474, 1141, 208, 1),(1475, 1141, 199, 2);

INSERT INTO emoji (emoji_id,emoji_version_id,emoji_name,emoji_character,emojipedia_url_ext,emojipedia_category,codepoint_string,num_codepoints,hasComponent,hasModifier,hasModifierBase,appearance_differs_flag,unicode_not_recommended) VALUES (1142, 1, 'Liechtenstein', '', 'flag-for-liechtenstein', 'flags', 'U+1F1F1U+1F1EE', 2, 1, 0, 0, 0, 0);
INSERT INTO emoji_codepoints (emoji_codepoint_id,emoji_id,codepoint_id,sequence_index) VALUES (1476, 1142, 208, 1),(1477, 1142, 205, 2);

INSERT INTO emoji (emoji_id,emoji_version_id,emoji_name,emoji_character,emojipedia_url_ext,emojipedia_category,codepoint_string,num_codepoints,hasComponent,hasModifier,hasModifierBase,appearance_differs_flag,unicode_not_recommended) VALUES (1143, 1, 'Sri Lanka', '', 'flag-for-sri-lanka', 'flags', 'U+1F1F1U+1F1F0', 2, 1, 0, 0, 0, 0);
INSERT INTO emoji_codepoints (emoji_codepoint_id,emoji_id,codepoint_id,sequence_index) VALUES (1478, 1143, 208, 1),(1479, 1143, 207, 2);

INSERT INTO emoji (emoji_id,emoji_version_id,emoji_name,emoji_character,emojipedia_url_ext,emojipedia_category,codepoint_string,num_codepoints,hasComponent,hasModifier,hasModifierBase,appearance_differs_flag,unicode_not_recommended) VALUES (1144, 1, 'Liberia', '', 'flag-for-liberia', 'flags', 'U+1F1F1U+1F1F7', 2, 1, 0, 0, 0, 0);
INSERT INTO emoji_codepoints (emoji_codepoint_id,emoji_id,codepoint_id,sequence_index) VALUES (1480, 1144, 208, 1),(1481, 1144, 214, 2);

INSERT INTO emoji (emoji_id,emoji_version_id,emoji_name,emoji_character,emojipedia_url_ext,emojipedia_category,codepoint_string,num_codepoints,hasComponent,hasModifier,hasModifierBase,appearance_differs_flag,unicode_not_recommended) VALUES (1145, 1, 'Lesotho', '', 'flag-for-lesotho', 'flags', 'U+1F1F1U+1F1F8', 2, 1, 0, 0, 0, 0);
INSERT INTO emoji_codepoints (emoji_codepoint_id,emoji_id,codepoint_id,sequence_index) VALUES (1482, 1145, 208, 1),(1483, 1145, 215, 2);

INSERT INTO emoji (emoji_id,emoji_version_id,emoji_name,emoji_character,emojipedia_url_ext,emojipedia_category,codepoint_string,num_codepoints,hasComponent,hasModifier,hasModifierBase,appearance_differs_flag,unicode_not_recommended) VALUES (1146, 1, 'Lithuania', '', 'flag-for-lithuania', 'flags', 'U+1F1F1U+1F1F9', 2, 1, 0, 0, 0, 0);
INSERT INTO emoji_codepoints (emoji_codepoint_id,emoji_id,codepoint_id,sequence_index) VALUES (1484, 1146, 208, 1),(1485, 1146, 216, 2);

INSERT INTO emoji (emoji_id,emoji_version_id,emoji_name,emoji_character,emojipedia_url_ext,emojipedia_category,codepoint_string,num_codepoints,hasComponent,hasModifier,hasModifierBase,appearance_differs_flag,unicode_not_recommended) VALUES (1147, 1, 'Luxembourg', '', 'flag-for-luxembourg', 'flags', 'U+1F1F1U+1F1FA', 2, 1, 0, 0, 0, 0);
INSERT INTO emoji_codepoints (emoji_codepoint_id,emoji_id,codepoint_id,sequence_index) VALUES (1486, 1147, 208, 1),(1487, 1147, 217, 2);

INSERT INTO emoji (emoji_id,emoji_version_id,emoji_name,emoji_character,emojipedia_url_ext,emojipedia_category,codepoint_string,num_codepoints,hasComponent,hasModifier,hasModifierBase,appearance_differs_flag,unicode_not_recommended) VALUES (1148, 1, 'Latvia', '', 'flag-for-latvia', 'flags', 'U+1F1F1U+1F1FB', 2, 1, 0, 0, 0, 0);
INSERT INTO emoji_codepoints (emoji_codepoint_id,emoji_id,codepoint_id,sequence_index) VALUES (1488, 1148, 208, 1),(1489, 1148, 218, 2);

INSERT INTO emoji (emoji_id,emoji_version_id,emoji_name,emoji_character,emojipedia_url_ext,emojipedia_category,codepoint_string,num_codepoints,hasComponent,hasModifier,hasModifierBase,appearance_differs_flag,unicode_not_recommended) VALUES (1149, 1, 'Libya', '', 'flag-for-libya', 'flags', 'U+1F1F1U+1F1FE', 2, 1, 0, 0, 0, 0);
INSERT INTO emoji_codepoints (emoji_codepoint_id,emoji_id,codepoint_id,sequence_index) VALUES (1490, 1149, 208, 1),(1491, 1149, 221, 2);

INSERT INTO emoji (emoji_id,emoji_version_id,emoji_name,emoji_character,emojipedia_url_ext,emojipedia_category,codepoint_string,num_codepoints,hasComponent,hasModifier,hasModifierBase,appearance_differs_flag,unicode_not_recommended) VALUES (1150, 1, 'Morocco', '', 'flag-for-morocco', 'flags', 'U+1F1F2U+1F1E6', 2, 1, 0, 0, 0, 0);
INSERT INTO emoji_codepoints (emoji_codepoint_id,emoji_id,codepoint_id,sequence_index) VALUES (1492, 1150, 209, 1),(1493, 1150, 197, 2);

INSERT INTO emoji (emoji_id,emoji_version_id,emoji_name,emoji_character,emojipedia_url_ext,emojipedia_category,codepoint_string,num_codepoints,hasComponent,hasModifier,hasModifierBase,appearance_differs_flag,unicode_not_recommended) VALUES (1151, 1, 'Monaco', '', 'flag-for-monaco', 'flags', 'U+1F1F2U+1F1E8', 2, 1, 0, 0, 0, 0);
INSERT INTO emoji_codepoints (emoji_codepoint_id,emoji_id,codepoint_id,sequence_index) VALUES (1494, 1151, 209, 1),(1495, 1151, 199, 2);

INSERT INTO emoji (emoji_id,emoji_version_id,emoji_name,emoji_character,emojipedia_url_ext,emojipedia_category,codepoint_string,num_codepoints,hasComponent,hasModifier,hasModifierBase,appearance_differs_flag,unicode_not_recommended) VALUES (1152, 1, 'Moldova', '', 'flag-for-moldova', 'flags', 'U+1F1F2U+1F1E9', 2, 1, 0, 0, 0, 0);
INSERT INTO emoji_codepoints (emoji_codepoint_id,emoji_id,codepoint_id,sequence_index) VALUES (1496, 1152, 209, 1),(1497, 1152, 200, 2);

INSERT INTO emoji (emoji_id,emoji_version_id,emoji_name,emoji_character,emojipedia_url_ext,emojipedia_category,codepoint_string,num_codepoints,hasComponent,hasModifier,hasModifierBase,appearance_differs_flag,unicode_not_recommended) VALUES (1153, 1, 'Montenegro', '', 'flag-for-montenegro', 'flags', 'U+1F1F2U+1F1EA', 2, 1, 0, 0, 0, 0);
INSERT INTO emoji_codepoints (emoji_codepoint_id,emoji_id,codepoint_id,sequence_index) VALUES (1498, 1153, 209, 1),(1499, 1153, 201, 2);

INSERT INTO emoji (emoji_id,emoji_version_id,emoji_name,emoji_character,emojipedia_url_ext,emojipedia_category,codepoint_string,num_codepoints,hasComponent,hasModifier,hasModifierBase,appearance_differs_flag,unicode_not_recommended) VALUES (1154, 1, 'St. Martin', '', 'flag-for-st-martin', 'flags', 'U+1F1F2U+1F1EB', 2, 1, 0, 0, 0, 0);
INSERT INTO emoji_codepoints (emoji_codepoint_id,emoji_id,codepoint_id,sequence_index) VALUES (1500, 1154, 209, 1),(1501, 1154, 202, 2);

INSERT INTO emoji (emoji_id,emoji_version_id,emoji_name,emoji_character,emojipedia_url_ext,emojipedia_category,codepoint_string,num_codepoints,hasComponent,hasModifier,hasModifierBase,appearance_differs_flag,unicode_not_recommended) VALUES (1155, 1, 'Madagascar', '', 'flag-for-madagascar', 'flags', 'U+1F1F2U+1F1EC', 2, 1, 0, 0, 0, 0);
INSERT INTO emoji_codepoints (emoji_codepoint_id,emoji_id,codepoint_id,sequence_index) VALUES (1502, 1155, 209, 1),(1503, 1155, 203, 2);

INSERT INTO emoji (emoji_id,emoji_version_id,emoji_name,emoji_character,emojipedia_url_ext,emojipedia_category,codepoint_string,num_codepoints,hasComponent,hasModifier,hasModifierBase,appearance_differs_flag,unicode_not_recommended) VALUES (1156, 1, 'Marshall Islands', '', 'flag-for-marshall-islands', 'flags', 'U+1F1F2U+1F1ED', 2, 1, 0, 0, 0, 0);
INSERT INTO emoji_codepoints (emoji_codepoint_id,emoji_id,codepoint_id,sequence_index) VALUES (1504, 1156, 209, 1),(1505, 1156, 204, 2);

INSERT INTO emoji (emoji_id,emoji_version_id,emoji_name,emoji_character,emojipedia_url_ext,emojipedia_category,codepoint_string,num_codepoints,hasComponent,hasModifier,hasModifierBase,appearance_differs_flag,unicode_not_recommended) VALUES (1157, 1, 'Macedonia', '', 'flag-for-macedonia', 'flags', 'U+1F1F2U+1F1F0', 2, 1, 0, 0, 0, 0);
INSERT INTO emoji_codepoints (emoji_codepoint_id,emoji_id,codepoint_id,sequence_index) VALUES (1506, 1157, 209, 1),(1507, 1157, 207, 2);

INSERT INTO emoji (emoji_id,emoji_version_id,emoji_name,emoji_character,emojipedia_url_ext,emojipedia_category,codepoint_string,num_codepoints,hasComponent,hasModifier,hasModifierBase,appearance_differs_flag,unicode_not_recommended) VALUES (1158, 1, 'Mali', '', 'flag-for-mali', 'flags', 'U+1F1F2U+1F1F1', 2, 1, 0, 0, 0, 0);
INSERT INTO emoji_codepoints (emoji_codepoint_id,emoji_id,codepoint_id,sequence_index) VALUES (1508, 1158, 209, 1),(1509, 1158, 208, 2);

INSERT INTO emoji (emoji_id,emoji_version_id,emoji_name,emoji_character,emojipedia_url_ext,emojipedia_category,codepoint_string,num_codepoints,hasComponent,hasModifier,hasModifierBase,appearance_differs_flag,unicode_not_recommended) VALUES (1159, 1, 'Myanmar (Burma)', '', 'flag-for-myanmar', 'flags', 'U+1F1F2U+1F1F2', 2, 1, 0, 0, 0, 0);
INSERT INTO emoji_codepoints (emoji_codepoint_id,emoji_id,codepoint_id,sequence_index) VALUES (1510, 1159, 209, 1),(1511, 1159, 209, 2);

INSERT INTO emoji (emoji_id,emoji_version_id,emoji_name,emoji_character,emojipedia_url_ext,emojipedia_category,codepoint_string,num_codepoints,hasComponent,hasModifier,hasModifierBase,appearance_differs_flag,unicode_not_recommended) VALUES (1160, 1, 'Mongolia', '', 'flag-for-mongolia', 'flags', 'U+1F1F2U+1F1F3', 2, 1, 0, 0, 0, 0);
INSERT INTO emoji_codepoints (emoji_codepoint_id,emoji_id,codepoint_id,sequence_index) VALUES (1512, 1160, 209, 1),(1513, 1160, 210, 2);

INSERT INTO emoji (emoji_id,emoji_version_id,emoji_name,emoji_character,emojipedia_url_ext,emojipedia_category,codepoint_string,num_codepoints,hasComponent,hasModifier,hasModifierBase,appearance_differs_flag,unicode_not_recommended) VALUES (1161, 1, 'Macau Sar China', '', 'flag-for-macau', 'flags', 'U+1F1F2U+1F1F4', 2, 1, 0, 0, 0, 0);
INSERT INTO emoji_codepoints (emoji_codepoint_id,emoji_id,codepoint_id,sequence_index) VALUES (1514, 1161, 209, 1),(1515, 1161, 211, 2);

INSERT INTO emoji (emoji_id,emoji_version_id,emoji_name,emoji_character,emojipedia_url_ext,emojipedia_category,codepoint_string,num_codepoints,hasComponent,hasModifier,hasModifierBase,appearance_differs_flag,unicode_not_recommended) VALUES (1162, 1, 'Northern Mariana Islands', '', 'flag-for-northern-mariana-islands', 'flags', 'U+1F1F2U+1F1F5', 2, 1, 0, 0, 0, 0);
INSERT INTO emoji_codepoints (emoji_codepoint_id,emoji_id,codepoint_id,sequence_index) VALUES (1516, 1162, 209, 1),(1517, 1162, 212, 2);

INSERT INTO emoji (emoji_id,emoji_version_id,emoji_name,emoji_character,emojipedia_url_ext,emojipedia_category,codepoint_string,num_codepoints,hasComponent,hasModifier,hasModifierBase,appearance_differs_flag,unicode_not_recommended) VALUES (1163, 1, 'Martinique', '', 'flag-for-martinique', 'flags', 'U+1F1F2U+1F1F6', 2, 1, 0, 0, 0, 0);
INSERT INTO emoji_codepoints (emoji_codepoint_id,emoji_id,codepoint_id,sequence_index) VALUES (1518, 1163, 209, 1),(1519, 1163, 213, 2);

INSERT INTO emoji (emoji_id,emoji_version_id,emoji_name,emoji_character,emojipedia_url_ext,emojipedia_category,codepoint_string,num_codepoints,hasComponent,hasModifier,hasModifierBase,appearance_differs_flag,unicode_not_recommended) VALUES (1164, 1, 'Mauritania', '', 'flag-for-mauritania', 'flags', 'U+1F1F2U+1F1F7', 2, 1, 0, 0, 0, 0);
INSERT INTO emoji_codepoints (emoji_codepoint_id,emoji_id,codepoint_id,sequence_index) VALUES (1520, 1164, 209, 1),(1521, 1164, 214, 2);

INSERT INTO emoji (emoji_id,emoji_version_id,emoji_name,emoji_character,emojipedia_url_ext,emojipedia_category,codepoint_string,num_codepoints,hasComponent,hasModifier,hasModifierBase,appearance_differs_flag,unicode_not_recommended) VALUES (1165, 1, 'Montserrat', '', 'flag-for-montserrat', 'flags', 'U+1F1F2U+1F1F8', 2, 1, 0, 0, 0, 0);
INSERT INTO emoji_codepoints (emoji_codepoint_id,emoji_id,codepoint_id,sequence_index) VALUES (1522, 1165, 209, 1),(1523, 1165, 215, 2);

INSERT INTO emoji (emoji_id,emoji_version_id,emoji_name,emoji_character,emojipedia_url_ext,emojipedia_category,codepoint_string,num_codepoints,hasComponent,hasModifier,hasModifierBase,appearance_differs_flag,unicode_not_recommended) VALUES (1166, 1, 'Malta', '', 'flag-for-malta', 'flags', 'U+1F1F2U+1F1F9', 2, 1, 0, 0, 0, 0);
INSERT INTO emoji_codepoints (emoji_codepoint_id,emoji_id,codepoint_id,sequence_index) VALUES (1524, 1166, 209, 1),(1525, 1166, 216, 2);

INSERT INTO emoji (emoji_id,emoji_version_id,emoji_name,emoji_character,emojipedia_url_ext,emojipedia_category,codepoint_string,num_codepoints,hasComponent,hasModifier,hasModifierBase,appearance_differs_flag,unicode_not_recommended) VALUES (1167, 1, 'Mauritius', '', 'flag-for-mauritius', 'flags', 'U+1F1F2U+1F1FA', 2, 1, 0, 0, 0, 0);
INSERT INTO emoji_codepoints (emoji_codepoint_id,emoji_id,codepoint_id,sequence_index) VALUES (1526, 1167, 209, 1),(1527, 1167, 217, 2);

INSERT INTO emoji (emoji_id,emoji_version_id,emoji_name,emoji_character,emojipedia_url_ext,emojipedia_category,codepoint_string,num_codepoints,hasComponent,hasModifier,hasModifierBase,appearance_differs_flag,unicode_not_recommended) VALUES (1168, 1, 'Maldives', '', 'flag-for-maldives', 'flags', 'U+1F1F2U+1F1FB', 2, 1, 0, 0, 0, 0);
INSERT INTO emoji_codepoints (emoji_codepoint_id,emoji_id,codepoint_id,sequence_index) VALUES (1528, 1168, 209, 1),(1529, 1168, 218, 2);

INSERT INTO emoji (emoji_id,emoji_version_id,emoji_name,emoji_character,emojipedia_url_ext,emojipedia_category,codepoint_string,num_codepoints,hasComponent,hasModifier,hasModifierBase,appearance_differs_flag,unicode_not_recommended) VALUES (1169, 1, 'Malawi', '', 'flag-for-malawi', 'flags', 'U+1F1F2U+1F1FC', 2, 1, 0, 0, 0, 0);
INSERT INTO emoji_codepoints (emoji_codepoint_id,emoji_id,codepoint_id,sequence_index) VALUES (1530, 1169, 209, 1),(1531, 1169, 219, 2);

INSERT INTO emoji (emoji_id,emoji_version_id,emoji_name,emoji_character,emojipedia_url_ext,emojipedia_category,codepoint_string,num_codepoints,hasComponent,hasModifier,hasModifierBase,appearance_differs_flag,unicode_not_recommended) VALUES (1170, 1, 'Mexico', '', 'flag-for-mexico', 'flags', 'U+1F1F2U+1F1FD', 2, 1, 0, 0, 0, 0);
INSERT INTO emoji_codepoints (emoji_codepoint_id,emoji_id,codepoint_id,sequence_index) VALUES (1532, 1170, 209, 1),(1533, 1170, 220, 2);

INSERT INTO emoji (emoji_id,emoji_version_id,emoji_name,emoji_character,emojipedia_url_ext,emojipedia_category,codepoint_string,num_codepoints,hasComponent,hasModifier,hasModifierBase,appearance_differs_flag,unicode_not_recommended) VALUES (1171, 1, 'Malaysia', '', 'flag-for-malaysia', 'flags', 'U+1F1F2U+1F1FE', 2, 1, 0, 0, 0, 0);
INSERT INTO emoji_codepoints (emoji_codepoint_id,emoji_id,codepoint_id,sequence_index) VALUES (1534, 1171, 209, 1),(1535, 1171, 221, 2);

INSERT INTO emoji (emoji_id,emoji_version_id,emoji_name,emoji_character,emojipedia_url_ext,emojipedia_category,codepoint_string,num_codepoints,hasComponent,hasModifier,hasModifierBase,appearance_differs_flag,unicode_not_recommended) VALUES (1172, 1, 'Mozambique', '', 'flag-for-mozambique', 'flags', 'U+1F1F2U+1F1FF', 2, 1, 0, 0, 0, 0);
INSERT INTO emoji_codepoints (emoji_codepoint_id,emoji_id,codepoint_id,sequence_index) VALUES (1536, 1172, 209, 1),(1537, 1172, 222, 2);

INSERT INTO emoji (emoji_id,emoji_version_id,emoji_name,emoji_character,emojipedia_url_ext,emojipedia_category,codepoint_string,num_codepoints,hasComponent,hasModifier,hasModifierBase,appearance_differs_flag,unicode_not_recommended) VALUES (1173, 1, 'Namibia', '', 'flag-for-namibia', 'flags', 'U+1F1F3U+1F1E6', 2, 1, 0, 0, 0, 0);
INSERT INTO emoji_codepoints (emoji_codepoint_id,emoji_id,codepoint_id,sequence_index) VALUES (1538, 1173, 210, 1),(1539, 1173, 197, 2);

INSERT INTO emoji (emoji_id,emoji_version_id,emoji_name,emoji_character,emojipedia_url_ext,emojipedia_category,codepoint_string,num_codepoints,hasComponent,hasModifier,hasModifierBase,appearance_differs_flag,unicode_not_recommended) VALUES (1174, 1, 'New Caledonia', '', 'flag-for-new-caledonia', 'flags', 'U+1F1F3U+1F1E8', 2, 1, 0, 0, 0, 0);
INSERT INTO emoji_codepoints (emoji_codepoint_id,emoji_id,codepoint_id,sequence_index) VALUES (1540, 1174, 210, 1),(1541, 1174, 199, 2);

INSERT INTO emoji (emoji_id,emoji_version_id,emoji_name,emoji_character,emojipedia_url_ext,emojipedia_category,codepoint_string,num_codepoints,hasComponent,hasModifier,hasModifierBase,appearance_differs_flag,unicode_not_recommended) VALUES (1175, 1, 'Niger', '', 'flag-for-niger', 'flags', 'U+1F1F3U+1F1EA', 2, 1, 0, 0, 0, 0);
INSERT INTO emoji_codepoints (emoji_codepoint_id,emoji_id,codepoint_id,sequence_index) VALUES (1542, 1175, 210, 1),(1543, 1175, 201, 2);

INSERT INTO emoji (emoji_id,emoji_version_id,emoji_name,emoji_character,emojipedia_url_ext,emojipedia_category,codepoint_string,num_codepoints,hasComponent,hasModifier,hasModifierBase,appearance_differs_flag,unicode_not_recommended) VALUES (1176, 1, 'Norfolk Island', '', 'flag-for-norfolk-island', 'flags', 'U+1F1F3U+1F1EB', 2, 1, 0, 0, 0, 0);
INSERT INTO emoji_codepoints (emoji_codepoint_id,emoji_id,codepoint_id,sequence_index) VALUES (1544, 1176, 210, 1),(1545, 1176, 202, 2);

INSERT INTO emoji (emoji_id,emoji_version_id,emoji_name,emoji_character,emojipedia_url_ext,emojipedia_category,codepoint_string,num_codepoints,hasComponent,hasModifier,hasModifierBase,appearance_differs_flag,unicode_not_recommended) VALUES (1177, 1, 'Nigeria', '', 'flag-for-nigeria', 'flags', 'U+1F1F3U+1F1EC', 2, 1, 0, 0, 0, 0);
INSERT INTO emoji_codepoints (emoji_codepoint_id,emoji_id,codepoint_id,sequence_index) VALUES (1546, 1177, 210, 1),(1547, 1177, 203, 2);

INSERT INTO emoji (emoji_id,emoji_version_id,emoji_name,emoji_character,emojipedia_url_ext,emojipedia_category,codepoint_string,num_codepoints,hasComponent,hasModifier,hasModifierBase,appearance_differs_flag,unicode_not_recommended) VALUES (1178, 1, 'Nicaragua', '', 'flag-for-nicaragua', 'flags', 'U+1F1F3U+1F1EE', 2, 1, 0, 0, 0, 0);
INSERT INTO emoji_codepoints (emoji_codepoint_id,emoji_id,codepoint_id,sequence_index) VALUES (1548, 1178, 210, 1),(1549, 1178, 205, 2);

INSERT INTO emoji (emoji_id,emoji_version_id,emoji_name,emoji_character,emojipedia_url_ext,emojipedia_category,codepoint_string,num_codepoints,hasComponent,hasModifier,hasModifierBase,appearance_differs_flag,unicode_not_recommended) VALUES (1179, 1, 'Netherlands', '', 'flag-for-netherlands', 'flags', 'U+1F1F3U+1F1F1', 2, 1, 0, 0, 0, 0);
INSERT INTO emoji_codepoints (emoji_codepoint_id,emoji_id,codepoint_id,sequence_index) VALUES (1550, 1179, 210, 1),(1551, 1179, 208, 2);

INSERT INTO emoji (emoji_id,emoji_version_id,emoji_name,emoji_character,emojipedia_url_ext,emojipedia_category,codepoint_string,num_codepoints,hasComponent,hasModifier,hasModifierBase,appearance_differs_flag,unicode_not_recommended) VALUES (1180, 1, 'Norway', '', 'flag-for-norway', 'flags', 'U+1F1F3U+1F1F4', 2, 1, 0, 0, 0, 0);
INSERT INTO emoji_codepoints (emoji_codepoint_id,emoji_id,codepoint_id,sequence_index) VALUES (1552, 1180, 210, 1),(1553, 1180, 211, 2);

INSERT INTO emoji (emoji_id,emoji_version_id,emoji_name,emoji_character,emojipedia_url_ext,emojipedia_category,codepoint_string,num_codepoints,hasComponent,hasModifier,hasModifierBase,appearance_differs_flag,unicode_not_recommended) VALUES (1181, 1, 'Nepal', '', 'flag-for-nepal', 'flags', 'U+1F1F3U+1F1F5', 2, 1, 0, 0, 0, 0);
INSERT INTO emoji_codepoints (emoji_codepoint_id,emoji_id,codepoint_id,sequence_index) VALUES (1554, 1181, 210, 1),(1555, 1181, 212, 2);

INSERT INTO emoji (emoji_id,emoji_version_id,emoji_name,emoji_character,emojipedia_url_ext,emojipedia_category,codepoint_string,num_codepoints,hasComponent,hasModifier,hasModifierBase,appearance_differs_flag,unicode_not_recommended) VALUES (1182, 1, 'Nauru', '', 'flag-for-nauru', 'flags', 'U+1F1F3U+1F1F7', 2, 1, 0, 0, 0, 0);
INSERT INTO emoji_codepoints (emoji_codepoint_id,emoji_id,codepoint_id,sequence_index) VALUES (1556, 1182, 210, 1),(1557, 1182, 214, 2);

INSERT INTO emoji (emoji_id,emoji_version_id,emoji_name,emoji_character,emojipedia_url_ext,emojipedia_category,codepoint_string,num_codepoints,hasComponent,hasModifier,hasModifierBase,appearance_differs_flag,unicode_not_recommended) VALUES (1183, 1, 'Niue', '', 'flag-for-niue', 'flags', 'U+1F1F3U+1F1FA', 2, 1, 0, 0, 0, 0);
INSERT INTO emoji_codepoints (emoji_codepoint_id,emoji_id,codepoint_id,sequence_index) VALUES (1558, 1183, 210, 1),(1559, 1183, 217, 2);

INSERT INTO emoji (emoji_id,emoji_version_id,emoji_name,emoji_character,emojipedia_url_ext,emojipedia_category,codepoint_string,num_codepoints,hasComponent,hasModifier,hasModifierBase,appearance_differs_flag,unicode_not_recommended) VALUES (1184, 1, 'New Zealand', '', 'flag-for-new-zealand', 'flags', 'U+1F1F3U+1F1FF', 2, 1, 0, 0, 0, 0);
INSERT INTO emoji_codepoints (emoji_codepoint_id,emoji_id,codepoint_id,sequence_index) VALUES (1560, 1184, 210, 1),(1561, 1184, 222, 2);

INSERT INTO emoji (emoji_id,emoji_version_id,emoji_name,emoji_character,emojipedia_url_ext,emojipedia_category,codepoint_string,num_codepoints,hasComponent,hasModifier,hasModifierBase,appearance_differs_flag,unicode_not_recommended) VALUES (1185, 1, 'Oman', '', 'flag-for-oman', 'flags', 'U+1F1F4U+1F1F2', 2, 1, 0, 0, 0, 0);
INSERT INTO emoji_codepoints (emoji_codepoint_id,emoji_id,codepoint_id,sequence_index) VALUES (1562, 1185, 211, 1),(1563, 1185, 209, 2);

INSERT INTO emoji (emoji_id,emoji_version_id,emoji_name,emoji_character,emojipedia_url_ext,emojipedia_category,codepoint_string,num_codepoints,hasComponent,hasModifier,hasModifierBase,appearance_differs_flag,unicode_not_recommended) VALUES (1186, 1, 'Panama', '', 'flag-for-panama', 'flags', 'U+1F1F5U+1F1E6', 2, 1, 0, 0, 0, 0);
INSERT INTO emoji_codepoints (emoji_codepoint_id,emoji_id,codepoint_id,sequence_index) VALUES (1564, 1186, 212, 1),(1565, 1186, 197, 2);

INSERT INTO emoji (emoji_id,emoji_version_id,emoji_name,emoji_character,emojipedia_url_ext,emojipedia_category,codepoint_string,num_codepoints,hasComponent,hasModifier,hasModifierBase,appearance_differs_flag,unicode_not_recommended) VALUES (1187, 1, 'Peru', '', 'flag-for-peru', 'flags', 'U+1F1F5U+1F1EA', 2, 1, 0, 0, 0, 0);
INSERT INTO emoji_codepoints (emoji_codepoint_id,emoji_id,codepoint_id,sequence_index) VALUES (1566, 1187, 212, 1),(1567, 1187, 201, 2);

INSERT INTO emoji (emoji_id,emoji_version_id,emoji_name,emoji_character,emojipedia_url_ext,emojipedia_category,codepoint_string,num_codepoints,hasComponent,hasModifier,hasModifierBase,appearance_differs_flag,unicode_not_recommended) VALUES (1188, 1, 'French Polynesia', '', 'flag-for-french-polynesia', 'flags', 'U+1F1F5U+1F1EB', 2, 1, 0, 0, 0, 0);
INSERT INTO emoji_codepoints (emoji_codepoint_id,emoji_id,codepoint_id,sequence_index) VALUES (1568, 1188, 212, 1),(1569, 1188, 202, 2);

INSERT INTO emoji (emoji_id,emoji_version_id,emoji_name,emoji_character,emojipedia_url_ext,emojipedia_category,codepoint_string,num_codepoints,hasComponent,hasModifier,hasModifierBase,appearance_differs_flag,unicode_not_recommended) VALUES (1189, 1, 'Papua New Guinea', '', 'flag-for-papua-new-guinea', 'flags', 'U+1F1F5U+1F1EC', 2, 1, 0, 0, 0, 0);
INSERT INTO emoji_codepoints (emoji_codepoint_id,emoji_id,codepoint_id,sequence_index) VALUES (1570, 1189, 212, 1),(1571, 1189, 203, 2);

INSERT INTO emoji (emoji_id,emoji_version_id,emoji_name,emoji_character,emojipedia_url_ext,emojipedia_category,codepoint_string,num_codepoints,hasComponent,hasModifier,hasModifierBase,appearance_differs_flag,unicode_not_recommended) VALUES (1190, 1, 'Philippines', '', 'flag-for-philippines', 'flags', 'U+1F1F5U+1F1ED', 2, 1, 0, 0, 0, 0);
INSERT INTO emoji_codepoints (emoji_codepoint_id,emoji_id,codepoint_id,sequence_index) VALUES (1572, 1190, 212, 1),(1573, 1190, 204, 2);

INSERT INTO emoji (emoji_id,emoji_version_id,emoji_name,emoji_character,emojipedia_url_ext,emojipedia_category,codepoint_string,num_codepoints,hasComponent,hasModifier,hasModifierBase,appearance_differs_flag,unicode_not_recommended) VALUES (1191, 1, 'Pakistan', '', 'flag-for-pakistan', 'flags', 'U+1F1F5U+1F1F0', 2, 1, 0, 0, 0, 0);
INSERT INTO emoji_codepoints (emoji_codepoint_id,emoji_id,codepoint_id,sequence_index) VALUES (1574, 1191, 212, 1),(1575, 1191, 207, 2);

INSERT INTO emoji (emoji_id,emoji_version_id,emoji_name,emoji_character,emojipedia_url_ext,emojipedia_category,codepoint_string,num_codepoints,hasComponent,hasModifier,hasModifierBase,appearance_differs_flag,unicode_not_recommended) VALUES (1192, 1, 'Poland', '', 'flag-for-poland', 'flags', 'U+1F1F5U+1F1F1', 2, 1, 0, 0, 0, 0);
INSERT INTO emoji_codepoints (emoji_codepoint_id,emoji_id,codepoint_id,sequence_index) VALUES (1576, 1192, 212, 1),(1577, 1192, 208, 2);

INSERT INTO emoji (emoji_id,emoji_version_id,emoji_name,emoji_character,emojipedia_url_ext,emojipedia_category,codepoint_string,num_codepoints,hasComponent,hasModifier,hasModifierBase,appearance_differs_flag,unicode_not_recommended) VALUES (1193, 1, 'St. Pierre & Miquelon', '', 'flag-for-st-pierre-miquelon', 'flags', 'U+1F1F5U+1F1F2', 2, 1, 0, 0, 0, 0);
INSERT INTO emoji_codepoints (emoji_codepoint_id,emoji_id,codepoint_id,sequence_index) VALUES (1578, 1193, 212, 1),(1579, 1193, 209, 2);

INSERT INTO emoji (emoji_id,emoji_version_id,emoji_name,emoji_character,emojipedia_url_ext,emojipedia_category,codepoint_string,num_codepoints,hasComponent,hasModifier,hasModifierBase,appearance_differs_flag,unicode_not_recommended) VALUES (1194, 1, 'Pitcairn Islands', '', 'flag-for-pitcairn-islands', 'flags', 'U+1F1F5U+1F1F3', 2, 1, 0, 0, 0, 0);
INSERT INTO emoji_codepoints (emoji_codepoint_id,emoji_id,codepoint_id,sequence_index) VALUES (1580, 1194, 212, 1),(1581, 1194, 210, 2);

INSERT INTO emoji (emoji_id,emoji_version_id,emoji_name,emoji_character,emojipedia_url_ext,emojipedia_category,codepoint_string,num_codepoints,hasComponent,hasModifier,hasModifierBase,appearance_differs_flag,unicode_not_recommended) VALUES (1195, 1, 'Puerto Rico', '', 'flag-for-puerto-rico', 'flags', 'U+1F1F5U+1F1F7', 2, 1, 0, 0, 0, 0);
INSERT INTO emoji_codepoints (emoji_codepoint_id,emoji_id,codepoint_id,sequence_index) VALUES (1582, 1195, 212, 1),(1583, 1195, 214, 2);

INSERT INTO emoji (emoji_id,emoji_version_id,emoji_name,emoji_character,emojipedia_url_ext,emojipedia_category,codepoint_string,num_codepoints,hasComponent,hasModifier,hasModifierBase,appearance_differs_flag,unicode_not_recommended) VALUES (1196, 1, 'Palestinian Territories', '', 'flag-for-palestinian-territories', 'flags', 'U+1F1F5U+1F1F8', 2, 1, 0, 0, 0, 0);
INSERT INTO emoji_codepoints (emoji_codepoint_id,emoji_id,codepoint_id,sequence_index) VALUES (1584, 1196, 212, 1),(1585, 1196, 215, 2);

INSERT INTO emoji (emoji_id,emoji_version_id,emoji_name,emoji_character,emojipedia_url_ext,emojipedia_category,codepoint_string,num_codepoints,hasComponent,hasModifier,hasModifierBase,appearance_differs_flag,unicode_not_recommended) VALUES (1197, 1, 'Portugal', '', 'flag-for-portugal', 'flags', 'U+1F1F5U+1F1F9', 2, 1, 0, 0, 0, 0);
INSERT INTO emoji_codepoints (emoji_codepoint_id,emoji_id,codepoint_id,sequence_index) VALUES (1586, 1197, 212, 1),(1587, 1197, 216, 2);

INSERT INTO emoji (emoji_id,emoji_version_id,emoji_name,emoji_character,emojipedia_url_ext,emojipedia_category,codepoint_string,num_codepoints,hasComponent,hasModifier,hasModifierBase,appearance_differs_flag,unicode_not_recommended) VALUES (1198, 1, 'Palau', '', 'flag-for-palau', 'flags', 'U+1F1F5U+1F1FC', 2, 1, 0, 0, 0, 0);
INSERT INTO emoji_codepoints (emoji_codepoint_id,emoji_id,codepoint_id,sequence_index) VALUES (1588, 1198, 212, 1),(1589, 1198, 219, 2);

INSERT INTO emoji (emoji_id,emoji_version_id,emoji_name,emoji_character,emojipedia_url_ext,emojipedia_category,codepoint_string,num_codepoints,hasComponent,hasModifier,hasModifierBase,appearance_differs_flag,unicode_not_recommended) VALUES (1199, 1, 'Paraguay', '', 'flag-for-paraguay', 'flags', 'U+1F1F5U+1F1FE', 2, 1, 0, 0, 0, 0);
INSERT INTO emoji_codepoints (emoji_codepoint_id,emoji_id,codepoint_id,sequence_index) VALUES (1590, 1199, 212, 1),(1591, 1199, 221, 2);

INSERT INTO emoji (emoji_id,emoji_version_id,emoji_name,emoji_character,emojipedia_url_ext,emojipedia_category,codepoint_string,num_codepoints,hasComponent,hasModifier,hasModifierBase,appearance_differs_flag,unicode_not_recommended) VALUES (1200, 1, 'Qatar', '', 'flag-for-qatar', 'flags', 'U+1F1F6U+1F1E6', 2, 1, 0, 0, 0, 0);
INSERT INTO emoji_codepoints (emoji_codepoint_id,emoji_id,codepoint_id,sequence_index) VALUES (1592, 1200, 213, 1),(1593, 1200, 197, 2);

INSERT INTO emoji (emoji_id,emoji_version_id,emoji_name,emoji_character,emojipedia_url_ext,emojipedia_category,codepoint_string,num_codepoints,hasComponent,hasModifier,hasModifierBase,appearance_differs_flag,unicode_not_recommended) VALUES (1201, 1, 'Runion', '', 'flag-for-reunion', 'flags', 'U+1F1F7U+1F1EA', 2, 1, 0, 0, 0, 0);
INSERT INTO emoji_codepoints (emoji_codepoint_id,emoji_id,codepoint_id,sequence_index) VALUES (1594, 1201, 214, 1),(1595, 1201, 201, 2);

INSERT INTO emoji (emoji_id,emoji_version_id,emoji_name,emoji_character,emojipedia_url_ext,emojipedia_category,codepoint_string,num_codepoints,hasComponent,hasModifier,hasModifierBase,appearance_differs_flag,unicode_not_recommended) VALUES (1202, 1, 'Romania', '', 'flag-for-romania', 'flags', 'U+1F1F7U+1F1F4', 2, 1, 0, 0, 0, 0);
INSERT INTO emoji_codepoints (emoji_codepoint_id,emoji_id,codepoint_id,sequence_index) VALUES (1596, 1202, 214, 1),(1597, 1202, 211, 2);

INSERT INTO emoji (emoji_id,emoji_version_id,emoji_name,emoji_character,emojipedia_url_ext,emojipedia_category,codepoint_string,num_codepoints,hasComponent,hasModifier,hasModifierBase,appearance_differs_flag,unicode_not_recommended) VALUES (1203, 1, 'Serbia', '', 'flag-for-serbia', 'flags', 'U+1F1F7U+1F1F8', 2, 1, 0, 0, 0, 0);
INSERT INTO emoji_codepoints (emoji_codepoint_id,emoji_id,codepoint_id,sequence_index) VALUES (1598, 1203, 214, 1),(1599, 1203, 215, 2);

INSERT INTO emoji (emoji_id,emoji_version_id,emoji_name,emoji_character,emojipedia_url_ext,emojipedia_category,codepoint_string,num_codepoints,hasComponent,hasModifier,hasModifierBase,appearance_differs_flag,unicode_not_recommended) VALUES (1204, 1, 'Russia', '', 'flag-for-russia', 'flags', 'U+1F1F7U+1F1FA', 2, 1, 0, 0, 0, 0);
INSERT INTO emoji_codepoints (emoji_codepoint_id,emoji_id,codepoint_id,sequence_index) VALUES (1600, 1204, 214, 1),(1601, 1204, 217, 2);

INSERT INTO emoji (emoji_id,emoji_version_id,emoji_name,emoji_character,emojipedia_url_ext,emojipedia_category,codepoint_string,num_codepoints,hasComponent,hasModifier,hasModifierBase,appearance_differs_flag,unicode_not_recommended) VALUES (1205, 1, 'Rwanda', '', 'flag-for-rwanda', 'flags', 'U+1F1F7U+1F1FC', 2, 1, 0, 0, 0, 0);
INSERT INTO emoji_codepoints (emoji_codepoint_id,emoji_id,codepoint_id,sequence_index) VALUES (1602, 1205, 214, 1),(1603, 1205, 219, 2);

INSERT INTO emoji (emoji_id,emoji_version_id,emoji_name,emoji_character,emojipedia_url_ext,emojipedia_category,codepoint_string,num_codepoints,hasComponent,hasModifier,hasModifierBase,appearance_differs_flag,unicode_not_recommended) VALUES (1206, 1, 'Saudi Arabia', '', 'flag-for-saudi-arabia', 'flags', 'U+1F1F8U+1F1E6', 2, 1, 0, 0, 0, 0);
INSERT INTO emoji_codepoints (emoji_codepoint_id,emoji_id,codepoint_id,sequence_index) VALUES (1604, 1206, 215, 1),(1605, 1206, 197, 2);

INSERT INTO emoji (emoji_id,emoji_version_id,emoji_name,emoji_character,emojipedia_url_ext,emojipedia_category,codepoint_string,num_codepoints,hasComponent,hasModifier,hasModifierBase,appearance_differs_flag,unicode_not_recommended) VALUES (1207, 1, 'Solomon Islands', '', 'flag-for-solomon-islands', 'flags', 'U+1F1F8U+1F1E7', 2, 1, 0, 0, 0, 0);
INSERT INTO emoji_codepoints (emoji_codepoint_id,emoji_id,codepoint_id,sequence_index) VALUES (1606, 1207, 215, 1),(1607, 1207, 198, 2);

INSERT INTO emoji (emoji_id,emoji_version_id,emoji_name,emoji_character,emojipedia_url_ext,emojipedia_category,codepoint_string,num_codepoints,hasComponent,hasModifier,hasModifierBase,appearance_differs_flag,unicode_not_recommended) VALUES (1208, 1, 'Seychelles', '', 'flag-for-seychelles', 'flags', 'U+1F1F8U+1F1E8', 2, 1, 0, 0, 0, 0);
INSERT INTO emoji_codepoints (emoji_codepoint_id,emoji_id,codepoint_id,sequence_index) VALUES (1608, 1208, 215, 1),(1609, 1208, 199, 2);

INSERT INTO emoji (emoji_id,emoji_version_id,emoji_name,emoji_character,emojipedia_url_ext,emojipedia_category,codepoint_string,num_codepoints,hasComponent,hasModifier,hasModifierBase,appearance_differs_flag,unicode_not_recommended) VALUES (1209, 1, 'Sudan', '', 'flag-for-sudan', 'flags', 'U+1F1F8U+1F1E9', 2, 1, 0, 0, 0, 0);
INSERT INTO emoji_codepoints (emoji_codepoint_id,emoji_id,codepoint_id,sequence_index) VALUES (1610, 1209, 215, 1),(1611, 1209, 200, 2);

INSERT INTO emoji (emoji_id,emoji_version_id,emoji_name,emoji_character,emojipedia_url_ext,emojipedia_category,codepoint_string,num_codepoints,hasComponent,hasModifier,hasModifierBase,appearance_differs_flag,unicode_not_recommended) VALUES (1210, 1, 'Sweden', '', 'flag-for-sweden', 'flags', 'U+1F1F8U+1F1EA', 2, 1, 0, 0, 0, 0);
INSERT INTO emoji_codepoints (emoji_codepoint_id,emoji_id,codepoint_id,sequence_index) VALUES (1612, 1210, 215, 1),(1613, 1210, 201, 2);

INSERT INTO emoji (emoji_id,emoji_version_id,emoji_name,emoji_character,emojipedia_url_ext,emojipedia_category,codepoint_string,num_codepoints,hasComponent,hasModifier,hasModifierBase,appearance_differs_flag,unicode_not_recommended) VALUES (1211, 1, 'Singapore', '', 'flag-for-singapore', 'flags', 'U+1F1F8U+1F1EC', 2, 1, 0, 0, 0, 0);
INSERT INTO emoji_codepoints (emoji_codepoint_id,emoji_id,codepoint_id,sequence_index) VALUES (1614, 1211, 215, 1),(1615, 1211, 203, 2);

INSERT INTO emoji (emoji_id,emoji_version_id,emoji_name,emoji_character,emojipedia_url_ext,emojipedia_category,codepoint_string,num_codepoints,hasComponent,hasModifier,hasModifierBase,appearance_differs_flag,unicode_not_recommended) VALUES (1212, 1, 'St. Helena', '', 'flag-for-st-helena', 'flags', 'U+1F1F8U+1F1ED', 2, 1, 0, 0, 0, 0);
INSERT INTO emoji_codepoints (emoji_codepoint_id,emoji_id,codepoint_id,sequence_index) VALUES (1616, 1212, 215, 1),(1617, 1212, 204, 2);

INSERT INTO emoji (emoji_id,emoji_version_id,emoji_name,emoji_character,emojipedia_url_ext,emojipedia_category,codepoint_string,num_codepoints,hasComponent,hasModifier,hasModifierBase,appearance_differs_flag,unicode_not_recommended) VALUES (1213, 1, 'Slovenia', '', 'flag-for-slovenia', 'flags', 'U+1F1F8U+1F1EE', 2, 1, 0, 0, 0, 0);
INSERT INTO emoji_codepoints (emoji_codepoint_id,emoji_id,codepoint_id,sequence_index) VALUES (1618, 1213, 215, 1),(1619, 1213, 205, 2);

INSERT INTO emoji (emoji_id,emoji_version_id,emoji_name,emoji_character,emojipedia_url_ext,emojipedia_category,codepoint_string,num_codepoints,hasComponent,hasModifier,hasModifierBase,appearance_differs_flag,unicode_not_recommended) VALUES (1214, 1, 'Svalbard & Jan Mayen', '', 'flag-for-svalbard-jan-mayen', 'flags', 'U+1F1F8U+1F1EF', 2, 1, 0, 0, 0, 0);
INSERT INTO emoji_codepoints (emoji_codepoint_id,emoji_id,codepoint_id,sequence_index) VALUES (1620, 1214, 215, 1),(1621, 1214, 206, 2);

INSERT INTO emoji (emoji_id,emoji_version_id,emoji_name,emoji_character,emojipedia_url_ext,emojipedia_category,codepoint_string,num_codepoints,hasComponent,hasModifier,hasModifierBase,appearance_differs_flag,unicode_not_recommended) VALUES (1215, 1, 'Slovakia', '', 'flag-for-slovakia', 'flags', 'U+1F1F8U+1F1F0', 2, 1, 0, 0, 0, 0);
INSERT INTO emoji_codepoints (emoji_codepoint_id,emoji_id,codepoint_id,sequence_index) VALUES (1622, 1215, 215, 1),(1623, 1215, 207, 2);

INSERT INTO emoji (emoji_id,emoji_version_id,emoji_name,emoji_character,emojipedia_url_ext,emojipedia_category,codepoint_string,num_codepoints,hasComponent,hasModifier,hasModifierBase,appearance_differs_flag,unicode_not_recommended) VALUES (1216, 1, 'Sierra Leone', '', 'flag-for-sierra-leone', 'flags', 'U+1F1F8U+1F1F1', 2, 1, 0, 0, 0, 0);
INSERT INTO emoji_codepoints (emoji_codepoint_id,emoji_id,codepoint_id,sequence_index) VALUES (1624, 1216, 215, 1),(1625, 1216, 208, 2);

INSERT INTO emoji (emoji_id,emoji_version_id,emoji_name,emoji_character,emojipedia_url_ext,emojipedia_category,codepoint_string,num_codepoints,hasComponent,hasModifier,hasModifierBase,appearance_differs_flag,unicode_not_recommended) VALUES (1217, 1, 'San Marino', '', 'flag-for-san-marino', 'flags', 'U+1F1F8U+1F1F2', 2, 1, 0, 0, 0, 0);
INSERT INTO emoji_codepoints (emoji_codepoint_id,emoji_id,codepoint_id,sequence_index) VALUES (1626, 1217, 215, 1),(1627, 1217, 209, 2);

INSERT INTO emoji (emoji_id,emoji_version_id,emoji_name,emoji_character,emojipedia_url_ext,emojipedia_category,codepoint_string,num_codepoints,hasComponent,hasModifier,hasModifierBase,appearance_differs_flag,unicode_not_recommended) VALUES (1218, 1, 'Senegal', '', 'flag-for-senegal', 'flags', 'U+1F1F8U+1F1F3', 2, 1, 0, 0, 0, 0);
INSERT INTO emoji_codepoints (emoji_codepoint_id,emoji_id,codepoint_id,sequence_index) VALUES (1628, 1218, 215, 1),(1629, 1218, 210, 2);

INSERT INTO emoji (emoji_id,emoji_version_id,emoji_name,emoji_character,emojipedia_url_ext,emojipedia_category,codepoint_string,num_codepoints,hasComponent,hasModifier,hasModifierBase,appearance_differs_flag,unicode_not_recommended) VALUES (1219, 1, 'Somalia', '', 'flag-for-somalia', 'flags', 'U+1F1F8U+1F1F4', 2, 1, 0, 0, 0, 0);
INSERT INTO emoji_codepoints (emoji_codepoint_id,emoji_id,codepoint_id,sequence_index) VALUES (1630, 1219, 215, 1),(1631, 1219, 211, 2);

INSERT INTO emoji (emoji_id,emoji_version_id,emoji_name,emoji_character,emojipedia_url_ext,emojipedia_category,codepoint_string,num_codepoints,hasComponent,hasModifier,hasModifierBase,appearance_differs_flag,unicode_not_recommended) VALUES (1220, 1, 'Suriname', '', 'flag-for-suriname', 'flags', 'U+1F1F8U+1F1F7', 2, 1, 0, 0, 0, 0);
INSERT INTO emoji_codepoints (emoji_codepoint_id,emoji_id,codepoint_id,sequence_index) VALUES (1632, 1220, 215, 1),(1633, 1220, 214, 2);

INSERT INTO emoji (emoji_id,emoji_version_id,emoji_name,emoji_character,emojipedia_url_ext,emojipedia_category,codepoint_string,num_codepoints,hasComponent,hasModifier,hasModifierBase,appearance_differs_flag,unicode_not_recommended) VALUES (1221, 1, 'South Sudan', '', 'flag-for-south-sudan', 'flags', 'U+1F1F8U+1F1F8', 2, 1, 0, 0, 0, 0);
INSERT INTO emoji_codepoints (emoji_codepoint_id,emoji_id,codepoint_id,sequence_index) VALUES (1634, 1221, 215, 1),(1635, 1221, 215, 2);

INSERT INTO emoji (emoji_id,emoji_version_id,emoji_name,emoji_character,emojipedia_url_ext,emojipedia_category,codepoint_string,num_codepoints,hasComponent,hasModifier,hasModifierBase,appearance_differs_flag,unicode_not_recommended) VALUES (1222, 1, 'So Tom & Prncipe', '', 'flag-for-sao-tome-principe', 'flags', 'U+1F1F8U+1F1F9', 2, 1, 0, 0, 0, 0);
INSERT INTO emoji_codepoints (emoji_codepoint_id,emoji_id,codepoint_id,sequence_index) VALUES (1636, 1222, 215, 1),(1637, 1222, 216, 2);

INSERT INTO emoji (emoji_id,emoji_version_id,emoji_name,emoji_character,emojipedia_url_ext,emojipedia_category,codepoint_string,num_codepoints,hasComponent,hasModifier,hasModifierBase,appearance_differs_flag,unicode_not_recommended) VALUES (1223, 1, 'El Salvador', '', 'flag-for-el-salvador', 'flags', 'U+1F1F8U+1F1FB', 2, 1, 0, 0, 0, 0);
INSERT INTO emoji_codepoints (emoji_codepoint_id,emoji_id,codepoint_id,sequence_index) VALUES (1638, 1223, 215, 1),(1639, 1223, 218, 2);

INSERT INTO emoji (emoji_id,emoji_version_id,emoji_name,emoji_character,emojipedia_url_ext,emojipedia_category,codepoint_string,num_codepoints,hasComponent,hasModifier,hasModifierBase,appearance_differs_flag,unicode_not_recommended) VALUES (1224, 1, 'Sint Maarten', '', 'flag-for-sint-maarten', 'flags', 'U+1F1F8U+1F1FD', 2, 1, 0, 0, 0, 0);
INSERT INTO emoji_codepoints (emoji_codepoint_id,emoji_id,codepoint_id,sequence_index) VALUES (1640, 1224, 215, 1),(1641, 1224, 220, 2);

INSERT INTO emoji (emoji_id,emoji_version_id,emoji_name,emoji_character,emojipedia_url_ext,emojipedia_category,codepoint_string,num_codepoints,hasComponent,hasModifier,hasModifierBase,appearance_differs_flag,unicode_not_recommended) VALUES (1225, 1, 'Syria', '', 'flag-for-syria', 'flags', 'U+1F1F8U+1F1FE', 2, 1, 0, 0, 0, 0);
INSERT INTO emoji_codepoints (emoji_codepoint_id,emoji_id,codepoint_id,sequence_index) VALUES (1642, 1225, 215, 1),(1643, 1225, 221, 2);

INSERT INTO emoji (emoji_id,emoji_version_id,emoji_name,emoji_character,emojipedia_url_ext,emojipedia_category,codepoint_string,num_codepoints,hasComponent,hasModifier,hasModifierBase,appearance_differs_flag,unicode_not_recommended) VALUES (1226, 1, 'Swaziland', '', 'flag-for-swaziland', 'flags', 'U+1F1F8U+1F1FF', 2, 1, 0, 0, 0, 0);
INSERT INTO emoji_codepoints (emoji_codepoint_id,emoji_id,codepoint_id,sequence_index) VALUES (1644, 1226, 215, 1),(1645, 1226, 222, 2);

INSERT INTO emoji (emoji_id,emoji_version_id,emoji_name,emoji_character,emojipedia_url_ext,emojipedia_category,codepoint_string,num_codepoints,hasComponent,hasModifier,hasModifierBase,appearance_differs_flag,unicode_not_recommended) VALUES (1227, 1, 'Tristan Da Cunha', '', 'flag-for-tristan-da-cunha', 'flags', 'U+1F1F9U+1F1E6', 2, 1, 0, 0, 0, 0);
INSERT INTO emoji_codepoints (emoji_codepoint_id,emoji_id,codepoint_id,sequence_index) VALUES (1646, 1227, 216, 1),(1647, 1227, 197, 2);

INSERT INTO emoji (emoji_id,emoji_version_id,emoji_name,emoji_character,emojipedia_url_ext,emojipedia_category,codepoint_string,num_codepoints,hasComponent,hasModifier,hasModifierBase,appearance_differs_flag,unicode_not_recommended) VALUES (1228, 1, 'Turks & Caicos Islands', '', 'flag-for-turks-caicos-islands', 'flags', 'U+1F1F9U+1F1E8', 2, 1, 0, 0, 0, 0);
INSERT INTO emoji_codepoints (emoji_codepoint_id,emoji_id,codepoint_id,sequence_index) VALUES (1648, 1228, 216, 1),(1649, 1228, 199, 2);

INSERT INTO emoji (emoji_id,emoji_version_id,emoji_name,emoji_character,emojipedia_url_ext,emojipedia_category,codepoint_string,num_codepoints,hasComponent,hasModifier,hasModifierBase,appearance_differs_flag,unicode_not_recommended) VALUES (1229, 1, 'Chad', '', 'flag-for-chad', 'flags', 'U+1F1F9U+1F1E9', 2, 1, 0, 0, 0, 0);
INSERT INTO emoji_codepoints (emoji_codepoint_id,emoji_id,codepoint_id,sequence_index) VALUES (1650, 1229, 216, 1),(1651, 1229, 200, 2);

INSERT INTO emoji (emoji_id,emoji_version_id,emoji_name,emoji_character,emojipedia_url_ext,emojipedia_category,codepoint_string,num_codepoints,hasComponent,hasModifier,hasModifierBase,appearance_differs_flag,unicode_not_recommended) VALUES (1230, 1, 'French Southern Territories', '', 'flag-for-french-southern-territories', 'flags', 'U+1F1F9U+1F1EB', 2, 1, 0, 0, 0, 0);
INSERT INTO emoji_codepoints (emoji_codepoint_id,emoji_id,codepoint_id,sequence_index) VALUES (1652, 1230, 216, 1),(1653, 1230, 202, 2);

INSERT INTO emoji (emoji_id,emoji_version_id,emoji_name,emoji_character,emojipedia_url_ext,emojipedia_category,codepoint_string,num_codepoints,hasComponent,hasModifier,hasModifierBase,appearance_differs_flag,unicode_not_recommended) VALUES (1231, 1, 'Togo', '', 'flag-for-togo', 'flags', 'U+1F1F9U+1F1EC', 2, 1, 0, 0, 0, 0);
INSERT INTO emoji_codepoints (emoji_codepoint_id,emoji_id,codepoint_id,sequence_index) VALUES (1654, 1231, 216, 1),(1655, 1231, 203, 2);

INSERT INTO emoji (emoji_id,emoji_version_id,emoji_name,emoji_character,emojipedia_url_ext,emojipedia_category,codepoint_string,num_codepoints,hasComponent,hasModifier,hasModifierBase,appearance_differs_flag,unicode_not_recommended) VALUES (1232, 1, 'Thailand', '', 'flag-for-thailand', 'flags', 'U+1F1F9U+1F1ED', 2, 1, 0, 0, 0, 0);
INSERT INTO emoji_codepoints (emoji_codepoint_id,emoji_id,codepoint_id,sequence_index) VALUES (1656, 1232, 216, 1),(1657, 1232, 204, 2);

INSERT INTO emoji (emoji_id,emoji_version_id,emoji_name,emoji_character,emojipedia_url_ext,emojipedia_category,codepoint_string,num_codepoints,hasComponent,hasModifier,hasModifierBase,appearance_differs_flag,unicode_not_recommended) VALUES (1233, 1, 'Tajikistan', '', 'flag-for-tajikistan', 'flags', 'U+1F1F9U+1F1EF', 2, 1, 0, 0, 0, 0);
INSERT INTO emoji_codepoints (emoji_codepoint_id,emoji_id,codepoint_id,sequence_index) VALUES (1658, 1233, 216, 1),(1659, 1233, 206, 2);

INSERT INTO emoji (emoji_id,emoji_version_id,emoji_name,emoji_character,emojipedia_url_ext,emojipedia_category,codepoint_string,num_codepoints,hasComponent,hasModifier,hasModifierBase,appearance_differs_flag,unicode_not_recommended) VALUES (1234, 1, 'Tokelau', '', 'flag-for-tokelau', 'flags', 'U+1F1F9U+1F1F0', 2, 1, 0, 0, 0, 0);
INSERT INTO emoji_codepoints (emoji_codepoint_id,emoji_id,codepoint_id,sequence_index) VALUES (1660, 1234, 216, 1),(1661, 1234, 207, 2);

INSERT INTO emoji (emoji_id,emoji_version_id,emoji_name,emoji_character,emojipedia_url_ext,emojipedia_category,codepoint_string,num_codepoints,hasComponent,hasModifier,hasModifierBase,appearance_differs_flag,unicode_not_recommended) VALUES (1235, 1, 'Timor-Leste', '', 'flag-for-timor-leste', 'flags', 'U+1F1F9U+1F1F1', 2, 1, 0, 0, 0, 0);
INSERT INTO emoji_codepoints (emoji_codepoint_id,emoji_id,codepoint_id,sequence_index) VALUES (1662, 1235, 216, 1),(1663, 1235, 208, 2);

INSERT INTO emoji (emoji_id,emoji_version_id,emoji_name,emoji_character,emojipedia_url_ext,emojipedia_category,codepoint_string,num_codepoints,hasComponent,hasModifier,hasModifierBase,appearance_differs_flag,unicode_not_recommended) VALUES (1236, 1, 'Turkmenistan', '', 'flag-for-turkmenistan', 'flags', 'U+1F1F9U+1F1F2', 2, 1, 0, 0, 0, 0);
INSERT INTO emoji_codepoints (emoji_codepoint_id,emoji_id,codepoint_id,sequence_index) VALUES (1664, 1236, 216, 1),(1665, 1236, 209, 2);

INSERT INTO emoji (emoji_id,emoji_version_id,emoji_name,emoji_character,emojipedia_url_ext,emojipedia_category,codepoint_string,num_codepoints,hasComponent,hasModifier,hasModifierBase,appearance_differs_flag,unicode_not_recommended) VALUES (1237, 1, 'Tunisia', '', 'flag-for-tunisia', 'flags', 'U+1F1F9U+1F1F3', 2, 1, 0, 0, 0, 0);
INSERT INTO emoji_codepoints (emoji_codepoint_id,emoji_id,codepoint_id,sequence_index) VALUES (1666, 1237, 216, 1),(1667, 1237, 210, 2);

INSERT INTO emoji (emoji_id,emoji_version_id,emoji_name,emoji_character,emojipedia_url_ext,emojipedia_category,codepoint_string,num_codepoints,hasComponent,hasModifier,hasModifierBase,appearance_differs_flag,unicode_not_recommended) VALUES (1238, 1, 'Tonga', '', 'flag-for-tonga', 'flags', 'U+1F1F9U+1F1F4', 2, 1, 0, 0, 0, 0);
INSERT INTO emoji_codepoints (emoji_codepoint_id,emoji_id,codepoint_id,sequence_index) VALUES (1668, 1238, 216, 1),(1669, 1238, 211, 2);

INSERT INTO emoji (emoji_id,emoji_version_id,emoji_name,emoji_character,emojipedia_url_ext,emojipedia_category,codepoint_string,num_codepoints,hasComponent,hasModifier,hasModifierBase,appearance_differs_flag,unicode_not_recommended) VALUES (1239, 1, 'Turkey', '', 'flag-for-turkey', 'flags', 'U+1F1F9U+1F1F7', 2, 1, 0, 0, 0, 0);
INSERT INTO emoji_codepoints (emoji_codepoint_id,emoji_id,codepoint_id,sequence_index) VALUES (1670, 1239, 216, 1),(1671, 1239, 214, 2);

INSERT INTO emoji (emoji_id,emoji_version_id,emoji_name,emoji_character,emojipedia_url_ext,emojipedia_category,codepoint_string,num_codepoints,hasComponent,hasModifier,hasModifierBase,appearance_differs_flag,unicode_not_recommended) VALUES (1240, 1, 'Trinidad & Tobago', '', 'flag-for-trinidad-tobago', 'flags', 'U+1F1F9U+1F1F9', 2, 1, 0, 0, 0, 0);
INSERT INTO emoji_codepoints (emoji_codepoint_id,emoji_id,codepoint_id,sequence_index) VALUES (1672, 1240, 216, 1),(1673, 1240, 216, 2);

INSERT INTO emoji (emoji_id,emoji_version_id,emoji_name,emoji_character,emojipedia_url_ext,emojipedia_category,codepoint_string,num_codepoints,hasComponent,hasModifier,hasModifierBase,appearance_differs_flag,unicode_not_recommended) VALUES (1241, 1, 'Tuvalu', '', 'flag-for-tuvalu', 'flags', 'U+1F1F9U+1F1FB', 2, 1, 0, 0, 0, 0);
INSERT INTO emoji_codepoints (emoji_codepoint_id,emoji_id,codepoint_id,sequence_index) VALUES (1674, 1241, 216, 1),(1675, 1241, 218, 2);

INSERT INTO emoji (emoji_id,emoji_version_id,emoji_name,emoji_character,emojipedia_url_ext,emojipedia_category,codepoint_string,num_codepoints,hasComponent,hasModifier,hasModifierBase,appearance_differs_flag,unicode_not_recommended) VALUES (1242, 1, 'Taiwan', '', 'flag-for-taiwan', 'flags', 'U+1F1F9U+1F1FC', 2, 1, 0, 0, 0, 0);
INSERT INTO emoji_codepoints (emoji_codepoint_id,emoji_id,codepoint_id,sequence_index) VALUES (1676, 1242, 216, 1),(1677, 1242, 219, 2);

INSERT INTO emoji (emoji_id,emoji_version_id,emoji_name,emoji_character,emojipedia_url_ext,emojipedia_category,codepoint_string,num_codepoints,hasComponent,hasModifier,hasModifierBase,appearance_differs_flag,unicode_not_recommended) VALUES (1243, 1, 'Tanzania', '', 'flag-for-tanzania', 'flags', 'U+1F1F9U+1F1FF', 2, 1, 0, 0, 0, 0);
INSERT INTO emoji_codepoints (emoji_codepoint_id,emoji_id,codepoint_id,sequence_index) VALUES (1678, 1243, 216, 1),(1679, 1243, 222, 2);

INSERT INTO emoji (emoji_id,emoji_version_id,emoji_name,emoji_character,emojipedia_url_ext,emojipedia_category,codepoint_string,num_codepoints,hasComponent,hasModifier,hasModifierBase,appearance_differs_flag,unicode_not_recommended) VALUES (1244, 1, 'Ukraine', '', 'flag-for-ukraine', 'flags', 'U+1F1FAU+1F1E6', 2, 1, 0, 0, 0, 0);
INSERT INTO emoji_codepoints (emoji_codepoint_id,emoji_id,codepoint_id,sequence_index) VALUES (1680, 1244, 217, 1),(1681, 1244, 197, 2);

INSERT INTO emoji (emoji_id,emoji_version_id,emoji_name,emoji_character,emojipedia_url_ext,emojipedia_category,codepoint_string,num_codepoints,hasComponent,hasModifier,hasModifierBase,appearance_differs_flag,unicode_not_recommended) VALUES (1245, 1, 'Uganda', '', 'flag-for-uganda', 'flags', 'U+1F1FAU+1F1EC', 2, 1, 0, 0, 0, 0);
INSERT INTO emoji_codepoints (emoji_codepoint_id,emoji_id,codepoint_id,sequence_index) VALUES (1682, 1245, 217, 1),(1683, 1245, 203, 2);

INSERT INTO emoji (emoji_id,emoji_version_id,emoji_name,emoji_character,emojipedia_url_ext,emojipedia_category,codepoint_string,num_codepoints,hasComponent,hasModifier,hasModifierBase,appearance_differs_flag,unicode_not_recommended) VALUES (1246, 1, 'U.S. Outlying Islands', '', 'flag-for-us-outlying-islands', 'flags', 'U+1F1FAU+1F1F2', 2, 1, 0, 0, 0, 0);
INSERT INTO emoji_codepoints (emoji_codepoint_id,emoji_id,codepoint_id,sequence_index) VALUES (1684, 1246, 217, 1),(1685, 1246, 209, 2);

INSERT INTO emoji (emoji_id,emoji_version_id,emoji_name,emoji_character,emojipedia_url_ext,emojipedia_category,codepoint_string,num_codepoints,hasComponent,hasModifier,hasModifierBase,appearance_differs_flag,unicode_not_recommended) VALUES (1247, 1, 'United States', '', 'flag-for-united-states', 'flags', 'U+1F1FAU+1F1F8', 2, 1, 0, 0, 0, 0);
INSERT INTO emoji_codepoints (emoji_codepoint_id,emoji_id,codepoint_id,sequence_index) VALUES (1686, 1247, 217, 1),(1687, 1247, 215, 2);

INSERT INTO emoji (emoji_id,emoji_version_id,emoji_name,emoji_character,emojipedia_url_ext,emojipedia_category,codepoint_string,num_codepoints,hasComponent,hasModifier,hasModifierBase,appearance_differs_flag,unicode_not_recommended) VALUES (1248, 1, 'Uruguay', '', 'flag-for-uruguay', 'flags', 'U+1F1FAU+1F1FE', 2, 1, 0, 0, 0, 0);
INSERT INTO emoji_codepoints (emoji_codepoint_id,emoji_id,codepoint_id,sequence_index) VALUES (1688, 1248, 217, 1),(1689, 1248, 221, 2);

INSERT INTO emoji (emoji_id,emoji_version_id,emoji_name,emoji_character,emojipedia_url_ext,emojipedia_category,codepoint_string,num_codepoints,hasComponent,hasModifier,hasModifierBase,appearance_differs_flag,unicode_not_recommended) VALUES (1249, 1, 'Uzbekistan', '', 'flag-for-uzbekistan', 'flags', 'U+1F1FAU+1F1FF', 2, 1, 0, 0, 0, 0);
INSERT INTO emoji_codepoints (emoji_codepoint_id,emoji_id,codepoint_id,sequence_index) VALUES (1690, 1249, 217, 1),(1691, 1249, 222, 2);

INSERT INTO emoji (emoji_id,emoji_version_id,emoji_name,emoji_character,emojipedia_url_ext,emojipedia_category,codepoint_string,num_codepoints,hasComponent,hasModifier,hasModifierBase,appearance_differs_flag,unicode_not_recommended) VALUES (1250, 1, 'Vatican City', '', 'flag-for-vatican-city', 'flags', 'U+1F1FBU+1F1E6', 2, 1, 0, 0, 0, 0);
INSERT INTO emoji_codepoints (emoji_codepoint_id,emoji_id,codepoint_id,sequence_index) VALUES (1692, 1250, 218, 1),(1693, 1250, 197, 2);

INSERT INTO emoji (emoji_id,emoji_version_id,emoji_name,emoji_character,emojipedia_url_ext,emojipedia_category,codepoint_string,num_codepoints,hasComponent,hasModifier,hasModifierBase,appearance_differs_flag,unicode_not_recommended) VALUES (1251, 1, 'St. Vincent & Grenadines', '', 'flag-for-st-vincent-grenadines', 'flags', 'U+1F1FBU+1F1E8', 2, 1, 0, 0, 0, 0);
INSERT INTO emoji_codepoints (emoji_codepoint_id,emoji_id,codepoint_id,sequence_index) VALUES (1694, 1251, 218, 1),(1695, 1251, 199, 2);

INSERT INTO emoji (emoji_id,emoji_version_id,emoji_name,emoji_character,emojipedia_url_ext,emojipedia_category,codepoint_string,num_codepoints,hasComponent,hasModifier,hasModifierBase,appearance_differs_flag,unicode_not_recommended) VALUES (1252, 1, 'Venezuela', '', 'flag-for-venezuela', 'flags', 'U+1F1FBU+1F1EA', 2, 1, 0, 0, 0, 0);
INSERT INTO emoji_codepoints (emoji_codepoint_id,emoji_id,codepoint_id,sequence_index) VALUES (1696, 1252, 218, 1),(1697, 1252, 201, 2);

INSERT INTO emoji (emoji_id,emoji_version_id,emoji_name,emoji_character,emojipedia_url_ext,emojipedia_category,codepoint_string,num_codepoints,hasComponent,hasModifier,hasModifierBase,appearance_differs_flag,unicode_not_recommended) VALUES (1253, 1, 'British Virgin Islands', '', 'flag-for-british-virgin-islands', 'flags', 'U+1F1FBU+1F1EC', 2, 1, 0, 0, 0, 0);
INSERT INTO emoji_codepoints (emoji_codepoint_id,emoji_id,codepoint_id,sequence_index) VALUES (1698, 1253, 218, 1),(1699, 1253, 203, 2);

INSERT INTO emoji (emoji_id,emoji_version_id,emoji_name,emoji_character,emojipedia_url_ext,emojipedia_category,codepoint_string,num_codepoints,hasComponent,hasModifier,hasModifierBase,appearance_differs_flag,unicode_not_recommended) VALUES (1254, 1, 'U.S. Virgin Islands', '', 'flag-for-us-virgin-islands', 'flags', 'U+1F1FBU+1F1EE', 2, 1, 0, 0, 0, 0);
INSERT INTO emoji_codepoints (emoji_codepoint_id,emoji_id,codepoint_id,sequence_index) VALUES (1700, 1254, 218, 1),(1701, 1254, 205, 2);

INSERT INTO emoji (emoji_id,emoji_version_id,emoji_name,emoji_character,emojipedia_url_ext,emojipedia_category,codepoint_string,num_codepoints,hasComponent,hasModifier,hasModifierBase,appearance_differs_flag,unicode_not_recommended) VALUES (1255, 1, 'Vietnam', '', 'flag-for-vietnam', 'flags', 'U+1F1FBU+1F1F3', 2, 1, 0, 0, 0, 0);
INSERT INTO emoji_codepoints (emoji_codepoint_id,emoji_id,codepoint_id,sequence_index) VALUES (1702, 1255, 218, 1),(1703, 1255, 210, 2);

INSERT INTO emoji (emoji_id,emoji_version_id,emoji_name,emoji_character,emojipedia_url_ext,emojipedia_category,codepoint_string,num_codepoints,hasComponent,hasModifier,hasModifierBase,appearance_differs_flag,unicode_not_recommended) VALUES (1256, 1, 'Vanuatu', '', 'flag-for-vanuatu', 'flags', 'U+1F1FBU+1F1FA', 2, 1, 0, 0, 0, 0);
INSERT INTO emoji_codepoints (emoji_codepoint_id,emoji_id,codepoint_id,sequence_index) VALUES (1704, 1256, 218, 1),(1705, 1256, 217, 2);

INSERT INTO emoji (emoji_id,emoji_version_id,emoji_name,emoji_character,emojipedia_url_ext,emojipedia_category,codepoint_string,num_codepoints,hasComponent,hasModifier,hasModifierBase,appearance_differs_flag,unicode_not_recommended) VALUES (1257, 1, 'Wallis & Futuna', '', 'flag-for-wallis-futuna', 'flags', 'U+1F1FCU+1F1EB', 2, 1, 0, 0, 0, 0);
INSERT INTO emoji_codepoints (emoji_codepoint_id,emoji_id,codepoint_id,sequence_index) VALUES (1706, 1257, 219, 1),(1707, 1257, 202, 2);

INSERT INTO emoji (emoji_id,emoji_version_id,emoji_name,emoji_character,emojipedia_url_ext,emojipedia_category,codepoint_string,num_codepoints,hasComponent,hasModifier,hasModifierBase,appearance_differs_flag,unicode_not_recommended) VALUES (1258, 1, 'Samoa', '', 'flag-for-samoa', 'flags', 'U+1F1FCU+1F1F8', 2, 1, 0, 0, 0, 0);
INSERT INTO emoji_codepoints (emoji_codepoint_id,emoji_id,codepoint_id,sequence_index) VALUES (1708, 1258, 219, 1),(1709, 1258, 215, 2);

INSERT INTO emoji (emoji_id,emoji_version_id,emoji_name,emoji_character,emojipedia_url_ext,emojipedia_category,codepoint_string,num_codepoints,hasComponent,hasModifier,hasModifierBase,appearance_differs_flag,unicode_not_recommended) VALUES (1259, 1, 'Kosovo', '', 'flag-for-kosovo', 'flags', 'U+1F1FDU+1F1F0', 2, 1, 0, 0, 0, 0);
INSERT INTO emoji_codepoints (emoji_codepoint_id,emoji_id,codepoint_id,sequence_index) VALUES (1710, 1259, 220, 1),(1711, 1259, 207, 2);

INSERT INTO emoji (emoji_id,emoji_version_id,emoji_name,emoji_character,emojipedia_url_ext,emojipedia_category,codepoint_string,num_codepoints,hasComponent,hasModifier,hasModifierBase,appearance_differs_flag,unicode_not_recommended) VALUES (1260, 1, 'Yemen', '', 'flag-for-yemen', 'flags', 'U+1F1FEU+1F1EA', 2, 1, 0, 0, 0, 0);
INSERT INTO emoji_codepoints (emoji_codepoint_id,emoji_id,codepoint_id,sequence_index) VALUES (1712, 1260, 221, 1),(1713, 1260, 201, 2);

INSERT INTO emoji (emoji_id,emoji_version_id,emoji_name,emoji_character,emojipedia_url_ext,emojipedia_category,codepoint_string,num_codepoints,hasComponent,hasModifier,hasModifierBase,appearance_differs_flag,unicode_not_recommended) VALUES (1261, 1, 'Mayotte', '', 'flag-for-mayotte', 'flags', 'U+1F1FEU+1F1F9', 2, 1, 0, 0, 0, 0);
INSERT INTO emoji_codepoints (emoji_codepoint_id,emoji_id,codepoint_id,sequence_index) VALUES (1714, 1261, 221, 1),(1715, 1261, 216, 2);

INSERT INTO emoji (emoji_id,emoji_version_id,emoji_name,emoji_character,emojipedia_url_ext,emojipedia_category,codepoint_string,num_codepoints,hasComponent,hasModifier,hasModifierBase,appearance_differs_flag,unicode_not_recommended) VALUES (1262, 1, 'South Africa', '', 'flag-for-south-africa', 'flags', 'U+1F1FFU+1F1E6', 2, 1, 0, 0, 0, 0);
INSERT INTO emoji_codepoints (emoji_codepoint_id,emoji_id,codepoint_id,sequence_index) VALUES (1716, 1262, 222, 1),(1717, 1262, 197, 2);

INSERT INTO emoji (emoji_id,emoji_version_id,emoji_name,emoji_character,emojipedia_url_ext,emojipedia_category,codepoint_string,num_codepoints,hasComponent,hasModifier,hasModifierBase,appearance_differs_flag,unicode_not_recommended) VALUES (1263, 1, 'Zambia', '', 'flag-for-zambia', 'flags', 'U+1F1FFU+1F1F2', 2, 1, 0, 0, 0, 0);
INSERT INTO emoji_codepoints (emoji_codepoint_id,emoji_id,codepoint_id,sequence_index) VALUES (1718, 1263, 222, 1),(1719, 1263, 209, 2);

INSERT INTO emoji (emoji_id,emoji_version_id,emoji_name,emoji_character,emojipedia_url_ext,emojipedia_category,codepoint_string,num_codepoints,hasComponent,hasModifier,hasModifierBase,appearance_differs_flag,unicode_not_recommended) VALUES (1264, 1, 'Zimbabwe', '', 'flag-for-zimbabwe', 'flags', 'U+1F1FFU+1F1FC', 2, 1, 0, 0, 0, 0);
INSERT INTO emoji_codepoints (emoji_codepoint_id,emoji_id,codepoint_id,sequence_index) VALUES (1720, 1264, 222, 1),(1721, 1264, 219, 2);

INSERT INTO emoji (emoji_id,emoji_version_id,emoji_name,emoji_character,emojipedia_url_ext,emojipedia_category,codepoint_string,num_codepoints,hasComponent,hasModifier,hasModifierBase,appearance_differs_flag,unicode_not_recommended) VALUES (1265, 1, 'Light Skin Tone', '', 'emoji-modifier-fitzpatrick-type-1-2', NULL, 'U+1F3FB', 1, 1, 1, 0, 0, 0);
INSERT INTO emoji_codepoints (emoji_codepoint_id,emoji_id,codepoint_id,sequence_index) VALUES (1722, 1265, 479, 1);

INSERT INTO emoji (emoji_id,emoji_version_id,emoji_name,emoji_character,emojipedia_url_ext,emojipedia_category,codepoint_string,num_codepoints,hasComponent,hasModifier,hasModifierBase,appearance_differs_flag,unicode_not_recommended) VALUES (1266, 1, 'Medium-Light Skin Tone', '', 'emoji-modifier-fitzpatrick-type-3', NULL, 'U+1F3FC', 1, 1, 1, 0, 0, 0);
INSERT INTO emoji_codepoints (emoji_codepoint_id,emoji_id,codepoint_id,sequence_index) VALUES (1723, 1266, 480, 1);

INSERT INTO emoji (emoji_id,emoji_version_id,emoji_name,emoji_character,emojipedia_url_ext,emojipedia_category,codepoint_string,num_codepoints,hasComponent,hasModifier,hasModifierBase,appearance_differs_flag,unicode_not_recommended) VALUES (1267, 1, 'Medium Skin Tone', '', 'emoji-modifier-fitzpatrick-type-4', NULL, 'U+1F3FD', 1, 1, 1, 0, 0, 0);
INSERT INTO emoji_codepoints (emoji_codepoint_id,emoji_id,codepoint_id,sequence_index) VALUES (1724, 1267, 481, 1);

INSERT INTO emoji (emoji_id,emoji_version_id,emoji_name,emoji_character,emojipedia_url_ext,emojipedia_category,codepoint_string,num_codepoints,hasComponent,hasModifier,hasModifierBase,appearance_differs_flag,unicode_not_recommended) VALUES (1268, 1, 'Medium-Dark Skin Tone', '', 'emoji-modifier-fitzpatrick-type-5', NULL, 'U+1F3FE', 1, 1, 1, 0, 0, 0);
INSERT INTO emoji_codepoints (emoji_codepoint_id,emoji_id,codepoint_id,sequence_index) VALUES (1725, 1268, 482, 1);

INSERT INTO emoji (emoji_id,emoji_version_id,emoji_name,emoji_character,emojipedia_url_ext,emojipedia_category,codepoint_string,num_codepoints,hasComponent,hasModifier,hasModifierBase,appearance_differs_flag,unicode_not_recommended) VALUES (1269, 1, 'Dark Skin Tone', '', 'emoji-modifier-fitzpatrick-type-6', NULL, 'U+1F3FF', 1, 1, 1, 0, 0, 0);
INSERT INTO emoji_codepoints (emoji_codepoint_id,emoji_id,codepoint_id,sequence_index) VALUES (1726, 1269, 483, 1);

INSERT INTO emoji (emoji_id,emoji_version_id,emoji_name,emoji_character,emojipedia_url_ext,emojipedia_category,codepoint_string,num_codepoints,hasComponent,hasModifier,hasModifierBase,appearance_differs_flag,unicode_not_recommended) VALUES (1270, 2, 'Baby: Light Skin Tone', '', 'baby-type-1-2', NULL, 'U+1F476U+1F3FB', 2, 1, 1, 1, 0, 0);
INSERT INTO emoji_codepoints (emoji_codepoint_id,emoji_id,codepoint_id,sequence_index) VALUES (1727, 1270, 602, 1),(1728, 1270, 479, 2);

INSERT INTO emoji (emoji_id,emoji_version_id,emoji_name,emoji_character,emojipedia_url_ext,emojipedia_category,codepoint_string,num_codepoints,hasComponent,hasModifier,hasModifierBase,appearance_differs_flag,unicode_not_recommended) VALUES (1271, 2, 'Baby: Medium-Light Skin Tone', '', 'baby-type-3', NULL, 'U+1F476U+1F3FC', 2, 1, 1, 1, 0, 0);
INSERT INTO emoji_codepoints (emoji_codepoint_id,emoji_id,codepoint_id,sequence_index) VALUES (1729, 1271, 602, 1),(1730, 1271, 480, 2);

INSERT INTO emoji (emoji_id,emoji_version_id,emoji_name,emoji_character,emojipedia_url_ext,emojipedia_category,codepoint_string,num_codepoints,hasComponent,hasModifier,hasModifierBase,appearance_differs_flag,unicode_not_recommended) VALUES (1272, 2, 'Baby: Medium Skin Tone', '', 'baby-type-4', NULL, 'U+1F476U+1F3FD', 2, 1, 1, 1, 0, 0);
INSERT INTO emoji_codepoints (emoji_codepoint_id,emoji_id,codepoint_id,sequence_index) VALUES (1731, 1272, 602, 1),(1732, 1272, 481, 2);

INSERT INTO emoji (emoji_id,emoji_version_id,emoji_name,emoji_character,emojipedia_url_ext,emojipedia_category,codepoint_string,num_codepoints,hasComponent,hasModifier,hasModifierBase,appearance_differs_flag,unicode_not_recommended) VALUES (1273, 2, 'Baby: Medium-Dark Skin Tone', '', 'baby-type-5', NULL, 'U+1F476U+1F3FE', 2, 1, 1, 1, 0, 0);
INSERT INTO emoji_codepoints (emoji_codepoint_id,emoji_id,codepoint_id,sequence_index) VALUES (1733, 1273, 602, 1),(1734, 1273, 482, 2);

INSERT INTO emoji (emoji_id,emoji_version_id,emoji_name,emoji_character,emojipedia_url_ext,emojipedia_category,codepoint_string,num_codepoints,hasComponent,hasModifier,hasModifierBase,appearance_differs_flag,unicode_not_recommended) VALUES (1274, 2, 'Baby: Dark Skin Tone', '', 'baby-type-6', NULL, 'U+1F476U+1F3FF', 2, 1, 1, 1, 0, 0);
INSERT INTO emoji_codepoints (emoji_codepoint_id,emoji_id,codepoint_id,sequence_index) VALUES (1735, 1274, 602, 1),(1736, 1274, 483, 2);

INSERT INTO emoji (emoji_id,emoji_version_id,emoji_name,emoji_character,emojipedia_url_ext,emojipedia_category,codepoint_string,num_codepoints,hasComponent,hasModifier,hasModifierBase,appearance_differs_flag,unicode_not_recommended) VALUES (1275, 2, 'Boy: Light Skin Tone', '', 'boy-type-1-2', NULL, 'U+1F466U+1F3FB', 2, 1, 1, 1, 0, 0);
INSERT INTO emoji_codepoints (emoji_codepoint_id,emoji_id,codepoint_id,sequence_index) VALUES (1737, 1275, 586, 1),(1738, 1275, 479, 2);

INSERT INTO emoji (emoji_id,emoji_version_id,emoji_name,emoji_character,emojipedia_url_ext,emojipedia_category,codepoint_string,num_codepoints,hasComponent,hasModifier,hasModifierBase,appearance_differs_flag,unicode_not_recommended) VALUES (1276, 2, 'Boy: Medium-Light Skin Tone', '', 'boy-type-3', NULL, 'U+1F466U+1F3FC', 2, 1, 1, 1, 0, 0);
INSERT INTO emoji_codepoints (emoji_codepoint_id,emoji_id,codepoint_id,sequence_index) VALUES (1739, 1276, 586, 1),(1740, 1276, 480, 2);

INSERT INTO emoji (emoji_id,emoji_version_id,emoji_name,emoji_character,emojipedia_url_ext,emojipedia_category,codepoint_string,num_codepoints,hasComponent,hasModifier,hasModifierBase,appearance_differs_flag,unicode_not_recommended) VALUES (1277, 2, 'Boy: Medium Skin Tone', '', 'boy-type-4', NULL, 'U+1F466U+1F3FD', 2, 1, 1, 1, 0, 0);
INSERT INTO emoji_codepoints (emoji_codepoint_id,emoji_id,codepoint_id,sequence_index) VALUES (1741, 1277, 586, 1),(1742, 1277, 481, 2);

INSERT INTO emoji (emoji_id,emoji_version_id,emoji_name,emoji_character,emojipedia_url_ext,emojipedia_category,codepoint_string,num_codepoints,hasComponent,hasModifier,hasModifierBase,appearance_differs_flag,unicode_not_recommended) VALUES (1278, 2, 'Boy: Medium-Dark Skin Tone', '', 'boy-type-5', NULL, 'U+1F466U+1F3FE', 2, 1, 1, 1, 0, 0);
INSERT INTO emoji_codepoints (emoji_codepoint_id,emoji_id,codepoint_id,sequence_index) VALUES (1743, 1278, 586, 1),(1744, 1278, 482, 2);

INSERT INTO emoji (emoji_id,emoji_version_id,emoji_name,emoji_character,emojipedia_url_ext,emojipedia_category,codepoint_string,num_codepoints,hasComponent,hasModifier,hasModifierBase,appearance_differs_flag,unicode_not_recommended) VALUES (1279, 2, 'Boy: Dark Skin Tone', '', 'boy-type-6', NULL, 'U+1F466U+1F3FF', 2, 1, 1, 1, 0, 0);
INSERT INTO emoji_codepoints (emoji_codepoint_id,emoji_id,codepoint_id,sequence_index) VALUES (1745, 1279, 586, 1),(1746, 1279, 483, 2);

INSERT INTO emoji (emoji_id,emoji_version_id,emoji_name,emoji_character,emojipedia_url_ext,emojipedia_category,codepoint_string,num_codepoints,hasComponent,hasModifier,hasModifierBase,appearance_differs_flag,unicode_not_recommended) VALUES (1280, 2, 'Girl: Light Skin Tone', '', 'girl-type-1-2', NULL, 'U+1F467U+1F3FB', 2, 1, 1, 1, 0, 0);
INSERT INTO emoji_codepoints (emoji_codepoint_id,emoji_id,codepoint_id,sequence_index) VALUES (1747, 1280, 587, 1),(1748, 1280, 479, 2);

INSERT INTO emoji (emoji_id,emoji_version_id,emoji_name,emoji_character,emojipedia_url_ext,emojipedia_category,codepoint_string,num_codepoints,hasComponent,hasModifier,hasModifierBase,appearance_differs_flag,unicode_not_recommended) VALUES (1281, 2, 'Girl: Medium-Light Skin Tone', '', 'girl-type-3', NULL, 'U+1F467U+1F3FC', 2, 1, 1, 1, 0, 0);
INSERT INTO emoji_codepoints (emoji_codepoint_id,emoji_id,codepoint_id,sequence_index) VALUES (1749, 1281, 587, 1),(1750, 1281, 480, 2);

INSERT INTO emoji (emoji_id,emoji_version_id,emoji_name,emoji_character,emojipedia_url_ext,emojipedia_category,codepoint_string,num_codepoints,hasComponent,hasModifier,hasModifierBase,appearance_differs_flag,unicode_not_recommended) VALUES (1282, 2, 'Girl: Medium Skin Tone', '', 'girl-type-4', NULL, 'U+1F467U+1F3FD', 2, 1, 1, 1, 0, 0);
INSERT INTO emoji_codepoints (emoji_codepoint_id,emoji_id,codepoint_id,sequence_index) VALUES (1751, 1282, 587, 1),(1752, 1282, 481, 2);

INSERT INTO emoji (emoji_id,emoji_version_id,emoji_name,emoji_character,emojipedia_url_ext,emojipedia_category,codepoint_string,num_codepoints,hasComponent,hasModifier,hasModifierBase,appearance_differs_flag,unicode_not_recommended) VALUES (1283, 2, 'Girl: Medium-Dark Skin Tone', '', 'girl-type-5', NULL, 'U+1F467U+1F3FE', 2, 1, 1, 1, 0, 0);
INSERT INTO emoji_codepoints (emoji_codepoint_id,emoji_id,codepoint_id,sequence_index) VALUES (1753, 1283, 587, 1),(1754, 1283, 482, 2);

INSERT INTO emoji (emoji_id,emoji_version_id,emoji_name,emoji_character,emojipedia_url_ext,emojipedia_category,codepoint_string,num_codepoints,hasComponent,hasModifier,hasModifierBase,appearance_differs_flag,unicode_not_recommended) VALUES (1284, 2, 'Girl: Dark Skin Tone', '', 'girl-type-6', NULL, 'U+1F467U+1F3FF', 2, 1, 1, 1, 0, 0);
INSERT INTO emoji_codepoints (emoji_codepoint_id,emoji_id,codepoint_id,sequence_index) VALUES (1755, 1284, 587, 1),(1756, 1284, 483, 2);

INSERT INTO emoji (emoji_id,emoji_version_id,emoji_name,emoji_character,emojipedia_url_ext,emojipedia_category,codepoint_string,num_codepoints,hasComponent,hasModifier,hasModifierBase,appearance_differs_flag,unicode_not_recommended) VALUES (1285, 2, 'Man: Light Skin Tone', '', 'man-type-1-2', NULL, 'U+1F468U+1F3FB', 2, 1, 1, 1, 0, 0);
INSERT INTO emoji_codepoints (emoji_codepoint_id,emoji_id,codepoint_id,sequence_index) VALUES (1757, 1285, 588, 1),(1758, 1285, 479, 2);

INSERT INTO emoji (emoji_id,emoji_version_id,emoji_name,emoji_character,emojipedia_url_ext,emojipedia_category,codepoint_string,num_codepoints,hasComponent,hasModifier,hasModifierBase,appearance_differs_flag,unicode_not_recommended) VALUES (1286, 2, 'Man: Medium-Light Skin Tone', '', 'man-type-3', NULL, 'U+1F468U+1F3FC', 2, 1, 1, 1, 0, 0);
INSERT INTO emoji_codepoints (emoji_codepoint_id,emoji_id,codepoint_id,sequence_index) VALUES (1759, 1286, 588, 1),(1760, 1286, 480, 2);

INSERT INTO emoji (emoji_id,emoji_version_id,emoji_name,emoji_character,emojipedia_url_ext,emojipedia_category,codepoint_string,num_codepoints,hasComponent,hasModifier,hasModifierBase,appearance_differs_flag,unicode_not_recommended) VALUES (1287, 2, 'Man: Medium Skin Tone', '', 'man-type-4', NULL, 'U+1F468U+1F3FD', 2, 1, 1, 1, 0, 0);
INSERT INTO emoji_codepoints (emoji_codepoint_id,emoji_id,codepoint_id,sequence_index) VALUES (1761, 1287, 588, 1),(1762, 1287, 481, 2);

INSERT INTO emoji (emoji_id,emoji_version_id,emoji_name,emoji_character,emojipedia_url_ext,emojipedia_category,codepoint_string,num_codepoints,hasComponent,hasModifier,hasModifierBase,appearance_differs_flag,unicode_not_recommended) VALUES (1288, 2, 'Man: Medium-Dark Skin Tone', '', 'man-type-5', NULL, 'U+1F468U+1F3FE', 2, 1, 1, 1, 0, 0);
INSERT INTO emoji_codepoints (emoji_codepoint_id,emoji_id,codepoint_id,sequence_index) VALUES (1763, 1288, 588, 1),(1764, 1288, 482, 2);

INSERT INTO emoji (emoji_id,emoji_version_id,emoji_name,emoji_character,emojipedia_url_ext,emojipedia_category,codepoint_string,num_codepoints,hasComponent,hasModifier,hasModifierBase,appearance_differs_flag,unicode_not_recommended) VALUES (1289, 2, 'Man: Dark Skin Tone', '', 'man-type-6', NULL, 'U+1F468U+1F3FF', 2, 1, 1, 1, 0, 0);
INSERT INTO emoji_codepoints (emoji_codepoint_id,emoji_id,codepoint_id,sequence_index) VALUES (1765, 1289, 588, 1),(1766, 1289, 483, 2);

INSERT INTO emoji (emoji_id,emoji_version_id,emoji_name,emoji_character,emojipedia_url_ext,emojipedia_category,codepoint_string,num_codepoints,hasComponent,hasModifier,hasModifierBase,appearance_differs_flag,unicode_not_recommended) VALUES (1290, 2, 'Woman: Light Skin Tone', '', 'woman-type-1-2', NULL, 'U+1F469U+1F3FB', 2, 1, 1, 1, 0, 0);
INSERT INTO emoji_codepoints (emoji_codepoint_id,emoji_id,codepoint_id,sequence_index) VALUES (1767, 1290, 589, 1),(1768, 1290, 479, 2);

INSERT INTO emoji (emoji_id,emoji_version_id,emoji_name,emoji_character,emojipedia_url_ext,emojipedia_category,codepoint_string,num_codepoints,hasComponent,hasModifier,hasModifierBase,appearance_differs_flag,unicode_not_recommended) VALUES (1291, 2, 'Woman: Medium-Light Skin Tone', '', 'woman-type-3', NULL, 'U+1F469U+1F3FC', 2, 1, 1, 1, 0, 0);
INSERT INTO emoji_codepoints (emoji_codepoint_id,emoji_id,codepoint_id,sequence_index) VALUES (1769, 1291, 589, 1),(1770, 1291, 480, 2);

INSERT INTO emoji (emoji_id,emoji_version_id,emoji_name,emoji_character,emojipedia_url_ext,emojipedia_category,codepoint_string,num_codepoints,hasComponent,hasModifier,hasModifierBase,appearance_differs_flag,unicode_not_recommended) VALUES (1292, 2, 'Woman: Medium Skin Tone', '', 'woman-type-4', NULL, 'U+1F469U+1F3FD', 2, 1, 1, 1, 0, 0);
INSERT INTO emoji_codepoints (emoji_codepoint_id,emoji_id,codepoint_id,sequence_index) VALUES (1771, 1292, 589, 1),(1772, 1292, 481, 2);

INSERT INTO emoji (emoji_id,emoji_version_id,emoji_name,emoji_character,emojipedia_url_ext,emojipedia_category,codepoint_string,num_codepoints,hasComponent,hasModifier,hasModifierBase,appearance_differs_flag,unicode_not_recommended) VALUES (1293, 2, 'Woman: Medium-Dark Skin Tone', '', 'woman-type-5', NULL, 'U+1F469U+1F3FE', 2, 1, 1, 1, 0, 0);
INSERT INTO emoji_codepoints (emoji_codepoint_id,emoji_id,codepoint_id,sequence_index) VALUES (1773, 1293, 589, 1),(1774, 1293, 482, 2);

INSERT INTO emoji (emoji_id,emoji_version_id,emoji_name,emoji_character,emojipedia_url_ext,emojipedia_category,codepoint_string,num_codepoints,hasComponent,hasModifier,hasModifierBase,appearance_differs_flag,unicode_not_recommended) VALUES (1294, 2, 'Woman: Dark Skin Tone', '', 'woman-type-6', NULL, 'U+1F469U+1F3FF', 2, 1, 1, 1, 0, 0);
INSERT INTO emoji_codepoints (emoji_codepoint_id,emoji_id,codepoint_id,sequence_index) VALUES (1775, 1294, 589, 1),(1776, 1294, 483, 2);

INSERT INTO emoji (emoji_id,emoji_version_id,emoji_name,emoji_character,emojipedia_url_ext,emojipedia_category,codepoint_string,num_codepoints,hasComponent,hasModifier,hasModifierBase,appearance_differs_flag,unicode_not_recommended) VALUES (1295, 2, 'Old Man: Light Skin Tone', '', 'older-man-type-1-2', NULL, 'U+1F474U+1F3FB', 2, 1, 1, 1, 0, 0);
INSERT INTO emoji_codepoints (emoji_codepoint_id,emoji_id,codepoint_id,sequence_index) VALUES (1777, 1295, 600, 1),(1778, 1295, 479, 2);

INSERT INTO emoji (emoji_id,emoji_version_id,emoji_name,emoji_character,emojipedia_url_ext,emojipedia_category,codepoint_string,num_codepoints,hasComponent,hasModifier,hasModifierBase,appearance_differs_flag,unicode_not_recommended) VALUES (1296, 2, 'Old Man: Medium-Light Skin Tone', '', 'older-man-type-3', NULL, 'U+1F474U+1F3FC', 2, 1, 1, 1, 0, 0);
INSERT INTO emoji_codepoints (emoji_codepoint_id,emoji_id,codepoint_id,sequence_index) VALUES (1779, 1296, 600, 1),(1780, 1296, 480, 2);

INSERT INTO emoji (emoji_id,emoji_version_id,emoji_name,emoji_character,emojipedia_url_ext,emojipedia_category,codepoint_string,num_codepoints,hasComponent,hasModifier,hasModifierBase,appearance_differs_flag,unicode_not_recommended) VALUES (1297, 2, 'Old Man: Medium Skin Tone', '', 'older-man-type-4', NULL, 'U+1F474U+1F3FD', 2, 1, 1, 1, 0, 0);
INSERT INTO emoji_codepoints (emoji_codepoint_id,emoji_id,codepoint_id,sequence_index) VALUES (1781, 1297, 600, 1),(1782, 1297, 481, 2);

INSERT INTO emoji (emoji_id,emoji_version_id,emoji_name,emoji_character,emojipedia_url_ext,emojipedia_category,codepoint_string,num_codepoints,hasComponent,hasModifier,hasModifierBase,appearance_differs_flag,unicode_not_recommended) VALUES (1298, 2, 'Old Man: Medium-Dark Skin Tone', '', 'older-man-type-5', NULL, 'U+1F474U+1F3FE', 2, 1, 1, 1, 0, 0);
INSERT INTO emoji_codepoints (emoji_codepoint_id,emoji_id,codepoint_id,sequence_index) VALUES (1783, 1298, 600, 1),(1784, 1298, 482, 2);

INSERT INTO emoji (emoji_id,emoji_version_id,emoji_name,emoji_character,emojipedia_url_ext,emojipedia_category,codepoint_string,num_codepoints,hasComponent,hasModifier,hasModifierBase,appearance_differs_flag,unicode_not_recommended) VALUES (1299, 2, 'Old Man: Dark Skin Tone', '', 'older-man-type-6', NULL, 'U+1F474U+1F3FF', 2, 1, 1, 1, 0, 0);
INSERT INTO emoji_codepoints (emoji_codepoint_id,emoji_id,codepoint_id,sequence_index) VALUES (1785, 1299, 600, 1),(1786, 1299, 483, 2);

INSERT INTO emoji (emoji_id,emoji_version_id,emoji_name,emoji_character,emojipedia_url_ext,emojipedia_category,codepoint_string,num_codepoints,hasComponent,hasModifier,hasModifierBase,appearance_differs_flag,unicode_not_recommended) VALUES (1300, 2, 'Old Woman: Light Skin Tone', '', 'older-woman-type-1-2', NULL, 'U+1F475U+1F3FB', 2, 1, 1, 1, 0, 0);
INSERT INTO emoji_codepoints (emoji_codepoint_id,emoji_id,codepoint_id,sequence_index) VALUES (1787, 1300, 601, 1),(1788, 1300, 479, 2);

INSERT INTO emoji (emoji_id,emoji_version_id,emoji_name,emoji_character,emojipedia_url_ext,emojipedia_category,codepoint_string,num_codepoints,hasComponent,hasModifier,hasModifierBase,appearance_differs_flag,unicode_not_recommended) VALUES (1301, 2, 'Old Woman: Medium-Light Skin Tone', '', 'older-woman-type-3', NULL, 'U+1F475U+1F3FC', 2, 1, 1, 1, 0, 0);
INSERT INTO emoji_codepoints (emoji_codepoint_id,emoji_id,codepoint_id,sequence_index) VALUES (1789, 1301, 601, 1),(1790, 1301, 480, 2);

INSERT INTO emoji (emoji_id,emoji_version_id,emoji_name,emoji_character,emojipedia_url_ext,emojipedia_category,codepoint_string,num_codepoints,hasComponent,hasModifier,hasModifierBase,appearance_differs_flag,unicode_not_recommended) VALUES (1302, 2, 'Old Woman: Medium Skin Tone', '', 'older-woman-type-4', NULL, 'U+1F475U+1F3FD', 2, 1, 1, 1, 0, 0);
INSERT INTO emoji_codepoints (emoji_codepoint_id,emoji_id,codepoint_id,sequence_index) VALUES (1791, 1302, 601, 1),(1792, 1302, 481, 2);

INSERT INTO emoji (emoji_id,emoji_version_id,emoji_name,emoji_character,emojipedia_url_ext,emojipedia_category,codepoint_string,num_codepoints,hasComponent,hasModifier,hasModifierBase,appearance_differs_flag,unicode_not_recommended) VALUES (1303, 2, 'Old Woman: Medium-Dark Skin Tone', '', 'older-woman-type-5', NULL, 'U+1F475U+1F3FE', 2, 1, 1, 1, 0, 0);
INSERT INTO emoji_codepoints (emoji_codepoint_id,emoji_id,codepoint_id,sequence_index) VALUES (1793, 1303, 601, 1),(1794, 1303, 482, 2);

INSERT INTO emoji (emoji_id,emoji_version_id,emoji_name,emoji_character,emojipedia_url_ext,emojipedia_category,codepoint_string,num_codepoints,hasComponent,hasModifier,hasModifierBase,appearance_differs_flag,unicode_not_recommended) VALUES (1304, 2, 'Old Woman: Dark Skin Tone', '', 'older-woman-type-6', NULL, 'U+1F475U+1F3FF', 2, 1, 1, 1, 0, 0);
INSERT INTO emoji_codepoints (emoji_codepoint_id,emoji_id,codepoint_id,sequence_index) VALUES (1795, 1304, 601, 1),(1796, 1304, 483, 2);

INSERT INTO emoji (emoji_id,emoji_version_id,emoji_name,emoji_character,emojipedia_url_ext,emojipedia_category,codepoint_string,num_codepoints,hasComponent,hasModifier,hasModifierBase,appearance_differs_flag,unicode_not_recommended) VALUES (1305, 2, 'Police Officer: Light Skin Tone', '', 'police-officer-type-1-2', NULL, 'U+1F46EU+1F3FB', 2, 1, 1, 1, 0, 0);
INSERT INTO emoji_codepoints (emoji_codepoint_id,emoji_id,codepoint_id,sequence_index) VALUES (1797, 1305, 594, 1),(1798, 1305, 479, 2);

INSERT INTO emoji (emoji_id,emoji_version_id,emoji_name,emoji_character,emojipedia_url_ext,emojipedia_category,codepoint_string,num_codepoints,hasComponent,hasModifier,hasModifierBase,appearance_differs_flag,unicode_not_recommended) VALUES (1306, 2, 'Police Officer: Medium-Light Skin Tone', '', 'police-officer-type-3', NULL, 'U+1F46EU+1F3FC', 2, 1, 1, 1, 0, 0);
INSERT INTO emoji_codepoints (emoji_codepoint_id,emoji_id,codepoint_id,sequence_index) VALUES (1799, 1306, 594, 1),(1800, 1306, 480, 2);

INSERT INTO emoji (emoji_id,emoji_version_id,emoji_name,emoji_character,emojipedia_url_ext,emojipedia_category,codepoint_string,num_codepoints,hasComponent,hasModifier,hasModifierBase,appearance_differs_flag,unicode_not_recommended) VALUES (1307, 2, 'Police Officer: Medium Skin Tone', '', 'police-officer-type-4', NULL, 'U+1F46EU+1F3FD', 2, 1, 1, 1, 0, 0);
INSERT INTO emoji_codepoints (emoji_codepoint_id,emoji_id,codepoint_id,sequence_index) VALUES (1801, 1307, 594, 1),(1802, 1307, 481, 2);

INSERT INTO emoji (emoji_id,emoji_version_id,emoji_name,emoji_character,emojipedia_url_ext,emojipedia_category,codepoint_string,num_codepoints,hasComponent,hasModifier,hasModifierBase,appearance_differs_flag,unicode_not_recommended) VALUES (1308, 2, 'Police Officer: Medium-Dark Skin Tone', '', 'police-officer-type-5', NULL, 'U+1F46EU+1F3FE', 2, 1, 1, 1, 0, 0);
INSERT INTO emoji_codepoints (emoji_codepoint_id,emoji_id,codepoint_id,sequence_index) VALUES (1803, 1308, 594, 1),(1804, 1308, 482, 2);

INSERT INTO emoji (emoji_id,emoji_version_id,emoji_name,emoji_character,emojipedia_url_ext,emojipedia_category,codepoint_string,num_codepoints,hasComponent,hasModifier,hasModifierBase,appearance_differs_flag,unicode_not_recommended) VALUES (1309, 2, 'Police Officer: Dark Skin Tone', '', 'police-officer-type-6', NULL, 'U+1F46EU+1F3FF', 2, 1, 1, 1, 0, 0);
INSERT INTO emoji_codepoints (emoji_codepoint_id,emoji_id,codepoint_id,sequence_index) VALUES (1805, 1309, 594, 1),(1806, 1309, 483, 2);

INSERT INTO emoji (emoji_id,emoji_version_id,emoji_name,emoji_character,emojipedia_url_ext,emojipedia_category,codepoint_string,num_codepoints,hasComponent,hasModifier,hasModifierBase,appearance_differs_flag,unicode_not_recommended) VALUES (1310, 2, 'Detective: Light Skin Tone', '', 'sleuth-or-spy-type-1-2', NULL, 'U+1F575U+1F3FB', 2, 1, 1, 1, 0, 0);
INSERT INTO emoji_codepoints (emoji_codepoint_id,emoji_id,codepoint_id,sequence_index) VALUES (1807, 1310, 835, 1),(1808, 1310, 479, 2);

INSERT INTO emoji (emoji_id,emoji_version_id,emoji_name,emoji_character,emojipedia_url_ext,emojipedia_category,codepoint_string,num_codepoints,hasComponent,hasModifier,hasModifierBase,appearance_differs_flag,unicode_not_recommended) VALUES (1311, 2, 'Detective: Medium-Light Skin Tone', '', 'sleuth-or-spy-type-3', NULL, 'U+1F575U+1F3FC', 2, 1, 1, 1, 0, 0);
INSERT INTO emoji_codepoints (emoji_codepoint_id,emoji_id,codepoint_id,sequence_index) VALUES (1809, 1311, 835, 1),(1810, 1311, 480, 2);

INSERT INTO emoji (emoji_id,emoji_version_id,emoji_name,emoji_character,emojipedia_url_ext,emojipedia_category,codepoint_string,num_codepoints,hasComponent,hasModifier,hasModifierBase,appearance_differs_flag,unicode_not_recommended) VALUES (1312, 2, 'Detective: Medium Skin Tone', '', 'sleuth-or-spy-type-4', NULL, 'U+1F575U+1F3FD', 2, 1, 1, 1, 0, 0);
INSERT INTO emoji_codepoints (emoji_codepoint_id,emoji_id,codepoint_id,sequence_index) VALUES (1811, 1312, 835, 1),(1812, 1312, 481, 2);

INSERT INTO emoji (emoji_id,emoji_version_id,emoji_name,emoji_character,emojipedia_url_ext,emojipedia_category,codepoint_string,num_codepoints,hasComponent,hasModifier,hasModifierBase,appearance_differs_flag,unicode_not_recommended) VALUES (1313, 2, 'Detective: Medium-Dark Skin Tone', '', 'sleuth-or-spy-type-5', NULL, 'U+1F575U+1F3FE', 2, 1, 1, 1, 0, 0);
INSERT INTO emoji_codepoints (emoji_codepoint_id,emoji_id,codepoint_id,sequence_index) VALUES (1813, 1313, 835, 1),(1814, 1313, 482, 2);

INSERT INTO emoji (emoji_id,emoji_version_id,emoji_name,emoji_character,emojipedia_url_ext,emojipedia_category,codepoint_string,num_codepoints,hasComponent,hasModifier,hasModifierBase,appearance_differs_flag,unicode_not_recommended) VALUES (1314, 2, 'Detective: Dark Skin Tone', '', 'sleuth-or-spy-type-6', NULL, 'U+1F575U+1F3FF', 2, 1, 1, 1, 0, 0);
INSERT INTO emoji_codepoints (emoji_codepoint_id,emoji_id,codepoint_id,sequence_index) VALUES (1815, 1314, 835, 1),(1816, 1314, 483, 2);

INSERT INTO emoji (emoji_id,emoji_version_id,emoji_name,emoji_character,emojipedia_url_ext,emojipedia_category,codepoint_string,num_codepoints,hasComponent,hasModifier,hasModifierBase,appearance_differs_flag,unicode_not_recommended) VALUES (1315, 2, 'Guard: Light Skin Tone', '', 'guardsman-type-1-2', NULL, 'U+1F482U+1F3FB', 2, 1, 1, 1, 0, 0);
INSERT INTO emoji_codepoints (emoji_codepoint_id,emoji_id,codepoint_id,sequence_index) VALUES (1817, 1315, 614, 1),(1818, 1315, 479, 2);

INSERT INTO emoji (emoji_id,emoji_version_id,emoji_name,emoji_character,emojipedia_url_ext,emojipedia_category,codepoint_string,num_codepoints,hasComponent,hasModifier,hasModifierBase,appearance_differs_flag,unicode_not_recommended) VALUES (1316, 2, 'Guard: Medium-Light Skin Tone', '', 'guardsman-type-3', NULL, 'U+1F482U+1F3FC', 2, 1, 1, 1, 0, 0);
INSERT INTO emoji_codepoints (emoji_codepoint_id,emoji_id,codepoint_id,sequence_index) VALUES (1819, 1316, 614, 1),(1820, 1316, 480, 2);

INSERT INTO emoji (emoji_id,emoji_version_id,emoji_name,emoji_character,emojipedia_url_ext,emojipedia_category,codepoint_string,num_codepoints,hasComponent,hasModifier,hasModifierBase,appearance_differs_flag,unicode_not_recommended) VALUES (1317, 2, 'Guard: Medium Skin Tone', '', 'guardsman-type-4', NULL, 'U+1F482U+1F3FD', 2, 1, 1, 1, 0, 0);
INSERT INTO emoji_codepoints (emoji_codepoint_id,emoji_id,codepoint_id,sequence_index) VALUES (1821, 1317, 614, 1),(1822, 1317, 481, 2);

INSERT INTO emoji (emoji_id,emoji_version_id,emoji_name,emoji_character,emojipedia_url_ext,emojipedia_category,codepoint_string,num_codepoints,hasComponent,hasModifier,hasModifierBase,appearance_differs_flag,unicode_not_recommended) VALUES (1318, 2, 'Guard: Medium-Dark Skin Tone', '', 'guardsman-type-5', NULL, 'U+1F482U+1F3FE', 2, 1, 1, 1, 0, 0);
INSERT INTO emoji_codepoints (emoji_codepoint_id,emoji_id,codepoint_id,sequence_index) VALUES (1823, 1318, 614, 1),(1824, 1318, 482, 2);

INSERT INTO emoji (emoji_id,emoji_version_id,emoji_name,emoji_character,emojipedia_url_ext,emojipedia_category,codepoint_string,num_codepoints,hasComponent,hasModifier,hasModifierBase,appearance_differs_flag,unicode_not_recommended) VALUES (1319, 2, 'Guard: Dark Skin Tone', '', 'guardsman-type-6', NULL, 'U+1F482U+1F3FF', 2, 1, 1, 1, 0, 0);
INSERT INTO emoji_codepoints (emoji_codepoint_id,emoji_id,codepoint_id,sequence_index) VALUES (1825, 1319, 614, 1),(1826, 1319, 483, 2);

INSERT INTO emoji (emoji_id,emoji_version_id,emoji_name,emoji_character,emojipedia_url_ext,emojipedia_category,codepoint_string,num_codepoints,hasComponent,hasModifier,hasModifierBase,appearance_differs_flag,unicode_not_recommended) VALUES (1320, 2, 'Construction Worker: Light Skin Tone', '', 'construction-worker-type-1-2', NULL, 'U+1F477U+1F3FB', 2, 1, 1, 1, 0, 0);
INSERT INTO emoji_codepoints (emoji_codepoint_id,emoji_id,codepoint_id,sequence_index) VALUES (1827, 1320, 603, 1),(1828, 1320, 479, 2);

INSERT INTO emoji (emoji_id,emoji_version_id,emoji_name,emoji_character,emojipedia_url_ext,emojipedia_category,codepoint_string,num_codepoints,hasComponent,hasModifier,hasModifierBase,appearance_differs_flag,unicode_not_recommended) VALUES (1321, 2, 'Construction Worker: Medium-Light Skin Tone', '', 'construction-worker-type-3', NULL, 'U+1F477U+1F3FC', 2, 1, 1, 1, 0, 0);
INSERT INTO emoji_codepoints (emoji_codepoint_id,emoji_id,codepoint_id,sequence_index) VALUES (1829, 1321, 603, 1),(1830, 1321, 480, 2);

INSERT INTO emoji (emoji_id,emoji_version_id,emoji_name,emoji_character,emojipedia_url_ext,emojipedia_category,codepoint_string,num_codepoints,hasComponent,hasModifier,hasModifierBase,appearance_differs_flag,unicode_not_recommended) VALUES (1322, 2, 'Construction Worker: Medium Skin Tone', '', 'construction-worker-type-4', NULL, 'U+1F477U+1F3FD', 2, 1, 1, 1, 0, 0);
INSERT INTO emoji_codepoints (emoji_codepoint_id,emoji_id,codepoint_id,sequence_index) VALUES (1831, 1322, 603, 1),(1832, 1322, 481, 2);

INSERT INTO emoji (emoji_id,emoji_version_id,emoji_name,emoji_character,emojipedia_url_ext,emojipedia_category,codepoint_string,num_codepoints,hasComponent,hasModifier,hasModifierBase,appearance_differs_flag,unicode_not_recommended) VALUES (1323, 2, 'Construction Worker: Medium-Dark Skin Tone', '', 'construction-worker-type-5', NULL, 'U+1F477U+1F3FE', 2, 1, 1, 1, 0, 0);
INSERT INTO emoji_codepoints (emoji_codepoint_id,emoji_id,codepoint_id,sequence_index) VALUES (1833, 1323, 603, 1),(1834, 1323, 482, 2);

INSERT INTO emoji (emoji_id,emoji_version_id,emoji_name,emoji_character,emojipedia_url_ext,emojipedia_category,codepoint_string,num_codepoints,hasComponent,hasModifier,hasModifierBase,appearance_differs_flag,unicode_not_recommended) VALUES (1324, 2, 'Construction Worker: Dark Skin Tone', '', 'construction-worker-type-6', NULL, 'U+1F477U+1F3FF', 2, 1, 1, 1, 0, 0);
INSERT INTO emoji_codepoints (emoji_codepoint_id,emoji_id,codepoint_id,sequence_index) VALUES (1835, 1324, 603, 1),(1836, 1324, 483, 2);

INSERT INTO emoji (emoji_id,emoji_version_id,emoji_name,emoji_character,emojipedia_url_ext,emojipedia_category,codepoint_string,num_codepoints,hasComponent,hasModifier,hasModifierBase,appearance_differs_flag,unicode_not_recommended) VALUES (1325, 2, 'Princess: Light Skin Tone', '', 'princess-type-1-2', NULL, 'U+1F478U+1F3FB', 2, 1, 1, 1, 0, 0);
INSERT INTO emoji_codepoints (emoji_codepoint_id,emoji_id,codepoint_id,sequence_index) VALUES (1837, 1325, 604, 1),(1838, 1325, 479, 2);

INSERT INTO emoji (emoji_id,emoji_version_id,emoji_name,emoji_character,emojipedia_url_ext,emojipedia_category,codepoint_string,num_codepoints,hasComponent,hasModifier,hasModifierBase,appearance_differs_flag,unicode_not_recommended) VALUES (1326, 2, 'Princess: Medium-Light Skin Tone', '', 'princess-type-3', NULL, 'U+1F478U+1F3FC', 2, 1, 1, 1, 0, 0);
INSERT INTO emoji_codepoints (emoji_codepoint_id,emoji_id,codepoint_id,sequence_index) VALUES (1839, 1326, 604, 1),(1840, 1326, 480, 2);

INSERT INTO emoji (emoji_id,emoji_version_id,emoji_name,emoji_character,emojipedia_url_ext,emojipedia_category,codepoint_string,num_codepoints,hasComponent,hasModifier,hasModifierBase,appearance_differs_flag,unicode_not_recommended) VALUES (1327, 2, 'Princess: Medium Skin Tone', '', 'princess-type-4', NULL, 'U+1F478U+1F3FD', 2, 1, 1, 1, 0, 0);
INSERT INTO emoji_codepoints (emoji_codepoint_id,emoji_id,codepoint_id,sequence_index) VALUES (1841, 1327, 604, 1),(1842, 1327, 481, 2);

INSERT INTO emoji (emoji_id,emoji_version_id,emoji_name,emoji_character,emojipedia_url_ext,emojipedia_category,codepoint_string,num_codepoints,hasComponent,hasModifier,hasModifierBase,appearance_differs_flag,unicode_not_recommended) VALUES (1328, 2, 'Princess: Medium-Dark Skin Tone', '', 'princess-type-5', NULL, 'U+1F478U+1F3FE', 2, 1, 1, 1, 0, 0);
INSERT INTO emoji_codepoints (emoji_codepoint_id,emoji_id,codepoint_id,sequence_index) VALUES (1843, 1328, 604, 1),(1844, 1328, 482, 2);

INSERT INTO emoji (emoji_id,emoji_version_id,emoji_name,emoji_character,emojipedia_url_ext,emojipedia_category,codepoint_string,num_codepoints,hasComponent,hasModifier,hasModifierBase,appearance_differs_flag,unicode_not_recommended) VALUES (1329, 2, 'Princess: Dark Skin Tone', '', 'princess-type-6', NULL, 'U+1F478U+1F3FF', 2, 1, 1, 1, 0, 0);
INSERT INTO emoji_codepoints (emoji_codepoint_id,emoji_id,codepoint_id,sequence_index) VALUES (1845, 1329, 604, 1),(1846, 1329, 483, 2);

INSERT INTO emoji (emoji_id,emoji_version_id,emoji_name,emoji_character,emojipedia_url_ext,emojipedia_category,codepoint_string,num_codepoints,hasComponent,hasModifier,hasModifierBase,appearance_differs_flag,unicode_not_recommended) VALUES (1330, 2, 'Person Wearing Turban: Light Skin Tone', '', 'man-with-turban-type-1-2', NULL, 'U+1F473U+1F3FB', 2, 1, 1, 1, 0, 0);
INSERT INTO emoji_codepoints (emoji_codepoint_id,emoji_id,codepoint_id,sequence_index) VALUES (1847, 1330, 599, 1),(1848, 1330, 479, 2);

INSERT INTO emoji (emoji_id,emoji_version_id,emoji_name,emoji_character,emojipedia_url_ext,emojipedia_category,codepoint_string,num_codepoints,hasComponent,hasModifier,hasModifierBase,appearance_differs_flag,unicode_not_recommended) VALUES (1331, 2, 'Person Wearing Turban: Medium-Light Skin Tone', '', 'man-with-turban-type-3', NULL, 'U+1F473U+1F3FC', 2, 1, 1, 1, 0, 0);
INSERT INTO emoji_codepoints (emoji_codepoint_id,emoji_id,codepoint_id,sequence_index) VALUES (1849, 1331, 599, 1),(1850, 1331, 480, 2);

INSERT INTO emoji (emoji_id,emoji_version_id,emoji_name,emoji_character,emojipedia_url_ext,emojipedia_category,codepoint_string,num_codepoints,hasComponent,hasModifier,hasModifierBase,appearance_differs_flag,unicode_not_recommended) VALUES (1332, 2, 'Person Wearing Turban: Medium Skin Tone', '', 'man-with-turban-type-4', NULL, 'U+1F473U+1F3FD', 2, 1, 1, 1, 0, 0);
INSERT INTO emoji_codepoints (emoji_codepoint_id,emoji_id,codepoint_id,sequence_index) VALUES (1851, 1332, 599, 1),(1852, 1332, 481, 2);

INSERT INTO emoji (emoji_id,emoji_version_id,emoji_name,emoji_character,emojipedia_url_ext,emojipedia_category,codepoint_string,num_codepoints,hasComponent,hasModifier,hasModifierBase,appearance_differs_flag,unicode_not_recommended) VALUES (1333, 2, 'Person Wearing Turban: Medium-Dark Skin Tone', '', 'man-with-turban-type-5', NULL, 'U+1F473U+1F3FE', 2, 1, 1, 1, 0, 0);
INSERT INTO emoji_codepoints (emoji_codepoint_id,emoji_id,codepoint_id,sequence_index) VALUES (1853, 1333, 599, 1),(1854, 1333, 482, 2);

INSERT INTO emoji (emoji_id,emoji_version_id,emoji_name,emoji_character,emojipedia_url_ext,emojipedia_category,codepoint_string,num_codepoints,hasComponent,hasModifier,hasModifierBase,appearance_differs_flag,unicode_not_recommended) VALUES (1334, 2, 'Person Wearing Turban: Dark Skin Tone', '', 'man-with-turban-type-6', NULL, 'U+1F473U+1F3FF', 2, 1, 1, 1, 0, 0);
INSERT INTO emoji_codepoints (emoji_codepoint_id,emoji_id,codepoint_id,sequence_index) VALUES (1855, 1334, 599, 1),(1856, 1334, 483, 2);

INSERT INTO emoji (emoji_id,emoji_version_id,emoji_name,emoji_character,emojipedia_url_ext,emojipedia_category,codepoint_string,num_codepoints,hasComponent,hasModifier,hasModifierBase,appearance_differs_flag,unicode_not_recommended) VALUES (1335, 2, 'Man With Chinese Cap: Light Skin Tone', '', 'man-with-gua-pi-mao-type-1-2', NULL, 'U+1F472U+1F3FB', 2, 1, 1, 1, 0, 0);
INSERT INTO emoji_codepoints (emoji_codepoint_id,emoji_id,codepoint_id,sequence_index) VALUES (1857, 1335, 598, 1),(1858, 1335, 479, 2);

INSERT INTO emoji (emoji_id,emoji_version_id,emoji_name,emoji_character,emojipedia_url_ext,emojipedia_category,codepoint_string,num_codepoints,hasComponent,hasModifier,hasModifierBase,appearance_differs_flag,unicode_not_recommended) VALUES (1336, 2, 'Man With Chinese Cap: Medium-Light Skin Tone', '', 'man-with-gua-pi-mao-type-3', NULL, 'U+1F472U+1F3FC', 2, 1, 1, 1, 0, 0);
INSERT INTO emoji_codepoints (emoji_codepoint_id,emoji_id,codepoint_id,sequence_index) VALUES (1859, 1336, 598, 1),(1860, 1336, 480, 2);

INSERT INTO emoji (emoji_id,emoji_version_id,emoji_name,emoji_character,emojipedia_url_ext,emojipedia_category,codepoint_string,num_codepoints,hasComponent,hasModifier,hasModifierBase,appearance_differs_flag,unicode_not_recommended) VALUES (1337, 2, 'Man With Chinese Cap: Medium Skin Tone', '', 'man-with-gua-pi-mao-type-4', NULL, 'U+1F472U+1F3FD', 2, 1, 1, 1, 0, 0);
INSERT INTO emoji_codepoints (emoji_codepoint_id,emoji_id,codepoint_id,sequence_index) VALUES (1861, 1337, 598, 1),(1862, 1337, 481, 2);

INSERT INTO emoji (emoji_id,emoji_version_id,emoji_name,emoji_character,emojipedia_url_ext,emojipedia_category,codepoint_string,num_codepoints,hasComponent,hasModifier,hasModifierBase,appearance_differs_flag,unicode_not_recommended) VALUES (1338, 2, 'Man With Chinese Cap: Medium-Dark Skin Tone', '', 'man-with-gua-pi-mao-type-5', NULL, 'U+1F472U+1F3FE', 2, 1, 1, 1, 0, 0);
INSERT INTO emoji_codepoints (emoji_codepoint_id,emoji_id,codepoint_id,sequence_index) VALUES (1863, 1338, 598, 1),(1864, 1338, 482, 2);

INSERT INTO emoji (emoji_id,emoji_version_id,emoji_name,emoji_character,emojipedia_url_ext,emojipedia_category,codepoint_string,num_codepoints,hasComponent,hasModifier,hasModifierBase,appearance_differs_flag,unicode_not_recommended) VALUES (1339, 2, 'Man With Chinese Cap: Dark Skin Tone', '', 'man-with-gua-pi-mao-type-6', NULL, 'U+1F472U+1F3FF', 2, 1, 1, 1, 0, 0);
INSERT INTO emoji_codepoints (emoji_codepoint_id,emoji_id,codepoint_id,sequence_index) VALUES (1865, 1339, 598, 1),(1866, 1339, 483, 2);

INSERT INTO emoji (emoji_id,emoji_version_id,emoji_name,emoji_character,emojipedia_url_ext,emojipedia_category,codepoint_string,num_codepoints,hasComponent,hasModifier,hasModifierBase,appearance_differs_flag,unicode_not_recommended) VALUES (1340, 2, 'Blond-Haired Person: Light Skin Tone', '', 'person-with-blond-hair-type-1-2', NULL, 'U+1F471U+1F3FB', 2, 1, 1, 1, 0, 0);
INSERT INTO emoji_codepoints (emoji_codepoint_id,emoji_id,codepoint_id,sequence_index) VALUES (1867, 1340, 597, 1),(1868, 1340, 479, 2);

INSERT INTO emoji (emoji_id,emoji_version_id,emoji_name,emoji_character,emojipedia_url_ext,emojipedia_category,codepoint_string,num_codepoints,hasComponent,hasModifier,hasModifierBase,appearance_differs_flag,unicode_not_recommended) VALUES (1341, 2, 'Blond-Haired Person: Medium-Light Skin Tone', '', 'person-with-blond-hair-type-3', NULL, 'U+1F471U+1F3FC', 2, 1, 1, 1, 0, 0);
INSERT INTO emoji_codepoints (emoji_codepoint_id,emoji_id,codepoint_id,sequence_index) VALUES (1869, 1341, 597, 1),(1870, 1341, 480, 2);

INSERT INTO emoji (emoji_id,emoji_version_id,emoji_name,emoji_character,emojipedia_url_ext,emojipedia_category,codepoint_string,num_codepoints,hasComponent,hasModifier,hasModifierBase,appearance_differs_flag,unicode_not_recommended) VALUES (1342, 2, 'Blond-Haired Person: Medium Skin Tone', '', 'person-with-blond-hair-type-4', NULL, 'U+1F471U+1F3FD', 2, 1, 1, 1, 0, 0);
INSERT INTO emoji_codepoints (emoji_codepoint_id,emoji_id,codepoint_id,sequence_index) VALUES (1871, 1342, 597, 1),(1872, 1342, 481, 2);

INSERT INTO emoji (emoji_id,emoji_version_id,emoji_name,emoji_character,emojipedia_url_ext,emojipedia_category,codepoint_string,num_codepoints,hasComponent,hasModifier,hasModifierBase,appearance_differs_flag,unicode_not_recommended) VALUES (1343, 2, 'Blond-Haired Person: Medium-Dark Skin Tone', '', 'person-with-blond-hair-type-5', NULL, 'U+1F471U+1F3FE', 2, 1, 1, 1, 0, 0);
INSERT INTO emoji_codepoints (emoji_codepoint_id,emoji_id,codepoint_id,sequence_index) VALUES (1873, 1343, 597, 1),(1874, 1343, 482, 2);

INSERT INTO emoji (emoji_id,emoji_version_id,emoji_name,emoji_character,emojipedia_url_ext,emojipedia_category,codepoint_string,num_codepoints,hasComponent,hasModifier,hasModifierBase,appearance_differs_flag,unicode_not_recommended) VALUES (1344, 2, 'Blond-Haired Person: Dark Skin Tone', '', 'person-with-blond-hair-type-6', NULL, 'U+1F471U+1F3FF', 2, 1, 1, 1, 0, 0);
INSERT INTO emoji_codepoints (emoji_codepoint_id,emoji_id,codepoint_id,sequence_index) VALUES (1875, 1344, 597, 1),(1876, 1344, 483, 2);

INSERT INTO emoji (emoji_id,emoji_version_id,emoji_name,emoji_character,emojipedia_url_ext,emojipedia_category,codepoint_string,num_codepoints,hasComponent,hasModifier,hasModifierBase,appearance_differs_flag,unicode_not_recommended) VALUES (1345, 2, 'Bride With Veil: Light Skin Tone', '', 'bride-with-veil-type-1-2', NULL, 'U+1F470U+1F3FB', 2, 1, 1, 1, 0, 0);
INSERT INTO emoji_codepoints (emoji_codepoint_id,emoji_id,codepoint_id,sequence_index) VALUES (1877, 1345, 596, 1),(1878, 1345, 479, 2);

INSERT INTO emoji (emoji_id,emoji_version_id,emoji_name,emoji_character,emojipedia_url_ext,emojipedia_category,codepoint_string,num_codepoints,hasComponent,hasModifier,hasModifierBase,appearance_differs_flag,unicode_not_recommended) VALUES (1346, 2, 'Bride With Veil: Medium-Light Skin Tone', '', 'bride-with-veil-type-3', NULL, 'U+1F470U+1F3FC', 2, 1, 1, 1, 0, 0);
INSERT INTO emoji_codepoints (emoji_codepoint_id,emoji_id,codepoint_id,sequence_index) VALUES (1879, 1346, 596, 1),(1880, 1346, 480, 2);

INSERT INTO emoji (emoji_id,emoji_version_id,emoji_name,emoji_character,emojipedia_url_ext,emojipedia_category,codepoint_string,num_codepoints,hasComponent,hasModifier,hasModifierBase,appearance_differs_flag,unicode_not_recommended) VALUES (1347, 2, 'Bride With Veil: Medium Skin Tone', '', 'bride-with-veil-type-4', NULL, 'U+1F470U+1F3FD', 2, 1, 1, 1, 0, 0);
INSERT INTO emoji_codepoints (emoji_codepoint_id,emoji_id,codepoint_id,sequence_index) VALUES (1881, 1347, 596, 1),(1882, 1347, 481, 2);

INSERT INTO emoji (emoji_id,emoji_version_id,emoji_name,emoji_character,emojipedia_url_ext,emojipedia_category,codepoint_string,num_codepoints,hasComponent,hasModifier,hasModifierBase,appearance_differs_flag,unicode_not_recommended) VALUES (1348, 2, 'Bride With Veil: Medium-Dark Skin Tone', '', 'bride-with-veil-type-5', NULL, 'U+1F470U+1F3FE', 2, 1, 1, 1, 0, 0);
INSERT INTO emoji_codepoints (emoji_codepoint_id,emoji_id,codepoint_id,sequence_index) VALUES (1883, 1348, 596, 1),(1884, 1348, 482, 2);

INSERT INTO emoji (emoji_id,emoji_version_id,emoji_name,emoji_character,emojipedia_url_ext,emojipedia_category,codepoint_string,num_codepoints,hasComponent,hasModifier,hasModifierBase,appearance_differs_flag,unicode_not_recommended) VALUES (1349, 2, 'Bride With Veil: Dark Skin Tone', '', 'bride-with-veil-type-6', NULL, 'U+1F470U+1F3FF', 2, 1, 1, 1, 0, 0);
INSERT INTO emoji_codepoints (emoji_codepoint_id,emoji_id,codepoint_id,sequence_index) VALUES (1885, 1349, 596, 1),(1886, 1349, 483, 2);

INSERT INTO emoji (emoji_id,emoji_version_id,emoji_name,emoji_character,emojipedia_url_ext,emojipedia_category,codepoint_string,num_codepoints,hasComponent,hasModifier,hasModifierBase,appearance_differs_flag,unicode_not_recommended) VALUES (1350, 2, 'Baby Angel: Light Skin Tone', '', 'baby-angel-type-1-2', NULL, 'U+1F47CU+1F3FB', 2, 1, 1, 1, 0, 0);
INSERT INTO emoji_codepoints (emoji_codepoint_id,emoji_id,codepoint_id,sequence_index) VALUES (1887, 1350, 608, 1),(1888, 1350, 479, 2);

INSERT INTO emoji (emoji_id,emoji_version_id,emoji_name,emoji_character,emojipedia_url_ext,emojipedia_category,codepoint_string,num_codepoints,hasComponent,hasModifier,hasModifierBase,appearance_differs_flag,unicode_not_recommended) VALUES (1351, 2, 'Baby Angel: Medium-Light Skin Tone', '', 'baby-angel-type-3', NULL, 'U+1F47CU+1F3FC', 2, 1, 1, 1, 0, 0);
INSERT INTO emoji_codepoints (emoji_codepoint_id,emoji_id,codepoint_id,sequence_index) VALUES (1889, 1351, 608, 1),(1890, 1351, 480, 2);

INSERT INTO emoji (emoji_id,emoji_version_id,emoji_name,emoji_character,emojipedia_url_ext,emojipedia_category,codepoint_string,num_codepoints,hasComponent,hasModifier,hasModifierBase,appearance_differs_flag,unicode_not_recommended) VALUES (1352, 2, 'Baby Angel: Medium Skin Tone', '', 'baby-angel-type-4', NULL, 'U+1F47CU+1F3FD', 2, 1, 1, 1, 0, 0);
INSERT INTO emoji_codepoints (emoji_codepoint_id,emoji_id,codepoint_id,sequence_index) VALUES (1891, 1352, 608, 1),(1892, 1352, 481, 2);

INSERT INTO emoji (emoji_id,emoji_version_id,emoji_name,emoji_character,emojipedia_url_ext,emojipedia_category,codepoint_string,num_codepoints,hasComponent,hasModifier,hasModifierBase,appearance_differs_flag,unicode_not_recommended) VALUES (1353, 2, 'Baby Angel: Medium-Dark Skin Tone', '', 'baby-angel-type-5', NULL, 'U+1F47CU+1F3FE', 2, 1, 1, 1, 0, 0);
INSERT INTO emoji_codepoints (emoji_codepoint_id,emoji_id,codepoint_id,sequence_index) VALUES (1893, 1353, 608, 1),(1894, 1353, 482, 2);

INSERT INTO emoji (emoji_id,emoji_version_id,emoji_name,emoji_character,emojipedia_url_ext,emojipedia_category,codepoint_string,num_codepoints,hasComponent,hasModifier,hasModifierBase,appearance_differs_flag,unicode_not_recommended) VALUES (1354, 2, 'Baby Angel: Dark Skin Tone', '', 'baby-angel-type-6', NULL, 'U+1F47CU+1F3FF', 2, 1, 1, 1, 0, 0);
INSERT INTO emoji_codepoints (emoji_codepoint_id,emoji_id,codepoint_id,sequence_index) VALUES (1895, 1354, 608, 1),(1896, 1354, 483, 2);

INSERT INTO emoji (emoji_id,emoji_version_id,emoji_name,emoji_character,emojipedia_url_ext,emojipedia_category,codepoint_string,num_codepoints,hasComponent,hasModifier,hasModifierBase,appearance_differs_flag,unicode_not_recommended) VALUES (1355, 2, 'Santa Claus: Light Skin Tone', '', 'father-christmas-type-1-2', NULL, 'U+1F385U+1F3FB', 2, 1, 1, 1, 0, 0);
INSERT INTO emoji_codepoints (emoji_codepoint_id,emoji_id,codepoint_id,sequence_index) VALUES (1897, 1355, 369, 1),(1898, 1355, 479, 2);

INSERT INTO emoji (emoji_id,emoji_version_id,emoji_name,emoji_character,emojipedia_url_ext,emojipedia_category,codepoint_string,num_codepoints,hasComponent,hasModifier,hasModifierBase,appearance_differs_flag,unicode_not_recommended) VALUES (1356, 2, 'Santa Claus: Medium-Light Skin Tone', '', 'father-christmas-type-3', NULL, 'U+1F385U+1F3FC', 2, 1, 1, 1, 0, 0);
INSERT INTO emoji_codepoints (emoji_codepoint_id,emoji_id,codepoint_id,sequence_index) VALUES (1899, 1356, 369, 1),(1900, 1356, 480, 2);

INSERT INTO emoji (emoji_id,emoji_version_id,emoji_name,emoji_character,emojipedia_url_ext,emojipedia_category,codepoint_string,num_codepoints,hasComponent,hasModifier,hasModifierBase,appearance_differs_flag,unicode_not_recommended) VALUES (1357, 2, 'Santa Claus: Medium Skin Tone', '', 'father-christmas-type-4', NULL, 'U+1F385U+1F3FD', 2, 1, 1, 1, 0, 0);
INSERT INTO emoji_codepoints (emoji_codepoint_id,emoji_id,codepoint_id,sequence_index) VALUES (1901, 1357, 369, 1),(1902, 1357, 481, 2);

INSERT INTO emoji (emoji_id,emoji_version_id,emoji_name,emoji_character,emojipedia_url_ext,emojipedia_category,codepoint_string,num_codepoints,hasComponent,hasModifier,hasModifierBase,appearance_differs_flag,unicode_not_recommended) VALUES (1358, 2, 'Santa Claus: Medium-Dark Skin Tone', '', 'father-christmas-type-5', NULL, 'U+1F385U+1F3FE', 2, 1, 1, 1, 0, 0);
INSERT INTO emoji_codepoints (emoji_codepoint_id,emoji_id,codepoint_id,sequence_index) VALUES (1903, 1358, 369, 1),(1904, 1358, 482, 2);

INSERT INTO emoji (emoji_id,emoji_version_id,emoji_name,emoji_character,emojipedia_url_ext,emojipedia_category,codepoint_string,num_codepoints,hasComponent,hasModifier,hasModifierBase,appearance_differs_flag,unicode_not_recommended) VALUES (1359, 2, 'Santa Claus: Dark Skin Tone', '', 'father-christmas-type-6', NULL, 'U+1F385U+1F3FF', 2, 1, 1, 1, 0, 0);
INSERT INTO emoji_codepoints (emoji_codepoint_id,emoji_id,codepoint_id,sequence_index) VALUES (1905, 1359, 369, 1),(1906, 1359, 483, 2);

INSERT INTO emoji (emoji_id,emoji_version_id,emoji_name,emoji_character,emojipedia_url_ext,emojipedia_category,codepoint_string,num_codepoints,hasComponent,hasModifier,hasModifierBase,appearance_differs_flag,unicode_not_recommended) VALUES (1360, 2, 'Person Frowning: Light Skin Tone', '', 'person-frowning-type-1-2', NULL, 'U+1F64DU+1F3FB', 2, 1, 1, 1, 0, 0);
INSERT INTO emoji_codepoints (emoji_codepoint_id,emoji_id,codepoint_id,sequence_index) VALUES (1907, 1360, 952, 1),(1908, 1360, 479, 2);

INSERT INTO emoji (emoji_id,emoji_version_id,emoji_name,emoji_character,emojipedia_url_ext,emojipedia_category,codepoint_string,num_codepoints,hasComponent,hasModifier,hasModifierBase,appearance_differs_flag,unicode_not_recommended) VALUES (1361, 2, 'Person Frowning: Medium-Light Skin Tone', '', 'person-frowning-type-3', NULL, 'U+1F64DU+1F3FC', 2, 1, 1, 1, 0, 0);
INSERT INTO emoji_codepoints (emoji_codepoint_id,emoji_id,codepoint_id,sequence_index) VALUES (1909, 1361, 952, 1),(1910, 1361, 480, 2);

INSERT INTO emoji (emoji_id,emoji_version_id,emoji_name,emoji_character,emojipedia_url_ext,emojipedia_category,codepoint_string,num_codepoints,hasComponent,hasModifier,hasModifierBase,appearance_differs_flag,unicode_not_recommended) VALUES (1362, 2, 'Person Frowning: Medium Skin Tone', '', 'person-frowning-type-4', NULL, 'U+1F64DU+1F3FD', 2, 1, 1, 1, 0, 0);
INSERT INTO emoji_codepoints (emoji_codepoint_id,emoji_id,codepoint_id,sequence_index) VALUES (1911, 1362, 952, 1),(1912, 1362, 481, 2);

INSERT INTO emoji (emoji_id,emoji_version_id,emoji_name,emoji_character,emojipedia_url_ext,emojipedia_category,codepoint_string,num_codepoints,hasComponent,hasModifier,hasModifierBase,appearance_differs_flag,unicode_not_recommended) VALUES (1363, 2, 'Person Frowning: Medium-Dark Skin Tone', '', 'person-frowning-type-5', NULL, 'U+1F64DU+1F3FE', 2, 1, 1, 1, 0, 0);
INSERT INTO emoji_codepoints (emoji_codepoint_id,emoji_id,codepoint_id,sequence_index) VALUES (1913, 1363, 952, 1),(1914, 1363, 482, 2);

INSERT INTO emoji (emoji_id,emoji_version_id,emoji_name,emoji_character,emojipedia_url_ext,emojipedia_category,codepoint_string,num_codepoints,hasComponent,hasModifier,hasModifierBase,appearance_differs_flag,unicode_not_recommended) VALUES (1364, 2, 'Person Frowning: Dark Skin Tone', '', 'person-frowning-type-6', NULL, 'U+1F64DU+1F3FF', 2, 1, 1, 1, 0, 0);
INSERT INTO emoji_codepoints (emoji_codepoint_id,emoji_id,codepoint_id,sequence_index) VALUES (1915, 1364, 952, 1),(1916, 1364, 483, 2);

INSERT INTO emoji (emoji_id,emoji_version_id,emoji_name,emoji_character,emojipedia_url_ext,emojipedia_category,codepoint_string,num_codepoints,hasComponent,hasModifier,hasModifierBase,appearance_differs_flag,unicode_not_recommended) VALUES (1365, 2, 'Person Pouting: Light Skin Tone', '', 'person-with-pouting-face-type-1-2', NULL, 'U+1F64EU+1F3FB', 2, 1, 1, 1, 0, 0);
INSERT INTO emoji_codepoints (emoji_codepoint_id,emoji_id,codepoint_id,sequence_index) VALUES (1917, 1365, 953, 1),(1918, 1365, 479, 2);

INSERT INTO emoji (emoji_id,emoji_version_id,emoji_name,emoji_character,emojipedia_url_ext,emojipedia_category,codepoint_string,num_codepoints,hasComponent,hasModifier,hasModifierBase,appearance_differs_flag,unicode_not_recommended) VALUES (1366, 2, 'Person Pouting: Medium-Light Skin Tone', '', 'person-with-pouting-face-type-3', NULL, 'U+1F64EU+1F3FC', 2, 1, 1, 1, 0, 0);
INSERT INTO emoji_codepoints (emoji_codepoint_id,emoji_id,codepoint_id,sequence_index) VALUES (1919, 1366, 953, 1),(1920, 1366, 480, 2);

INSERT INTO emoji (emoji_id,emoji_version_id,emoji_name,emoji_character,emojipedia_url_ext,emojipedia_category,codepoint_string,num_codepoints,hasComponent,hasModifier,hasModifierBase,appearance_differs_flag,unicode_not_recommended) VALUES (1367, 2, 'Person Pouting: Medium Skin Tone', '', 'person-with-pouting-face-type-4', NULL, 'U+1F64EU+1F3FD', 2, 1, 1, 1, 0, 0);
INSERT INTO emoji_codepoints (emoji_codepoint_id,emoji_id,codepoint_id,sequence_index) VALUES (1921, 1367, 953, 1),(1922, 1367, 481, 2);

INSERT INTO emoji (emoji_id,emoji_version_id,emoji_name,emoji_character,emojipedia_url_ext,emojipedia_category,codepoint_string,num_codepoints,hasComponent,hasModifier,hasModifierBase,appearance_differs_flag,unicode_not_recommended) VALUES (1368, 2, 'Person Pouting: Medium-Dark Skin Tone', '', 'person-with-pouting-face-type-5', NULL, 'U+1F64EU+1F3FE', 2, 1, 1, 1, 0, 0);
INSERT INTO emoji_codepoints (emoji_codepoint_id,emoji_id,codepoint_id,sequence_index) VALUES (1923, 1368, 953, 1),(1924, 1368, 482, 2);

INSERT INTO emoji (emoji_id,emoji_version_id,emoji_name,emoji_character,emojipedia_url_ext,emojipedia_category,codepoint_string,num_codepoints,hasComponent,hasModifier,hasModifierBase,appearance_differs_flag,unicode_not_recommended) VALUES (1369, 2, 'Person Pouting: Dark Skin Tone', '', 'person-with-pouting-face-type-6', NULL, 'U+1F64EU+1F3FF', 2, 1, 1, 1, 0, 0);
INSERT INTO emoji_codepoints (emoji_codepoint_id,emoji_id,codepoint_id,sequence_index) VALUES (1925, 1369, 953, 1),(1926, 1369, 483, 2);

INSERT INTO emoji (emoji_id,emoji_version_id,emoji_name,emoji_character,emojipedia_url_ext,emojipedia_category,codepoint_string,num_codepoints,hasComponent,hasModifier,hasModifierBase,appearance_differs_flag,unicode_not_recommended) VALUES (1370, 2, 'Person Gesturing No: Light Skin Tone', '', 'face-with-no-good-gesture-type-1-2', NULL, 'U+1F645U+1F3FB', 2, 1, 1, 1, 0, 0);
INSERT INTO emoji_codepoints (emoji_codepoint_id,emoji_id,codepoint_id,sequence_index) VALUES (1927, 1370, 944, 1),(1928, 1370, 479, 2);

INSERT INTO emoji (emoji_id,emoji_version_id,emoji_name,emoji_character,emojipedia_url_ext,emojipedia_category,codepoint_string,num_codepoints,hasComponent,hasModifier,hasModifierBase,appearance_differs_flag,unicode_not_recommended) VALUES (1371, 2, 'Person Gesturing No: Medium-Light Skin Tone', '', 'face-with-no-good-gesture-type-3', NULL, 'U+1F645U+1F3FC', 2, 1, 1, 1, 0, 0);
INSERT INTO emoji_codepoints (emoji_codepoint_id,emoji_id,codepoint_id,sequence_index) VALUES (1929, 1371, 944, 1),(1930, 1371, 480, 2);

INSERT INTO emoji (emoji_id,emoji_version_id,emoji_name,emoji_character,emojipedia_url_ext,emojipedia_category,codepoint_string,num_codepoints,hasComponent,hasModifier,hasModifierBase,appearance_differs_flag,unicode_not_recommended) VALUES (1372, 2, 'Person Gesturing No: Medium Skin Tone', '', 'face-with-no-good-gesture-type-4', NULL, 'U+1F645U+1F3FD', 2, 1, 1, 1, 0, 0);
INSERT INTO emoji_codepoints (emoji_codepoint_id,emoji_id,codepoint_id,sequence_index) VALUES (1931, 1372, 944, 1),(1932, 1372, 481, 2);

INSERT INTO emoji (emoji_id,emoji_version_id,emoji_name,emoji_character,emojipedia_url_ext,emojipedia_category,codepoint_string,num_codepoints,hasComponent,hasModifier,hasModifierBase,appearance_differs_flag,unicode_not_recommended) VALUES (1373, 2, 'Person Gesturing No: Medium-Dark Skin Tone', '', 'face-with-no-good-gesture-type-5', NULL, 'U+1F645U+1F3FE', 2, 1, 1, 1, 0, 0);
INSERT INTO emoji_codepoints (emoji_codepoint_id,emoji_id,codepoint_id,sequence_index) VALUES (1933, 1373, 944, 1),(1934, 1373, 482, 2);

INSERT INTO emoji (emoji_id,emoji_version_id,emoji_name,emoji_character,emojipedia_url_ext,emojipedia_category,codepoint_string,num_codepoints,hasComponent,hasModifier,hasModifierBase,appearance_differs_flag,unicode_not_recommended) VALUES (1374, 2, 'Person Gesturing No: Dark Skin Tone', '', 'face-with-no-good-gesture-type-6', NULL, 'U+1F645U+1F3FF', 2, 1, 1, 1, 0, 0);
INSERT INTO emoji_codepoints (emoji_codepoint_id,emoji_id,codepoint_id,sequence_index) VALUES (1935, 1374, 944, 1),(1936, 1374, 483, 2);

INSERT INTO emoji (emoji_id,emoji_version_id,emoji_name,emoji_character,emojipedia_url_ext,emojipedia_category,codepoint_string,num_codepoints,hasComponent,hasModifier,hasModifierBase,appearance_differs_flag,unicode_not_recommended) VALUES (1375, 2, 'Person Gesturing OK: Light Skin Tone', '', 'face-with-ok-gesture-type-1-2', NULL, 'U+1F646U+1F3FB', 2, 1, 1, 1, 0, 0);
INSERT INTO emoji_codepoints (emoji_codepoint_id,emoji_id,codepoint_id,sequence_index) VALUES (1937, 1375, 945, 1),(1938, 1375, 479, 2);

INSERT INTO emoji (emoji_id,emoji_version_id,emoji_name,emoji_character,emojipedia_url_ext,emojipedia_category,codepoint_string,num_codepoints,hasComponent,hasModifier,hasModifierBase,appearance_differs_flag,unicode_not_recommended) VALUES (1376, 2, 'Person Gesturing OK: Medium-Light Skin Tone', '', 'face-with-ok-gesture-type-3', NULL, 'U+1F646U+1F3FC', 2, 1, 1, 1, 0, 0);
INSERT INTO emoji_codepoints (emoji_codepoint_id,emoji_id,codepoint_id,sequence_index) VALUES (1939, 1376, 945, 1),(1940, 1376, 480, 2);

INSERT INTO emoji (emoji_id,emoji_version_id,emoji_name,emoji_character,emojipedia_url_ext,emojipedia_category,codepoint_string,num_codepoints,hasComponent,hasModifier,hasModifierBase,appearance_differs_flag,unicode_not_recommended) VALUES (1377, 2, 'Person Gesturing OK: Medium Skin Tone', '', 'face-with-ok-gesture-type-4', NULL, 'U+1F646U+1F3FD', 2, 1, 1, 1, 0, 0);
INSERT INTO emoji_codepoints (emoji_codepoint_id,emoji_id,codepoint_id,sequence_index) VALUES (1941, 1377, 945, 1),(1942, 1377, 481, 2);

INSERT INTO emoji (emoji_id,emoji_version_id,emoji_name,emoji_character,emojipedia_url_ext,emojipedia_category,codepoint_string,num_codepoints,hasComponent,hasModifier,hasModifierBase,appearance_differs_flag,unicode_not_recommended) VALUES (1378, 2, 'Person Gesturing OK: Medium-Dark Skin Tone', '', 'face-with-ok-gesture-type-5', NULL, 'U+1F646U+1F3FE', 2, 1, 1, 1, 0, 0);
INSERT INTO emoji_codepoints (emoji_codepoint_id,emoji_id,codepoint_id,sequence_index) VALUES (1943, 1378, 945, 1),(1944, 1378, 482, 2);

INSERT INTO emoji (emoji_id,emoji_version_id,emoji_name,emoji_character,emojipedia_url_ext,emojipedia_category,codepoint_string,num_codepoints,hasComponent,hasModifier,hasModifierBase,appearance_differs_flag,unicode_not_recommended) VALUES (1379, 2, 'Person Gesturing OK: Dark Skin Tone', '', 'face-with-ok-gesture-type-6', NULL, 'U+1F646U+1F3FF', 2, 1, 1, 1, 0, 0);
INSERT INTO emoji_codepoints (emoji_codepoint_id,emoji_id,codepoint_id,sequence_index) VALUES (1945, 1379, 945, 1),(1946, 1379, 483, 2);

INSERT INTO emoji (emoji_id,emoji_version_id,emoji_name,emoji_character,emojipedia_url_ext,emojipedia_category,codepoint_string,num_codepoints,hasComponent,hasModifier,hasModifierBase,appearance_differs_flag,unicode_not_recommended) VALUES (1380, 2, 'Person Tipping Hand: Light Skin Tone', '', 'information-desk-person-type-1-2', NULL, 'U+1F481U+1F3FB', 2, 1, 1, 1, 0, 0);
INSERT INTO emoji_codepoints (emoji_codepoint_id,emoji_id,codepoint_id,sequence_index) VALUES (1947, 1380, 613, 1),(1948, 1380, 479, 2);

INSERT INTO emoji (emoji_id,emoji_version_id,emoji_name,emoji_character,emojipedia_url_ext,emojipedia_category,codepoint_string,num_codepoints,hasComponent,hasModifier,hasModifierBase,appearance_differs_flag,unicode_not_recommended) VALUES (1381, 2, 'Person Tipping Hand: Medium-Light Skin Tone', '', 'information-desk-person-type-3', NULL, 'U+1F481U+1F3FC', 2, 1, 1, 1, 0, 0);
INSERT INTO emoji_codepoints (emoji_codepoint_id,emoji_id,codepoint_id,sequence_index) VALUES (1949, 1381, 613, 1),(1950, 1381, 480, 2);

INSERT INTO emoji (emoji_id,emoji_version_id,emoji_name,emoji_character,emojipedia_url_ext,emojipedia_category,codepoint_string,num_codepoints,hasComponent,hasModifier,hasModifierBase,appearance_differs_flag,unicode_not_recommended) VALUES (1382, 2, 'Person Tipping Hand: Medium Skin Tone', '', 'information-desk-person-type-4', NULL, 'U+1F481U+1F3FD', 2, 1, 1, 1, 0, 0);
INSERT INTO emoji_codepoints (emoji_codepoint_id,emoji_id,codepoint_id,sequence_index) VALUES (1951, 1382, 613, 1),(1952, 1382, 481, 2);

INSERT INTO emoji (emoji_id,emoji_version_id,emoji_name,emoji_character,emojipedia_url_ext,emojipedia_category,codepoint_string,num_codepoints,hasComponent,hasModifier,hasModifierBase,appearance_differs_flag,unicode_not_recommended) VALUES (1383, 2, 'Person Tipping Hand: Medium-Dark Skin Tone', '', 'information-desk-person-type-5', NULL, 'U+1F481U+1F3FE', 2, 1, 1, 1, 0, 0);
INSERT INTO emoji_codepoints (emoji_codepoint_id,emoji_id,codepoint_id,sequence_index) VALUES (1953, 1383, 613, 1),(1954, 1383, 482, 2);

INSERT INTO emoji (emoji_id,emoji_version_id,emoji_name,emoji_character,emojipedia_url_ext,emojipedia_category,codepoint_string,num_codepoints,hasComponent,hasModifier,hasModifierBase,appearance_differs_flag,unicode_not_recommended) VALUES (1384, 2, 'Person Tipping Hand: Dark Skin Tone', '', 'information-desk-person-type-6', NULL, 'U+1F481U+1F3FF', 2, 1, 1, 1, 0, 0);
INSERT INTO emoji_codepoints (emoji_codepoint_id,emoji_id,codepoint_id,sequence_index) VALUES (1955, 1384, 613, 1),(1956, 1384, 483, 2);

INSERT INTO emoji (emoji_id,emoji_version_id,emoji_name,emoji_character,emojipedia_url_ext,emojipedia_category,codepoint_string,num_codepoints,hasComponent,hasModifier,hasModifierBase,appearance_differs_flag,unicode_not_recommended) VALUES (1385, 2, 'Person Raising Hand: Light Skin Tone', '', 'happy-person-raising-one-hand-type-1-2', NULL, 'U+1F64BU+1F3FB', 2, 1, 1, 1, 0, 0);
INSERT INTO emoji_codepoints (emoji_codepoint_id,emoji_id,codepoint_id,sequence_index) VALUES (1957, 1385, 950, 1),(1958, 1385, 479, 2);

INSERT INTO emoji (emoji_id,emoji_version_id,emoji_name,emoji_character,emojipedia_url_ext,emojipedia_category,codepoint_string,num_codepoints,hasComponent,hasModifier,hasModifierBase,appearance_differs_flag,unicode_not_recommended) VALUES (1386, 2, 'Person Raising Hand: Medium-Light Skin Tone', '', 'happy-person-raising-one-hand-type-3', NULL, 'U+1F64BU+1F3FC', 2, 1, 1, 1, 0, 0);
INSERT INTO emoji_codepoints (emoji_codepoint_id,emoji_id,codepoint_id,sequence_index) VALUES (1959, 1386, 950, 1),(1960, 1386, 480, 2);

INSERT INTO emoji (emoji_id,emoji_version_id,emoji_name,emoji_character,emojipedia_url_ext,emojipedia_category,codepoint_string,num_codepoints,hasComponent,hasModifier,hasModifierBase,appearance_differs_flag,unicode_not_recommended) VALUES (1387, 2, 'Person Raising Hand: Medium Skin Tone', '', 'happy-person-raising-one-hand-type-4', NULL, 'U+1F64BU+1F3FD', 2, 1, 1, 1, 0, 0);
INSERT INTO emoji_codepoints (emoji_codepoint_id,emoji_id,codepoint_id,sequence_index) VALUES (1961, 1387, 950, 1),(1962, 1387, 481, 2);

INSERT INTO emoji (emoji_id,emoji_version_id,emoji_name,emoji_character,emojipedia_url_ext,emojipedia_category,codepoint_string,num_codepoints,hasComponent,hasModifier,hasModifierBase,appearance_differs_flag,unicode_not_recommended) VALUES (1388, 2, 'Person Raising Hand: Medium-Dark Skin Tone', '', 'happy-person-raising-one-hand-type-5', NULL, 'U+1F64BU+1F3FE', 2, 1, 1, 1, 0, 0);
INSERT INTO emoji_codepoints (emoji_codepoint_id,emoji_id,codepoint_id,sequence_index) VALUES (1963, 1388, 950, 1),(1964, 1388, 482, 2);

INSERT INTO emoji (emoji_id,emoji_version_id,emoji_name,emoji_character,emojipedia_url_ext,emojipedia_category,codepoint_string,num_codepoints,hasComponent,hasModifier,hasModifierBase,appearance_differs_flag,unicode_not_recommended) VALUES (1389, 2, 'Person Raising Hand: Dark Skin Tone', '', 'happy-person-raising-one-hand-type-6', NULL, 'U+1F64BU+1F3FF', 2, 1, 1, 1, 0, 0);
INSERT INTO emoji_codepoints (emoji_codepoint_id,emoji_id,codepoint_id,sequence_index) VALUES (1965, 1389, 950, 1),(1966, 1389, 483, 2);

INSERT INTO emoji (emoji_id,emoji_version_id,emoji_name,emoji_character,emojipedia_url_ext,emojipedia_category,codepoint_string,num_codepoints,hasComponent,hasModifier,hasModifierBase,appearance_differs_flag,unicode_not_recommended) VALUES (1390, 2, 'Person Bowing: Light Skin Tone', '', 'person-bowing-deeply-type-1-2', NULL, 'U+1F647U+1F3FB', 2, 1, 1, 1, 0, 0);
INSERT INTO emoji_codepoints (emoji_codepoint_id,emoji_id,codepoint_id,sequence_index) VALUES (1967, 1390, 946, 1),(1968, 1390, 479, 2);

INSERT INTO emoji (emoji_id,emoji_version_id,emoji_name,emoji_character,emojipedia_url_ext,emojipedia_category,codepoint_string,num_codepoints,hasComponent,hasModifier,hasModifierBase,appearance_differs_flag,unicode_not_recommended) VALUES (1391, 2, 'Person Bowing: Medium-Light Skin Tone', '', 'person-bowing-deeply-type-3', NULL, 'U+1F647U+1F3FC', 2, 1, 1, 1, 0, 0);
INSERT INTO emoji_codepoints (emoji_codepoint_id,emoji_id,codepoint_id,sequence_index) VALUES (1969, 1391, 946, 1),(1970, 1391, 480, 2);

INSERT INTO emoji (emoji_id,emoji_version_id,emoji_name,emoji_character,emojipedia_url_ext,emojipedia_category,codepoint_string,num_codepoints,hasComponent,hasModifier,hasModifierBase,appearance_differs_flag,unicode_not_recommended) VALUES (1392, 2, 'Person Bowing: Medium Skin Tone', '', 'person-bowing-deeply-type-4', NULL, 'U+1F647U+1F3FD', 2, 1, 1, 1, 0, 0);
INSERT INTO emoji_codepoints (emoji_codepoint_id,emoji_id,codepoint_id,sequence_index) VALUES (1971, 1392, 946, 1),(1972, 1392, 481, 2);

INSERT INTO emoji (emoji_id,emoji_version_id,emoji_name,emoji_character,emojipedia_url_ext,emojipedia_category,codepoint_string,num_codepoints,hasComponent,hasModifier,hasModifierBase,appearance_differs_flag,unicode_not_recommended) VALUES (1393, 2, 'Person Bowing: Medium-Dark Skin Tone', '', 'person-bowing-deeply-type-5', NULL, 'U+1F647U+1F3FE', 2, 1, 1, 1, 0, 0);
INSERT INTO emoji_codepoints (emoji_codepoint_id,emoji_id,codepoint_id,sequence_index) VALUES (1973, 1393, 946, 1),(1974, 1393, 482, 2);

INSERT INTO emoji (emoji_id,emoji_version_id,emoji_name,emoji_character,emojipedia_url_ext,emojipedia_category,codepoint_string,num_codepoints,hasComponent,hasModifier,hasModifierBase,appearance_differs_flag,unicode_not_recommended) VALUES (1394, 2, 'Person Bowing: Dark Skin Tone', '', 'person-bowing-deeply-type-6', NULL, 'U+1F647U+1F3FF', 2, 1, 1, 1, 0, 0);
INSERT INTO emoji_codepoints (emoji_codepoint_id,emoji_id,codepoint_id,sequence_index) VALUES (1975, 1394, 946, 1),(1976, 1394, 483, 2);

INSERT INTO emoji (emoji_id,emoji_version_id,emoji_name,emoji_character,emojipedia_url_ext,emojipedia_category,codepoint_string,num_codepoints,hasComponent,hasModifier,hasModifierBase,appearance_differs_flag,unicode_not_recommended) VALUES (1395, 2, 'Person Getting Massage: Light Skin Tone', '', 'face-massage-type-1-2', NULL, 'U+1F486U+1F3FB', 2, 1, 1, 1, 0, 0);
INSERT INTO emoji_codepoints (emoji_codepoint_id,emoji_id,codepoint_id,sequence_index) VALUES (1977, 1395, 618, 1),(1978, 1395, 479, 2);

INSERT INTO emoji (emoji_id,emoji_version_id,emoji_name,emoji_character,emojipedia_url_ext,emojipedia_category,codepoint_string,num_codepoints,hasComponent,hasModifier,hasModifierBase,appearance_differs_flag,unicode_not_recommended) VALUES (1396, 2, 'Person Getting Massage: Medium-Light Skin Tone', '', 'face-massage-type-3', NULL, 'U+1F486U+1F3FC', 2, 1, 1, 1, 0, 0);
INSERT INTO emoji_codepoints (emoji_codepoint_id,emoji_id,codepoint_id,sequence_index) VALUES (1979, 1396, 618, 1),(1980, 1396, 480, 2);

INSERT INTO emoji (emoji_id,emoji_version_id,emoji_name,emoji_character,emojipedia_url_ext,emojipedia_category,codepoint_string,num_codepoints,hasComponent,hasModifier,hasModifierBase,appearance_differs_flag,unicode_not_recommended) VALUES (1397, 2, 'Person Getting Massage: Medium Skin Tone', '', 'face-massage-type-4', NULL, 'U+1F486U+1F3FD', 2, 1, 1, 1, 0, 0);
INSERT INTO emoji_codepoints (emoji_codepoint_id,emoji_id,codepoint_id,sequence_index) VALUES (1981, 1397, 618, 1),(1982, 1397, 481, 2);

INSERT INTO emoji (emoji_id,emoji_version_id,emoji_name,emoji_character,emojipedia_url_ext,emojipedia_category,codepoint_string,num_codepoints,hasComponent,hasModifier,hasModifierBase,appearance_differs_flag,unicode_not_recommended) VALUES (1398, 2, 'Person Getting Massage: Medium-Dark Skin Tone', '', 'face-massage-type-5', NULL, 'U+1F486U+1F3FE', 2, 1, 1, 1, 0, 0);
INSERT INTO emoji_codepoints (emoji_codepoint_id,emoji_id,codepoint_id,sequence_index) VALUES (1983, 1398, 618, 1),(1984, 1398, 482, 2);

INSERT INTO emoji (emoji_id,emoji_version_id,emoji_name,emoji_character,emojipedia_url_ext,emojipedia_category,codepoint_string,num_codepoints,hasComponent,hasModifier,hasModifierBase,appearance_differs_flag,unicode_not_recommended) VALUES (1399, 2, 'Person Getting Massage: Dark Skin Tone', '', 'face-massage-type-6', NULL, 'U+1F486U+1F3FF', 2, 1, 1, 1, 0, 0);
INSERT INTO emoji_codepoints (emoji_codepoint_id,emoji_id,codepoint_id,sequence_index) VALUES (1985, 1399, 618, 1),(1986, 1399, 483, 2);

INSERT INTO emoji (emoji_id,emoji_version_id,emoji_name,emoji_character,emojipedia_url_ext,emojipedia_category,codepoint_string,num_codepoints,hasComponent,hasModifier,hasModifierBase,appearance_differs_flag,unicode_not_recommended) VALUES (1400, 2, 'Person Getting Haircut: Light Skin Tone', '', 'haircut-type-1-2', NULL, 'U+1F487U+1F3FB', 2, 1, 1, 1, 0, 0);
INSERT INTO emoji_codepoints (emoji_codepoint_id,emoji_id,codepoint_id,sequence_index) VALUES (1987, 1400, 619, 1),(1988, 1400, 479, 2);

INSERT INTO emoji (emoji_id,emoji_version_id,emoji_name,emoji_character,emojipedia_url_ext,emojipedia_category,codepoint_string,num_codepoints,hasComponent,hasModifier,hasModifierBase,appearance_differs_flag,unicode_not_recommended) VALUES (1401, 2, 'Person Getting Haircut: Medium-Light Skin Tone', '', 'haircut-type-3', NULL, 'U+1F487U+1F3FC', 2, 1, 1, 1, 0, 0);
INSERT INTO emoji_codepoints (emoji_codepoint_id,emoji_id,codepoint_id,sequence_index) VALUES (1989, 1401, 619, 1),(1990, 1401, 480, 2);

INSERT INTO emoji (emoji_id,emoji_version_id,emoji_name,emoji_character,emojipedia_url_ext,emojipedia_category,codepoint_string,num_codepoints,hasComponent,hasModifier,hasModifierBase,appearance_differs_flag,unicode_not_recommended) VALUES (1402, 2, 'Person Getting Haircut: Medium Skin Tone', '', 'haircut-type-4', NULL, 'U+1F487U+1F3FD', 2, 1, 1, 1, 0, 0);
INSERT INTO emoji_codepoints (emoji_codepoint_id,emoji_id,codepoint_id,sequence_index) VALUES (1991, 1402, 619, 1),(1992, 1402, 481, 2);

INSERT INTO emoji (emoji_id,emoji_version_id,emoji_name,emoji_character,emojipedia_url_ext,emojipedia_category,codepoint_string,num_codepoints,hasComponent,hasModifier,hasModifierBase,appearance_differs_flag,unicode_not_recommended) VALUES (1403, 2, 'Person Getting Haircut: Medium-Dark Skin Tone', '', 'haircut-type-5', NULL, 'U+1F487U+1F3FE', 2, 1, 1, 1, 0, 0);
INSERT INTO emoji_codepoints (emoji_codepoint_id,emoji_id,codepoint_id,sequence_index) VALUES (1993, 1403, 619, 1),(1994, 1403, 482, 2);

INSERT INTO emoji (emoji_id,emoji_version_id,emoji_name,emoji_character,emojipedia_url_ext,emojipedia_category,codepoint_string,num_codepoints,hasComponent,hasModifier,hasModifierBase,appearance_differs_flag,unicode_not_recommended) VALUES (1404, 2, 'Person Getting Haircut: Dark Skin Tone', '', 'haircut-type-6', NULL, 'U+1F487U+1F3FF', 2, 1, 1, 1, 0, 0);
INSERT INTO emoji_codepoints (emoji_codepoint_id,emoji_id,codepoint_id,sequence_index) VALUES (1995, 1404, 619, 1),(1996, 1404, 483, 2);

INSERT INTO emoji (emoji_id,emoji_version_id,emoji_name,emoji_character,emojipedia_url_ext,emojipedia_category,codepoint_string,num_codepoints,hasComponent,hasModifier,hasModifierBase,appearance_differs_flag,unicode_not_recommended) VALUES (1405, 2, 'Person Walking: Light Skin Tone', '', 'pedestrian-type-1-2', NULL, 'U+1F6B6U+1F3FB', 2, 1, 1, 1, 0, 0);
INSERT INTO emoji_codepoints (emoji_codepoint_id,emoji_id,codepoint_id,sequence_index) VALUES (1997, 1405, 1009, 1),(1998, 1405, 479, 2);

INSERT INTO emoji (emoji_id,emoji_version_id,emoji_name,emoji_character,emojipedia_url_ext,emojipedia_category,codepoint_string,num_codepoints,hasComponent,hasModifier,hasModifierBase,appearance_differs_flag,unicode_not_recommended) VALUES (1406, 2, 'Person Walking: Medium-Light Skin Tone', '', 'pedestrian-type-3', NULL, 'U+1F6B6U+1F3FC', 2, 1, 1, 1, 0, 0);
INSERT INTO emoji_codepoints (emoji_codepoint_id,emoji_id,codepoint_id,sequence_index) VALUES (1999, 1406, 1009, 1),(2000, 1406, 480, 2);

INSERT INTO emoji (emoji_id,emoji_version_id,emoji_name,emoji_character,emojipedia_url_ext,emojipedia_category,codepoint_string,num_codepoints,hasComponent,hasModifier,hasModifierBase,appearance_differs_flag,unicode_not_recommended) VALUES (1407, 2, 'Person Walking: Medium Skin Tone', '', 'pedestrian-type-4', NULL, 'U+1F6B6U+1F3FD', 2, 1, 1, 1, 0, 0);
INSERT INTO emoji_codepoints (emoji_codepoint_id,emoji_id,codepoint_id,sequence_index) VALUES (2001, 1407, 1009, 1),(2002, 1407, 481, 2);

INSERT INTO emoji (emoji_id,emoji_version_id,emoji_name,emoji_character,emojipedia_url_ext,emojipedia_category,codepoint_string,num_codepoints,hasComponent,hasModifier,hasModifierBase,appearance_differs_flag,unicode_not_recommended) VALUES (1408, 2, 'Person Walking: Medium-Dark Skin Tone', '', 'pedestrian-type-5', NULL, 'U+1F6B6U+1F3FE', 2, 1, 1, 1, 0, 0);
INSERT INTO emoji_codepoints (emoji_codepoint_id,emoji_id,codepoint_id,sequence_index) VALUES (2003, 1408, 1009, 1),(2004, 1408, 482, 2);

INSERT INTO emoji (emoji_id,emoji_version_id,emoji_name,emoji_character,emojipedia_url_ext,emojipedia_category,codepoint_string,num_codepoints,hasComponent,hasModifier,hasModifierBase,appearance_differs_flag,unicode_not_recommended) VALUES (1409, 2, 'Person Walking: Dark Skin Tone', '', 'pedestrian-type-6', NULL, 'U+1F6B6U+1F3FF', 2, 1, 1, 1, 0, 0);
INSERT INTO emoji_codepoints (emoji_codepoint_id,emoji_id,codepoint_id,sequence_index) VALUES (2005, 1409, 1009, 1),(2006, 1409, 483, 2);

INSERT INTO emoji (emoji_id,emoji_version_id,emoji_name,emoji_character,emojipedia_url_ext,emojipedia_category,codepoint_string,num_codepoints,hasComponent,hasModifier,hasModifierBase,appearance_differs_flag,unicode_not_recommended) VALUES (1410, 2, 'Person Running: Light Skin Tone', '', 'runner-type-1-2', NULL, 'U+1F3C3U+1F3FB', 2, 1, 1, 1, 0, 0);
INSERT INTO emoji_codepoints (emoji_codepoint_id,emoji_id,codepoint_id,sequence_index) VALUES (2007, 1410, 426, 1),(2008, 1410, 479, 2);

INSERT INTO emoji (emoji_id,emoji_version_id,emoji_name,emoji_character,emojipedia_url_ext,emojipedia_category,codepoint_string,num_codepoints,hasComponent,hasModifier,hasModifierBase,appearance_differs_flag,unicode_not_recommended) VALUES (1411, 2, 'Person Running: Medium-Light Skin Tone', '', 'runner-type-3', NULL, 'U+1F3C3U+1F3FC', 2, 1, 1, 1, 0, 0);
INSERT INTO emoji_codepoints (emoji_codepoint_id,emoji_id,codepoint_id,sequence_index) VALUES (2009, 1411, 426, 1),(2010, 1411, 480, 2);

INSERT INTO emoji (emoji_id,emoji_version_id,emoji_name,emoji_character,emojipedia_url_ext,emojipedia_category,codepoint_string,num_codepoints,hasComponent,hasModifier,hasModifierBase,appearance_differs_flag,unicode_not_recommended) VALUES (1412, 2, 'Person Running: Medium Skin Tone', '', 'runner-type-4', NULL, 'U+1F3C3U+1F3FD', 2, 1, 1, 1, 0, 0);
INSERT INTO emoji_codepoints (emoji_codepoint_id,emoji_id,codepoint_id,sequence_index) VALUES (2011, 1412, 426, 1),(2012, 1412, 481, 2);

INSERT INTO emoji (emoji_id,emoji_version_id,emoji_name,emoji_character,emojipedia_url_ext,emojipedia_category,codepoint_string,num_codepoints,hasComponent,hasModifier,hasModifierBase,appearance_differs_flag,unicode_not_recommended) VALUES (1413, 2, 'Person Running: Medium-Dark Skin Tone', '', 'runner-type-5', NULL, 'U+1F3C3U+1F3FE', 2, 1, 1, 1, 0, 0);
INSERT INTO emoji_codepoints (emoji_codepoint_id,emoji_id,codepoint_id,sequence_index) VALUES (2013, 1413, 426, 1),(2014, 1413, 482, 2);

INSERT INTO emoji (emoji_id,emoji_version_id,emoji_name,emoji_character,emojipedia_url_ext,emojipedia_category,codepoint_string,num_codepoints,hasComponent,hasModifier,hasModifierBase,appearance_differs_flag,unicode_not_recommended) VALUES (1414, 2, 'Person Running: Dark Skin Tone', '', 'runner-type-6', NULL, 'U+1F3C3U+1F3FF', 2, 1, 1, 1, 0, 0);
INSERT INTO emoji_codepoints (emoji_codepoint_id,emoji_id,codepoint_id,sequence_index) VALUES (2015, 1414, 426, 1),(2016, 1414, 483, 2);

INSERT INTO emoji (emoji_id,emoji_version_id,emoji_name,emoji_character,emojipedia_url_ext,emojipedia_category,codepoint_string,num_codepoints,hasComponent,hasModifier,hasModifierBase,appearance_differs_flag,unicode_not_recommended) VALUES (1415, 2, 'Woman Dancing: Light Skin Tone', '', 'dancer-type-1-2', NULL, 'U+1F483U+1F3FB', 2, 1, 1, 1, 0, 0);
INSERT INTO emoji_codepoints (emoji_codepoint_id,emoji_id,codepoint_id,sequence_index) VALUES (2017, 1415, 615, 1),(2018, 1415, 479, 2);

INSERT INTO emoji (emoji_id,emoji_version_id,emoji_name,emoji_character,emojipedia_url_ext,emojipedia_category,codepoint_string,num_codepoints,hasComponent,hasModifier,hasModifierBase,appearance_differs_flag,unicode_not_recommended) VALUES (1416, 2, 'Woman Dancing: Medium-Light Skin Tone', '', 'dancer-type-3', NULL, 'U+1F483U+1F3FC', 2, 1, 1, 1, 0, 0);
INSERT INTO emoji_codepoints (emoji_codepoint_id,emoji_id,codepoint_id,sequence_index) VALUES (2019, 1416, 615, 1),(2020, 1416, 480, 2);

INSERT INTO emoji (emoji_id,emoji_version_id,emoji_name,emoji_character,emojipedia_url_ext,emojipedia_category,codepoint_string,num_codepoints,hasComponent,hasModifier,hasModifierBase,appearance_differs_flag,unicode_not_recommended) VALUES (1417, 2, 'Woman Dancing: Medium Skin Tone', '', 'dancer-type-4', NULL, 'U+1F483U+1F3FD', 2, 1, 1, 1, 0, 0);
INSERT INTO emoji_codepoints (emoji_codepoint_id,emoji_id,codepoint_id,sequence_index) VALUES (2021, 1417, 615, 1),(2022, 1417, 481, 2);

INSERT INTO emoji (emoji_id,emoji_version_id,emoji_name,emoji_character,emojipedia_url_ext,emojipedia_category,codepoint_string,num_codepoints,hasComponent,hasModifier,hasModifierBase,appearance_differs_flag,unicode_not_recommended) VALUES (1418, 2, 'Woman Dancing: Medium-Dark Skin Tone', '', 'dancer-type-5', NULL, 'U+1F483U+1F3FE', 2, 1, 1, 1, 0, 0);
INSERT INTO emoji_codepoints (emoji_codepoint_id,emoji_id,codepoint_id,sequence_index) VALUES (2023, 1418, 615, 1),(2024, 1418, 482, 2);

INSERT INTO emoji (emoji_id,emoji_version_id,emoji_name,emoji_character,emojipedia_url_ext,emojipedia_category,codepoint_string,num_codepoints,hasComponent,hasModifier,hasModifierBase,appearance_differs_flag,unicode_not_recommended) VALUES (1419, 2, 'Woman Dancing: Dark Skin Tone', '', 'dancer-type-6', NULL, 'U+1F483U+1F3FF', 2, 1, 1, 1, 0, 0);
INSERT INTO emoji_codepoints (emoji_codepoint_id,emoji_id,codepoint_id,sequence_index) VALUES (2025, 1419, 615, 1),(2026, 1419, 483, 2);

INSERT INTO emoji (emoji_id,emoji_version_id,emoji_name,emoji_character,emojipedia_url_ext,emojipedia_category,codepoint_string,num_codepoints,hasComponent,hasModifier,hasModifierBase,appearance_differs_flag,unicode_not_recommended) VALUES (1420, 2, 'Person Taking Bath: Light Skin Tone', '', 'bath-type-1-2', NULL, 'U+1F6C0U+1F3FB', 2, 1, 1, 1, 0, 0);
INSERT INTO emoji_codepoints (emoji_codepoint_id,emoji_id,codepoint_id,sequence_index) VALUES (2027, 1420, 1019, 1),(2028, 1420, 479, 2);

INSERT INTO emoji (emoji_id,emoji_version_id,emoji_name,emoji_character,emojipedia_url_ext,emojipedia_category,codepoint_string,num_codepoints,hasComponent,hasModifier,hasModifierBase,appearance_differs_flag,unicode_not_recommended) VALUES (1421, 2, 'Person Taking Bath: Medium-Light Skin Tone', '', 'bath-type-3', NULL, 'U+1F6C0U+1F3FC', 2, 1, 1, 1, 0, 0);
INSERT INTO emoji_codepoints (emoji_codepoint_id,emoji_id,codepoint_id,sequence_index) VALUES (2029, 1421, 1019, 1),(2030, 1421, 480, 2);

INSERT INTO emoji (emoji_id,emoji_version_id,emoji_name,emoji_character,emojipedia_url_ext,emojipedia_category,codepoint_string,num_codepoints,hasComponent,hasModifier,hasModifierBase,appearance_differs_flag,unicode_not_recommended) VALUES (1422, 2, 'Person Taking Bath: Medium Skin Tone', '', 'bath-type-4', NULL, 'U+1F6C0U+1F3FD', 2, 1, 1, 1, 0, 0);
INSERT INTO emoji_codepoints (emoji_codepoint_id,emoji_id,codepoint_id,sequence_index) VALUES (2031, 1422, 1019, 1),(2032, 1422, 481, 2);

INSERT INTO emoji (emoji_id,emoji_version_id,emoji_name,emoji_character,emojipedia_url_ext,emojipedia_category,codepoint_string,num_codepoints,hasComponent,hasModifier,hasModifierBase,appearance_differs_flag,unicode_not_recommended) VALUES (1423, 2, 'Person Taking Bath: Medium-Dark Skin Tone', '', 'bath-type-5', NULL, 'U+1F6C0U+1F3FE', 2, 1, 1, 1, 0, 0);
INSERT INTO emoji_codepoints (emoji_codepoint_id,emoji_id,codepoint_id,sequence_index) VALUES (2033, 1423, 1019, 1),(2034, 1423, 482, 2);

INSERT INTO emoji (emoji_id,emoji_version_id,emoji_name,emoji_character,emojipedia_url_ext,emojipedia_category,codepoint_string,num_codepoints,hasComponent,hasModifier,hasModifierBase,appearance_differs_flag,unicode_not_recommended) VALUES (1424, 2, 'Person Taking Bath: Dark Skin Tone', '', 'bath-type-6', NULL, 'U+1F6C0U+1F3FF', 2, 1, 1, 1, 0, 0);
INSERT INTO emoji_codepoints (emoji_codepoint_id,emoji_id,codepoint_id,sequence_index) VALUES (2035, 1424, 1019, 1),(2036, 1424, 483, 2);

INSERT INTO emoji (emoji_id,emoji_version_id,emoji_name,emoji_character,emojipedia_url_ext,emojipedia_category,codepoint_string,num_codepoints,hasComponent,hasModifier,hasModifierBase,appearance_differs_flag,unicode_not_recommended) VALUES (1425, 2, 'Person Surfing: Light Skin Tone', '', 'surfer-type-1-2', NULL, 'U+1F3C4U+1F3FB', 2, 1, 1, 1, 0, 0);
INSERT INTO emoji_codepoints (emoji_codepoint_id,emoji_id,codepoint_id,sequence_index) VALUES (2037, 1425, 427, 1),(2038, 1425, 479, 2);

INSERT INTO emoji (emoji_id,emoji_version_id,emoji_name,emoji_character,emojipedia_url_ext,emojipedia_category,codepoint_string,num_codepoints,hasComponent,hasModifier,hasModifierBase,appearance_differs_flag,unicode_not_recommended) VALUES (1426, 2, 'Person Surfing: Medium-Light Skin Tone', '', 'surfer-type-3', NULL, 'U+1F3C4U+1F3FC', 2, 1, 1, 1, 0, 0);
INSERT INTO emoji_codepoints (emoji_codepoint_id,emoji_id,codepoint_id,sequence_index) VALUES (2039, 1426, 427, 1),(2040, 1426, 480, 2);

INSERT INTO emoji (emoji_id,emoji_version_id,emoji_name,emoji_character,emojipedia_url_ext,emojipedia_category,codepoint_string,num_codepoints,hasComponent,hasModifier,hasModifierBase,appearance_differs_flag,unicode_not_recommended) VALUES (1427, 2, 'Person Surfing: Medium Skin Tone', '', 'surfer-type-4', NULL, 'U+1F3C4U+1F3FD', 2, 1, 1, 1, 0, 0);
INSERT INTO emoji_codepoints (emoji_codepoint_id,emoji_id,codepoint_id,sequence_index) VALUES (2041, 1427, 427, 1),(2042, 1427, 481, 2);

INSERT INTO emoji (emoji_id,emoji_version_id,emoji_name,emoji_character,emojipedia_url_ext,emojipedia_category,codepoint_string,num_codepoints,hasComponent,hasModifier,hasModifierBase,appearance_differs_flag,unicode_not_recommended) VALUES (1428, 2, 'Person Surfing: Medium-Dark Skin Tone', '', 'surfer-type-5', NULL, 'U+1F3C4U+1F3FE', 2, 1, 1, 1, 0, 0);
INSERT INTO emoji_codepoints (emoji_codepoint_id,emoji_id,codepoint_id,sequence_index) VALUES (2043, 1428, 427, 1),(2044, 1428, 482, 2);

INSERT INTO emoji (emoji_id,emoji_version_id,emoji_name,emoji_character,emojipedia_url_ext,emojipedia_category,codepoint_string,num_codepoints,hasComponent,hasModifier,hasModifierBase,appearance_differs_flag,unicode_not_recommended) VALUES (1429, 2, 'Person Surfing: Dark Skin Tone', '', 'surfer-type-6', NULL, 'U+1F3C4U+1F3FF', 2, 1, 1, 1, 0, 0);
INSERT INTO emoji_codepoints (emoji_codepoint_id,emoji_id,codepoint_id,sequence_index) VALUES (2045, 1429, 427, 1),(2046, 1429, 483, 2);

INSERT INTO emoji (emoji_id,emoji_version_id,emoji_name,emoji_character,emojipedia_url_ext,emojipedia_category,codepoint_string,num_codepoints,hasComponent,hasModifier,hasModifierBase,appearance_differs_flag,unicode_not_recommended) VALUES (1430, 2, 'Person Rowing Boat: Light Skin Tone', '', 'rowboat-type-1-2', NULL, 'U+1F6A3U+1F3FB', 2, 1, 1, 1, 0, 0);
INSERT INTO emoji_codepoints (emoji_codepoint_id,emoji_id,codepoint_id,sequence_index) VALUES (2047, 1430, 990, 1),(2048, 1430, 479, 2);

INSERT INTO emoji (emoji_id,emoji_version_id,emoji_name,emoji_character,emojipedia_url_ext,emojipedia_category,codepoint_string,num_codepoints,hasComponent,hasModifier,hasModifierBase,appearance_differs_flag,unicode_not_recommended) VALUES (1431, 2, 'Person Rowing Boat: Medium-Light Skin Tone', '', 'rowboat-type-3', NULL, 'U+1F6A3U+1F3FC', 2, 1, 1, 1, 0, 0);
INSERT INTO emoji_codepoints (emoji_codepoint_id,emoji_id,codepoint_id,sequence_index) VALUES (2049, 1431, 990, 1),(2050, 1431, 480, 2);

INSERT INTO emoji (emoji_id,emoji_version_id,emoji_name,emoji_character,emojipedia_url_ext,emojipedia_category,codepoint_string,num_codepoints,hasComponent,hasModifier,hasModifierBase,appearance_differs_flag,unicode_not_recommended) VALUES (1432, 2, 'Person Rowing Boat: Medium Skin Tone', '', 'rowboat-type-4', NULL, 'U+1F6A3U+1F3FD', 2, 1, 1, 1, 0, 0);
INSERT INTO emoji_codepoints (emoji_codepoint_id,emoji_id,codepoint_id,sequence_index) VALUES (2051, 1432, 990, 1),(2052, 1432, 481, 2);

INSERT INTO emoji (emoji_id,emoji_version_id,emoji_name,emoji_character,emojipedia_url_ext,emojipedia_category,codepoint_string,num_codepoints,hasComponent,hasModifier,hasModifierBase,appearance_differs_flag,unicode_not_recommended) VALUES (1433, 2, 'Person Rowing Boat: Medium-Dark Skin Tone', '', 'rowboat-type-5', NULL, 'U+1F6A3U+1F3FE', 2, 1, 1, 1, 0, 0);
INSERT INTO emoji_codepoints (emoji_codepoint_id,emoji_id,codepoint_id,sequence_index) VALUES (2053, 1433, 990, 1),(2054, 1433, 482, 2);

INSERT INTO emoji (emoji_id,emoji_version_id,emoji_name,emoji_character,emojipedia_url_ext,emojipedia_category,codepoint_string,num_codepoints,hasComponent,hasModifier,hasModifierBase,appearance_differs_flag,unicode_not_recommended) VALUES (1434, 2, 'Person Rowing Boat: Dark Skin Tone', '', 'rowboat-type-6', NULL, 'U+1F6A3U+1F3FF', 2, 1, 1, 1, 0, 0);
INSERT INTO emoji_codepoints (emoji_codepoint_id,emoji_id,codepoint_id,sequence_index) VALUES (2055, 1434, 990, 1),(2056, 1434, 483, 2);

INSERT INTO emoji (emoji_id,emoji_version_id,emoji_name,emoji_character,emojipedia_url_ext,emojipedia_category,codepoint_string,num_codepoints,hasComponent,hasModifier,hasModifierBase,appearance_differs_flag,unicode_not_recommended) VALUES (1435, 2, 'Person Swimming: Light Skin Tone', '', 'swimmer-type-1-2', NULL, 'U+1F3CAU+1F3FB', 2, 1, 1, 1, 0, 0);
INSERT INTO emoji_codepoints (emoji_codepoint_id,emoji_id,codepoint_id,sequence_index) VALUES (2057, 1435, 433, 1),(2058, 1435, 479, 2);

INSERT INTO emoji (emoji_id,emoji_version_id,emoji_name,emoji_character,emojipedia_url_ext,emojipedia_category,codepoint_string,num_codepoints,hasComponent,hasModifier,hasModifierBase,appearance_differs_flag,unicode_not_recommended) VALUES (1436, 2, 'Person Swimming: Medium-Light Skin Tone', '', 'swimmer-type-3', NULL, 'U+1F3CAU+1F3FC', 2, 1, 1, 1, 0, 0);
INSERT INTO emoji_codepoints (emoji_codepoint_id,emoji_id,codepoint_id,sequence_index) VALUES (2059, 1436, 433, 1),(2060, 1436, 480, 2);

INSERT INTO emoji (emoji_id,emoji_version_id,emoji_name,emoji_character,emojipedia_url_ext,emojipedia_category,codepoint_string,num_codepoints,hasComponent,hasModifier,hasModifierBase,appearance_differs_flag,unicode_not_recommended) VALUES (1437, 2, 'Person Swimming: Medium Skin Tone', '', 'swimmer-type-4', NULL, 'U+1F3CAU+1F3FD', 2, 1, 1, 1, 0, 0);
INSERT INTO emoji_codepoints (emoji_codepoint_id,emoji_id,codepoint_id,sequence_index) VALUES (2061, 1437, 433, 1),(2062, 1437, 481, 2);

INSERT INTO emoji (emoji_id,emoji_version_id,emoji_name,emoji_character,emojipedia_url_ext,emojipedia_category,codepoint_string,num_codepoints,hasComponent,hasModifier,hasModifierBase,appearance_differs_flag,unicode_not_recommended) VALUES (1438, 2, 'Person Swimming: Medium-Dark Skin Tone', '', 'swimmer-type-5', NULL, 'U+1F3CAU+1F3FE', 2, 1, 1, 1, 0, 0);
INSERT INTO emoji_codepoints (emoji_codepoint_id,emoji_id,codepoint_id,sequence_index) VALUES (2063, 1438, 433, 1),(2064, 1438, 482, 2);

INSERT INTO emoji (emoji_id,emoji_version_id,emoji_name,emoji_character,emojipedia_url_ext,emojipedia_category,codepoint_string,num_codepoints,hasComponent,hasModifier,hasModifierBase,appearance_differs_flag,unicode_not_recommended) VALUES (1439, 2, 'Person Swimming: Dark Skin Tone', '', 'swimmer-type-6', NULL, 'U+1F3CAU+1F3FF', 2, 1, 1, 1, 0, 0);
INSERT INTO emoji_codepoints (emoji_codepoint_id,emoji_id,codepoint_id,sequence_index) VALUES (2065, 1439, 433, 1),(2066, 1439, 483, 2);

INSERT INTO emoji (emoji_id,emoji_version_id,emoji_name,emoji_character,emojipedia_url_ext,emojipedia_category,codepoint_string,num_codepoints,hasComponent,hasModifier,hasModifierBase,appearance_differs_flag,unicode_not_recommended) VALUES (1440, 2, 'Person Bouncing Ball: Light Skin Tone', '', 'person-with-ball-type-1-2', NULL, 'U+26F9U+1F3FB', 2, 1, 1, 1, 0, 0);
INSERT INTO emoji_codepoints (emoji_codepoint_id,emoji_id,codepoint_id,sequence_index) VALUES (2067, 1440, 131, 1),(2068, 1440, 479, 2);

INSERT INTO emoji (emoji_id,emoji_version_id,emoji_name,emoji_character,emojipedia_url_ext,emojipedia_category,codepoint_string,num_codepoints,hasComponent,hasModifier,hasModifierBase,appearance_differs_flag,unicode_not_recommended) VALUES (1441, 2, 'Person Bouncing Ball: Medium-Light Skin Tone', '', 'person-with-ball-type-3', NULL, 'U+26F9U+1F3FC', 2, 1, 1, 1, 0, 0);
INSERT INTO emoji_codepoints (emoji_codepoint_id,emoji_id,codepoint_id,sequence_index) VALUES (2069, 1441, 131, 1),(2070, 1441, 480, 2);

INSERT INTO emoji (emoji_id,emoji_version_id,emoji_name,emoji_character,emojipedia_url_ext,emojipedia_category,codepoint_string,num_codepoints,hasComponent,hasModifier,hasModifierBase,appearance_differs_flag,unicode_not_recommended) VALUES (1442, 2, 'Person Bouncing Ball: Medium Skin Tone', '', 'person-with-ball-type-4', NULL, 'U+26F9U+1F3FD', 2, 1, 1, 1, 0, 0);
INSERT INTO emoji_codepoints (emoji_codepoint_id,emoji_id,codepoint_id,sequence_index) VALUES (2071, 1442, 131, 1),(2072, 1442, 481, 2);

INSERT INTO emoji (emoji_id,emoji_version_id,emoji_name,emoji_character,emojipedia_url_ext,emojipedia_category,codepoint_string,num_codepoints,hasComponent,hasModifier,hasModifierBase,appearance_differs_flag,unicode_not_recommended) VALUES (1443, 2, 'Person Bouncing Ball: Medium-Dark Skin Tone', '', 'person-with-ball-type-5', NULL, 'U+26F9U+1F3FE', 2, 1, 1, 1, 0, 0);
INSERT INTO emoji_codepoints (emoji_codepoint_id,emoji_id,codepoint_id,sequence_index) VALUES (2073, 1443, 131, 1),(2074, 1443, 482, 2);

INSERT INTO emoji (emoji_id,emoji_version_id,emoji_name,emoji_character,emojipedia_url_ext,emojipedia_category,codepoint_string,num_codepoints,hasComponent,hasModifier,hasModifierBase,appearance_differs_flag,unicode_not_recommended) VALUES (1444, 2, 'Person Bouncing Ball: Dark Skin Tone', '', 'person-with-ball-type-6', NULL, 'U+26F9U+1F3FF', 2, 1, 1, 1, 0, 0);
INSERT INTO emoji_codepoints (emoji_codepoint_id,emoji_id,codepoint_id,sequence_index) VALUES (2075, 1444, 131, 1),(2076, 1444, 483, 2);

INSERT INTO emoji (emoji_id,emoji_version_id,emoji_name,emoji_character,emojipedia_url_ext,emojipedia_category,codepoint_string,num_codepoints,hasComponent,hasModifier,hasModifierBase,appearance_differs_flag,unicode_not_recommended) VALUES (1445, 2, 'Person Lifting Weights: Light Skin Tone', '', 'weight-lifter-type-1-2', NULL, 'U+1F3CBU+1F3FB', 2, 1, 1, 1, 0, 0);
INSERT INTO emoji_codepoints (emoji_codepoint_id,emoji_id,codepoint_id,sequence_index) VALUES (2077, 1445, 434, 1),(2078, 1445, 479, 2);

INSERT INTO emoji (emoji_id,emoji_version_id,emoji_name,emoji_character,emojipedia_url_ext,emojipedia_category,codepoint_string,num_codepoints,hasComponent,hasModifier,hasModifierBase,appearance_differs_flag,unicode_not_recommended) VALUES (1446, 2, 'Person Lifting Weights: Medium-Light Skin Tone', '', 'weight-lifter-type-3', NULL, 'U+1F3CBU+1F3FC', 2, 1, 1, 1, 0, 0);
INSERT INTO emoji_codepoints (emoji_codepoint_id,emoji_id,codepoint_id,sequence_index) VALUES (2079, 1446, 434, 1),(2080, 1446, 480, 2);

INSERT INTO emoji (emoji_id,emoji_version_id,emoji_name,emoji_character,emojipedia_url_ext,emojipedia_category,codepoint_string,num_codepoints,hasComponent,hasModifier,hasModifierBase,appearance_differs_flag,unicode_not_recommended) VALUES (1447, 2, 'Person Lifting Weights: Medium Skin Tone', '', 'weight-lifter-type-4', NULL, 'U+1F3CBU+1F3FD', 2, 1, 1, 1, 0, 0);
INSERT INTO emoji_codepoints (emoji_codepoint_id,emoji_id,codepoint_id,sequence_index) VALUES (2081, 1447, 434, 1),(2082, 1447, 481, 2);

INSERT INTO emoji (emoji_id,emoji_version_id,emoji_name,emoji_character,emojipedia_url_ext,emojipedia_category,codepoint_string,num_codepoints,hasComponent,hasModifier,hasModifierBase,appearance_differs_flag,unicode_not_recommended) VALUES (1448, 2, 'Person Lifting Weights: Medium-Dark Skin Tone', '', 'weight-lifter-type-5', NULL, 'U+1F3CBU+1F3FE', 2, 1, 1, 1, 0, 0);
INSERT INTO emoji_codepoints (emoji_codepoint_id,emoji_id,codepoint_id,sequence_index) VALUES (2083, 1448, 434, 1),(2084, 1448, 482, 2);

INSERT INTO emoji (emoji_id,emoji_version_id,emoji_name,emoji_character,emojipedia_url_ext,emojipedia_category,codepoint_string,num_codepoints,hasComponent,hasModifier,hasModifierBase,appearance_differs_flag,unicode_not_recommended) VALUES (1449, 2, 'Person Lifting Weights: Dark Skin Tone', '', 'weight-lifter-type-6', NULL, 'U+1F3CBU+1F3FF', 2, 1, 1, 1, 0, 0);
INSERT INTO emoji_codepoints (emoji_codepoint_id,emoji_id,codepoint_id,sequence_index) VALUES (2085, 1449, 434, 1),(2086, 1449, 483, 2);

INSERT INTO emoji (emoji_id,emoji_version_id,emoji_name,emoji_character,emojipedia_url_ext,emojipedia_category,codepoint_string,num_codepoints,hasComponent,hasModifier,hasModifierBase,appearance_differs_flag,unicode_not_recommended) VALUES (1450, 2, 'Person Biking: Light Skin Tone', '', 'bicyclist-type-1-2', NULL, 'U+1F6B4U+1F3FB', 2, 1, 1, 1, 0, 0);
INSERT INTO emoji_codepoints (emoji_codepoint_id,emoji_id,codepoint_id,sequence_index) VALUES (2087, 1450, 1007, 1),(2088, 1450, 479, 2);

INSERT INTO emoji (emoji_id,emoji_version_id,emoji_name,emoji_character,emojipedia_url_ext,emojipedia_category,codepoint_string,num_codepoints,hasComponent,hasModifier,hasModifierBase,appearance_differs_flag,unicode_not_recommended) VALUES (1451, 2, 'Person Biking: Medium-Light Skin Tone', '', 'bicyclist-type-3', NULL, 'U+1F6B4U+1F3FC', 2, 1, 1, 1, 0, 0);
INSERT INTO emoji_codepoints (emoji_codepoint_id,emoji_id,codepoint_id,sequence_index) VALUES (2089, 1451, 1007, 1),(2090, 1451, 480, 2);

INSERT INTO emoji (emoji_id,emoji_version_id,emoji_name,emoji_character,emojipedia_url_ext,emojipedia_category,codepoint_string,num_codepoints,hasComponent,hasModifier,hasModifierBase,appearance_differs_flag,unicode_not_recommended) VALUES (1452, 2, 'Person Biking: Medium Skin Tone', '', 'bicyclist-type-4', NULL, 'U+1F6B4U+1F3FD', 2, 1, 1, 1, 0, 0);
INSERT INTO emoji_codepoints (emoji_codepoint_id,emoji_id,codepoint_id,sequence_index) VALUES (2091, 1452, 1007, 1),(2092, 1452, 481, 2);

INSERT INTO emoji (emoji_id,emoji_version_id,emoji_name,emoji_character,emojipedia_url_ext,emojipedia_category,codepoint_string,num_codepoints,hasComponent,hasModifier,hasModifierBase,appearance_differs_flag,unicode_not_recommended) VALUES (1453, 2, 'Person Biking: Medium-Dark Skin Tone', '', 'bicyclist-type-5', NULL, 'U+1F6B4U+1F3FE', 2, 1, 1, 1, 0, 0);
INSERT INTO emoji_codepoints (emoji_codepoint_id,emoji_id,codepoint_id,sequence_index) VALUES (2093, 1453, 1007, 1),(2094, 1453, 482, 2);

INSERT INTO emoji (emoji_id,emoji_version_id,emoji_name,emoji_character,emojipedia_url_ext,emojipedia_category,codepoint_string,num_codepoints,hasComponent,hasModifier,hasModifierBase,appearance_differs_flag,unicode_not_recommended) VALUES (1454, 2, 'Person Biking: Dark Skin Tone', '', 'bicyclist-type-6', NULL, 'U+1F6B4U+1F3FF', 2, 1, 1, 1, 0, 0);
INSERT INTO emoji_codepoints (emoji_codepoint_id,emoji_id,codepoint_id,sequence_index) VALUES (2095, 1454, 1007, 1),(2096, 1454, 483, 2);

INSERT INTO emoji (emoji_id,emoji_version_id,emoji_name,emoji_character,emojipedia_url_ext,emojipedia_category,codepoint_string,num_codepoints,hasComponent,hasModifier,hasModifierBase,appearance_differs_flag,unicode_not_recommended) VALUES (1455, 2, 'Person Mountain Biking: Light Skin Tone', '', 'mountain-bicyclist-type-1-2', NULL, 'U+1F6B5U+1F3FB', 2, 1, 1, 1, 0, 0);
INSERT INTO emoji_codepoints (emoji_codepoint_id,emoji_id,codepoint_id,sequence_index) VALUES (2097, 1455, 1008, 1),(2098, 1455, 479, 2);

INSERT INTO emoji (emoji_id,emoji_version_id,emoji_name,emoji_character,emojipedia_url_ext,emojipedia_category,codepoint_string,num_codepoints,hasComponent,hasModifier,hasModifierBase,appearance_differs_flag,unicode_not_recommended) VALUES (1456, 2, 'Person Mountain Biking: Medium-Light Skin Tone', '', 'mountain-bicyclist-type-3', NULL, 'U+1F6B5U+1F3FC', 2, 1, 1, 1, 0, 0);
INSERT INTO emoji_codepoints (emoji_codepoint_id,emoji_id,codepoint_id,sequence_index) VALUES (2099, 1456, 1008, 1),(2100, 1456, 480, 2);

INSERT INTO emoji (emoji_id,emoji_version_id,emoji_name,emoji_character,emojipedia_url_ext,emojipedia_category,codepoint_string,num_codepoints,hasComponent,hasModifier,hasModifierBase,appearance_differs_flag,unicode_not_recommended) VALUES (1457, 2, 'Person Mountain Biking: Medium Skin Tone', '', 'mountain-bicyclist-type-4', NULL, 'U+1F6B5U+1F3FD', 2, 1, 1, 1, 0, 0);
INSERT INTO emoji_codepoints (emoji_codepoint_id,emoji_id,codepoint_id,sequence_index) VALUES (2101, 1457, 1008, 1),(2102, 1457, 481, 2);

INSERT INTO emoji (emoji_id,emoji_version_id,emoji_name,emoji_character,emojipedia_url_ext,emojipedia_category,codepoint_string,num_codepoints,hasComponent,hasModifier,hasModifierBase,appearance_differs_flag,unicode_not_recommended) VALUES (1458, 2, 'Person Mountain Biking: Medium-Dark Skin Tone', '', 'mountain-bicyclist-type-5', NULL, 'U+1F6B5U+1F3FE', 2, 1, 1, 1, 0, 0);
INSERT INTO emoji_codepoints (emoji_codepoint_id,emoji_id,codepoint_id,sequence_index) VALUES (2103, 1458, 1008, 1),(2104, 1458, 482, 2);

INSERT INTO emoji (emoji_id,emoji_version_id,emoji_name,emoji_character,emojipedia_url_ext,emojipedia_category,codepoint_string,num_codepoints,hasComponent,hasModifier,hasModifierBase,appearance_differs_flag,unicode_not_recommended) VALUES (1459, 2, 'Person Mountain Biking: Dark Skin Tone', '', 'mountain-bicyclist-type-6', NULL, 'U+1F6B5U+1F3FF', 2, 1, 1, 1, 0, 0);
INSERT INTO emoji_codepoints (emoji_codepoint_id,emoji_id,codepoint_id,sequence_index) VALUES (2105, 1459, 1008, 1),(2106, 1459, 483, 2);

INSERT INTO emoji (emoji_id,emoji_version_id,emoji_name,emoji_character,emojipedia_url_ext,emojipedia_category,codepoint_string,num_codepoints,hasComponent,hasModifier,hasModifierBase,appearance_differs_flag,unicode_not_recommended) VALUES (1460, 2, 'Kiss: Woman, Man', '', 'kiss-woman-man', NULL, 'U+1F469U+200DU+2764U+FE0FU+200DU+1F48BU+200DU+1F468', 8, 1, 0, 1, 0, 0);
INSERT INTO emoji_codepoints (emoji_codepoint_id,emoji_id,codepoint_id,sequence_index) VALUES (2107, 1460, 589, 1),(2108, 1460, 1183, 2),(2109, 1460, 160, 3),(2110, 1460, 1185, 4),(2111, 1460, 1183, 5),(2112, 1460, 623, 6),(2113, 1460, 1183, 7),(2114, 1460, 588, 8);

INSERT INTO emoji (emoji_id,emoji_version_id,emoji_name,emoji_character,emojipedia_url_ext,emojipedia_category,codepoint_string,num_codepoints,hasComponent,hasModifier,hasModifierBase,appearance_differs_flag,unicode_not_recommended) VALUES (1461, 2, 'Kiss: Man, Man', '', 'kiss-man-man', 'people', 'U+1F468U+200DU+2764U+FE0FU+200DU+1F48BU+200DU+1F468', 8, 1, 0, 1, 0, 0);
INSERT INTO emoji_codepoints (emoji_codepoint_id,emoji_id,codepoint_id,sequence_index) VALUES (2115, 1461, 588, 1),(2116, 1461, 1183, 2),(2117, 1461, 160, 3),(2118, 1461, 1185, 4),(2119, 1461, 1183, 5),(2120, 1461, 623, 6),(2121, 1461, 1183, 7),(2122, 1461, 588, 8);

INSERT INTO emoji (emoji_id,emoji_version_id,emoji_name,emoji_character,emojipedia_url_ext,emojipedia_category,codepoint_string,num_codepoints,hasComponent,hasModifier,hasModifierBase,appearance_differs_flag,unicode_not_recommended) VALUES (1462, 2, 'Kiss: Woman, Woman', '', 'kiss-woman-woman', 'people', 'U+1F469U+200DU+2764U+FE0FU+200DU+1F48BU+200DU+1F469', 8, 1, 0, 1, 0, 0);
INSERT INTO emoji_codepoints (emoji_codepoint_id,emoji_id,codepoint_id,sequence_index) VALUES (2123, 1462, 589, 1),(2124, 1462, 1183, 2),(2125, 1462, 160, 3),(2126, 1462, 1185, 4),(2127, 1462, 1183, 5),(2128, 1462, 623, 6),(2129, 1462, 1183, 7),(2130, 1462, 589, 8);

INSERT INTO emoji (emoji_id,emoji_version_id,emoji_name,emoji_character,emojipedia_url_ext,emojipedia_category,codepoint_string,num_codepoints,hasComponent,hasModifier,hasModifierBase,appearance_differs_flag,unicode_not_recommended) VALUES (1463, 2, 'Couple With Heart: Woman, Man', '', 'couple-with-heart-woman-man', NULL, 'U+1F469U+200DU+2764U+FE0FU+200DU+1F468', 6, 1, 0, 1, 0, 0);
INSERT INTO emoji_codepoints (emoji_codepoint_id,emoji_id,codepoint_id,sequence_index) VALUES (2131, 1463, 589, 1),(2132, 1463, 1183, 2),(2133, 1463, 160, 3),(2134, 1463, 1185, 4),(2135, 1463, 1183, 5),(2136, 1463, 588, 6);

INSERT INTO emoji (emoji_id,emoji_version_id,emoji_name,emoji_character,emojipedia_url_ext,emojipedia_category,codepoint_string,num_codepoints,hasComponent,hasModifier,hasModifierBase,appearance_differs_flag,unicode_not_recommended) VALUES (1464, 2, 'Couple With Heart: Man, Man', '', 'couple-with-heart-man-man', 'people', 'U+1F468U+200DU+2764U+FE0FU+200DU+1F468', 6, 1, 0, 1, 0, 0);
INSERT INTO emoji_codepoints (emoji_codepoint_id,emoji_id,codepoint_id,sequence_index) VALUES (2137, 1464, 588, 1),(2138, 1464, 1183, 2),(2139, 1464, 160, 3),(2140, 1464, 1185, 4),(2141, 1464, 1183, 5),(2142, 1464, 588, 6);

INSERT INTO emoji (emoji_id,emoji_version_id,emoji_name,emoji_character,emojipedia_url_ext,emojipedia_category,codepoint_string,num_codepoints,hasComponent,hasModifier,hasModifierBase,appearance_differs_flag,unicode_not_recommended) VALUES (1465, 2, 'Couple With Heart: Woman, Woman', '', 'couple-with-heart-woman-woman', 'people', 'U+1F469U+200DU+2764U+FE0FU+200DU+1F469', 6, 1, 0, 1, 0, 0);
INSERT INTO emoji_codepoints (emoji_codepoint_id,emoji_id,codepoint_id,sequence_index) VALUES (2143, 1465, 589, 1),(2144, 1465, 1183, 2),(2145, 1465, 160, 3),(2146, 1465, 1185, 4),(2147, 1465, 1183, 5),(2148, 1465, 589, 6);

INSERT INTO emoji (emoji_id,emoji_version_id,emoji_name,emoji_character,emojipedia_url_ext,emojipedia_category,codepoint_string,num_codepoints,hasComponent,hasModifier,hasModifierBase,appearance_differs_flag,unicode_not_recommended) VALUES (1466, 2, 'Family: Man, Woman, Boy', '', 'family-man-woman-boy', 'people', 'U+1F468U+200DU+1F469U+200DU+1F466', 5, 1, 0, 1, 0, 0);
INSERT INTO emoji_codepoints (emoji_codepoint_id,emoji_id,codepoint_id,sequence_index) VALUES (2149, 1466, 588, 1),(2150, 1466, 1183, 2),(2151, 1466, 589, 3),(2152, 1466, 1183, 4),(2153, 1466, 586, 5);

INSERT INTO emoji (emoji_id,emoji_version_id,emoji_name,emoji_character,emojipedia_url_ext,emojipedia_category,codepoint_string,num_codepoints,hasComponent,hasModifier,hasModifierBase,appearance_differs_flag,unicode_not_recommended) VALUES (1467, 2, 'Family: Man, Woman, Girl', '', 'family-man-woman-girl', 'people', 'U+1F468U+200DU+1F469U+200DU+1F467', 5, 1, 0, 1, 0, 0);
INSERT INTO emoji_codepoints (emoji_codepoint_id,emoji_id,codepoint_id,sequence_index) VALUES (2154, 1467, 588, 1),(2155, 1467, 1183, 2),(2156, 1467, 589, 3),(2157, 1467, 1183, 4),(2158, 1467, 587, 5);

INSERT INTO emoji (emoji_id,emoji_version_id,emoji_name,emoji_character,emojipedia_url_ext,emojipedia_category,codepoint_string,num_codepoints,hasComponent,hasModifier,hasModifierBase,appearance_differs_flag,unicode_not_recommended) VALUES (1468, 2, 'Family: Man, Woman, Girl, Boy', '', 'family-man-woman-girl-boy', 'people', 'U+1F468U+200DU+1F469U+200DU+1F467U+200DU+1F466', 7, 1, 0, 1, 0, 0);
INSERT INTO emoji_codepoints (emoji_codepoint_id,emoji_id,codepoint_id,sequence_index) VALUES (2159, 1468, 588, 1),(2160, 1468, 1183, 2),(2161, 1468, 589, 3),(2162, 1468, 1183, 4),(2163, 1468, 587, 5),(2164, 1468, 1183, 6),(2165, 1468, 586, 7);

INSERT INTO emoji (emoji_id,emoji_version_id,emoji_name,emoji_character,emojipedia_url_ext,emojipedia_category,codepoint_string,num_codepoints,hasComponent,hasModifier,hasModifierBase,appearance_differs_flag,unicode_not_recommended) VALUES (1469, 2, 'Family: Man, Woman, Boy, Boy', '', 'family-man-woman-boy-boy', 'people', 'U+1F468U+200DU+1F469U+200DU+1F466U+200DU+1F466', 7, 1, 0, 1, 0, 0);
INSERT INTO emoji_codepoints (emoji_codepoint_id,emoji_id,codepoint_id,sequence_index) VALUES (2166, 1469, 588, 1),(2167, 1469, 1183, 2),(2168, 1469, 589, 3),(2169, 1469, 1183, 4),(2170, 1469, 586, 5),(2171, 1469, 1183, 6),(2172, 1469, 586, 7);

INSERT INTO emoji (emoji_id,emoji_version_id,emoji_name,emoji_character,emojipedia_url_ext,emojipedia_category,codepoint_string,num_codepoints,hasComponent,hasModifier,hasModifierBase,appearance_differs_flag,unicode_not_recommended) VALUES (1470, 2, 'Family: Man, Woman, Girl, Girl', '', 'family-man-woman-girl-girl', 'people', 'U+1F468U+200DU+1F469U+200DU+1F467U+200DU+1F467', 7, 1, 0, 1, 0, 0);
INSERT INTO emoji_codepoints (emoji_codepoint_id,emoji_id,codepoint_id,sequence_index) VALUES (2173, 1470, 588, 1),(2174, 1470, 1183, 2),(2175, 1470, 589, 3),(2176, 1470, 1183, 4),(2177, 1470, 587, 5),(2178, 1470, 1183, 6),(2179, 1470, 587, 7);

INSERT INTO emoji (emoji_id,emoji_version_id,emoji_name,emoji_character,emojipedia_url_ext,emojipedia_category,codepoint_string,num_codepoints,hasComponent,hasModifier,hasModifierBase,appearance_differs_flag,unicode_not_recommended) VALUES (1471, 2, 'Family: Man, Man, Boy', '', 'family-man-man-boy', 'people', 'U+1F468U+200DU+1F468U+200DU+1F466', 5, 1, 0, 1, 0, 0);
INSERT INTO emoji_codepoints (emoji_codepoint_id,emoji_id,codepoint_id,sequence_index) VALUES (2180, 1471, 588, 1),(2181, 1471, 1183, 2),(2182, 1471, 588, 3),(2183, 1471, 1183, 4),(2184, 1471, 586, 5);

INSERT INTO emoji (emoji_id,emoji_version_id,emoji_name,emoji_character,emojipedia_url_ext,emojipedia_category,codepoint_string,num_codepoints,hasComponent,hasModifier,hasModifierBase,appearance_differs_flag,unicode_not_recommended) VALUES (1472, 2, 'Family: Man, Man, Girl', '', 'family-man-man-girl', 'people', 'U+1F468U+200DU+1F468U+200DU+1F467', 5, 1, 0, 1, 0, 0);
INSERT INTO emoji_codepoints (emoji_codepoint_id,emoji_id,codepoint_id,sequence_index) VALUES (2185, 1472, 588, 1),(2186, 1472, 1183, 2),(2187, 1472, 588, 3),(2188, 1472, 1183, 4),(2189, 1472, 587, 5);

INSERT INTO emoji (emoji_id,emoji_version_id,emoji_name,emoji_character,emojipedia_url_ext,emojipedia_category,codepoint_string,num_codepoints,hasComponent,hasModifier,hasModifierBase,appearance_differs_flag,unicode_not_recommended) VALUES (1473, 2, 'Family: Man, Man, Girl, Boy', '', 'family-man-man-girl-boy', 'people', 'U+1F468U+200DU+1F468U+200DU+1F467U+200DU+1F466', 7, 1, 0, 1, 0, 0);
INSERT INTO emoji_codepoints (emoji_codepoint_id,emoji_id,codepoint_id,sequence_index) VALUES (2190, 1473, 588, 1),(2191, 1473, 1183, 2),(2192, 1473, 588, 3),(2193, 1473, 1183, 4),(2194, 1473, 587, 5),(2195, 1473, 1183, 6),(2196, 1473, 586, 7);

INSERT INTO emoji (emoji_id,emoji_version_id,emoji_name,emoji_character,emojipedia_url_ext,emojipedia_category,codepoint_string,num_codepoints,hasComponent,hasModifier,hasModifierBase,appearance_differs_flag,unicode_not_recommended) VALUES (1474, 2, 'Family: Man, Man, Boy, Boy', '', 'family-man-man-boy-boy', 'people', 'U+1F468U+200DU+1F468U+200DU+1F466U+200DU+1F466', 7, 1, 0, 1, 0, 0);
INSERT INTO emoji_codepoints (emoji_codepoint_id,emoji_id,codepoint_id,sequence_index) VALUES (2197, 1474, 588, 1),(2198, 1474, 1183, 2),(2199, 1474, 588, 3),(2200, 1474, 1183, 4),(2201, 1474, 586, 5),(2202, 1474, 1183, 6),(2203, 1474, 586, 7);

INSERT INTO emoji (emoji_id,emoji_version_id,emoji_name,emoji_character,emojipedia_url_ext,emojipedia_category,codepoint_string,num_codepoints,hasComponent,hasModifier,hasModifierBase,appearance_differs_flag,unicode_not_recommended) VALUES (1475, 2, 'Family: Man, Man, Girl, Girl', '', 'family-man-man-girl-girl', 'people', 'U+1F468U+200DU+1F468U+200DU+1F467U+200DU+1F467', 7, 1, 0, 1, 0, 0);
INSERT INTO emoji_codepoints (emoji_codepoint_id,emoji_id,codepoint_id,sequence_index) VALUES (2204, 1475, 588, 1),(2205, 1475, 1183, 2),(2206, 1475, 588, 3),(2207, 1475, 1183, 4),(2208, 1475, 587, 5),(2209, 1475, 1183, 6),(2210, 1475, 587, 7);

INSERT INTO emoji (emoji_id,emoji_version_id,emoji_name,emoji_character,emojipedia_url_ext,emojipedia_category,codepoint_string,num_codepoints,hasComponent,hasModifier,hasModifierBase,appearance_differs_flag,unicode_not_recommended) VALUES (1476, 2, 'Family: Woman, Woman, Boy', '', 'family-woman-woman-boy', 'people', 'U+1F469U+200DU+1F469U+200DU+1F466', 5, 1, 0, 1, 0, 0);
INSERT INTO emoji_codepoints (emoji_codepoint_id,emoji_id,codepoint_id,sequence_index) VALUES (2211, 1476, 589, 1),(2212, 1476, 1183, 2),(2213, 1476, 589, 3),(2214, 1476, 1183, 4),(2215, 1476, 586, 5);

INSERT INTO emoji (emoji_id,emoji_version_id,emoji_name,emoji_character,emojipedia_url_ext,emojipedia_category,codepoint_string,num_codepoints,hasComponent,hasModifier,hasModifierBase,appearance_differs_flag,unicode_not_recommended) VALUES (1477, 2, 'Family: Woman, Woman, Girl', '', 'family-woman-woman-girl', 'people', 'U+1F469U+200DU+1F469U+200DU+1F467', 5, 1, 0, 1, 0, 0);
INSERT INTO emoji_codepoints (emoji_codepoint_id,emoji_id,codepoint_id,sequence_index) VALUES (2216, 1477, 589, 1),(2217, 1477, 1183, 2),(2218, 1477, 589, 3),(2219, 1477, 1183, 4),(2220, 1477, 587, 5);

INSERT INTO emoji (emoji_id,emoji_version_id,emoji_name,emoji_character,emojipedia_url_ext,emojipedia_category,codepoint_string,num_codepoints,hasComponent,hasModifier,hasModifierBase,appearance_differs_flag,unicode_not_recommended) VALUES (1478, 2, 'Family: Woman, Woman, Girl, Boy', '', 'family-woman-woman-girl-boy', 'people', 'U+1F469U+200DU+1F469U+200DU+1F467U+200DU+1F466', 7, 1, 0, 1, 0, 0);
INSERT INTO emoji_codepoints (emoji_codepoint_id,emoji_id,codepoint_id,sequence_index) VALUES (2221, 1478, 589, 1),(2222, 1478, 1183, 2),(2223, 1478, 589, 3),(2224, 1478, 1183, 4),(2225, 1478, 587, 5),(2226, 1478, 1183, 6),(2227, 1478, 586, 7);

INSERT INTO emoji (emoji_id,emoji_version_id,emoji_name,emoji_character,emojipedia_url_ext,emojipedia_category,codepoint_string,num_codepoints,hasComponent,hasModifier,hasModifierBase,appearance_differs_flag,unicode_not_recommended) VALUES (1479, 2, 'Family: Woman, Woman, Boy, Boy', '', 'family-woman-woman-boy-boy', 'people', 'U+1F469U+200DU+1F469U+200DU+1F466U+200DU+1F466', 7, 1, 0, 1, 0, 0);
INSERT INTO emoji_codepoints (emoji_codepoint_id,emoji_id,codepoint_id,sequence_index) VALUES (2228, 1479, 589, 1),(2229, 1479, 1183, 2),(2230, 1479, 589, 3),(2231, 1479, 1183, 4),(2232, 1479, 586, 5),(2233, 1479, 1183, 6),(2234, 1479, 586, 7);

INSERT INTO emoji (emoji_id,emoji_version_id,emoji_name,emoji_character,emojipedia_url_ext,emojipedia_category,codepoint_string,num_codepoints,hasComponent,hasModifier,hasModifierBase,appearance_differs_flag,unicode_not_recommended) VALUES (1480, 2, 'Family: Woman, Woman, Girl, Girl', '', 'family-woman-woman-girl-girl', 'people', 'U+1F469U+200DU+1F469U+200DU+1F467U+200DU+1F467', 7, 1, 0, 1, 0, 0);
INSERT INTO emoji_codepoints (emoji_codepoint_id,emoji_id,codepoint_id,sequence_index) VALUES (2235, 1480, 589, 1),(2236, 1480, 1183, 2),(2237, 1480, 589, 3),(2238, 1480, 1183, 4),(2239, 1480, 587, 5),(2240, 1480, 1183, 6),(2241, 1480, 587, 7);

INSERT INTO emoji (emoji_id,emoji_version_id,emoji_name,emoji_character,emojipedia_url_ext,emojipedia_category,codepoint_string,num_codepoints,hasComponent,hasModifier,hasModifierBase,appearance_differs_flag,unicode_not_recommended) VALUES (1481, 2, 'Flexed Biceps: Light Skin Tone', '', 'flexed-biceps-type-1-2', NULL, 'U+1F4AAU+1F3FB', 2, 1, 1, 1, 0, 0);
INSERT INTO emoji_codepoints (emoji_codepoint_id,emoji_id,codepoint_id,sequence_index) VALUES (2242, 1481, 654, 1),(2243, 1481, 479, 2);

INSERT INTO emoji (emoji_id,emoji_version_id,emoji_name,emoji_character,emojipedia_url_ext,emojipedia_category,codepoint_string,num_codepoints,hasComponent,hasModifier,hasModifierBase,appearance_differs_flag,unicode_not_recommended) VALUES (1482, 2, 'Flexed Biceps: Medium-Light Skin Tone', '', 'flexed-biceps-type-3', NULL, 'U+1F4AAU+1F3FC', 2, 1, 1, 1, 0, 0);
INSERT INTO emoji_codepoints (emoji_codepoint_id,emoji_id,codepoint_id,sequence_index) VALUES (2244, 1482, 654, 1),(2245, 1482, 480, 2);

INSERT INTO emoji (emoji_id,emoji_version_id,emoji_name,emoji_character,emojipedia_url_ext,emojipedia_category,codepoint_string,num_codepoints,hasComponent,hasModifier,hasModifierBase,appearance_differs_flag,unicode_not_recommended) VALUES (1483, 2, 'Flexed Biceps: Medium Skin Tone', '', 'flexed-biceps-type-4', NULL, 'U+1F4AAU+1F3FD', 2, 1, 1, 1, 0, 0);
INSERT INTO emoji_codepoints (emoji_codepoint_id,emoji_id,codepoint_id,sequence_index) VALUES (2246, 1483, 654, 1),(2247, 1483, 481, 2);

INSERT INTO emoji (emoji_id,emoji_version_id,emoji_name,emoji_character,emojipedia_url_ext,emojipedia_category,codepoint_string,num_codepoints,hasComponent,hasModifier,hasModifierBase,appearance_differs_flag,unicode_not_recommended) VALUES (1484, 2, 'Flexed Biceps: Medium-Dark Skin Tone', '', 'flexed-biceps-type-5', NULL, 'U+1F4AAU+1F3FE', 2, 1, 1, 1, 0, 0);
INSERT INTO emoji_codepoints (emoji_codepoint_id,emoji_id,codepoint_id,sequence_index) VALUES (2248, 1484, 654, 1),(2249, 1484, 482, 2);

INSERT INTO emoji (emoji_id,emoji_version_id,emoji_name,emoji_character,emojipedia_url_ext,emojipedia_category,codepoint_string,num_codepoints,hasComponent,hasModifier,hasModifierBase,appearance_differs_flag,unicode_not_recommended) VALUES (1485, 2, 'Flexed Biceps: Dark Skin Tone', '', 'flexed-biceps-type-6', NULL, 'U+1F4AAU+1F3FF', 2, 1, 1, 1, 0, 0);
INSERT INTO emoji_codepoints (emoji_codepoint_id,emoji_id,codepoint_id,sequence_index) VALUES (2250, 1485, 654, 1),(2251, 1485, 483, 2);

INSERT INTO emoji (emoji_id,emoji_version_id,emoji_name,emoji_character,emojipedia_url_ext,emojipedia_category,codepoint_string,num_codepoints,hasComponent,hasModifier,hasModifierBase,appearance_differs_flag,unicode_not_recommended) VALUES (1486, 2, 'Backhand Index Pointing Left: Light Skin Tone', '', 'white-left-pointing-backhand-index-type-1-2', NULL, 'U+1F448U+1F3FB', 2, 1, 1, 1, 0, 0);
INSERT INTO emoji_codepoints (emoji_codepoint_id,emoji_id,codepoint_id,sequence_index) VALUES (2252, 1486, 556, 1),(2253, 1486, 479, 2);

INSERT INTO emoji (emoji_id,emoji_version_id,emoji_name,emoji_character,emojipedia_url_ext,emojipedia_category,codepoint_string,num_codepoints,hasComponent,hasModifier,hasModifierBase,appearance_differs_flag,unicode_not_recommended) VALUES (1487, 2, 'Backhand Index Pointing Left: Medium-Light Skin Tone', '', 'white-left-pointing-backhand-index-type-3', NULL, 'U+1F448U+1F3FC', 2, 1, 1, 1, 0, 0);
INSERT INTO emoji_codepoints (emoji_codepoint_id,emoji_id,codepoint_id,sequence_index) VALUES (2254, 1487, 556, 1),(2255, 1487, 480, 2);

INSERT INTO emoji (emoji_id,emoji_version_id,emoji_name,emoji_character,emojipedia_url_ext,emojipedia_category,codepoint_string,num_codepoints,hasComponent,hasModifier,hasModifierBase,appearance_differs_flag,unicode_not_recommended) VALUES (1488, 2, 'Backhand Index Pointing Left: Medium Skin Tone', '', 'white-left-pointing-backhand-index-type-4', NULL, 'U+1F448U+1F3FD', 2, 1, 1, 1, 0, 0);
INSERT INTO emoji_codepoints (emoji_codepoint_id,emoji_id,codepoint_id,sequence_index) VALUES (2256, 1488, 556, 1),(2257, 1488, 481, 2);

INSERT INTO emoji (emoji_id,emoji_version_id,emoji_name,emoji_character,emojipedia_url_ext,emojipedia_category,codepoint_string,num_codepoints,hasComponent,hasModifier,hasModifierBase,appearance_differs_flag,unicode_not_recommended) VALUES (1489, 2, 'Backhand Index Pointing Left: Medium-Dark Skin Tone', '', 'white-left-pointing-backhand-index-type-5', NULL, 'U+1F448U+1F3FE', 2, 1, 1, 1, 0, 0);
INSERT INTO emoji_codepoints (emoji_codepoint_id,emoji_id,codepoint_id,sequence_index) VALUES (2258, 1489, 556, 1),(2259, 1489, 482, 2);

INSERT INTO emoji (emoji_id,emoji_version_id,emoji_name,emoji_character,emojipedia_url_ext,emojipedia_category,codepoint_string,num_codepoints,hasComponent,hasModifier,hasModifierBase,appearance_differs_flag,unicode_not_recommended) VALUES (1490, 2, 'Backhand Index Pointing Left: Dark Skin Tone', '', 'white-left-pointing-backhand-index-type-6', NULL, 'U+1F448U+1F3FF', 2, 1, 1, 1, 0, 0);
INSERT INTO emoji_codepoints (emoji_codepoint_id,emoji_id,codepoint_id,sequence_index) VALUES (2260, 1490, 556, 1),(2261, 1490, 483, 2);

INSERT INTO emoji (emoji_id,emoji_version_id,emoji_name,emoji_character,emojipedia_url_ext,emojipedia_category,codepoint_string,num_codepoints,hasComponent,hasModifier,hasModifierBase,appearance_differs_flag,unicode_not_recommended) VALUES (1491, 2, 'Backhand Index Pointing Right: Light Skin Tone', '', 'white-right-pointing-backhand-index-type-1-2', NULL, 'U+1F449U+1F3FB', 2, 1, 1, 1, 0, 0);
INSERT INTO emoji_codepoints (emoji_codepoint_id,emoji_id,codepoint_id,sequence_index) VALUES (2262, 1491, 557, 1),(2263, 1491, 479, 2);

INSERT INTO emoji (emoji_id,emoji_version_id,emoji_name,emoji_character,emojipedia_url_ext,emojipedia_category,codepoint_string,num_codepoints,hasComponent,hasModifier,hasModifierBase,appearance_differs_flag,unicode_not_recommended) VALUES (1492, 2, 'Backhand Index Pointing Right: Medium-Light Skin Tone', '', 'white-right-pointing-backhand-index-type-3', NULL, 'U+1F449U+1F3FC', 2, 1, 1, 1, 0, 0);
INSERT INTO emoji_codepoints (emoji_codepoint_id,emoji_id,codepoint_id,sequence_index) VALUES (2264, 1492, 557, 1),(2265, 1492, 480, 2);

INSERT INTO emoji (emoji_id,emoji_version_id,emoji_name,emoji_character,emojipedia_url_ext,emojipedia_category,codepoint_string,num_codepoints,hasComponent,hasModifier,hasModifierBase,appearance_differs_flag,unicode_not_recommended) VALUES (1493, 2, 'Backhand Index Pointing Right: Medium Skin Tone', '', 'white-right-pointing-backhand-index-type-4', NULL, 'U+1F449U+1F3FD', 2, 1, 1, 1, 0, 0);
INSERT INTO emoji_codepoints (emoji_codepoint_id,emoji_id,codepoint_id,sequence_index) VALUES (2266, 1493, 557, 1),(2267, 1493, 481, 2);

INSERT INTO emoji (emoji_id,emoji_version_id,emoji_name,emoji_character,emojipedia_url_ext,emojipedia_category,codepoint_string,num_codepoints,hasComponent,hasModifier,hasModifierBase,appearance_differs_flag,unicode_not_recommended) VALUES (1494, 2, 'Backhand Index Pointing Right: Medium-Dark Skin Tone', '', 'white-right-pointing-backhand-index-type-5', NULL, 'U+1F449U+1F3FE', 2, 1, 1, 1, 0, 0);
INSERT INTO emoji_codepoints (emoji_codepoint_id,emoji_id,codepoint_id,sequence_index) VALUES (2268, 1494, 557, 1),(2269, 1494, 482, 2);

INSERT INTO emoji (emoji_id,emoji_version_id,emoji_name,emoji_character,emojipedia_url_ext,emojipedia_category,codepoint_string,num_codepoints,hasComponent,hasModifier,hasModifierBase,appearance_differs_flag,unicode_not_recommended) VALUES (1495, 2, 'Backhand Index Pointing Right: Dark Skin Tone', '', 'white-right-pointing-backhand-index-type-6', NULL, 'U+1F449U+1F3FF', 2, 1, 1, 1, 0, 0);
INSERT INTO emoji_codepoints (emoji_codepoint_id,emoji_id,codepoint_id,sequence_index) VALUES (2270, 1495, 557, 1),(2271, 1495, 483, 2);

INSERT INTO emoji (emoji_id,emoji_version_id,emoji_name,emoji_character,emojipedia_url_ext,emojipedia_category,codepoint_string,num_codepoints,hasComponent,hasModifier,hasModifierBase,appearance_differs_flag,unicode_not_recommended) VALUES (1496, 2, 'Index Pointing Up: Light Skin Tone', '', 'white-up-pointing-index-type-1-2', NULL, 'U+261DU+1F3FB', 2, 1, 1, 1, 0, 0);
INSERT INTO emoji_codepoints (emoji_codepoint_id,emoji_id,codepoint_id,sequence_index) VALUES (2272, 1496, 64, 1),(2273, 1496, 479, 2);

INSERT INTO emoji (emoji_id,emoji_version_id,emoji_name,emoji_character,emojipedia_url_ext,emojipedia_category,codepoint_string,num_codepoints,hasComponent,hasModifier,hasModifierBase,appearance_differs_flag,unicode_not_recommended) VALUES (1497, 2, 'Index Pointing Up: Medium-Light Skin Tone', '', 'white-up-pointing-index-type-3', NULL, 'U+261DU+1F3FC', 2, 1, 1, 1, 0, 0);
INSERT INTO emoji_codepoints (emoji_codepoint_id,emoji_id,codepoint_id,sequence_index) VALUES (2274, 1497, 64, 1),(2275, 1497, 480, 2);

INSERT INTO emoji (emoji_id,emoji_version_id,emoji_name,emoji_character,emojipedia_url_ext,emojipedia_category,codepoint_string,num_codepoints,hasComponent,hasModifier,hasModifierBase,appearance_differs_flag,unicode_not_recommended) VALUES (1498, 2, 'Index Pointing Up: Medium Skin Tone', '', 'white-up-pointing-index-type-4', NULL, 'U+261DU+1F3FD', 2, 1, 1, 1, 0, 0);
INSERT INTO emoji_codepoints (emoji_codepoint_id,emoji_id,codepoint_id,sequence_index) VALUES (2276, 1498, 64, 1),(2277, 1498, 481, 2);

INSERT INTO emoji (emoji_id,emoji_version_id,emoji_name,emoji_character,emojipedia_url_ext,emojipedia_category,codepoint_string,num_codepoints,hasComponent,hasModifier,hasModifierBase,appearance_differs_flag,unicode_not_recommended) VALUES (1499, 2, 'Index Pointing Up: Medium-Dark Skin Tone', '', 'white-up-pointing-index-type-5', NULL, 'U+261DU+1F3FE', 2, 1, 1, 1, 0, 0);
INSERT INTO emoji_codepoints (emoji_codepoint_id,emoji_id,codepoint_id,sequence_index) VALUES (2278, 1499, 64, 1),(2279, 1499, 482, 2);

INSERT INTO emoji (emoji_id,emoji_version_id,emoji_name,emoji_character,emojipedia_url_ext,emojipedia_category,codepoint_string,num_codepoints,hasComponent,hasModifier,hasModifierBase,appearance_differs_flag,unicode_not_recommended) VALUES (1500, 2, 'Index Pointing Up: Dark Skin Tone', '', 'white-up-pointing-index-type-6', NULL, 'U+261DU+1F3FF', 2, 1, 1, 1, 0, 0);
INSERT INTO emoji_codepoints (emoji_codepoint_id,emoji_id,codepoint_id,sequence_index) VALUES (2280, 1500, 64, 1),(2281, 1500, 483, 2);

INSERT INTO emoji (emoji_id,emoji_version_id,emoji_name,emoji_character,emojipedia_url_ext,emojipedia_category,codepoint_string,num_codepoints,hasComponent,hasModifier,hasModifierBase,appearance_differs_flag,unicode_not_recommended) VALUES (1501, 2, 'Backhand Index Pointing Up: Light Skin Tone', '', 'white-up-pointing-backhand-index-type-1-2', NULL, 'U+1F446U+1F3FB', 2, 1, 1, 1, 0, 0);
INSERT INTO emoji_codepoints (emoji_codepoint_id,emoji_id,codepoint_id,sequence_index) VALUES (2282, 1501, 554, 1),(2283, 1501, 479, 2);

INSERT INTO emoji (emoji_id,emoji_version_id,emoji_name,emoji_character,emojipedia_url_ext,emojipedia_category,codepoint_string,num_codepoints,hasComponent,hasModifier,hasModifierBase,appearance_differs_flag,unicode_not_recommended) VALUES (1502, 2, 'Backhand Index Pointing Up: Medium-Light Skin Tone', '', 'white-up-pointing-backhand-index-type-3', NULL, 'U+1F446U+1F3FC', 2, 1, 1, 1, 0, 0);
INSERT INTO emoji_codepoints (emoji_codepoint_id,emoji_id,codepoint_id,sequence_index) VALUES (2284, 1502, 554, 1),(2285, 1502, 480, 2);

INSERT INTO emoji (emoji_id,emoji_version_id,emoji_name,emoji_character,emojipedia_url_ext,emojipedia_category,codepoint_string,num_codepoints,hasComponent,hasModifier,hasModifierBase,appearance_differs_flag,unicode_not_recommended) VALUES (1503, 2, 'Backhand Index Pointing Up: Medium Skin Tone', '', 'white-up-pointing-backhand-index-type-4', NULL, 'U+1F446U+1F3FD', 2, 1, 1, 1, 0, 0);
INSERT INTO emoji_codepoints (emoji_codepoint_id,emoji_id,codepoint_id,sequence_index) VALUES (2286, 1503, 554, 1),(2287, 1503, 481, 2);

INSERT INTO emoji (emoji_id,emoji_version_id,emoji_name,emoji_character,emojipedia_url_ext,emojipedia_category,codepoint_string,num_codepoints,hasComponent,hasModifier,hasModifierBase,appearance_differs_flag,unicode_not_recommended) VALUES (1504, 2, 'Backhand Index Pointing Up: Medium-Dark Skin Tone', '', 'white-up-pointing-backhand-index-type-5', NULL, 'U+1F446U+1F3FE', 2, 1, 1, 1, 0, 0);
INSERT INTO emoji_codepoints (emoji_codepoint_id,emoji_id,codepoint_id,sequence_index) VALUES (2288, 1504, 554, 1),(2289, 1504, 482, 2);

INSERT INTO emoji (emoji_id,emoji_version_id,emoji_name,emoji_character,emojipedia_url_ext,emojipedia_category,codepoint_string,num_codepoints,hasComponent,hasModifier,hasModifierBase,appearance_differs_flag,unicode_not_recommended) VALUES (1505, 2, 'Backhand Index Pointing Up: Dark Skin Tone', '', 'white-up-pointing-backhand-index-type-6', NULL, 'U+1F446U+1F3FF', 2, 1, 1, 1, 0, 0);
INSERT INTO emoji_codepoints (emoji_codepoint_id,emoji_id,codepoint_id,sequence_index) VALUES (2290, 1505, 554, 1),(2291, 1505, 483, 2);

INSERT INTO emoji (emoji_id,emoji_version_id,emoji_name,emoji_character,emojipedia_url_ext,emojipedia_category,codepoint_string,num_codepoints,hasComponent,hasModifier,hasModifierBase,appearance_differs_flag,unicode_not_recommended) VALUES (1506, 2, 'Middle Finger: Light Skin Tone', '', 'reversed-hand-with-middle-finger-extended-type-1-2', NULL, 'U+1F595U+1F3FB', 2, 1, 1, 1, 0, 0);
INSERT INTO emoji_codepoints (emoji_codepoint_id,emoji_id,codepoint_id,sequence_index) VALUES (2292, 1506, 847, 1),(2293, 1506, 479, 2);

INSERT INTO emoji (emoji_id,emoji_version_id,emoji_name,emoji_character,emojipedia_url_ext,emojipedia_category,codepoint_string,num_codepoints,hasComponent,hasModifier,hasModifierBase,appearance_differs_flag,unicode_not_recommended) VALUES (1507, 2, 'Middle Finger: Medium-Light Skin Tone', '', 'reversed-hand-with-middle-finger-extended-type-3', NULL, 'U+1F595U+1F3FC', 2, 1, 1, 1, 0, 0);
INSERT INTO emoji_codepoints (emoji_codepoint_id,emoji_id,codepoint_id,sequence_index) VALUES (2294, 1507, 847, 1),(2295, 1507, 480, 2);

INSERT INTO emoji (emoji_id,emoji_version_id,emoji_name,emoji_character,emojipedia_url_ext,emojipedia_category,codepoint_string,num_codepoints,hasComponent,hasModifier,hasModifierBase,appearance_differs_flag,unicode_not_recommended) VALUES (1508, 2, 'Middle Finger: Medium Skin Tone', '', 'reversed-hand-with-middle-finger-extended-type-4', NULL, 'U+1F595U+1F3FD', 2, 1, 1, 1, 0, 0);
INSERT INTO emoji_codepoints (emoji_codepoint_id,emoji_id,codepoint_id,sequence_index) VALUES (2296, 1508, 847, 1),(2297, 1508, 481, 2);

INSERT INTO emoji (emoji_id,emoji_version_id,emoji_name,emoji_character,emojipedia_url_ext,emojipedia_category,codepoint_string,num_codepoints,hasComponent,hasModifier,hasModifierBase,appearance_differs_flag,unicode_not_recommended) VALUES (1509, 2, 'Middle Finger: Medium-Dark Skin Tone', '', 'reversed-hand-with-middle-finger-extended-type-5', NULL, 'U+1F595U+1F3FE', 2, 1, 1, 1, 0, 0);
INSERT INTO emoji_codepoints (emoji_codepoint_id,emoji_id,codepoint_id,sequence_index) VALUES (2298, 1509, 847, 1),(2299, 1509, 482, 2);

INSERT INTO emoji (emoji_id,emoji_version_id,emoji_name,emoji_character,emojipedia_url_ext,emojipedia_category,codepoint_string,num_codepoints,hasComponent,hasModifier,hasModifierBase,appearance_differs_flag,unicode_not_recommended) VALUES (1510, 2, 'Middle Finger: Dark Skin Tone', '', 'reversed-hand-with-middle-finger-extended-type-6', NULL, 'U+1F595U+1F3FF', 2, 1, 1, 1, 0, 0);
INSERT INTO emoji_codepoints (emoji_codepoint_id,emoji_id,codepoint_id,sequence_index) VALUES (2300, 1510, 847, 1),(2301, 1510, 483, 2);

INSERT INTO emoji (emoji_id,emoji_version_id,emoji_name,emoji_character,emojipedia_url_ext,emojipedia_category,codepoint_string,num_codepoints,hasComponent,hasModifier,hasModifierBase,appearance_differs_flag,unicode_not_recommended) VALUES (1511, 2, 'Backhand Index Pointing Down: Light Skin Tone', '', 'white-down-pointing-backhand-index-type-1-2', NULL, 'U+1F447U+1F3FB', 2, 1, 1, 1, 0, 0);
INSERT INTO emoji_codepoints (emoji_codepoint_id,emoji_id,codepoint_id,sequence_index) VALUES (2302, 1511, 555, 1),(2303, 1511, 479, 2);

INSERT INTO emoji (emoji_id,emoji_version_id,emoji_name,emoji_character,emojipedia_url_ext,emojipedia_category,codepoint_string,num_codepoints,hasComponent,hasModifier,hasModifierBase,appearance_differs_flag,unicode_not_recommended) VALUES (1512, 2, 'Backhand Index Pointing Down: Medium-Light Skin Tone', '', 'white-down-pointing-backhand-index-type-3', NULL, 'U+1F447U+1F3FC', 2, 1, 1, 1, 0, 0);
INSERT INTO emoji_codepoints (emoji_codepoint_id,emoji_id,codepoint_id,sequence_index) VALUES (2304, 1512, 555, 1),(2305, 1512, 480, 2);

INSERT INTO emoji (emoji_id,emoji_version_id,emoji_name,emoji_character,emojipedia_url_ext,emojipedia_category,codepoint_string,num_codepoints,hasComponent,hasModifier,hasModifierBase,appearance_differs_flag,unicode_not_recommended) VALUES (1513, 2, 'Backhand Index Pointing Down: Medium Skin Tone', '', 'white-down-pointing-backhand-index-type-4', NULL, 'U+1F447U+1F3FD', 2, 1, 1, 1, 0, 0);
INSERT INTO emoji_codepoints (emoji_codepoint_id,emoji_id,codepoint_id,sequence_index) VALUES (2306, 1513, 555, 1),(2307, 1513, 481, 2);

INSERT INTO emoji (emoji_id,emoji_version_id,emoji_name,emoji_character,emojipedia_url_ext,emojipedia_category,codepoint_string,num_codepoints,hasComponent,hasModifier,hasModifierBase,appearance_differs_flag,unicode_not_recommended) VALUES (1514, 2, 'Backhand Index Pointing Down: Medium-Dark Skin Tone', '', 'white-down-pointing-backhand-index-type-5', NULL, 'U+1F447U+1F3FE', 2, 1, 1, 1, 0, 0);
INSERT INTO emoji_codepoints (emoji_codepoint_id,emoji_id,codepoint_id,sequence_index) VALUES (2308, 1514, 555, 1),(2309, 1514, 482, 2);

INSERT INTO emoji (emoji_id,emoji_version_id,emoji_name,emoji_character,emojipedia_url_ext,emojipedia_category,codepoint_string,num_codepoints,hasComponent,hasModifier,hasModifierBase,appearance_differs_flag,unicode_not_recommended) VALUES (1515, 2, 'Backhand Index Pointing Down: Dark Skin Tone', '', 'white-down-pointing-backhand-index-type-6', NULL, 'U+1F447U+1F3FF', 2, 1, 1, 1, 0, 0);
INSERT INTO emoji_codepoints (emoji_codepoint_id,emoji_id,codepoint_id,sequence_index) VALUES (2310, 1515, 555, 1),(2311, 1515, 483, 2);

INSERT INTO emoji (emoji_id,emoji_version_id,emoji_name,emoji_character,emojipedia_url_ext,emojipedia_category,codepoint_string,num_codepoints,hasComponent,hasModifier,hasModifierBase,appearance_differs_flag,unicode_not_recommended) VALUES (1516, 2, 'Victory Hand: Light Skin Tone', '', 'victory-hand-type-1-2', NULL, 'U+270CU+1F3FB', 2, 1, 1, 1, 0, 0);
INSERT INTO emoji_codepoints (emoji_codepoint_id,emoji_id,codepoint_id,sequence_index) VALUES (2312, 1516, 140, 1),(2313, 1516, 479, 2);

INSERT INTO emoji (emoji_id,emoji_version_id,emoji_name,emoji_character,emojipedia_url_ext,emojipedia_category,codepoint_string,num_codepoints,hasComponent,hasModifier,hasModifierBase,appearance_differs_flag,unicode_not_recommended) VALUES (1517, 2, 'Victory Hand: Medium-Light Skin Tone', '', 'victory-hand-type-3', NULL, 'U+270CU+1F3FC', 2, 1, 1, 1, 0, 0);
INSERT INTO emoji_codepoints (emoji_codepoint_id,emoji_id,codepoint_id,sequence_index) VALUES (2314, 1517, 140, 1),(2315, 1517, 480, 2);

INSERT INTO emoji (emoji_id,emoji_version_id,emoji_name,emoji_character,emojipedia_url_ext,emojipedia_category,codepoint_string,num_codepoints,hasComponent,hasModifier,hasModifierBase,appearance_differs_flag,unicode_not_recommended) VALUES (1518, 2, 'Victory Hand: Medium Skin Tone', '', 'victory-hand-type-4', NULL, 'U+270CU+1F3FD', 2, 1, 1, 1, 0, 0);
INSERT INTO emoji_codepoints (emoji_codepoint_id,emoji_id,codepoint_id,sequence_index) VALUES (2316, 1518, 140, 1),(2317, 1518, 481, 2);

INSERT INTO emoji (emoji_id,emoji_version_id,emoji_name,emoji_character,emojipedia_url_ext,emojipedia_category,codepoint_string,num_codepoints,hasComponent,hasModifier,hasModifierBase,appearance_differs_flag,unicode_not_recommended) VALUES (1519, 2, 'Victory Hand: Medium-Dark Skin Tone', '', 'victory-hand-type-5', NULL, 'U+270CU+1F3FE', 2, 1, 1, 1, 0, 0);
INSERT INTO emoji_codepoints (emoji_codepoint_id,emoji_id,codepoint_id,sequence_index) VALUES (2318, 1519, 140, 1),(2319, 1519, 482, 2);

INSERT INTO emoji (emoji_id,emoji_version_id,emoji_name,emoji_character,emojipedia_url_ext,emojipedia_category,codepoint_string,num_codepoints,hasComponent,hasModifier,hasModifierBase,appearance_differs_flag,unicode_not_recommended) VALUES (1520, 2, 'Victory Hand: Dark Skin Tone', '', 'victory-hand-type-6', NULL, 'U+270CU+1F3FF', 2, 1, 1, 1, 0, 0);
INSERT INTO emoji_codepoints (emoji_codepoint_id,emoji_id,codepoint_id,sequence_index) VALUES (2320, 1520, 140, 1),(2321, 1520, 483, 2);

INSERT INTO emoji (emoji_id,emoji_version_id,emoji_name,emoji_character,emojipedia_url_ext,emojipedia_category,codepoint_string,num_codepoints,hasComponent,hasModifier,hasModifierBase,appearance_differs_flag,unicode_not_recommended) VALUES (1521, 2, 'Vulcan Salute: Light Skin Tone', '', 'raised-hand-with-part-between-middle-and-ring-fingers-type-1-2', NULL, 'U+1F596U+1F3FB', 2, 1, 1, 1, 0, 0);
INSERT INTO emoji_codepoints (emoji_codepoint_id,emoji_id,codepoint_id,sequence_index) VALUES (2322, 1521, 848, 1),(2323, 1521, 479, 2);

INSERT INTO emoji (emoji_id,emoji_version_id,emoji_name,emoji_character,emojipedia_url_ext,emojipedia_category,codepoint_string,num_codepoints,hasComponent,hasModifier,hasModifierBase,appearance_differs_flag,unicode_not_recommended) VALUES (1522, 2, 'Vulcan Salute: Medium-Light Skin Tone', '', 'raised-hand-with-part-between-middle-and-ring-fingers-type-3', NULL, 'U+1F596U+1F3FC', 2, 1, 1, 1, 0, 0);
INSERT INTO emoji_codepoints (emoji_codepoint_id,emoji_id,codepoint_id,sequence_index) VALUES (2324, 1522, 848, 1),(2325, 1522, 480, 2);

INSERT INTO emoji (emoji_id,emoji_version_id,emoji_name,emoji_character,emojipedia_url_ext,emojipedia_category,codepoint_string,num_codepoints,hasComponent,hasModifier,hasModifierBase,appearance_differs_flag,unicode_not_recommended) VALUES (1523, 2, 'Vulcan Salute: Medium Skin Tone', '', 'raised-hand-with-part-between-middle-and-ring-fingers-type-4', NULL, 'U+1F596U+1F3FD', 2, 1, 1, 1, 0, 0);
INSERT INTO emoji_codepoints (emoji_codepoint_id,emoji_id,codepoint_id,sequence_index) VALUES (2326, 1523, 848, 1),(2327, 1523, 481, 2);

INSERT INTO emoji (emoji_id,emoji_version_id,emoji_name,emoji_character,emojipedia_url_ext,emojipedia_category,codepoint_string,num_codepoints,hasComponent,hasModifier,hasModifierBase,appearance_differs_flag,unicode_not_recommended) VALUES (1524, 2, 'Vulcan Salute: Medium-Dark Skin Tone', '', 'raised-hand-with-part-between-middle-and-ring-fingers-type-5', NULL, 'U+1F596U+1F3FE', 2, 1, 1, 1, 0, 0);
INSERT INTO emoji_codepoints (emoji_codepoint_id,emoji_id,codepoint_id,sequence_index) VALUES (2328, 1524, 848, 1),(2329, 1524, 482, 2);

INSERT INTO emoji (emoji_id,emoji_version_id,emoji_name,emoji_character,emojipedia_url_ext,emojipedia_category,codepoint_string,num_codepoints,hasComponent,hasModifier,hasModifierBase,appearance_differs_flag,unicode_not_recommended) VALUES (1525, 2, 'Vulcan Salute: Dark Skin Tone', '', 'raised-hand-with-part-between-middle-and-ring-fingers-type-6', NULL, 'U+1F596U+1F3FF', 2, 1, 1, 1, 0, 0);
INSERT INTO emoji_codepoints (emoji_codepoint_id,emoji_id,codepoint_id,sequence_index) VALUES (2330, 1525, 848, 1),(2331, 1525, 483, 2);

INSERT INTO emoji (emoji_id,emoji_version_id,emoji_name,emoji_character,emojipedia_url_ext,emojipedia_category,codepoint_string,num_codepoints,hasComponent,hasModifier,hasModifierBase,appearance_differs_flag,unicode_not_recommended) VALUES (1526, 2, 'Sign of the Horns: Light Skin Tone', '', 'sign-of-the-horns-type-1-2', NULL, 'U+1F918U+1F3FB', 2, 1, 1, 1, 0, 0);
INSERT INTO emoji_codepoints (emoji_codepoint_id,emoji_id,codepoint_id,sequence_index) VALUES (2332, 1526, 1057, 1),(2333, 1526, 479, 2);

INSERT INTO emoji (emoji_id,emoji_version_id,emoji_name,emoji_character,emojipedia_url_ext,emojipedia_category,codepoint_string,num_codepoints,hasComponent,hasModifier,hasModifierBase,appearance_differs_flag,unicode_not_recommended) VALUES (1527, 2, 'Sign of the Horns: Medium-Light Skin Tone', '', 'sign-of-the-horns-type-3', NULL, 'U+1F918U+1F3FC', 2, 1, 1, 1, 0, 0);
INSERT INTO emoji_codepoints (emoji_codepoint_id,emoji_id,codepoint_id,sequence_index) VALUES (2334, 1527, 1057, 1),(2335, 1527, 480, 2);

INSERT INTO emoji (emoji_id,emoji_version_id,emoji_name,emoji_character,emojipedia_url_ext,emojipedia_category,codepoint_string,num_codepoints,hasComponent,hasModifier,hasModifierBase,appearance_differs_flag,unicode_not_recommended) VALUES (1528, 2, 'Sign of the Horns: Medium Skin Tone', '', 'sign-of-the-horns-type-4', NULL, 'U+1F918U+1F3FD', 2, 1, 1, 1, 0, 0);
INSERT INTO emoji_codepoints (emoji_codepoint_id,emoji_id,codepoint_id,sequence_index) VALUES (2336, 1528, 1057, 1),(2337, 1528, 481, 2);

INSERT INTO emoji (emoji_id,emoji_version_id,emoji_name,emoji_character,emojipedia_url_ext,emojipedia_category,codepoint_string,num_codepoints,hasComponent,hasModifier,hasModifierBase,appearance_differs_flag,unicode_not_recommended) VALUES (1529, 2, 'Sign of the Horns: Medium-Dark Skin Tone', '', 'sign-of-the-horns-type-5', NULL, 'U+1F918U+1F3FE', 2, 1, 1, 1, 0, 0);
INSERT INTO emoji_codepoints (emoji_codepoint_id,emoji_id,codepoint_id,sequence_index) VALUES (2338, 1529, 1057, 1),(2339, 1529, 482, 2);

INSERT INTO emoji (emoji_id,emoji_version_id,emoji_name,emoji_character,emojipedia_url_ext,emojipedia_category,codepoint_string,num_codepoints,hasComponent,hasModifier,hasModifierBase,appearance_differs_flag,unicode_not_recommended) VALUES (1530, 2, 'Sign of the Horns: Dark Skin Tone', '', 'sign-of-the-horns-type-6', NULL, 'U+1F918U+1F3FF', 2, 1, 1, 1, 0, 0);
INSERT INTO emoji_codepoints (emoji_codepoint_id,emoji_id,codepoint_id,sequence_index) VALUES (2340, 1530, 1057, 1),(2341, 1530, 483, 2);

INSERT INTO emoji (emoji_id,emoji_version_id,emoji_name,emoji_character,emojipedia_url_ext,emojipedia_category,codepoint_string,num_codepoints,hasComponent,hasModifier,hasModifierBase,appearance_differs_flag,unicode_not_recommended) VALUES (1531, 2, 'Hand With Fingers Splayed: Light Skin Tone', '', 'raised-hand-with-fingers-splayed-type-1-2', NULL, 'U+1F590U+1F3FB', 2, 1, 1, 1, 0, 0);
INSERT INTO emoji_codepoints (emoji_codepoint_id,emoji_id,codepoint_id,sequence_index) VALUES (2342, 1531, 846, 1),(2343, 1531, 479, 2);

INSERT INTO emoji (emoji_id,emoji_version_id,emoji_name,emoji_character,emojipedia_url_ext,emojipedia_category,codepoint_string,num_codepoints,hasComponent,hasModifier,hasModifierBase,appearance_differs_flag,unicode_not_recommended) VALUES (1532, 2, 'Hand With Fingers Splayed: Medium-Light Skin Tone', '', 'raised-hand-with-fingers-splayed-type-3', NULL, 'U+1F590U+1F3FC', 2, 1, 1, 1, 0, 0);
INSERT INTO emoji_codepoints (emoji_codepoint_id,emoji_id,codepoint_id,sequence_index) VALUES (2344, 1532, 846, 1),(2345, 1532, 480, 2);

INSERT INTO emoji (emoji_id,emoji_version_id,emoji_name,emoji_character,emojipedia_url_ext,emojipedia_category,codepoint_string,num_codepoints,hasComponent,hasModifier,hasModifierBase,appearance_differs_flag,unicode_not_recommended) VALUES (1533, 2, 'Hand With Fingers Splayed: Medium Skin Tone', '', 'raised-hand-with-fingers-splayed-type-4', NULL, 'U+1F590U+1F3FD', 2, 1, 1, 1, 0, 0);
INSERT INTO emoji_codepoints (emoji_codepoint_id,emoji_id,codepoint_id,sequence_index) VALUES (2346, 1533, 846, 1),(2347, 1533, 481, 2);

INSERT INTO emoji (emoji_id,emoji_version_id,emoji_name,emoji_character,emojipedia_url_ext,emojipedia_category,codepoint_string,num_codepoints,hasComponent,hasModifier,hasModifierBase,appearance_differs_flag,unicode_not_recommended) VALUES (1534, 2, 'Hand With Fingers Splayed: Medium-Dark Skin Tone', '', 'raised-hand-with-fingers-splayed-type-5', NULL, 'U+1F590U+1F3FE', 2, 1, 1, 1, 0, 0);
INSERT INTO emoji_codepoints (emoji_codepoint_id,emoji_id,codepoint_id,sequence_index) VALUES (2348, 1534, 846, 1),(2349, 1534, 482, 2);

INSERT INTO emoji (emoji_id,emoji_version_id,emoji_name,emoji_character,emojipedia_url_ext,emojipedia_category,codepoint_string,num_codepoints,hasComponent,hasModifier,hasModifierBase,appearance_differs_flag,unicode_not_recommended) VALUES (1535, 2, 'Hand With Fingers Splayed: Dark Skin Tone', '', 'raised-hand-with-fingers-splayed-type-6', NULL, 'U+1F590U+1F3FF', 2, 1, 1, 1, 0, 0);
INSERT INTO emoji_codepoints (emoji_codepoint_id,emoji_id,codepoint_id,sequence_index) VALUES (2350, 1535, 846, 1),(2351, 1535, 483, 2);

INSERT INTO emoji (emoji_id,emoji_version_id,emoji_name,emoji_character,emojipedia_url_ext,emojipedia_category,codepoint_string,num_codepoints,hasComponent,hasModifier,hasModifierBase,appearance_differs_flag,unicode_not_recommended) VALUES (1536, 2, 'Raised Hand: Light Skin Tone', '', 'raised-hand-type-1-2', NULL, 'U+270BU+1F3FB', 2, 1, 1, 1, 0, 0);
INSERT INTO emoji_codepoints (emoji_codepoint_id,emoji_id,codepoint_id,sequence_index) VALUES (2352, 1536, 139, 1),(2353, 1536, 479, 2);

INSERT INTO emoji (emoji_id,emoji_version_id,emoji_name,emoji_character,emojipedia_url_ext,emojipedia_category,codepoint_string,num_codepoints,hasComponent,hasModifier,hasModifierBase,appearance_differs_flag,unicode_not_recommended) VALUES (1537, 2, 'Raised Hand: Medium-Light Skin Tone', '', 'raised-hand-type-3', NULL, 'U+270BU+1F3FC', 2, 1, 1, 1, 0, 0);
INSERT INTO emoji_codepoints (emoji_codepoint_id,emoji_id,codepoint_id,sequence_index) VALUES (2354, 1537, 139, 1),(2355, 1537, 480, 2);

INSERT INTO emoji (emoji_id,emoji_version_id,emoji_name,emoji_character,emojipedia_url_ext,emojipedia_category,codepoint_string,num_codepoints,hasComponent,hasModifier,hasModifierBase,appearance_differs_flag,unicode_not_recommended) VALUES (1538, 2, 'Raised Hand: Medium Skin Tone', '', 'raised-hand-type-4', NULL, 'U+270BU+1F3FD', 2, 1, 1, 1, 0, 0);
INSERT INTO emoji_codepoints (emoji_codepoint_id,emoji_id,codepoint_id,sequence_index) VALUES (2356, 1538, 139, 1),(2357, 1538, 481, 2);

INSERT INTO emoji (emoji_id,emoji_version_id,emoji_name,emoji_character,emojipedia_url_ext,emojipedia_category,codepoint_string,num_codepoints,hasComponent,hasModifier,hasModifierBase,appearance_differs_flag,unicode_not_recommended) VALUES (1539, 2, 'Raised Hand: Medium-Dark Skin Tone', '', 'raised-hand-type-5', NULL, 'U+270BU+1F3FE', 2, 1, 1, 1, 0, 0);
INSERT INTO emoji_codepoints (emoji_codepoint_id,emoji_id,codepoint_id,sequence_index) VALUES (2358, 1539, 139, 1),(2359, 1539, 482, 2);

INSERT INTO emoji (emoji_id,emoji_version_id,emoji_name,emoji_character,emojipedia_url_ext,emojipedia_category,codepoint_string,num_codepoints,hasComponent,hasModifier,hasModifierBase,appearance_differs_flag,unicode_not_recommended) VALUES (1540, 2, 'Raised Hand: Dark Skin Tone', '', 'raised-hand-type-6', NULL, 'U+270BU+1F3FF', 2, 1, 1, 1, 0, 0);
INSERT INTO emoji_codepoints (emoji_codepoint_id,emoji_id,codepoint_id,sequence_index) VALUES (2360, 1540, 139, 1),(2361, 1540, 483, 2);

INSERT INTO emoji (emoji_id,emoji_version_id,emoji_name,emoji_character,emojipedia_url_ext,emojipedia_category,codepoint_string,num_codepoints,hasComponent,hasModifier,hasModifierBase,appearance_differs_flag,unicode_not_recommended) VALUES (1541, 2, 'OK Hand: Light Skin Tone', '', 'ok-hand-sign-type-1-2', NULL, 'U+1F44CU+1F3FB', 2, 1, 1, 1, 0, 0);
INSERT INTO emoji_codepoints (emoji_codepoint_id,emoji_id,codepoint_id,sequence_index) VALUES (2362, 1541, 560, 1),(2363, 1541, 479, 2);

INSERT INTO emoji (emoji_id,emoji_version_id,emoji_name,emoji_character,emojipedia_url_ext,emojipedia_category,codepoint_string,num_codepoints,hasComponent,hasModifier,hasModifierBase,appearance_differs_flag,unicode_not_recommended) VALUES (1542, 2, 'OK Hand: Medium-Light Skin Tone', '', 'ok-hand-sign-type-3', NULL, 'U+1F44CU+1F3FC', 2, 1, 1, 1, 0, 0);
INSERT INTO emoji_codepoints (emoji_codepoint_id,emoji_id,codepoint_id,sequence_index) VALUES (2364, 1542, 560, 1),(2365, 1542, 480, 2);

INSERT INTO emoji (emoji_id,emoji_version_id,emoji_name,emoji_character,emojipedia_url_ext,emojipedia_category,codepoint_string,num_codepoints,hasComponent,hasModifier,hasModifierBase,appearance_differs_flag,unicode_not_recommended) VALUES (1543, 2, 'OK Hand: Medium Skin Tone', '', 'ok-hand-sign-type-4', NULL, 'U+1F44CU+1F3FD', 2, 1, 1, 1, 0, 0);
INSERT INTO emoji_codepoints (emoji_codepoint_id,emoji_id,codepoint_id,sequence_index) VALUES (2366, 1543, 560, 1),(2367, 1543, 481, 2);

INSERT INTO emoji (emoji_id,emoji_version_id,emoji_name,emoji_character,emojipedia_url_ext,emojipedia_category,codepoint_string,num_codepoints,hasComponent,hasModifier,hasModifierBase,appearance_differs_flag,unicode_not_recommended) VALUES (1544, 2, 'OK Hand: Medium-Dark Skin Tone', '', 'ok-hand-sign-type-5', NULL, 'U+1F44CU+1F3FE', 2, 1, 1, 1, 0, 0);
INSERT INTO emoji_codepoints (emoji_codepoint_id,emoji_id,codepoint_id,sequence_index) VALUES (2368, 1544, 560, 1),(2369, 1544, 482, 2);

INSERT INTO emoji (emoji_id,emoji_version_id,emoji_name,emoji_character,emojipedia_url_ext,emojipedia_category,codepoint_string,num_codepoints,hasComponent,hasModifier,hasModifierBase,appearance_differs_flag,unicode_not_recommended) VALUES (1545, 2, 'OK Hand: Dark Skin Tone', '', 'ok-hand-sign-type-6', NULL, 'U+1F44CU+1F3FF', 2, 1, 1, 1, 0, 0);
INSERT INTO emoji_codepoints (emoji_codepoint_id,emoji_id,codepoint_id,sequence_index) VALUES (2370, 1545, 560, 1),(2371, 1545, 483, 2);

INSERT INTO emoji (emoji_id,emoji_version_id,emoji_name,emoji_character,emojipedia_url_ext,emojipedia_category,codepoint_string,num_codepoints,hasComponent,hasModifier,hasModifierBase,appearance_differs_flag,unicode_not_recommended) VALUES (1546, 2, 'Thumbs Up: Light Skin Tone', '', 'thumbs-up-sign-type-1-2', NULL, 'U+1F44DU+1F3FB', 2, 1, 1, 1, 0, 0);
INSERT INTO emoji_codepoints (emoji_codepoint_id,emoji_id,codepoint_id,sequence_index) VALUES (2372, 1546, 561, 1),(2373, 1546, 479, 2);

INSERT INTO emoji (emoji_id,emoji_version_id,emoji_name,emoji_character,emojipedia_url_ext,emojipedia_category,codepoint_string,num_codepoints,hasComponent,hasModifier,hasModifierBase,appearance_differs_flag,unicode_not_recommended) VALUES (1547, 2, 'Thumbs Up: Medium-Light Skin Tone', '', 'thumbs-up-sign-type-3', NULL, 'U+1F44DU+1F3FC', 2, 1, 1, 1, 0, 0);
INSERT INTO emoji_codepoints (emoji_codepoint_id,emoji_id,codepoint_id,sequence_index) VALUES (2374, 1547, 561, 1),(2375, 1547, 480, 2);

INSERT INTO emoji (emoji_id,emoji_version_id,emoji_name,emoji_character,emojipedia_url_ext,emojipedia_category,codepoint_string,num_codepoints,hasComponent,hasModifier,hasModifierBase,appearance_differs_flag,unicode_not_recommended) VALUES (1548, 2, 'Thumbs Up: Medium Skin Tone', '', 'thumbs-up-sign-type-4', NULL, 'U+1F44DU+1F3FD', 2, 1, 1, 1, 0, 0);
INSERT INTO emoji_codepoints (emoji_codepoint_id,emoji_id,codepoint_id,sequence_index) VALUES (2376, 1548, 561, 1),(2377, 1548, 481, 2);

INSERT INTO emoji (emoji_id,emoji_version_id,emoji_name,emoji_character,emojipedia_url_ext,emojipedia_category,codepoint_string,num_codepoints,hasComponent,hasModifier,hasModifierBase,appearance_differs_flag,unicode_not_recommended) VALUES (1549, 2, 'Thumbs Up: Medium-Dark Skin Tone', '', 'thumbs-up-sign-type-5', NULL, 'U+1F44DU+1F3FE', 2, 1, 1, 1, 0, 0);
INSERT INTO emoji_codepoints (emoji_codepoint_id,emoji_id,codepoint_id,sequence_index) VALUES (2378, 1549, 561, 1),(2379, 1549, 482, 2);

INSERT INTO emoji (emoji_id,emoji_version_id,emoji_name,emoji_character,emojipedia_url_ext,emojipedia_category,codepoint_string,num_codepoints,hasComponent,hasModifier,hasModifierBase,appearance_differs_flag,unicode_not_recommended) VALUES (1550, 2, 'Thumbs Up: Dark Skin Tone', '', 'thumbs-up-sign-type-6', NULL, 'U+1F44DU+1F3FF', 2, 1, 1, 1, 0, 0);
INSERT INTO emoji_codepoints (emoji_codepoint_id,emoji_id,codepoint_id,sequence_index) VALUES (2380, 1550, 561, 1),(2381, 1550, 483, 2);

INSERT INTO emoji (emoji_id,emoji_version_id,emoji_name,emoji_character,emojipedia_url_ext,emojipedia_category,codepoint_string,num_codepoints,hasComponent,hasModifier,hasModifierBase,appearance_differs_flag,unicode_not_recommended) VALUES (1551, 2, 'Thumbs Down: Light Skin Tone', '', 'thumbs-down-sign-type-1-2', NULL, 'U+1F44EU+1F3FB', 2, 1, 1, 1, 0, 0);
INSERT INTO emoji_codepoints (emoji_codepoint_id,emoji_id,codepoint_id,sequence_index) VALUES (2382, 1551, 562, 1),(2383, 1551, 479, 2);

INSERT INTO emoji (emoji_id,emoji_version_id,emoji_name,emoji_character,emojipedia_url_ext,emojipedia_category,codepoint_string,num_codepoints,hasComponent,hasModifier,hasModifierBase,appearance_differs_flag,unicode_not_recommended) VALUES (1552, 2, 'Thumbs Down: Medium-Light Skin Tone', '', 'thumbs-down-sign-type-3', NULL, 'U+1F44EU+1F3FC', 2, 1, 1, 1, 0, 0);
INSERT INTO emoji_codepoints (emoji_codepoint_id,emoji_id,codepoint_id,sequence_index) VALUES (2384, 1552, 562, 1),(2385, 1552, 480, 2);

INSERT INTO emoji (emoji_id,emoji_version_id,emoji_name,emoji_character,emojipedia_url_ext,emojipedia_category,codepoint_string,num_codepoints,hasComponent,hasModifier,hasModifierBase,appearance_differs_flag,unicode_not_recommended) VALUES (1553, 2, 'Thumbs Down: Medium Skin Tone', '', 'thumbs-down-sign-type-4', NULL, 'U+1F44EU+1F3FD', 2, 1, 1, 1, 0, 0);
INSERT INTO emoji_codepoints (emoji_codepoint_id,emoji_id,codepoint_id,sequence_index) VALUES (2386, 1553, 562, 1),(2387, 1553, 481, 2);

INSERT INTO emoji (emoji_id,emoji_version_id,emoji_name,emoji_character,emojipedia_url_ext,emojipedia_category,codepoint_string,num_codepoints,hasComponent,hasModifier,hasModifierBase,appearance_differs_flag,unicode_not_recommended) VALUES (1554, 2, 'Thumbs Down: Medium-Dark Skin Tone', '', 'thumbs-down-sign-type-5', NULL, 'U+1F44EU+1F3FE', 2, 1, 1, 1, 0, 0);
INSERT INTO emoji_codepoints (emoji_codepoint_id,emoji_id,codepoint_id,sequence_index) VALUES (2388, 1554, 562, 1),(2389, 1554, 482, 2);

INSERT INTO emoji (emoji_id,emoji_version_id,emoji_name,emoji_character,emojipedia_url_ext,emojipedia_category,codepoint_string,num_codepoints,hasComponent,hasModifier,hasModifierBase,appearance_differs_flag,unicode_not_recommended) VALUES (1555, 2, 'Thumbs Down: Dark Skin Tone', '', 'thumbs-down-sign-type-6', NULL, 'U+1F44EU+1F3FF', 2, 1, 1, 1, 0, 0);
INSERT INTO emoji_codepoints (emoji_codepoint_id,emoji_id,codepoint_id,sequence_index) VALUES (2390, 1555, 562, 1),(2391, 1555, 483, 2);

INSERT INTO emoji (emoji_id,emoji_version_id,emoji_name,emoji_character,emojipedia_url_ext,emojipedia_category,codepoint_string,num_codepoints,hasComponent,hasModifier,hasModifierBase,appearance_differs_flag,unicode_not_recommended) VALUES (1556, 2, 'Raised Fist: Light Skin Tone', '', 'raised-fist-type-1-2', NULL, 'U+270AU+1F3FB', 2, 1, 1, 1, 0, 0);
INSERT INTO emoji_codepoints (emoji_codepoint_id,emoji_id,codepoint_id,sequence_index) VALUES (2392, 1556, 138, 1),(2393, 1556, 479, 2);

INSERT INTO emoji (emoji_id,emoji_version_id,emoji_name,emoji_character,emojipedia_url_ext,emojipedia_category,codepoint_string,num_codepoints,hasComponent,hasModifier,hasModifierBase,appearance_differs_flag,unicode_not_recommended) VALUES (1557, 2, 'Raised Fist: Medium-Light Skin Tone', '', 'raised-fist-type-3', NULL, 'U+270AU+1F3FC', 2, 1, 1, 1, 0, 0);
INSERT INTO emoji_codepoints (emoji_codepoint_id,emoji_id,codepoint_id,sequence_index) VALUES (2394, 1557, 138, 1),(2395, 1557, 480, 2);

INSERT INTO emoji (emoji_id,emoji_version_id,emoji_name,emoji_character,emojipedia_url_ext,emojipedia_category,codepoint_string,num_codepoints,hasComponent,hasModifier,hasModifierBase,appearance_differs_flag,unicode_not_recommended) VALUES (1558, 2, 'Raised Fist: Medium Skin Tone', '', 'raised-fist-type-4', NULL, 'U+270AU+1F3FD', 2, 1, 1, 1, 0, 0);
INSERT INTO emoji_codepoints (emoji_codepoint_id,emoji_id,codepoint_id,sequence_index) VALUES (2396, 1558, 138, 1),(2397, 1558, 481, 2);

INSERT INTO emoji (emoji_id,emoji_version_id,emoji_name,emoji_character,emojipedia_url_ext,emojipedia_category,codepoint_string,num_codepoints,hasComponent,hasModifier,hasModifierBase,appearance_differs_flag,unicode_not_recommended) VALUES (1559, 2, 'Raised Fist: Medium-Dark Skin Tone', '', 'raised-fist-type-5', NULL, 'U+270AU+1F3FE', 2, 1, 1, 1, 0, 0);
INSERT INTO emoji_codepoints (emoji_codepoint_id,emoji_id,codepoint_id,sequence_index) VALUES (2398, 1559, 138, 1),(2399, 1559, 482, 2);

INSERT INTO emoji (emoji_id,emoji_version_id,emoji_name,emoji_character,emojipedia_url_ext,emojipedia_category,codepoint_string,num_codepoints,hasComponent,hasModifier,hasModifierBase,appearance_differs_flag,unicode_not_recommended) VALUES (1560, 2, 'Raised Fist: Dark Skin Tone', '', 'raised-fist-type-6', NULL, 'U+270AU+1F3FF', 2, 1, 1, 1, 0, 0);
INSERT INTO emoji_codepoints (emoji_codepoint_id,emoji_id,codepoint_id,sequence_index) VALUES (2400, 1560, 138, 1),(2401, 1560, 483, 2);

INSERT INTO emoji (emoji_id,emoji_version_id,emoji_name,emoji_character,emojipedia_url_ext,emojipedia_category,codepoint_string,num_codepoints,hasComponent,hasModifier,hasModifierBase,appearance_differs_flag,unicode_not_recommended) VALUES (1561, 2, 'Oncoming Fist: Light Skin Tone', '', 'fisted-hand-sign-type-1-2', NULL, 'U+1F44AU+1F3FB', 2, 1, 1, 1, 0, 0);
INSERT INTO emoji_codepoints (emoji_codepoint_id,emoji_id,codepoint_id,sequence_index) VALUES (2402, 1561, 558, 1),(2403, 1561, 479, 2);

INSERT INTO emoji (emoji_id,emoji_version_id,emoji_name,emoji_character,emojipedia_url_ext,emojipedia_category,codepoint_string,num_codepoints,hasComponent,hasModifier,hasModifierBase,appearance_differs_flag,unicode_not_recommended) VALUES (1562, 2, 'Oncoming Fist: Medium-Light Skin Tone', '', 'fisted-hand-sign-type-3', NULL, 'U+1F44AU+1F3FC', 2, 1, 1, 1, 0, 0);
INSERT INTO emoji_codepoints (emoji_codepoint_id,emoji_id,codepoint_id,sequence_index) VALUES (2404, 1562, 558, 1),(2405, 1562, 480, 2);

INSERT INTO emoji (emoji_id,emoji_version_id,emoji_name,emoji_character,emojipedia_url_ext,emojipedia_category,codepoint_string,num_codepoints,hasComponent,hasModifier,hasModifierBase,appearance_differs_flag,unicode_not_recommended) VALUES (1563, 2, 'Oncoming Fist: Medium Skin Tone', '', 'fisted-hand-sign-type-4', NULL, 'U+1F44AU+1F3FD', 2, 1, 1, 1, 0, 0);
INSERT INTO emoji_codepoints (emoji_codepoint_id,emoji_id,codepoint_id,sequence_index) VALUES (2406, 1563, 558, 1),(2407, 1563, 481, 2);

INSERT INTO emoji (emoji_id,emoji_version_id,emoji_name,emoji_character,emojipedia_url_ext,emojipedia_category,codepoint_string,num_codepoints,hasComponent,hasModifier,hasModifierBase,appearance_differs_flag,unicode_not_recommended) VALUES (1564, 2, 'Oncoming Fist: Medium-Dark Skin Tone', '', 'fisted-hand-sign-type-5', NULL, 'U+1F44AU+1F3FE', 2, 1, 1, 1, 0, 0);
INSERT INTO emoji_codepoints (emoji_codepoint_id,emoji_id,codepoint_id,sequence_index) VALUES (2408, 1564, 558, 1),(2409, 1564, 482, 2);

INSERT INTO emoji (emoji_id,emoji_version_id,emoji_name,emoji_character,emojipedia_url_ext,emojipedia_category,codepoint_string,num_codepoints,hasComponent,hasModifier,hasModifierBase,appearance_differs_flag,unicode_not_recommended) VALUES (1565, 2, 'Oncoming Fist: Dark Skin Tone', '', 'fisted-hand-sign-type-6', NULL, 'U+1F44AU+1F3FF', 2, 1, 1, 1, 0, 0);
INSERT INTO emoji_codepoints (emoji_codepoint_id,emoji_id,codepoint_id,sequence_index) VALUES (2410, 1565, 558, 1),(2411, 1565, 483, 2);

INSERT INTO emoji (emoji_id,emoji_version_id,emoji_name,emoji_character,emojipedia_url_ext,emojipedia_category,codepoint_string,num_codepoints,hasComponent,hasModifier,hasModifierBase,appearance_differs_flag,unicode_not_recommended) VALUES (1566, 2, 'Waving Hand: Light Skin Tone', '', 'waving-hand-sign-type-1-2', NULL, 'U+1F44BU+1F3FB', 2, 1, 1, 1, 0, 0);
INSERT INTO emoji_codepoints (emoji_codepoint_id,emoji_id,codepoint_id,sequence_index) VALUES (2412, 1566, 559, 1),(2413, 1566, 479, 2);

INSERT INTO emoji (emoji_id,emoji_version_id,emoji_name,emoji_character,emojipedia_url_ext,emojipedia_category,codepoint_string,num_codepoints,hasComponent,hasModifier,hasModifierBase,appearance_differs_flag,unicode_not_recommended) VALUES (1567, 2, 'Waving Hand: Medium-Light Skin Tone', '', 'waving-hand-sign-type-3', NULL, 'U+1F44BU+1F3FC', 2, 1, 1, 1, 0, 0);
INSERT INTO emoji_codepoints (emoji_codepoint_id,emoji_id,codepoint_id,sequence_index) VALUES (2414, 1567, 559, 1),(2415, 1567, 480, 2);

INSERT INTO emoji (emoji_id,emoji_version_id,emoji_name,emoji_character,emojipedia_url_ext,emojipedia_category,codepoint_string,num_codepoints,hasComponent,hasModifier,hasModifierBase,appearance_differs_flag,unicode_not_recommended) VALUES (1568, 2, 'Waving Hand: Medium Skin Tone', '', 'waving-hand-sign-type-4', NULL, 'U+1F44BU+1F3FD', 2, 1, 1, 1, 0, 0);
INSERT INTO emoji_codepoints (emoji_codepoint_id,emoji_id,codepoint_id,sequence_index) VALUES (2416, 1568, 559, 1),(2417, 1568, 481, 2);

INSERT INTO emoji (emoji_id,emoji_version_id,emoji_name,emoji_character,emojipedia_url_ext,emojipedia_category,codepoint_string,num_codepoints,hasComponent,hasModifier,hasModifierBase,appearance_differs_flag,unicode_not_recommended) VALUES (1569, 2, 'Waving Hand: Medium-Dark Skin Tone', '', 'waving-hand-sign-type-5', NULL, 'U+1F44BU+1F3FE', 2, 1, 1, 1, 0, 0);
INSERT INTO emoji_codepoints (emoji_codepoint_id,emoji_id,codepoint_id,sequence_index) VALUES (2418, 1569, 559, 1),(2419, 1569, 482, 2);

INSERT INTO emoji (emoji_id,emoji_version_id,emoji_name,emoji_character,emojipedia_url_ext,emojipedia_category,codepoint_string,num_codepoints,hasComponent,hasModifier,hasModifierBase,appearance_differs_flag,unicode_not_recommended) VALUES (1570, 2, 'Waving Hand: Dark Skin Tone', '', 'waving-hand-sign-type-6', NULL, 'U+1F44BU+1F3FF', 2, 1, 1, 1, 0, 0);
INSERT INTO emoji_codepoints (emoji_codepoint_id,emoji_id,codepoint_id,sequence_index) VALUES (2420, 1570, 559, 1),(2421, 1570, 483, 2);

INSERT INTO emoji (emoji_id,emoji_version_id,emoji_name,emoji_character,emojipedia_url_ext,emojipedia_category,codepoint_string,num_codepoints,hasComponent,hasModifier,hasModifierBase,appearance_differs_flag,unicode_not_recommended) VALUES (1571, 2, 'Writing Hand: Light Skin Tone', '', 'writing-hand-type-1-2', NULL, 'U+270DU+1F3FB', 2, 1, 1, 1, 0, 0);
INSERT INTO emoji_codepoints (emoji_codepoint_id,emoji_id,codepoint_id,sequence_index) VALUES (2422, 1571, 141, 1),(2423, 1571, 479, 2);

INSERT INTO emoji (emoji_id,emoji_version_id,emoji_name,emoji_character,emojipedia_url_ext,emojipedia_category,codepoint_string,num_codepoints,hasComponent,hasModifier,hasModifierBase,appearance_differs_flag,unicode_not_recommended) VALUES (1572, 2, 'Writing Hand: Medium-Light Skin Tone', '', 'writing-hand-type-3', NULL, 'U+270DU+1F3FC', 2, 1, 1, 1, 0, 0);
INSERT INTO emoji_codepoints (emoji_codepoint_id,emoji_id,codepoint_id,sequence_index) VALUES (2424, 1572, 141, 1),(2425, 1572, 480, 2);

INSERT INTO emoji (emoji_id,emoji_version_id,emoji_name,emoji_character,emojipedia_url_ext,emojipedia_category,codepoint_string,num_codepoints,hasComponent,hasModifier,hasModifierBase,appearance_differs_flag,unicode_not_recommended) VALUES (1573, 2, 'Writing Hand: Medium Skin Tone', '', 'writing-hand-type-4', NULL, 'U+270DU+1F3FD', 2, 1, 1, 1, 0, 0);
INSERT INTO emoji_codepoints (emoji_codepoint_id,emoji_id,codepoint_id,sequence_index) VALUES (2426, 1573, 141, 1),(2427, 1573, 481, 2);

INSERT INTO emoji (emoji_id,emoji_version_id,emoji_name,emoji_character,emojipedia_url_ext,emojipedia_category,codepoint_string,num_codepoints,hasComponent,hasModifier,hasModifierBase,appearance_differs_flag,unicode_not_recommended) VALUES (1574, 2, 'Writing Hand: Medium-Dark Skin Tone', '', 'writing-hand-type-5', NULL, 'U+270DU+1F3FE', 2, 1, 1, 1, 0, 0);
INSERT INTO emoji_codepoints (emoji_codepoint_id,emoji_id,codepoint_id,sequence_index) VALUES (2428, 1574, 141, 1),(2429, 1574, 482, 2);

INSERT INTO emoji (emoji_id,emoji_version_id,emoji_name,emoji_character,emojipedia_url_ext,emojipedia_category,codepoint_string,num_codepoints,hasComponent,hasModifier,hasModifierBase,appearance_differs_flag,unicode_not_recommended) VALUES (1575, 2, 'Writing Hand: Dark Skin Tone', '', 'writing-hand-type-6', NULL, 'U+270DU+1F3FF', 2, 1, 1, 1, 0, 0);
INSERT INTO emoji_codepoints (emoji_codepoint_id,emoji_id,codepoint_id,sequence_index) VALUES (2430, 1575, 141, 1),(2431, 1575, 483, 2);

INSERT INTO emoji (emoji_id,emoji_version_id,emoji_name,emoji_character,emojipedia_url_ext,emojipedia_category,codepoint_string,num_codepoints,hasComponent,hasModifier,hasModifierBase,appearance_differs_flag,unicode_not_recommended) VALUES (1576, 2, 'Clapping Hands: Light Skin Tone', '', 'clapping-hands-sign-type-1-2', NULL, 'U+1F44FU+1F3FB', 2, 1, 1, 1, 0, 0);
INSERT INTO emoji_codepoints (emoji_codepoint_id,emoji_id,codepoint_id,sequence_index) VALUES (2432, 1576, 563, 1),(2433, 1576, 479, 2);

INSERT INTO emoji (emoji_id,emoji_version_id,emoji_name,emoji_character,emojipedia_url_ext,emojipedia_category,codepoint_string,num_codepoints,hasComponent,hasModifier,hasModifierBase,appearance_differs_flag,unicode_not_recommended) VALUES (1577, 2, 'Clapping Hands: Medium-Light Skin Tone', '', 'clapping-hands-sign-type-3', NULL, 'U+1F44FU+1F3FC', 2, 1, 1, 1, 0, 0);
INSERT INTO emoji_codepoints (emoji_codepoint_id,emoji_id,codepoint_id,sequence_index) VALUES (2434, 1577, 563, 1),(2435, 1577, 480, 2);

INSERT INTO emoji (emoji_id,emoji_version_id,emoji_name,emoji_character,emojipedia_url_ext,emojipedia_category,codepoint_string,num_codepoints,hasComponent,hasModifier,hasModifierBase,appearance_differs_flag,unicode_not_recommended) VALUES (1578, 2, 'Clapping Hands: Medium Skin Tone', '', 'clapping-hands-sign-type-4', NULL, 'U+1F44FU+1F3FD', 2, 1, 1, 1, 0, 0);
INSERT INTO emoji_codepoints (emoji_codepoint_id,emoji_id,codepoint_id,sequence_index) VALUES (2436, 1578, 563, 1),(2437, 1578, 481, 2);

INSERT INTO emoji (emoji_id,emoji_version_id,emoji_name,emoji_character,emojipedia_url_ext,emojipedia_category,codepoint_string,num_codepoints,hasComponent,hasModifier,hasModifierBase,appearance_differs_flag,unicode_not_recommended) VALUES (1579, 2, 'Clapping Hands: Medium-Dark Skin Tone', '', 'clapping-hands-sign-type-5', NULL, 'U+1F44FU+1F3FE', 2, 1, 1, 1, 0, 0);
INSERT INTO emoji_codepoints (emoji_codepoint_id,emoji_id,codepoint_id,sequence_index) VALUES (2438, 1579, 563, 1),(2439, 1579, 482, 2);

INSERT INTO emoji (emoji_id,emoji_version_id,emoji_name,emoji_character,emojipedia_url_ext,emojipedia_category,codepoint_string,num_codepoints,hasComponent,hasModifier,hasModifierBase,appearance_differs_flag,unicode_not_recommended) VALUES (1580, 2, 'Clapping Hands: Dark Skin Tone', '', 'clapping-hands-sign-type-6', NULL, 'U+1F44FU+1F3FF', 2, 1, 1, 1, 0, 0);
INSERT INTO emoji_codepoints (emoji_codepoint_id,emoji_id,codepoint_id,sequence_index) VALUES (2440, 1580, 563, 1),(2441, 1580, 483, 2);

INSERT INTO emoji (emoji_id,emoji_version_id,emoji_name,emoji_character,emojipedia_url_ext,emojipedia_category,codepoint_string,num_codepoints,hasComponent,hasModifier,hasModifierBase,appearance_differs_flag,unicode_not_recommended) VALUES (1581, 2, 'Open Hands: Light Skin Tone', '', 'open-hands-sign-type-1-2', NULL, 'U+1F450U+1F3FB', 2, 1, 1, 1, 0, 0);
INSERT INTO emoji_codepoints (emoji_codepoint_id,emoji_id,codepoint_id,sequence_index) VALUES (2442, 1581, 564, 1),(2443, 1581, 479, 2);

INSERT INTO emoji (emoji_id,emoji_version_id,emoji_name,emoji_character,emojipedia_url_ext,emojipedia_category,codepoint_string,num_codepoints,hasComponent,hasModifier,hasModifierBase,appearance_differs_flag,unicode_not_recommended) VALUES (1582, 2, 'Open Hands: Medium-Light Skin Tone', '', 'open-hands-sign-type-3', NULL, 'U+1F450U+1F3FC', 2, 1, 1, 1, 0, 0);
INSERT INTO emoji_codepoints (emoji_codepoint_id,emoji_id,codepoint_id,sequence_index) VALUES (2444, 1582, 564, 1),(2445, 1582, 480, 2);

INSERT INTO emoji (emoji_id,emoji_version_id,emoji_name,emoji_character,emojipedia_url_ext,emojipedia_category,codepoint_string,num_codepoints,hasComponent,hasModifier,hasModifierBase,appearance_differs_flag,unicode_not_recommended) VALUES (1583, 2, 'Open Hands: Medium Skin Tone', '', 'open-hands-sign-type-4', NULL, 'U+1F450U+1F3FD', 2, 1, 1, 1, 0, 0);
INSERT INTO emoji_codepoints (emoji_codepoint_id,emoji_id,codepoint_id,sequence_index) VALUES (2446, 1583, 564, 1),(2447, 1583, 481, 2);

INSERT INTO emoji (emoji_id,emoji_version_id,emoji_name,emoji_character,emojipedia_url_ext,emojipedia_category,codepoint_string,num_codepoints,hasComponent,hasModifier,hasModifierBase,appearance_differs_flag,unicode_not_recommended) VALUES (1584, 2, 'Open Hands: Medium-Dark Skin Tone', '', 'open-hands-sign-type-5', NULL, 'U+1F450U+1F3FE', 2, 1, 1, 1, 0, 0);
INSERT INTO emoji_codepoints (emoji_codepoint_id,emoji_id,codepoint_id,sequence_index) VALUES (2448, 1584, 564, 1),(2449, 1584, 482, 2);

INSERT INTO emoji (emoji_id,emoji_version_id,emoji_name,emoji_character,emojipedia_url_ext,emojipedia_category,codepoint_string,num_codepoints,hasComponent,hasModifier,hasModifierBase,appearance_differs_flag,unicode_not_recommended) VALUES (1585, 2, 'Open Hands: Dark Skin Tone', '', 'open-hands-sign-type-6', NULL, 'U+1F450U+1F3FF', 2, 1, 1, 1, 0, 0);
INSERT INTO emoji_codepoints (emoji_codepoint_id,emoji_id,codepoint_id,sequence_index) VALUES (2450, 1585, 564, 1),(2451, 1585, 483, 2);

INSERT INTO emoji (emoji_id,emoji_version_id,emoji_name,emoji_character,emojipedia_url_ext,emojipedia_category,codepoint_string,num_codepoints,hasComponent,hasModifier,hasModifierBase,appearance_differs_flag,unicode_not_recommended) VALUES (1586, 2, 'Raising Hands: Light Skin Tone', '', 'person-raising-both-hands-in-celebration-type-1-2', NULL, 'U+1F64CU+1F3FB', 2, 1, 1, 1, 0, 0);
INSERT INTO emoji_codepoints (emoji_codepoint_id,emoji_id,codepoint_id,sequence_index) VALUES (2452, 1586, 951, 1),(2453, 1586, 479, 2);

INSERT INTO emoji (emoji_id,emoji_version_id,emoji_name,emoji_character,emojipedia_url_ext,emojipedia_category,codepoint_string,num_codepoints,hasComponent,hasModifier,hasModifierBase,appearance_differs_flag,unicode_not_recommended) VALUES (1587, 2, 'Raising Hands: Medium-Light Skin Tone', '', 'person-raising-both-hands-in-celebration-type-3', NULL, 'U+1F64CU+1F3FC', 2, 1, 1, 1, 0, 0);
INSERT INTO emoji_codepoints (emoji_codepoint_id,emoji_id,codepoint_id,sequence_index) VALUES (2454, 1587, 951, 1),(2455, 1587, 480, 2);

INSERT INTO emoji (emoji_id,emoji_version_id,emoji_name,emoji_character,emojipedia_url_ext,emojipedia_category,codepoint_string,num_codepoints,hasComponent,hasModifier,hasModifierBase,appearance_differs_flag,unicode_not_recommended) VALUES (1588, 2, 'Raising Hands: Medium Skin Tone', '', 'person-raising-both-hands-in-celebration-type-4', NULL, 'U+1F64CU+1F3FD', 2, 1, 1, 1, 0, 0);
INSERT INTO emoji_codepoints (emoji_codepoint_id,emoji_id,codepoint_id,sequence_index) VALUES (2456, 1588, 951, 1),(2457, 1588, 481, 2);

INSERT INTO emoji (emoji_id,emoji_version_id,emoji_name,emoji_character,emojipedia_url_ext,emojipedia_category,codepoint_string,num_codepoints,hasComponent,hasModifier,hasModifierBase,appearance_differs_flag,unicode_not_recommended) VALUES (1589, 2, 'Raising Hands: Medium-Dark Skin Tone', '', 'person-raising-both-hands-in-celebration-type-5', NULL, 'U+1F64CU+1F3FE', 2, 1, 1, 1, 0, 0);
INSERT INTO emoji_codepoints (emoji_codepoint_id,emoji_id,codepoint_id,sequence_index) VALUES (2458, 1589, 951, 1),(2459, 1589, 482, 2);

INSERT INTO emoji (emoji_id,emoji_version_id,emoji_name,emoji_character,emojipedia_url_ext,emojipedia_category,codepoint_string,num_codepoints,hasComponent,hasModifier,hasModifierBase,appearance_differs_flag,unicode_not_recommended) VALUES (1590, 2, 'Raising Hands: Dark Skin Tone', '', 'person-raising-both-hands-in-celebration-type-6', NULL, 'U+1F64CU+1F3FF', 2, 1, 1, 1, 0, 0);
INSERT INTO emoji_codepoints (emoji_codepoint_id,emoji_id,codepoint_id,sequence_index) VALUES (2460, 1590, 951, 1),(2461, 1590, 483, 2);

INSERT INTO emoji (emoji_id,emoji_version_id,emoji_name,emoji_character,emojipedia_url_ext,emojipedia_category,codepoint_string,num_codepoints,hasComponent,hasModifier,hasModifierBase,appearance_differs_flag,unicode_not_recommended) VALUES (1591, 2, 'Folded Hands: Light Skin Tone', '', 'person-with-folded-hands-type-1-2', NULL, 'U+1F64FU+1F3FB', 2, 1, 1, 1, 0, 0);
INSERT INTO emoji_codepoints (emoji_codepoint_id,emoji_id,codepoint_id,sequence_index) VALUES (2462, 1591, 954, 1),(2463, 1591, 479, 2);

INSERT INTO emoji (emoji_id,emoji_version_id,emoji_name,emoji_character,emojipedia_url_ext,emojipedia_category,codepoint_string,num_codepoints,hasComponent,hasModifier,hasModifierBase,appearance_differs_flag,unicode_not_recommended) VALUES (1592, 2, 'Folded Hands: Medium-Light Skin Tone', '', 'person-with-folded-hands-type-3', NULL, 'U+1F64FU+1F3FC', 2, 1, 1, 1, 0, 0);
INSERT INTO emoji_codepoints (emoji_codepoint_id,emoji_id,codepoint_id,sequence_index) VALUES (2464, 1592, 954, 1),(2465, 1592, 480, 2);

INSERT INTO emoji (emoji_id,emoji_version_id,emoji_name,emoji_character,emojipedia_url_ext,emojipedia_category,codepoint_string,num_codepoints,hasComponent,hasModifier,hasModifierBase,appearance_differs_flag,unicode_not_recommended) VALUES (1593, 2, 'Folded Hands: Medium Skin Tone', '', 'person-with-folded-hands-type-4', NULL, 'U+1F64FU+1F3FD', 2, 1, 1, 1, 0, 0);
INSERT INTO emoji_codepoints (emoji_codepoint_id,emoji_id,codepoint_id,sequence_index) VALUES (2466, 1593, 954, 1),(2467, 1593, 481, 2);

INSERT INTO emoji (emoji_id,emoji_version_id,emoji_name,emoji_character,emojipedia_url_ext,emojipedia_category,codepoint_string,num_codepoints,hasComponent,hasModifier,hasModifierBase,appearance_differs_flag,unicode_not_recommended) VALUES (1594, 2, 'Folded Hands: Medium-Dark Skin Tone', '', 'person-with-folded-hands-type-5', NULL, 'U+1F64FU+1F3FE', 2, 1, 1, 1, 0, 0);
INSERT INTO emoji_codepoints (emoji_codepoint_id,emoji_id,codepoint_id,sequence_index) VALUES (2468, 1594, 954, 1),(2469, 1594, 482, 2);

INSERT INTO emoji (emoji_id,emoji_version_id,emoji_name,emoji_character,emojipedia_url_ext,emojipedia_category,codepoint_string,num_codepoints,hasComponent,hasModifier,hasModifierBase,appearance_differs_flag,unicode_not_recommended) VALUES (1595, 2, 'Folded Hands: Dark Skin Tone', '', 'person-with-folded-hands-type-6', NULL, 'U+1F64FU+1F3FF', 2, 1, 1, 1, 0, 0);
INSERT INTO emoji_codepoints (emoji_codepoint_id,emoji_id,codepoint_id,sequence_index) VALUES (2470, 1595, 954, 1),(2471, 1595, 483, 2);

INSERT INTO emoji (emoji_id,emoji_version_id,emoji_name,emoji_character,emojipedia_url_ext,emojipedia_category,codepoint_string,num_codepoints,hasComponent,hasModifier,hasModifierBase,appearance_differs_flag,unicode_not_recommended) VALUES (1596, 2, 'Nail Polish: Light Skin Tone', '', 'nail-polish-type-1-2', NULL, 'U+1F485U+1F3FB', 2, 1, 1, 1, 0, 0);
INSERT INTO emoji_codepoints (emoji_codepoint_id,emoji_id,codepoint_id,sequence_index) VALUES (2472, 1596, 617, 1),(2473, 1596, 479, 2);

INSERT INTO emoji (emoji_id,emoji_version_id,emoji_name,emoji_character,emojipedia_url_ext,emojipedia_category,codepoint_string,num_codepoints,hasComponent,hasModifier,hasModifierBase,appearance_differs_flag,unicode_not_recommended) VALUES (1597, 2, 'Nail Polish: Medium-Light Skin Tone', '', 'nail-polish-type-3', NULL, 'U+1F485U+1F3FC', 2, 1, 1, 1, 0, 0);
INSERT INTO emoji_codepoints (emoji_codepoint_id,emoji_id,codepoint_id,sequence_index) VALUES (2474, 1597, 617, 1),(2475, 1597, 480, 2);

INSERT INTO emoji (emoji_id,emoji_version_id,emoji_name,emoji_character,emojipedia_url_ext,emojipedia_category,codepoint_string,num_codepoints,hasComponent,hasModifier,hasModifierBase,appearance_differs_flag,unicode_not_recommended) VALUES (1598, 2, 'Nail Polish: Medium Skin Tone', '', 'nail-polish-type-4', NULL, 'U+1F485U+1F3FD', 2, 1, 1, 1, 0, 0);
INSERT INTO emoji_codepoints (emoji_codepoint_id,emoji_id,codepoint_id,sequence_index) VALUES (2476, 1598, 617, 1),(2477, 1598, 481, 2);

INSERT INTO emoji (emoji_id,emoji_version_id,emoji_name,emoji_character,emojipedia_url_ext,emojipedia_category,codepoint_string,num_codepoints,hasComponent,hasModifier,hasModifierBase,appearance_differs_flag,unicode_not_recommended) VALUES (1599, 2, 'Nail Polish: Medium-Dark Skin Tone', '', 'nail-polish-type-5', NULL, 'U+1F485U+1F3FE', 2, 1, 1, 1, 0, 0);
INSERT INTO emoji_codepoints (emoji_codepoint_id,emoji_id,codepoint_id,sequence_index) VALUES (2478, 1599, 617, 1),(2479, 1599, 482, 2);

INSERT INTO emoji (emoji_id,emoji_version_id,emoji_name,emoji_character,emojipedia_url_ext,emojipedia_category,codepoint_string,num_codepoints,hasComponent,hasModifier,hasModifierBase,appearance_differs_flag,unicode_not_recommended) VALUES (1600, 2, 'Nail Polish: Dark Skin Tone', '', 'nail-polish-type-6', NULL, 'U+1F485U+1F3FF', 2, 1, 1, 1, 0, 0);
INSERT INTO emoji_codepoints (emoji_codepoint_id,emoji_id,codepoint_id,sequence_index) VALUES (2480, 1600, 617, 1),(2481, 1600, 483, 2);

INSERT INTO emoji (emoji_id,emoji_version_id,emoji_name,emoji_character,emojipedia_url_ext,emojipedia_category,codepoint_string,num_codepoints,hasComponent,hasModifier,hasModifierBase,appearance_differs_flag,unicode_not_recommended) VALUES (1601, 2, 'Ear: Light Skin Tone', '', 'ear-type-1-2', NULL, 'U+1F442U+1F3FB', 2, 1, 1, 1, 0, 0);
INSERT INTO emoji_codepoints (emoji_codepoint_id,emoji_id,codepoint_id,sequence_index) VALUES (2482, 1601, 550, 1),(2483, 1601, 479, 2);

INSERT INTO emoji (emoji_id,emoji_version_id,emoji_name,emoji_character,emojipedia_url_ext,emojipedia_category,codepoint_string,num_codepoints,hasComponent,hasModifier,hasModifierBase,appearance_differs_flag,unicode_not_recommended) VALUES (1602, 2, 'Ear: Medium-Light Skin Tone', '', 'ear-type-3', NULL, 'U+1F442U+1F3FC', 2, 1, 1, 1, 0, 0);
INSERT INTO emoji_codepoints (emoji_codepoint_id,emoji_id,codepoint_id,sequence_index) VALUES (2484, 1602, 550, 1),(2485, 1602, 480, 2);

INSERT INTO emoji (emoji_id,emoji_version_id,emoji_name,emoji_character,emojipedia_url_ext,emojipedia_category,codepoint_string,num_codepoints,hasComponent,hasModifier,hasModifierBase,appearance_differs_flag,unicode_not_recommended) VALUES (1603, 2, 'Ear: Medium Skin Tone', '', 'ear-type-4', NULL, 'U+1F442U+1F3FD', 2, 1, 1, 1, 0, 0);
INSERT INTO emoji_codepoints (emoji_codepoint_id,emoji_id,codepoint_id,sequence_index) VALUES (2486, 1603, 550, 1),(2487, 1603, 481, 2);

INSERT INTO emoji (emoji_id,emoji_version_id,emoji_name,emoji_character,emojipedia_url_ext,emojipedia_category,codepoint_string,num_codepoints,hasComponent,hasModifier,hasModifierBase,appearance_differs_flag,unicode_not_recommended) VALUES (1604, 2, 'Ear: Medium-Dark Skin Tone', '', 'ear-type-5', NULL, 'U+1F442U+1F3FE', 2, 1, 1, 1, 0, 0);
INSERT INTO emoji_codepoints (emoji_codepoint_id,emoji_id,codepoint_id,sequence_index) VALUES (2488, 1604, 550, 1),(2489, 1604, 482, 2);

INSERT INTO emoji (emoji_id,emoji_version_id,emoji_name,emoji_character,emojipedia_url_ext,emojipedia_category,codepoint_string,num_codepoints,hasComponent,hasModifier,hasModifierBase,appearance_differs_flag,unicode_not_recommended) VALUES (1605, 2, 'Ear: Dark Skin Tone', '', 'ear-type-6', NULL, 'U+1F442U+1F3FF', 2, 1, 1, 1, 0, 0);
INSERT INTO emoji_codepoints (emoji_codepoint_id,emoji_id,codepoint_id,sequence_index) VALUES (2490, 1605, 550, 1),(2491, 1605, 483, 2);

INSERT INTO emoji (emoji_id,emoji_version_id,emoji_name,emoji_character,emojipedia_url_ext,emojipedia_category,codepoint_string,num_codepoints,hasComponent,hasModifier,hasModifierBase,appearance_differs_flag,unicode_not_recommended) VALUES (1606, 2, 'Nose: Light Skin Tone', '', 'nose-type-1-2', NULL, 'U+1F443U+1F3FB', 2, 1, 1, 1, 0, 0);
INSERT INTO emoji_codepoints (emoji_codepoint_id,emoji_id,codepoint_id,sequence_index) VALUES (2492, 1606, 551, 1),(2493, 1606, 479, 2);

INSERT INTO emoji (emoji_id,emoji_version_id,emoji_name,emoji_character,emojipedia_url_ext,emojipedia_category,codepoint_string,num_codepoints,hasComponent,hasModifier,hasModifierBase,appearance_differs_flag,unicode_not_recommended) VALUES (1607, 2, 'Nose: Medium-Light Skin Tone', '', 'nose-type-3', NULL, 'U+1F443U+1F3FC', 2, 1, 1, 1, 0, 0);
INSERT INTO emoji_codepoints (emoji_codepoint_id,emoji_id,codepoint_id,sequence_index) VALUES (2494, 1607, 551, 1),(2495, 1607, 480, 2);

INSERT INTO emoji (emoji_id,emoji_version_id,emoji_name,emoji_character,emojipedia_url_ext,emojipedia_category,codepoint_string,num_codepoints,hasComponent,hasModifier,hasModifierBase,appearance_differs_flag,unicode_not_recommended) VALUES (1608, 2, 'Nose: Medium Skin Tone', '', 'nose-type-4', NULL, 'U+1F443U+1F3FD', 2, 1, 1, 1, 0, 0);
INSERT INTO emoji_codepoints (emoji_codepoint_id,emoji_id,codepoint_id,sequence_index) VALUES (2496, 1608, 551, 1),(2497, 1608, 481, 2);

INSERT INTO emoji (emoji_id,emoji_version_id,emoji_name,emoji_character,emojipedia_url_ext,emojipedia_category,codepoint_string,num_codepoints,hasComponent,hasModifier,hasModifierBase,appearance_differs_flag,unicode_not_recommended) VALUES (1609, 2, 'Nose: Medium-Dark Skin Tone', '', 'nose-type-5', NULL, 'U+1F443U+1F3FE', 2, 1, 1, 1, 0, 0);
INSERT INTO emoji_codepoints (emoji_codepoint_id,emoji_id,codepoint_id,sequence_index) VALUES (2498, 1609, 551, 1),(2499, 1609, 482, 2);

INSERT INTO emoji (emoji_id,emoji_version_id,emoji_name,emoji_character,emojipedia_url_ext,emojipedia_category,codepoint_string,num_codepoints,hasComponent,hasModifier,hasModifierBase,appearance_differs_flag,unicode_not_recommended) VALUES (1610, 2, 'Nose: Dark Skin Tone', '', 'nose-type-6', NULL, 'U+1F443U+1F3FF', 2, 1, 1, 1, 0, 0);
INSERT INTO emoji_codepoints (emoji_codepoint_id,emoji_id,codepoint_id,sequence_index) VALUES (2500, 1610, 551, 1),(2501, 1610, 483, 2);

INSERT INTO emoji (emoji_id,emoji_version_id,emoji_name,emoji_character,emojipedia_url_ext,emojipedia_category,codepoint_string,num_codepoints,hasComponent,hasModifier,hasModifierBase,appearance_differs_flag,unicode_not_recommended) VALUES (1611, 2, 'Eye in Speech Bubble', '', 'eye-in-speech-bubble', 'symbols', 'U+1F441U+FE0FU+200DU+1F5E8U+FE0F', 5, 1, 0, 0, 0, 0);
INSERT INTO emoji_codepoints (emoji_codepoint_id,emoji_id,codepoint_id,sequence_index) VALUES (2502, 1611, 549, 1),(2503, 1611, 1185, 2),(2504, 1611, 1183, 3),(2505, 1611, 866, 4),(2506, 1611, 1185, 5);

INSERT INTO emoji (emoji_id,emoji_version_id,emoji_name,emoji_character,emojipedia_url_ext,emojipedia_category,codepoint_string,num_codepoints,hasComponent,hasModifier,hasModifierBase,appearance_differs_flag,unicode_not_recommended) VALUES (1612, 2, 'Left Speech Bubble', '', 'left-speech-bubble', NULL, 'U+1F5E8U+FE0F', 2, 1, 0, 0, 0, 0);
INSERT INTO emoji_codepoints (emoji_codepoint_id,emoji_id,codepoint_id,sequence_index) VALUES (2507, 1612, 866, 1),(2508, 1612, 1185, 2);

INSERT INTO emoji (emoji_id,emoji_version_id,emoji_name,emoji_character,emojipedia_url_ext,emojipedia_category,codepoint_string,num_codepoints,hasComponent,hasModifier,hasModifierBase,appearance_differs_flag,unicode_not_recommended) VALUES (1613, 2, 'Regional Indicator Symbol Letter A', '', 'regional-indicator-symbol-letter-a', NULL, 'U+1F1E6', 1, 1, 0, 0, 0, 0);
INSERT INTO emoji_codepoints (emoji_codepoint_id,emoji_id,codepoint_id,sequence_index) VALUES (2509, 1613, 197, 1);

INSERT INTO emoji (emoji_id,emoji_version_id,emoji_name,emoji_character,emojipedia_url_ext,emojipedia_category,codepoint_string,num_codepoints,hasComponent,hasModifier,hasModifierBase,appearance_differs_flag,unicode_not_recommended) VALUES (1614, 2, 'Regional Indicator Symbol Letter B', '', 'regional-indicator-symbol-letter-b', NULL, 'U+1F1E7', 1, 1, 0, 0, 0, 0);
INSERT INTO emoji_codepoints (emoji_codepoint_id,emoji_id,codepoint_id,sequence_index) VALUES (2510, 1614, 198, 1);

INSERT INTO emoji (emoji_id,emoji_version_id,emoji_name,emoji_character,emojipedia_url_ext,emojipedia_category,codepoint_string,num_codepoints,hasComponent,hasModifier,hasModifierBase,appearance_differs_flag,unicode_not_recommended) VALUES (1615, 2, 'Regional Indicator Symbol Letter C', '', 'regional-indicator-symbol-letter-c', NULL, 'U+1F1E8', 1, 1, 0, 0, 0, 0);
INSERT INTO emoji_codepoints (emoji_codepoint_id,emoji_id,codepoint_id,sequence_index) VALUES (2511, 1615, 199, 1);

INSERT INTO emoji (emoji_id,emoji_version_id,emoji_name,emoji_character,emojipedia_url_ext,emojipedia_category,codepoint_string,num_codepoints,hasComponent,hasModifier,hasModifierBase,appearance_differs_flag,unicode_not_recommended) VALUES (1616, 2, 'Regional Indicator Symbol Letter D', '', 'regional-indicator-symbol-letter-d', NULL, 'U+1F1E9', 1, 1, 0, 0, 0, 0);
INSERT INTO emoji_codepoints (emoji_codepoint_id,emoji_id,codepoint_id,sequence_index) VALUES (2512, 1616, 200, 1);

INSERT INTO emoji (emoji_id,emoji_version_id,emoji_name,emoji_character,emojipedia_url_ext,emojipedia_category,codepoint_string,num_codepoints,hasComponent,hasModifier,hasModifierBase,appearance_differs_flag,unicode_not_recommended) VALUES (1617, 2, 'Regional Indicator Symbol Letter E', '', 'regional-indicator-symbol-letter-e', NULL, 'U+1F1EA', 1, 1, 0, 0, 0, 0);
INSERT INTO emoji_codepoints (emoji_codepoint_id,emoji_id,codepoint_id,sequence_index) VALUES (2513, 1617, 201, 1);

INSERT INTO emoji (emoji_id,emoji_version_id,emoji_name,emoji_character,emojipedia_url_ext,emojipedia_category,codepoint_string,num_codepoints,hasComponent,hasModifier,hasModifierBase,appearance_differs_flag,unicode_not_recommended) VALUES (1618, 2, 'Regional Indicator Symbol Letter F', '', 'regional-indicator-symbol-letter-f', NULL, 'U+1F1EB', 1, 1, 0, 0, 0, 0);
INSERT INTO emoji_codepoints (emoji_codepoint_id,emoji_id,codepoint_id,sequence_index) VALUES (2514, 1618, 202, 1);

INSERT INTO emoji (emoji_id,emoji_version_id,emoji_name,emoji_character,emojipedia_url_ext,emojipedia_category,codepoint_string,num_codepoints,hasComponent,hasModifier,hasModifierBase,appearance_differs_flag,unicode_not_recommended) VALUES (1619, 2, 'Regional Indicator Symbol Letter G', '', 'regional-indicator-symbol-letter-g', NULL, 'U+1F1EC', 1, 1, 0, 0, 0, 0);
INSERT INTO emoji_codepoints (emoji_codepoint_id,emoji_id,codepoint_id,sequence_index) VALUES (2515, 1619, 203, 1);

INSERT INTO emoji (emoji_id,emoji_version_id,emoji_name,emoji_character,emojipedia_url_ext,emojipedia_category,codepoint_string,num_codepoints,hasComponent,hasModifier,hasModifierBase,appearance_differs_flag,unicode_not_recommended) VALUES (1620, 2, 'Regional Indicator Symbol Letter H', '', 'regional-indicator-symbol-letter-h', NULL, 'U+1F1ED', 1, 1, 0, 0, 0, 0);
INSERT INTO emoji_codepoints (emoji_codepoint_id,emoji_id,codepoint_id,sequence_index) VALUES (2516, 1620, 204, 1);

INSERT INTO emoji (emoji_id,emoji_version_id,emoji_name,emoji_character,emojipedia_url_ext,emojipedia_category,codepoint_string,num_codepoints,hasComponent,hasModifier,hasModifierBase,appearance_differs_flag,unicode_not_recommended) VALUES (1621, 2, 'Regional Indicator Symbol Letter I', '', 'regional-indicator-symbol-letter-i', NULL, 'U+1F1EE', 1, 1, 0, 0, 0, 0);
INSERT INTO emoji_codepoints (emoji_codepoint_id,emoji_id,codepoint_id,sequence_index) VALUES (2517, 1621, 205, 1);

INSERT INTO emoji (emoji_id,emoji_version_id,emoji_name,emoji_character,emojipedia_url_ext,emojipedia_category,codepoint_string,num_codepoints,hasComponent,hasModifier,hasModifierBase,appearance_differs_flag,unicode_not_recommended) VALUES (1622, 2, 'Regional Indicator Symbol Letter J', '', 'regional-indicator-symbol-letter-j', NULL, 'U+1F1EF', 1, 1, 0, 0, 0, 0);
INSERT INTO emoji_codepoints (emoji_codepoint_id,emoji_id,codepoint_id,sequence_index) VALUES (2518, 1622, 206, 1);

INSERT INTO emoji (emoji_id,emoji_version_id,emoji_name,emoji_character,emojipedia_url_ext,emojipedia_category,codepoint_string,num_codepoints,hasComponent,hasModifier,hasModifierBase,appearance_differs_flag,unicode_not_recommended) VALUES (1623, 2, 'Regional Indicator Symbol Letter K', '', 'regional-indicator-symbol-letter-k', NULL, 'U+1F1F0', 1, 1, 0, 0, 0, 0);
INSERT INTO emoji_codepoints (emoji_codepoint_id,emoji_id,codepoint_id,sequence_index) VALUES (2519, 1623, 207, 1);

INSERT INTO emoji (emoji_id,emoji_version_id,emoji_name,emoji_character,emojipedia_url_ext,emojipedia_category,codepoint_string,num_codepoints,hasComponent,hasModifier,hasModifierBase,appearance_differs_flag,unicode_not_recommended) VALUES (1624, 2, 'Regional Indicator Symbol Letter L', '', 'regional-indicator-symbol-letter-l', NULL, 'U+1F1F1', 1, 1, 0, 0, 0, 0);
INSERT INTO emoji_codepoints (emoji_codepoint_id,emoji_id,codepoint_id,sequence_index) VALUES (2520, 1624, 208, 1);

INSERT INTO emoji (emoji_id,emoji_version_id,emoji_name,emoji_character,emojipedia_url_ext,emojipedia_category,codepoint_string,num_codepoints,hasComponent,hasModifier,hasModifierBase,appearance_differs_flag,unicode_not_recommended) VALUES (1625, 2, 'Regional Indicator Symbol Letter M', '', 'regional-indicator-symbol-letter-m', NULL, 'U+1F1F2', 1, 1, 0, 0, 0, 0);
INSERT INTO emoji_codepoints (emoji_codepoint_id,emoji_id,codepoint_id,sequence_index) VALUES (2521, 1625, 209, 1);

INSERT INTO emoji (emoji_id,emoji_version_id,emoji_name,emoji_character,emojipedia_url_ext,emojipedia_category,codepoint_string,num_codepoints,hasComponent,hasModifier,hasModifierBase,appearance_differs_flag,unicode_not_recommended) VALUES (1626, 2, 'Regional Indicator Symbol Letter N', '', 'regional-indicator-symbol-letter-n', NULL, 'U+1F1F3', 1, 1, 0, 0, 0, 0);
INSERT INTO emoji_codepoints (emoji_codepoint_id,emoji_id,codepoint_id,sequence_index) VALUES (2522, 1626, 210, 1);

INSERT INTO emoji (emoji_id,emoji_version_id,emoji_name,emoji_character,emojipedia_url_ext,emojipedia_category,codepoint_string,num_codepoints,hasComponent,hasModifier,hasModifierBase,appearance_differs_flag,unicode_not_recommended) VALUES (1627, 2, 'Regional Indicator Symbol Letter O', '', 'regional-indicator-symbol-letter-o', NULL, 'U+1F1F4', 1, 1, 0, 0, 0, 0);
INSERT INTO emoji_codepoints (emoji_codepoint_id,emoji_id,codepoint_id,sequence_index) VALUES (2523, 1627, 211, 1);

INSERT INTO emoji (emoji_id,emoji_version_id,emoji_name,emoji_character,emojipedia_url_ext,emojipedia_category,codepoint_string,num_codepoints,hasComponent,hasModifier,hasModifierBase,appearance_differs_flag,unicode_not_recommended) VALUES (1628, 2, 'Regional Indicator Symbol Letter P', '', 'regional-indicator-symbol-letter-p', NULL, 'U+1F1F5', 1, 1, 0, 0, 0, 0);
INSERT INTO emoji_codepoints (emoji_codepoint_id,emoji_id,codepoint_id,sequence_index) VALUES (2524, 1628, 212, 1);

INSERT INTO emoji (emoji_id,emoji_version_id,emoji_name,emoji_character,emojipedia_url_ext,emojipedia_category,codepoint_string,num_codepoints,hasComponent,hasModifier,hasModifierBase,appearance_differs_flag,unicode_not_recommended) VALUES (1629, 2, 'Regional Indicator Symbol Letter Q', '', 'regional-indicator-symbol-letter-q', NULL, 'U+1F1F6', 1, 1, 0, 0, 0, 0);
INSERT INTO emoji_codepoints (emoji_codepoint_id,emoji_id,codepoint_id,sequence_index) VALUES (2525, 1629, 213, 1);

INSERT INTO emoji (emoji_id,emoji_version_id,emoji_name,emoji_character,emojipedia_url_ext,emojipedia_category,codepoint_string,num_codepoints,hasComponent,hasModifier,hasModifierBase,appearance_differs_flag,unicode_not_recommended) VALUES (1630, 2, 'Regional Indicator Symbol Letter R', '', 'regional-indicator-symbol-letter-r', NULL, 'U+1F1F7', 1, 1, 0, 0, 0, 0);
INSERT INTO emoji_codepoints (emoji_codepoint_id,emoji_id,codepoint_id,sequence_index) VALUES (2526, 1630, 214, 1);

INSERT INTO emoji (emoji_id,emoji_version_id,emoji_name,emoji_character,emojipedia_url_ext,emojipedia_category,codepoint_string,num_codepoints,hasComponent,hasModifier,hasModifierBase,appearance_differs_flag,unicode_not_recommended) VALUES (1631, 2, 'Regional Indicator Symbol Letter S', '', 'regional-indicator-symbol-letter-s', NULL, 'U+1F1F8', 1, 1, 0, 0, 0, 0);
INSERT INTO emoji_codepoints (emoji_codepoint_id,emoji_id,codepoint_id,sequence_index) VALUES (2527, 1631, 215, 1);

INSERT INTO emoji (emoji_id,emoji_version_id,emoji_name,emoji_character,emojipedia_url_ext,emojipedia_category,codepoint_string,num_codepoints,hasComponent,hasModifier,hasModifierBase,appearance_differs_flag,unicode_not_recommended) VALUES (1632, 2, 'Regional Indicator Symbol Letter T', '', 'regional-indicator-symbol-letter-t', NULL, 'U+1F1F9', 1, 1, 0, 0, 0, 0);
INSERT INTO emoji_codepoints (emoji_codepoint_id,emoji_id,codepoint_id,sequence_index) VALUES (2528, 1632, 216, 1);

INSERT INTO emoji (emoji_id,emoji_version_id,emoji_name,emoji_character,emojipedia_url_ext,emojipedia_category,codepoint_string,num_codepoints,hasComponent,hasModifier,hasModifierBase,appearance_differs_flag,unicode_not_recommended) VALUES (1633, 2, 'Regional Indicator Symbol Letter U', '', 'regional-indicator-symbol-letter-u', NULL, 'U+1F1FA', 1, 1, 0, 0, 0, 0);
INSERT INTO emoji_codepoints (emoji_codepoint_id,emoji_id,codepoint_id,sequence_index) VALUES (2529, 1633, 217, 1);

INSERT INTO emoji (emoji_id,emoji_version_id,emoji_name,emoji_character,emojipedia_url_ext,emojipedia_category,codepoint_string,num_codepoints,hasComponent,hasModifier,hasModifierBase,appearance_differs_flag,unicode_not_recommended) VALUES (1634, 2, 'Regional Indicator Symbol Letter V', '', 'regional-indicator-symbol-letter-v', NULL, 'U+1F1FB', 1, 1, 0, 0, 0, 0);
INSERT INTO emoji_codepoints (emoji_codepoint_id,emoji_id,codepoint_id,sequence_index) VALUES (2530, 1634, 218, 1);

INSERT INTO emoji (emoji_id,emoji_version_id,emoji_name,emoji_character,emojipedia_url_ext,emojipedia_category,codepoint_string,num_codepoints,hasComponent,hasModifier,hasModifierBase,appearance_differs_flag,unicode_not_recommended) VALUES (1635, 2, 'Regional Indicator Symbol Letter W', '', 'regional-indicator-symbol-letter-w', NULL, 'U+1F1FC', 1, 1, 0, 0, 0, 0);
INSERT INTO emoji_codepoints (emoji_codepoint_id,emoji_id,codepoint_id,sequence_index) VALUES (2531, 1635, 219, 1);

INSERT INTO emoji (emoji_id,emoji_version_id,emoji_name,emoji_character,emojipedia_url_ext,emojipedia_category,codepoint_string,num_codepoints,hasComponent,hasModifier,hasModifierBase,appearance_differs_flag,unicode_not_recommended) VALUES (1636, 2, 'Regional Indicator Symbol Letter X', '', 'regional-indicator-symbol-letter-x', NULL, 'U+1F1FD', 1, 1, 0, 0, 0, 0);
INSERT INTO emoji_codepoints (emoji_codepoint_id,emoji_id,codepoint_id,sequence_index) VALUES (2532, 1636, 220, 1);

INSERT INTO emoji (emoji_id,emoji_version_id,emoji_name,emoji_character,emojipedia_url_ext,emojipedia_category,codepoint_string,num_codepoints,hasComponent,hasModifier,hasModifierBase,appearance_differs_flag,unicode_not_recommended) VALUES (1637, 2, 'Regional Indicator Symbol Letter Y', '', 'regional-indicator-symbol-letter-y', NULL, 'U+1F1FE', 1, 1, 0, 0, 0, 0);
INSERT INTO emoji_codepoints (emoji_codepoint_id,emoji_id,codepoint_id,sequence_index) VALUES (2533, 1637, 221, 1);

INSERT INTO emoji (emoji_id,emoji_version_id,emoji_name,emoji_character,emojipedia_url_ext,emojipedia_category,codepoint_string,num_codepoints,hasComponent,hasModifier,hasModifierBase,appearance_differs_flag,unicode_not_recommended) VALUES (1638, 2, 'Regional Indicator Symbol Letter Z', '', 'regional-indicator-symbol-letter-z', NULL, 'U+1F1FF', 1, 1, 0, 0, 0, 0);
INSERT INTO emoji_codepoints (emoji_codepoint_id,emoji_id,codepoint_id,sequence_index) VALUES (2534, 1638, 222, 1);

INSERT INTO emoji (emoji_id,emoji_version_id,emoji_name,emoji_character,emojipedia_url_ext,emojipedia_category,codepoint_string,num_codepoints,hasComponent,hasModifier,hasModifierBase,appearance_differs_flag,unicode_not_recommended) VALUES (1639, 2, 'Digit Seven', '7', 'digit-seven', NULL, 'U+37U+FE0F', 2, 1, 0, 0, 0, 0);
INSERT INTO emoji_codepoints (emoji_codepoint_id,emoji_id,codepoint_id,sequence_index) VALUES (2535, 1639, 10, 1),(2536, 1639, 1185, 2);

INSERT INTO emoji (emoji_id,emoji_version_id,emoji_name,emoji_character,emojipedia_url_ext,emojipedia_category,codepoint_string,num_codepoints,hasComponent,hasModifier,hasModifierBase,appearance_differs_flag,unicode_not_recommended) VALUES (1640, 2, 'Digit One', '1', 'digit-one', NULL, 'U+31U+FE0F', 2, 1, 0, 0, 0, 0);
INSERT INTO emoji_codepoints (emoji_codepoint_id,emoji_id,codepoint_id,sequence_index) VALUES (2537, 1640, 4, 1),(2538, 1640, 1185, 2);

INSERT INTO emoji (emoji_id,emoji_version_id,emoji_name,emoji_character,emojipedia_url_ext,emojipedia_category,codepoint_string,num_codepoints,hasComponent,hasModifier,hasModifierBase,appearance_differs_flag,unicode_not_recommended) VALUES (1641, 2, 'Digit Six', '6', 'digit-six', NULL, 'U+36U+FE0F', 2, 1, 0, 0, 0, 0);
INSERT INTO emoji_codepoints (emoji_codepoint_id,emoji_id,codepoint_id,sequence_index) VALUES (2539, 1641, 9, 1),(2540, 1641, 1185, 2);

INSERT INTO emoji (emoji_id,emoji_version_id,emoji_name,emoji_character,emojipedia_url_ext,emojipedia_category,codepoint_string,num_codepoints,hasComponent,hasModifier,hasModifierBase,appearance_differs_flag,unicode_not_recommended) VALUES (1642, 2, 'Digit Four', '4', 'digit-four', NULL, 'U+34U+FE0F', 2, 1, 0, 0, 0, 0);
INSERT INTO emoji_codepoints (emoji_codepoint_id,emoji_id,codepoint_id,sequence_index) VALUES (2541, 1642, 7, 1),(2542, 1642, 1185, 2);

INSERT INTO emoji (emoji_id,emoji_version_id,emoji_name,emoji_character,emojipedia_url_ext,emojipedia_category,codepoint_string,num_codepoints,hasComponent,hasModifier,hasModifierBase,appearance_differs_flag,unicode_not_recommended) VALUES (1643, 2, 'Digit Eight', '8', 'digit-eight', NULL, 'U+38U+FE0F', 2, 1, 0, 0, 0, 0);
INSERT INTO emoji_codepoints (emoji_codepoint_id,emoji_id,codepoint_id,sequence_index) VALUES (2543, 1643, 11, 1),(2544, 1643, 1185, 2);

INSERT INTO emoji (emoji_id,emoji_version_id,emoji_name,emoji_character,emojipedia_url_ext,emojipedia_category,codepoint_string,num_codepoints,hasComponent,hasModifier,hasModifierBase,appearance_differs_flag,unicode_not_recommended) VALUES (1644, 2, 'Digit Five', '5', 'digit-five', NULL, 'U+35U+FE0F', 2, 1, 0, 0, 0, 0);
INSERT INTO emoji_codepoints (emoji_codepoint_id,emoji_id,codepoint_id,sequence_index) VALUES (2545, 1644, 8, 1),(2546, 1644, 1185, 2);

INSERT INTO emoji (emoji_id,emoji_version_id,emoji_name,emoji_character,emojipedia_url_ext,emojipedia_category,codepoint_string,num_codepoints,hasComponent,hasModifier,hasModifierBase,appearance_differs_flag,unicode_not_recommended) VALUES (1645, 2, 'Digit Two', '2', 'digit-two', NULL, 'U+32U+FE0F', 2, 1, 0, 0, 0, 0);
INSERT INTO emoji_codepoints (emoji_codepoint_id,emoji_id,codepoint_id,sequence_index) VALUES (2547, 1645, 5, 1),(2548, 1645, 1185, 2);

INSERT INTO emoji (emoji_id,emoji_version_id,emoji_name,emoji_character,emojipedia_url_ext,emojipedia_category,codepoint_string,num_codepoints,hasComponent,hasModifier,hasModifierBase,appearance_differs_flag,unicode_not_recommended) VALUES (1646, 2, 'Digit Three', '3', 'digit-three', NULL, 'U+33U+FE0F', 2, 1, 0, 0, 0, 0);
INSERT INTO emoji_codepoints (emoji_codepoint_id,emoji_id,codepoint_id,sequence_index) VALUES (2549, 1646, 6, 1),(2550, 1646, 1185, 2);

INSERT INTO emoji (emoji_id,emoji_version_id,emoji_name,emoji_character,emojipedia_url_ext,emojipedia_category,codepoint_string,num_codepoints,hasComponent,hasModifier,hasModifierBase,appearance_differs_flag,unicode_not_recommended) VALUES (1647, 2, 'Digit Zero', '0', 'digit-zero', NULL, 'U+30U+FE0F', 2, 1, 0, 0, 0, 0);
INSERT INTO emoji_codepoints (emoji_codepoint_id,emoji_id,codepoint_id,sequence_index) VALUES (2551, 1647, 3, 1),(2552, 1647, 1185, 2);

INSERT INTO emoji (emoji_id,emoji_version_id,emoji_name,emoji_character,emojipedia_url_ext,emojipedia_category,codepoint_string,num_codepoints,hasComponent,hasModifier,hasModifierBase,appearance_differs_flag,unicode_not_recommended) VALUES (1648, 2, 'Digit Nine', '9', 'digit-nine', NULL, 'U+39U+FE0F', 2, 1, 0, 0, 0, 0);
INSERT INTO emoji_codepoints (emoji_codepoint_id,emoji_id,codepoint_id,sequence_index) VALUES (2553, 1648, 12, 1),(2554, 1648, 1185, 2);

INSERT INTO emoji (emoji_id,emoji_version_id,emoji_name,emoji_character,emojipedia_url_ext,emojipedia_category,codepoint_string,num_codepoints,hasComponent,hasModifier,hasModifierBase,appearance_differs_flag,unicode_not_recommended) VALUES (1649, 2, 'Number Sign', '#', 'number-sign', NULL, 'U+23U+FE0F', 2, 1, 0, 0, 0, 0);
INSERT INTO emoji_codepoints (emoji_codepoint_id,emoji_id,codepoint_id,sequence_index) VALUES (2555, 1649, 1, 1),(2556, 1649, 1185, 2);

INSERT INTO emoji (emoji_id,emoji_version_id,emoji_name,emoji_character,emojipedia_url_ext,emojipedia_category,codepoint_string,num_codepoints,hasComponent,hasModifier,hasModifierBase,appearance_differs_flag,unicode_not_recommended) VALUES (1650, 2, 'Asterisk', '*', 'asterisk', NULL, 'U+2AU+FE0F', 2, 1, 0, 0, 0, 0);
INSERT INTO emoji_codepoints (emoji_codepoint_id,emoji_id,codepoint_id,sequence_index) VALUES (2557, 1650, 2, 1),(2558, 1650, 1185, 2);

INSERT INTO emoji (emoji_id,emoji_version_id,emoji_name,emoji_character,emojipedia_url_ext,emojipedia_category,codepoint_string,num_codepoints,hasComponent,hasModifier,hasModifierBase,appearance_differs_flag,unicode_not_recommended) VALUES (1651, 3, 'Rolling on the Floor Laughing', '', 'rolling-on-the-floor-laughing', 'people', 'U+1F923', 1, 0, 0, 0, 0, 0);
INSERT INTO emoji_codepoints (emoji_codepoint_id,emoji_id,codepoint_id,sequence_index) VALUES (2559, 1651, 1068, 1);

INSERT INTO emoji (emoji_id,emoji_version_id,emoji_name,emoji_character,emojipedia_url_ext,emojipedia_category,codepoint_string,num_codepoints,hasComponent,hasModifier,hasModifierBase,appearance_differs_flag,unicode_not_recommended) VALUES (1652, 3, 'Drooling Face', '', 'drooling-face', 'people', 'U+1F924', 1, 0, 0, 0, 0, 0);
INSERT INTO emoji_codepoints (emoji_codepoint_id,emoji_id,codepoint_id,sequence_index) VALUES (2560, 1652, 1069, 1);

INSERT INTO emoji (emoji_id,emoji_version_id,emoji_name,emoji_character,emojipedia_url_ext,emojipedia_category,codepoint_string,num_codepoints,hasComponent,hasModifier,hasModifierBase,appearance_differs_flag,unicode_not_recommended) VALUES (1653, 3, 'Nauseated Face', '', 'nauseated-face', 'people', 'U+1F922', 1, 0, 0, 0, 0, 0);
INSERT INTO emoji_codepoints (emoji_codepoint_id,emoji_id,codepoint_id,sequence_index) VALUES (2561, 1653, 1067, 1);

INSERT INTO emoji (emoji_id,emoji_version_id,emoji_name,emoji_character,emojipedia_url_ext,emojipedia_category,codepoint_string,num_codepoints,hasComponent,hasModifier,hasModifierBase,appearance_differs_flag,unicode_not_recommended) VALUES (1654, 3, 'Sneezing Face', '', 'sneezing-face', 'people', 'U+1F927', 1, 0, 0, 0, 0, 0);
INSERT INTO emoji_codepoints (emoji_codepoint_id,emoji_id,codepoint_id,sequence_index) VALUES (2562, 1654, 1072, 1);

INSERT INTO emoji (emoji_id,emoji_version_id,emoji_name,emoji_character,emojipedia_url_ext,emojipedia_category,codepoint_string,num_codepoints,hasComponent,hasModifier,hasModifierBase,appearance_differs_flag,unicode_not_recommended) VALUES (1655, 3, 'Cowboy Hat Face', '', 'face-with-cowboy-hat', 'people', 'U+1F920', 1, 0, 0, 0, 0, 0);
INSERT INTO emoji_codepoints (emoji_codepoint_id,emoji_id,codepoint_id,sequence_index) VALUES (2563, 1655, 1065, 1);

INSERT INTO emoji (emoji_id,emoji_version_id,emoji_name,emoji_character,emojipedia_url_ext,emojipedia_category,codepoint_string,num_codepoints,hasComponent,hasModifier,hasModifierBase,appearance_differs_flag,unicode_not_recommended) VALUES (1656, 3, 'Clown Face', '', 'clown-face', 'people', 'U+1F921', 1, 0, 0, 0, 0, 0);
INSERT INTO emoji_codepoints (emoji_codepoint_id,emoji_id,codepoint_id,sequence_index) VALUES (2564, 1656, 1066, 1);

INSERT INTO emoji (emoji_id,emoji_version_id,emoji_name,emoji_character,emojipedia_url_ext,emojipedia_category,codepoint_string,num_codepoints,hasComponent,hasModifier,hasModifierBase,appearance_differs_flag,unicode_not_recommended) VALUES (1657, 3, 'Lying Face', '', 'lying-face', 'people', 'U+1F925', 1, 0, 0, 0, 0, 0);
INSERT INTO emoji_codepoints (emoji_codepoint_id,emoji_id,codepoint_id,sequence_index) VALUES (2565, 1657, 1070, 1);

INSERT INTO emoji (emoji_id,emoji_version_id,emoji_name,emoji_character,emojipedia_url_ext,emojipedia_category,codepoint_string,num_codepoints,hasComponent,hasModifier,hasModifierBase,appearance_differs_flag,unicode_not_recommended) VALUES (1658, 3, 'Prince', '', 'prince', 'people', 'U+1F934', 1, 0, 0, 1, 0, 0);
INSERT INTO emoji_codepoints (emoji_codepoint_id,emoji_id,codepoint_id,sequence_index) VALUES (2566, 1658, 1085, 1);

INSERT INTO emoji (emoji_id,emoji_version_id,emoji_name,emoji_character,emojipedia_url_ext,emojipedia_category,codepoint_string,num_codepoints,hasComponent,hasModifier,hasModifierBase,appearance_differs_flag,unicode_not_recommended) VALUES (1659, 3, 'Prince: Light Skin Tone', '', 'prince-type-1-2', NULL, 'U+1F934U+1F3FB', 2, 1, 1, 1, 0, 0);
INSERT INTO emoji_codepoints (emoji_codepoint_id,emoji_id,codepoint_id,sequence_index) VALUES (2567, 1659, 1085, 1),(2568, 1659, 479, 2);

INSERT INTO emoji (emoji_id,emoji_version_id,emoji_name,emoji_character,emojipedia_url_ext,emojipedia_category,codepoint_string,num_codepoints,hasComponent,hasModifier,hasModifierBase,appearance_differs_flag,unicode_not_recommended) VALUES (1660, 3, 'Prince: Medium-Light Skin Tone', '', 'prince-type-3', NULL, 'U+1F934U+1F3FC', 2, 1, 1, 1, 0, 0);
INSERT INTO emoji_codepoints (emoji_codepoint_id,emoji_id,codepoint_id,sequence_index) VALUES (2569, 1660, 1085, 1),(2570, 1660, 480, 2);

INSERT INTO emoji (emoji_id,emoji_version_id,emoji_name,emoji_character,emojipedia_url_ext,emojipedia_category,codepoint_string,num_codepoints,hasComponent,hasModifier,hasModifierBase,appearance_differs_flag,unicode_not_recommended) VALUES (1661, 3, 'Prince: Medium Skin Tone', '', 'prince-type-4', NULL, 'U+1F934U+1F3FD', 2, 1, 1, 1, 0, 0);
INSERT INTO emoji_codepoints (emoji_codepoint_id,emoji_id,codepoint_id,sequence_index) VALUES (2571, 1661, 1085, 1),(2572, 1661, 481, 2);

INSERT INTO emoji (emoji_id,emoji_version_id,emoji_name,emoji_character,emojipedia_url_ext,emojipedia_category,codepoint_string,num_codepoints,hasComponent,hasModifier,hasModifierBase,appearance_differs_flag,unicode_not_recommended) VALUES (1662, 3, 'Prince: Medium-Dark Skin Tone', '', 'prince-type-5', NULL, 'U+1F934U+1F3FE', 2, 1, 1, 1, 0, 0);
INSERT INTO emoji_codepoints (emoji_codepoint_id,emoji_id,codepoint_id,sequence_index) VALUES (2573, 1662, 1085, 1),(2574, 1662, 482, 2);

INSERT INTO emoji (emoji_id,emoji_version_id,emoji_name,emoji_character,emojipedia_url_ext,emojipedia_category,codepoint_string,num_codepoints,hasComponent,hasModifier,hasModifierBase,appearance_differs_flag,unicode_not_recommended) VALUES (1663, 3, 'Prince: Dark Skin Tone', '', 'prince-type-6', NULL, 'U+1F934U+1F3FF', 2, 1, 1, 1, 0, 0);
INSERT INTO emoji_codepoints (emoji_codepoint_id,emoji_id,codepoint_id,sequence_index) VALUES (2575, 1663, 1085, 1),(2576, 1663, 483, 2);

INSERT INTO emoji (emoji_id,emoji_version_id,emoji_name,emoji_character,emojipedia_url_ext,emojipedia_category,codepoint_string,num_codepoints,hasComponent,hasModifier,hasModifierBase,appearance_differs_flag,unicode_not_recommended) VALUES (1664, 3, 'Man in Tuxedo', '', 'man-in-tuxedo', 'people', 'U+1F935', 1, 0, 0, 1, 0, 0);
INSERT INTO emoji_codepoints (emoji_codepoint_id,emoji_id,codepoint_id,sequence_index) VALUES (2577, 1664, 1086, 1);

INSERT INTO emoji (emoji_id,emoji_version_id,emoji_name,emoji_character,emojipedia_url_ext,emojipedia_category,codepoint_string,num_codepoints,hasComponent,hasModifier,hasModifierBase,appearance_differs_flag,unicode_not_recommended) VALUES (1665, 3, 'Man in Tuxedo: Light Skin Tone', '', 'man-in-tuxedo-type-1-2', NULL, 'U+1F935U+1F3FB', 2, 1, 1, 1, 0, 0);
INSERT INTO emoji_codepoints (emoji_codepoint_id,emoji_id,codepoint_id,sequence_index) VALUES (2578, 1665, 1086, 1),(2579, 1665, 479, 2);

INSERT INTO emoji (emoji_id,emoji_version_id,emoji_name,emoji_character,emojipedia_url_ext,emojipedia_category,codepoint_string,num_codepoints,hasComponent,hasModifier,hasModifierBase,appearance_differs_flag,unicode_not_recommended) VALUES (1666, 3, 'Man in Tuxedo: Medium-Light Skin Tone', '', 'man-in-tuxedo-type-3', NULL, 'U+1F935U+1F3FC', 2, 1, 1, 1, 0, 0);
INSERT INTO emoji_codepoints (emoji_codepoint_id,emoji_id,codepoint_id,sequence_index) VALUES (2580, 1666, 1086, 1),(2581, 1666, 480, 2);

INSERT INTO emoji (emoji_id,emoji_version_id,emoji_name,emoji_character,emojipedia_url_ext,emojipedia_category,codepoint_string,num_codepoints,hasComponent,hasModifier,hasModifierBase,appearance_differs_flag,unicode_not_recommended) VALUES (1667, 3, 'Man in Tuxedo: Medium Skin Tone', '', 'man-in-tuxedo-type-4', NULL, 'U+1F935U+1F3FD', 2, 1, 1, 1, 0, 0);
INSERT INTO emoji_codepoints (emoji_codepoint_id,emoji_id,codepoint_id,sequence_index) VALUES (2582, 1667, 1086, 1),(2583, 1667, 481, 2);

INSERT INTO emoji (emoji_id,emoji_version_id,emoji_name,emoji_character,emojipedia_url_ext,emojipedia_category,codepoint_string,num_codepoints,hasComponent,hasModifier,hasModifierBase,appearance_differs_flag,unicode_not_recommended) VALUES (1668, 3, 'Man in Tuxedo: Medium-Dark Skin Tone', '', 'man-in-tuxedo-type-5', NULL, 'U+1F935U+1F3FE', 2, 1, 1, 1, 0, 0);
INSERT INTO emoji_codepoints (emoji_codepoint_id,emoji_id,codepoint_id,sequence_index) VALUES (2584, 1668, 1086, 1),(2585, 1668, 482, 2);

INSERT INTO emoji (emoji_id,emoji_version_id,emoji_name,emoji_character,emojipedia_url_ext,emojipedia_category,codepoint_string,num_codepoints,hasComponent,hasModifier,hasModifierBase,appearance_differs_flag,unicode_not_recommended) VALUES (1669, 3, 'Man in Tuxedo: Dark Skin Tone', '', 'man-in-tuxedo-type-6', NULL, 'U+1F935U+1F3FF', 2, 1, 1, 1, 0, 0);
INSERT INTO emoji_codepoints (emoji_codepoint_id,emoji_id,codepoint_id,sequence_index) VALUES (2586, 1669, 1086, 1),(2587, 1669, 483, 2);

INSERT INTO emoji (emoji_id,emoji_version_id,emoji_name,emoji_character,emojipedia_url_ext,emojipedia_category,codepoint_string,num_codepoints,hasComponent,hasModifier,hasModifierBase,appearance_differs_flag,unicode_not_recommended) VALUES (1670, 3, 'Pregnant Woman', '', 'pregnant-woman', 'people', 'U+1F930', 1, 0, 0, 1, 0, 0);
INSERT INTO emoji_codepoints (emoji_codepoint_id,emoji_id,codepoint_id,sequence_index) VALUES (2588, 1670, 1081, 1);

INSERT INTO emoji (emoji_id,emoji_version_id,emoji_name,emoji_character,emojipedia_url_ext,emojipedia_category,codepoint_string,num_codepoints,hasComponent,hasModifier,hasModifierBase,appearance_differs_flag,unicode_not_recommended) VALUES (1671, 3, 'Pregnant Woman: Light Skin Tone', '', 'pregnant-woman-type-1-2', NULL, 'U+1F930U+1F3FB', 2, 1, 1, 1, 0, 0);
INSERT INTO emoji_codepoints (emoji_codepoint_id,emoji_id,codepoint_id,sequence_index) VALUES (2589, 1671, 1081, 1),(2590, 1671, 479, 2);

INSERT INTO emoji (emoji_id,emoji_version_id,emoji_name,emoji_character,emojipedia_url_ext,emojipedia_category,codepoint_string,num_codepoints,hasComponent,hasModifier,hasModifierBase,appearance_differs_flag,unicode_not_recommended) VALUES (1672, 3, 'Pregnant Woman: Medium-Light Skin Tone', '', 'pregnant-woman-type-3', NULL, 'U+1F930U+1F3FC', 2, 1, 1, 1, 0, 0);
INSERT INTO emoji_codepoints (emoji_codepoint_id,emoji_id,codepoint_id,sequence_index) VALUES (2591, 1672, 1081, 1),(2592, 1672, 480, 2);

INSERT INTO emoji (emoji_id,emoji_version_id,emoji_name,emoji_character,emojipedia_url_ext,emojipedia_category,codepoint_string,num_codepoints,hasComponent,hasModifier,hasModifierBase,appearance_differs_flag,unicode_not_recommended) VALUES (1673, 3, 'Pregnant Woman: Medium Skin Tone', '', 'pregnant-woman-type-4', NULL, 'U+1F930U+1F3FD', 2, 1, 1, 1, 0, 0);
INSERT INTO emoji_codepoints (emoji_codepoint_id,emoji_id,codepoint_id,sequence_index) VALUES (2593, 1673, 1081, 1),(2594, 1673, 481, 2);

INSERT INTO emoji (emoji_id,emoji_version_id,emoji_name,emoji_character,emojipedia_url_ext,emojipedia_category,codepoint_string,num_codepoints,hasComponent,hasModifier,hasModifierBase,appearance_differs_flag,unicode_not_recommended) VALUES (1674, 3, 'Pregnant Woman: Medium-Dark Skin Tone', '', 'pregnant-woman-type-5', NULL, 'U+1F930U+1F3FE', 2, 1, 1, 1, 0, 0);
INSERT INTO emoji_codepoints (emoji_codepoint_id,emoji_id,codepoint_id,sequence_index) VALUES (2595, 1674, 1081, 1),(2596, 1674, 482, 2);

INSERT INTO emoji (emoji_id,emoji_version_id,emoji_name,emoji_character,emojipedia_url_ext,emojipedia_category,codepoint_string,num_codepoints,hasComponent,hasModifier,hasModifierBase,appearance_differs_flag,unicode_not_recommended) VALUES (1675, 3, 'Pregnant Woman: Dark Skin Tone', '', 'pregnant-woman-type-6', NULL, 'U+1F930U+1F3FF', 2, 1, 1, 1, 0, 0);
INSERT INTO emoji_codepoints (emoji_codepoint_id,emoji_id,codepoint_id,sequence_index) VALUES (2597, 1675, 1081, 1),(2598, 1675, 483, 2);

INSERT INTO emoji (emoji_id,emoji_version_id,emoji_name,emoji_character,emojipedia_url_ext,emojipedia_category,codepoint_string,num_codepoints,hasComponent,hasModifier,hasModifierBase,appearance_differs_flag,unicode_not_recommended) VALUES (1676, 3, 'Mrs. Claus', '', 'mother-christmas', 'people', 'U+1F936', 1, 0, 0, 1, 0, 0);
INSERT INTO emoji_codepoints (emoji_codepoint_id,emoji_id,codepoint_id,sequence_index) VALUES (2599, 1676, 1087, 1);

INSERT INTO emoji (emoji_id,emoji_version_id,emoji_name,emoji_character,emojipedia_url_ext,emojipedia_category,codepoint_string,num_codepoints,hasComponent,hasModifier,hasModifierBase,appearance_differs_flag,unicode_not_recommended) VALUES (1677, 3, 'Mrs. Claus: Light Skin Tone', '', 'mother-christmas-type-1-2', NULL, 'U+1F936U+1F3FB', 2, 1, 1, 1, 0, 0);
INSERT INTO emoji_codepoints (emoji_codepoint_id,emoji_id,codepoint_id,sequence_index) VALUES (2600, 1677, 1087, 1),(2601, 1677, 479, 2);

INSERT INTO emoji (emoji_id,emoji_version_id,emoji_name,emoji_character,emojipedia_url_ext,emojipedia_category,codepoint_string,num_codepoints,hasComponent,hasModifier,hasModifierBase,appearance_differs_flag,unicode_not_recommended) VALUES (1678, 3, 'Mrs. Claus: Medium-Light Skin Tone', '', 'mother-christmas-type-3', NULL, 'U+1F936U+1F3FC', 2, 1, 1, 1, 0, 0);
INSERT INTO emoji_codepoints (emoji_codepoint_id,emoji_id,codepoint_id,sequence_index) VALUES (2602, 1678, 1087, 1),(2603, 1678, 480, 2);

INSERT INTO emoji (emoji_id,emoji_version_id,emoji_name,emoji_character,emojipedia_url_ext,emojipedia_category,codepoint_string,num_codepoints,hasComponent,hasModifier,hasModifierBase,appearance_differs_flag,unicode_not_recommended) VALUES (1679, 3, 'Mrs. Claus: Medium Skin Tone', '', 'mother-christmas-type-4', NULL, 'U+1F936U+1F3FD', 2, 1, 1, 1, 0, 0);
INSERT INTO emoji_codepoints (emoji_codepoint_id,emoji_id,codepoint_id,sequence_index) VALUES (2604, 1679, 1087, 1),(2605, 1679, 481, 2);

INSERT INTO emoji (emoji_id,emoji_version_id,emoji_name,emoji_character,emojipedia_url_ext,emojipedia_category,codepoint_string,num_codepoints,hasComponent,hasModifier,hasModifierBase,appearance_differs_flag,unicode_not_recommended) VALUES (1680, 3, 'Mrs. Claus: Medium-Dark Skin Tone', '', 'mother-christmas-type-5', NULL, 'U+1F936U+1F3FE', 2, 1, 1, 1, 0, 0);
INSERT INTO emoji_codepoints (emoji_codepoint_id,emoji_id,codepoint_id,sequence_index) VALUES (2606, 1680, 1087, 1),(2607, 1680, 482, 2);

INSERT INTO emoji (emoji_id,emoji_version_id,emoji_name,emoji_character,emojipedia_url_ext,emojipedia_category,codepoint_string,num_codepoints,hasComponent,hasModifier,hasModifierBase,appearance_differs_flag,unicode_not_recommended) VALUES (1681, 3, 'Mrs. Claus: Dark Skin Tone', '', 'mother-christmas-type-6', NULL, 'U+1F936U+1F3FF', 2, 1, 1, 1, 0, 0);
INSERT INTO emoji_codepoints (emoji_codepoint_id,emoji_id,codepoint_id,sequence_index) VALUES (2608, 1681, 1087, 1),(2609, 1681, 483, 2);

INSERT INTO emoji (emoji_id,emoji_version_id,emoji_name,emoji_character,emojipedia_url_ext,emojipedia_category,codepoint_string,num_codepoints,hasComponent,hasModifier,hasModifierBase,appearance_differs_flag,unicode_not_recommended) VALUES (1682, 3, 'Handshake, Type-1-2', '', 'handshake-type-1-2', NULL, 'U+1F91DU+1F3FB', 2, 1, 1, 0, 0, 0);
INSERT INTO emoji_codepoints (emoji_codepoint_id,emoji_id,codepoint_id,sequence_index) VALUES (2610, 1682, 1062, 1),(2611, 1682, 479, 2);

INSERT INTO emoji (emoji_id,emoji_version_id,emoji_name,emoji_character,emojipedia_url_ext,emojipedia_category,codepoint_string,num_codepoints,hasComponent,hasModifier,hasModifierBase,appearance_differs_flag,unicode_not_recommended) VALUES (1683, 3, 'Handshake, Type-3', '', 'handshake-type-3', NULL, 'U+1F91DU+1F3FC', 2, 1, 1, 0, 0, 0);
INSERT INTO emoji_codepoints (emoji_codepoint_id,emoji_id,codepoint_id,sequence_index) VALUES (2612, 1683, 1062, 1),(2613, 1683, 480, 2);

INSERT INTO emoji (emoji_id,emoji_version_id,emoji_name,emoji_character,emojipedia_url_ext,emojipedia_category,codepoint_string,num_codepoints,hasComponent,hasModifier,hasModifierBase,appearance_differs_flag,unicode_not_recommended) VALUES (1684, 3, 'Handshake, Type-4', '', 'handshake-type-4', NULL, 'U+1F91DU+1F3FD', 2, 1, 1, 0, 0, 0);
INSERT INTO emoji_codepoints (emoji_codepoint_id,emoji_id,codepoint_id,sequence_index) VALUES (2614, 1684, 1062, 1),(2615, 1684, 481, 2);

INSERT INTO emoji (emoji_id,emoji_version_id,emoji_name,emoji_character,emojipedia_url_ext,emojipedia_category,codepoint_string,num_codepoints,hasComponent,hasModifier,hasModifierBase,appearance_differs_flag,unicode_not_recommended) VALUES (1685, 3, 'Handshake, Type-5', '', 'handshake-type-5', NULL, 'U+1F91DU+1F3FE', 2, 1, 1, 0, 0, 0);
INSERT INTO emoji_codepoints (emoji_codepoint_id,emoji_id,codepoint_id,sequence_index) VALUES (2616, 1685, 1062, 1),(2617, 1685, 482, 2);

INSERT INTO emoji (emoji_id,emoji_version_id,emoji_name,emoji_character,emojipedia_url_ext,emojipedia_category,codepoint_string,num_codepoints,hasComponent,hasModifier,hasModifierBase,appearance_differs_flag,unicode_not_recommended) VALUES (1686, 3, 'Handshake, Type-6', '', 'handshake-type-6', NULL, 'U+1F91DU+1F3FF', 2, 1, 1, 0, 0, 0);
INSERT INTO emoji_codepoints (emoji_codepoint_id,emoji_id,codepoint_id,sequence_index) VALUES (2618, 1686, 1062, 1),(2619, 1686, 483, 2);

INSERT INTO emoji (emoji_id,emoji_version_id,emoji_name,emoji_character,emojipedia_url_ext,emojipedia_category,codepoint_string,num_codepoints,hasComponent,hasModifier,hasModifierBase,appearance_differs_flag,unicode_not_recommended) VALUES (1687, 3, 'Person Facepalming', '', 'face-palm', 'people', 'U+1F926', 1, 0, 0, 1, 0, 0);
INSERT INTO emoji_codepoints (emoji_codepoint_id,emoji_id,codepoint_id,sequence_index) VALUES (2620, 1687, 1071, 1);

INSERT INTO emoji (emoji_id,emoji_version_id,emoji_name,emoji_character,emojipedia_url_ext,emojipedia_category,codepoint_string,num_codepoints,hasComponent,hasModifier,hasModifierBase,appearance_differs_flag,unicode_not_recommended) VALUES (1688, 3, 'Person Facepalming: Light Skin Tone', '', 'face-palm-type-1-2', NULL, 'U+1F926U+1F3FB', 2, 1, 1, 1, 0, 0);
INSERT INTO emoji_codepoints (emoji_codepoint_id,emoji_id,codepoint_id,sequence_index) VALUES (2621, 1688, 1071, 1),(2622, 1688, 479, 2);

INSERT INTO emoji (emoji_id,emoji_version_id,emoji_name,emoji_character,emojipedia_url_ext,emojipedia_category,codepoint_string,num_codepoints,hasComponent,hasModifier,hasModifierBase,appearance_differs_flag,unicode_not_recommended) VALUES (1689, 3, 'Person Facepalming: Medium-Light Skin Tone', '', 'face-palm-type-3', NULL, 'U+1F926U+1F3FC', 2, 1, 1, 1, 0, 0);
INSERT INTO emoji_codepoints (emoji_codepoint_id,emoji_id,codepoint_id,sequence_index) VALUES (2623, 1689, 1071, 1),(2624, 1689, 480, 2);

INSERT INTO emoji (emoji_id,emoji_version_id,emoji_name,emoji_character,emojipedia_url_ext,emojipedia_category,codepoint_string,num_codepoints,hasComponent,hasModifier,hasModifierBase,appearance_differs_flag,unicode_not_recommended) VALUES (1690, 3, 'Person Facepalming: Medium Skin Tone', '', 'face-palm-type-4', NULL, 'U+1F926U+1F3FD', 2, 1, 1, 1, 0, 0);
INSERT INTO emoji_codepoints (emoji_codepoint_id,emoji_id,codepoint_id,sequence_index) VALUES (2625, 1690, 1071, 1),(2626, 1690, 481, 2);

INSERT INTO emoji (emoji_id,emoji_version_id,emoji_name,emoji_character,emojipedia_url_ext,emojipedia_category,codepoint_string,num_codepoints,hasComponent,hasModifier,hasModifierBase,appearance_differs_flag,unicode_not_recommended) VALUES (1691, 3, 'Person Facepalming: Medium-Dark Skin Tone', '', 'face-palm-type-5', NULL, 'U+1F926U+1F3FE', 2, 1, 1, 1, 0, 0);
INSERT INTO emoji_codepoints (emoji_codepoint_id,emoji_id,codepoint_id,sequence_index) VALUES (2627, 1691, 1071, 1),(2628, 1691, 482, 2);

INSERT INTO emoji (emoji_id,emoji_version_id,emoji_name,emoji_character,emojipedia_url_ext,emojipedia_category,codepoint_string,num_codepoints,hasComponent,hasModifier,hasModifierBase,appearance_differs_flag,unicode_not_recommended) VALUES (1692, 3, 'Person Facepalming: Dark Skin Tone', '', 'face-palm-type-6', NULL, 'U+1F926U+1F3FF', 2, 1, 1, 1, 0, 0);
INSERT INTO emoji_codepoints (emoji_codepoint_id,emoji_id,codepoint_id,sequence_index) VALUES (2629, 1692, 1071, 1),(2630, 1692, 483, 2);

INSERT INTO emoji (emoji_id,emoji_version_id,emoji_name,emoji_character,emojipedia_url_ext,emojipedia_category,codepoint_string,num_codepoints,hasComponent,hasModifier,hasModifierBase,appearance_differs_flag,unicode_not_recommended) VALUES (1693, 3, 'Person Shrugging', '', 'shrug', 'people', 'U+1F937', 1, 0, 0, 1, 0, 0);
INSERT INTO emoji_codepoints (emoji_codepoint_id,emoji_id,codepoint_id,sequence_index) VALUES (2631, 1693, 1088, 1);

INSERT INTO emoji (emoji_id,emoji_version_id,emoji_name,emoji_character,emojipedia_url_ext,emojipedia_category,codepoint_string,num_codepoints,hasComponent,hasModifier,hasModifierBase,appearance_differs_flag,unicode_not_recommended) VALUES (1694, 3, 'Person Shrugging: Light Skin Tone', '', 'shrug-type-1-2', NULL, 'U+1F937U+1F3FB', 2, 1, 1, 1, 0, 0);
INSERT INTO emoji_codepoints (emoji_codepoint_id,emoji_id,codepoint_id,sequence_index) VALUES (2632, 1694, 1088, 1),(2633, 1694, 479, 2);

INSERT INTO emoji (emoji_id,emoji_version_id,emoji_name,emoji_character,emojipedia_url_ext,emojipedia_category,codepoint_string,num_codepoints,hasComponent,hasModifier,hasModifierBase,appearance_differs_flag,unicode_not_recommended) VALUES (1695, 3, 'Person Shrugging: Medium-Light Skin Tone', '', 'shrug-type-3', NULL, 'U+1F937U+1F3FC', 2, 1, 1, 1, 0, 0);
INSERT INTO emoji_codepoints (emoji_codepoint_id,emoji_id,codepoint_id,sequence_index) VALUES (2634, 1695, 1088, 1),(2635, 1695, 480, 2);

INSERT INTO emoji (emoji_id,emoji_version_id,emoji_name,emoji_character,emojipedia_url_ext,emojipedia_category,codepoint_string,num_codepoints,hasComponent,hasModifier,hasModifierBase,appearance_differs_flag,unicode_not_recommended) VALUES (1696, 3, 'Person Shrugging: Medium Skin Tone', '', 'shrug-type-4', NULL, 'U+1F937U+1F3FD', 2, 1, 1, 1, 0, 0);
INSERT INTO emoji_codepoints (emoji_codepoint_id,emoji_id,codepoint_id,sequence_index) VALUES (2636, 1696, 1088, 1),(2637, 1696, 481, 2);

INSERT INTO emoji (emoji_id,emoji_version_id,emoji_name,emoji_character,emojipedia_url_ext,emojipedia_category,codepoint_string,num_codepoints,hasComponent,hasModifier,hasModifierBase,appearance_differs_flag,unicode_not_recommended) VALUES (1697, 3, 'Person Shrugging: Medium-Dark Skin Tone', '', 'shrug-type-5', NULL, 'U+1F937U+1F3FE', 2, 1, 1, 1, 0, 0);
INSERT INTO emoji_codepoints (emoji_codepoint_id,emoji_id,codepoint_id,sequence_index) VALUES (2638, 1697, 1088, 1),(2639, 1697, 482, 2);

INSERT INTO emoji (emoji_id,emoji_version_id,emoji_name,emoji_character,emojipedia_url_ext,emojipedia_category,codepoint_string,num_codepoints,hasComponent,hasModifier,hasModifierBase,appearance_differs_flag,unicode_not_recommended) VALUES (1698, 3, 'Person Shrugging: Dark Skin Tone', '', 'shrug-type-6', NULL, 'U+1F937U+1F3FF', 2, 1, 1, 1, 0, 0);
INSERT INTO emoji_codepoints (emoji_codepoint_id,emoji_id,codepoint_id,sequence_index) VALUES (2640, 1698, 1088, 1),(2641, 1698, 483, 2);

INSERT INTO emoji (emoji_id,emoji_version_id,emoji_name,emoji_character,emojipedia_url_ext,emojipedia_category,codepoint_string,num_codepoints,hasComponent,hasModifier,hasModifierBase,appearance_differs_flag,unicode_not_recommended) VALUES (1699, 3, 'Man Dancing', '', 'man-dancing', 'people', 'U+1F57A', 1, 0, 0, 1, 0, 0);
INSERT INTO emoji_codepoints (emoji_codepoint_id,emoji_id,codepoint_id,sequence_index) VALUES (2642, 1699, 840, 1);

INSERT INTO emoji (emoji_id,emoji_version_id,emoji_name,emoji_character,emojipedia_url_ext,emojipedia_category,codepoint_string,num_codepoints,hasComponent,hasModifier,hasModifierBase,appearance_differs_flag,unicode_not_recommended) VALUES (1700, 3, 'Man Dancing: Light Skin Tone', '', 'man-dancing-type-1-2', NULL, 'U+1F57AU+1F3FB', 2, 1, 1, 1, 0, 0);
INSERT INTO emoji_codepoints (emoji_codepoint_id,emoji_id,codepoint_id,sequence_index) VALUES (2643, 1700, 840, 1),(2644, 1700, 479, 2);

INSERT INTO emoji (emoji_id,emoji_version_id,emoji_name,emoji_character,emojipedia_url_ext,emojipedia_category,codepoint_string,num_codepoints,hasComponent,hasModifier,hasModifierBase,appearance_differs_flag,unicode_not_recommended) VALUES (1701, 3, 'Man Dancing: Medium-Light Skin Tone', '', 'man-dancing-type-3', NULL, 'U+1F57AU+1F3FC', 2, 1, 1, 1, 0, 0);
INSERT INTO emoji_codepoints (emoji_codepoint_id,emoji_id,codepoint_id,sequence_index) VALUES (2645, 1701, 840, 1),(2646, 1701, 480, 2);

INSERT INTO emoji (emoji_id,emoji_version_id,emoji_name,emoji_character,emojipedia_url_ext,emojipedia_category,codepoint_string,num_codepoints,hasComponent,hasModifier,hasModifierBase,appearance_differs_flag,unicode_not_recommended) VALUES (1702, 3, 'Man Dancing: Medium Skin Tone', '', 'man-dancing-type-4', NULL, 'U+1F57AU+1F3FD', 2, 1, 1, 1, 0, 0);
INSERT INTO emoji_codepoints (emoji_codepoint_id,emoji_id,codepoint_id,sequence_index) VALUES (2647, 1702, 840, 1),(2648, 1702, 481, 2);

INSERT INTO emoji (emoji_id,emoji_version_id,emoji_name,emoji_character,emojipedia_url_ext,emojipedia_category,codepoint_string,num_codepoints,hasComponent,hasModifier,hasModifierBase,appearance_differs_flag,unicode_not_recommended) VALUES (1703, 3, 'Man Dancing: Medium-Dark Skin Tone', '', 'man-dancing-type-5', NULL, 'U+1F57AU+1F3FE', 2, 1, 1, 1, 0, 0);
INSERT INTO emoji_codepoints (emoji_codepoint_id,emoji_id,codepoint_id,sequence_index) VALUES (2649, 1703, 840, 1),(2650, 1703, 482, 2);

INSERT INTO emoji (emoji_id,emoji_version_id,emoji_name,emoji_character,emojipedia_url_ext,emojipedia_category,codepoint_string,num_codepoints,hasComponent,hasModifier,hasModifierBase,appearance_differs_flag,unicode_not_recommended) VALUES (1704, 3, 'Man Dancing: Dark Skin Tone', '', 'man-dancing-type-6', NULL, 'U+1F57AU+1F3FF', 2, 1, 1, 1, 0, 0);
INSERT INTO emoji_codepoints (emoji_codepoint_id,emoji_id,codepoint_id,sequence_index) VALUES (2651, 1704, 840, 1),(2652, 1704, 483, 2);

INSERT INTO emoji (emoji_id,emoji_version_id,emoji_name,emoji_character,emojipedia_url_ext,emojipedia_category,codepoint_string,num_codepoints,hasComponent,hasModifier,hasModifierBase,appearance_differs_flag,unicode_not_recommended) VALUES (1705, 3, 'Person Fencing', '', 'fencer', NULL, 'U+1F93A', 1, 0, 0, 0, 0, 0);
INSERT INTO emoji_codepoints (emoji_codepoint_id,emoji_id,codepoint_id,sequence_index) VALUES (2653, 1705, 1091, 1);

INSERT INTO emoji (emoji_id,emoji_version_id,emoji_name,emoji_character,emojipedia_url_ext,emojipedia_category,codepoint_string,num_codepoints,hasComponent,hasModifier,hasModifierBase,appearance_differs_flag,unicode_not_recommended) VALUES (1706, 3, 'Person Cartwheeling', '', 'person-doing-cartwheel', 'activity', 'U+1F938', 1, 0, 0, 1, 0, 0);
INSERT INTO emoji_codepoints (emoji_codepoint_id,emoji_id,codepoint_id,sequence_index) VALUES (2654, 1706, 1089, 1);

INSERT INTO emoji (emoji_id,emoji_version_id,emoji_name,emoji_character,emojipedia_url_ext,emojipedia_category,codepoint_string,num_codepoints,hasComponent,hasModifier,hasModifierBase,appearance_differs_flag,unicode_not_recommended) VALUES (1707, 3, 'Person Cartwheeling: Light Skin Tone', '', 'person-doing-cartwheel-type-1-2', NULL, 'U+1F938U+1F3FB', 2, 1, 1, 1, 0, 0);
INSERT INTO emoji_codepoints (emoji_codepoint_id,emoji_id,codepoint_id,sequence_index) VALUES (2655, 1707, 1089, 1),(2656, 1707, 479, 2);

INSERT INTO emoji (emoji_id,emoji_version_id,emoji_name,emoji_character,emojipedia_url_ext,emojipedia_category,codepoint_string,num_codepoints,hasComponent,hasModifier,hasModifierBase,appearance_differs_flag,unicode_not_recommended) VALUES (1708, 3, 'Person Cartwheeling: Medium-Light Skin Tone', '', 'person-doing-cartwheel-type-3', NULL, 'U+1F938U+1F3FC', 2, 1, 1, 1, 0, 0);
INSERT INTO emoji_codepoints (emoji_codepoint_id,emoji_id,codepoint_id,sequence_index) VALUES (2657, 1708, 1089, 1),(2658, 1708, 480, 2);

INSERT INTO emoji (emoji_id,emoji_version_id,emoji_name,emoji_character,emojipedia_url_ext,emojipedia_category,codepoint_string,num_codepoints,hasComponent,hasModifier,hasModifierBase,appearance_differs_flag,unicode_not_recommended) VALUES (1709, 3, 'Person Cartwheeling: Medium Skin Tone', '', 'person-doing-cartwheel-type-4', NULL, 'U+1F938U+1F3FD', 2, 1, 1, 1, 0, 0);
INSERT INTO emoji_codepoints (emoji_codepoint_id,emoji_id,codepoint_id,sequence_index) VALUES (2659, 1709, 1089, 1),(2660, 1709, 481, 2);

INSERT INTO emoji (emoji_id,emoji_version_id,emoji_name,emoji_character,emojipedia_url_ext,emojipedia_category,codepoint_string,num_codepoints,hasComponent,hasModifier,hasModifierBase,appearance_differs_flag,unicode_not_recommended) VALUES (1710, 3, 'Wrestlers, Type-1-2', '', 'wrestlers-type-1-2', NULL, 'U+1F93CU+1F3FB', 2, 1, 1, 0, 0, 0);
INSERT INTO emoji_codepoints (emoji_codepoint_id,emoji_id,codepoint_id,sequence_index) VALUES (2661, 1710, 1092, 1),(2662, 1710, 479, 2);

INSERT INTO emoji (emoji_id,emoji_version_id,emoji_name,emoji_character,emojipedia_url_ext,emojipedia_category,codepoint_string,num_codepoints,hasComponent,hasModifier,hasModifierBase,appearance_differs_flag,unicode_not_recommended) VALUES (1711, 3, 'Person Cartwheeling: Medium-Dark Skin Tone', '', 'person-doing-cartwheel-type-5', NULL, 'U+1F938U+1F3FE', 2, 1, 1, 1, 0, 0);
INSERT INTO emoji_codepoints (emoji_codepoint_id,emoji_id,codepoint_id,sequence_index) VALUES (2663, 1711, 1089, 1),(2664, 1711, 482, 2);

INSERT INTO emoji (emoji_id,emoji_version_id,emoji_name,emoji_character,emojipedia_url_ext,emojipedia_category,codepoint_string,num_codepoints,hasComponent,hasModifier,hasModifierBase,appearance_differs_flag,unicode_not_recommended) VALUES (1712, 3, 'Wrestlers, Type-3', '', 'wrestlers-type-3', NULL, 'U+1F93CU+1F3FC', 2, 1, 1, 0, 0, 0);
INSERT INTO emoji_codepoints (emoji_codepoint_id,emoji_id,codepoint_id,sequence_index) VALUES (2665, 1712, 1092, 1),(2666, 1712, 480, 2);

INSERT INTO emoji (emoji_id,emoji_version_id,emoji_name,emoji_character,emojipedia_url_ext,emojipedia_category,codepoint_string,num_codepoints,hasComponent,hasModifier,hasModifierBase,appearance_differs_flag,unicode_not_recommended) VALUES (1713, 3, 'Person Cartwheeling: Dark Skin Tone', '', 'person-doing-cartwheel-type-6', NULL, 'U+1F938U+1F3FF', 2, 1, 1, 1, 0, 0);
INSERT INTO emoji_codepoints (emoji_codepoint_id,emoji_id,codepoint_id,sequence_index) VALUES (2667, 1713, 1089, 1),(2668, 1713, 483, 2);

INSERT INTO emoji (emoji_id,emoji_version_id,emoji_name,emoji_character,emojipedia_url_ext,emojipedia_category,codepoint_string,num_codepoints,hasComponent,hasModifier,hasModifierBase,appearance_differs_flag,unicode_not_recommended) VALUES (1714, 3, 'Wrestlers, Type-4', '', 'wrestlers-type-4', NULL, 'U+1F93CU+1F3FD', 2, 1, 1, 0, 0, 0);
INSERT INTO emoji_codepoints (emoji_codepoint_id,emoji_id,codepoint_id,sequence_index) VALUES (2669, 1714, 1092, 1),(2670, 1714, 481, 2);

INSERT INTO emoji (emoji_id,emoji_version_id,emoji_name,emoji_character,emojipedia_url_ext,emojipedia_category,codepoint_string,num_codepoints,hasComponent,hasModifier,hasModifierBase,appearance_differs_flag,unicode_not_recommended) VALUES (1715, 3, 'Wrestlers, Type-5', '', 'wrestlers-type-5', NULL, 'U+1F93CU+1F3FE', 2, 1, 1, 0, 0, 0);
INSERT INTO emoji_codepoints (emoji_codepoint_id,emoji_id,codepoint_id,sequence_index) VALUES (2671, 1715, 1092, 1),(2672, 1715, 482, 2);

INSERT INTO emoji (emoji_id,emoji_version_id,emoji_name,emoji_character,emojipedia_url_ext,emojipedia_category,codepoint_string,num_codepoints,hasComponent,hasModifier,hasModifierBase,appearance_differs_flag,unicode_not_recommended) VALUES (1716, 3, 'Wrestlers, Type-6', '', 'wrestlers-type-6', NULL, 'U+1F93CU+1F3FF', 2, 1, 1, 0, 0, 0);
INSERT INTO emoji_codepoints (emoji_codepoint_id,emoji_id,codepoint_id,sequence_index) VALUES (2673, 1716, 1092, 1),(2674, 1716, 483, 2);

INSERT INTO emoji (emoji_id,emoji_version_id,emoji_name,emoji_character,emojipedia_url_ext,emojipedia_category,codepoint_string,num_codepoints,hasComponent,hasModifier,hasModifierBase,appearance_differs_flag,unicode_not_recommended) VALUES (1717, 3, 'People Wrestling', '', 'wrestlers', 'activity', 'U+1F93C', 1, 0, 0, 0, 0, 0);
INSERT INTO emoji_codepoints (emoji_codepoint_id,emoji_id,codepoint_id,sequence_index) VALUES (2675, 1717, 1092, 1);

INSERT INTO emoji (emoji_id,emoji_version_id,emoji_name,emoji_character,emojipedia_url_ext,emojipedia_category,codepoint_string,num_codepoints,hasComponent,hasModifier,hasModifierBase,appearance_differs_flag,unicode_not_recommended) VALUES (1718, 3, 'Person Playing Water Polo', '', 'water-polo', 'activity', 'U+1F93D', 1, 0, 0, 1, 0, 0);
INSERT INTO emoji_codepoints (emoji_codepoint_id,emoji_id,codepoint_id,sequence_index) VALUES (2676, 1718, 1093, 1);

INSERT INTO emoji (emoji_id,emoji_version_id,emoji_name,emoji_character,emojipedia_url_ext,emojipedia_category,codepoint_string,num_codepoints,hasComponent,hasModifier,hasModifierBase,appearance_differs_flag,unicode_not_recommended) VALUES (1719, 3, 'Person Playing Water Polo: Light Skin Tone', '', 'water-polo-type-1-2', NULL, 'U+1F93DU+1F3FB', 2, 1, 1, 1, 0, 0);
INSERT INTO emoji_codepoints (emoji_codepoint_id,emoji_id,codepoint_id,sequence_index) VALUES (2677, 1719, 1093, 1),(2678, 1719, 479, 2);

INSERT INTO emoji (emoji_id,emoji_version_id,emoji_name,emoji_character,emojipedia_url_ext,emojipedia_category,codepoint_string,num_codepoints,hasComponent,hasModifier,hasModifierBase,appearance_differs_flag,unicode_not_recommended) VALUES (1720, 3, 'Person Playing Water Polo: Medium-Light Skin Tone', '', 'water-polo-type-3', NULL, 'U+1F93DU+1F3FC', 2, 1, 1, 1, 0, 0);
INSERT INTO emoji_codepoints (emoji_codepoint_id,emoji_id,codepoint_id,sequence_index) VALUES (2679, 1720, 1093, 1),(2680, 1720, 480, 2);

INSERT INTO emoji (emoji_id,emoji_version_id,emoji_name,emoji_character,emojipedia_url_ext,emojipedia_category,codepoint_string,num_codepoints,hasComponent,hasModifier,hasModifierBase,appearance_differs_flag,unicode_not_recommended) VALUES (1721, 3, 'Person Playing Water Polo: Medium Skin Tone', '', 'water-polo-type-4', NULL, 'U+1F93DU+1F3FD', 2, 1, 1, 1, 0, 0);
INSERT INTO emoji_codepoints (emoji_codepoint_id,emoji_id,codepoint_id,sequence_index) VALUES (2681, 1721, 1093, 1),(2682, 1721, 481, 2);

INSERT INTO emoji (emoji_id,emoji_version_id,emoji_name,emoji_character,emojipedia_url_ext,emojipedia_category,codepoint_string,num_codepoints,hasComponent,hasModifier,hasModifierBase,appearance_differs_flag,unicode_not_recommended) VALUES (1722, 3, 'Person Playing Water Polo: Medium-Dark Skin Tone', '', 'water-polo-type-5', NULL, 'U+1F93DU+1F3FE', 2, 1, 1, 1, 0, 0);
INSERT INTO emoji_codepoints (emoji_codepoint_id,emoji_id,codepoint_id,sequence_index) VALUES (2683, 1722, 1093, 1),(2684, 1722, 482, 2);

INSERT INTO emoji (emoji_id,emoji_version_id,emoji_name,emoji_character,emojipedia_url_ext,emojipedia_category,codepoint_string,num_codepoints,hasComponent,hasModifier,hasModifierBase,appearance_differs_flag,unicode_not_recommended) VALUES (1723, 3, 'Person Playing Water Polo: Dark Skin Tone', '', 'water-polo-type-6', NULL, 'U+1F93DU+1F3FF', 2, 1, 1, 1, 0, 0);
INSERT INTO emoji_codepoints (emoji_codepoint_id,emoji_id,codepoint_id,sequence_index) VALUES (2685, 1723, 1093, 1),(2686, 1723, 483, 2);

INSERT INTO emoji (emoji_id,emoji_version_id,emoji_name,emoji_character,emojipedia_url_ext,emojipedia_category,codepoint_string,num_codepoints,hasComponent,hasModifier,hasModifierBase,appearance_differs_flag,unicode_not_recommended) VALUES (1724, 3, 'Person Playing Handball', '', 'handball', 'activity', 'U+1F93E', 1, 0, 0, 1, 0, 0);
INSERT INTO emoji_codepoints (emoji_codepoint_id,emoji_id,codepoint_id,sequence_index) VALUES (2687, 1724, 1094, 1);

INSERT INTO emoji (emoji_id,emoji_version_id,emoji_name,emoji_character,emojipedia_url_ext,emojipedia_category,codepoint_string,num_codepoints,hasComponent,hasModifier,hasModifierBase,appearance_differs_flag,unicode_not_recommended) VALUES (1725, 3, 'Person Playing Handball: Light Skin Tone', '', 'handball-type-1-2', NULL, 'U+1F93EU+1F3FB', 2, 1, 1, 1, 0, 0);
INSERT INTO emoji_codepoints (emoji_codepoint_id,emoji_id,codepoint_id,sequence_index) VALUES (2688, 1725, 1094, 1),(2689, 1725, 479, 2);

INSERT INTO emoji (emoji_id,emoji_version_id,emoji_name,emoji_character,emojipedia_url_ext,emojipedia_category,codepoint_string,num_codepoints,hasComponent,hasModifier,hasModifierBase,appearance_differs_flag,unicode_not_recommended) VALUES (1726, 3, 'Person Playing Handball: Medium-Light Skin Tone', '', 'handball-type-3', NULL, 'U+1F93EU+1F3FC', 2, 1, 1, 1, 0, 0);
INSERT INTO emoji_codepoints (emoji_codepoint_id,emoji_id,codepoint_id,sequence_index) VALUES (2690, 1726, 1094, 1),(2691, 1726, 480, 2);

INSERT INTO emoji (emoji_id,emoji_version_id,emoji_name,emoji_character,emojipedia_url_ext,emojipedia_category,codepoint_string,num_codepoints,hasComponent,hasModifier,hasModifierBase,appearance_differs_flag,unicode_not_recommended) VALUES (1727, 3, 'Person Playing Handball: Medium Skin Tone', '', 'handball-type-4', NULL, 'U+1F93EU+1F3FD', 2, 1, 1, 1, 0, 0);
INSERT INTO emoji_codepoints (emoji_codepoint_id,emoji_id,codepoint_id,sequence_index) VALUES (2692, 1727, 1094, 1),(2693, 1727, 481, 2);

INSERT INTO emoji (emoji_id,emoji_version_id,emoji_name,emoji_character,emojipedia_url_ext,emojipedia_category,codepoint_string,num_codepoints,hasComponent,hasModifier,hasModifierBase,appearance_differs_flag,unicode_not_recommended) VALUES (1728, 3, 'Person Playing Handball: Medium-Dark Skin Tone', '', 'handball-type-5', NULL, 'U+1F93EU+1F3FE', 2, 1, 1, 1, 0, 0);
INSERT INTO emoji_codepoints (emoji_codepoint_id,emoji_id,codepoint_id,sequence_index) VALUES (2694, 1728, 1094, 1),(2695, 1728, 482, 2);

INSERT INTO emoji (emoji_id,emoji_version_id,emoji_name,emoji_character,emojipedia_url_ext,emojipedia_category,codepoint_string,num_codepoints,hasComponent,hasModifier,hasModifierBase,appearance_differs_flag,unicode_not_recommended) VALUES (1729, 3, 'Person Playing Handball: Dark Skin Tone', '', 'handball-type-6', NULL, 'U+1F93EU+1F3FF', 2, 1, 1, 1, 0, 0);
INSERT INTO emoji_codepoints (emoji_codepoint_id,emoji_id,codepoint_id,sequence_index) VALUES (2696, 1729, 1094, 1),(2697, 1729, 483, 2);

INSERT INTO emoji (emoji_id,emoji_version_id,emoji_name,emoji_character,emojipedia_url_ext,emojipedia_category,codepoint_string,num_codepoints,hasComponent,hasModifier,hasModifierBase,appearance_differs_flag,unicode_not_recommended) VALUES (1730, 3, 'Person Juggling', '', 'juggling', 'activity', 'U+1F939', 1, 0, 0, 1, 0, 0);
INSERT INTO emoji_codepoints (emoji_codepoint_id,emoji_id,codepoint_id,sequence_index) VALUES (2698, 1730, 1090, 1);

INSERT INTO emoji (emoji_id,emoji_version_id,emoji_name,emoji_character,emojipedia_url_ext,emojipedia_category,codepoint_string,num_codepoints,hasComponent,hasModifier,hasModifierBase,appearance_differs_flag,unicode_not_recommended) VALUES (1731, 3, 'Person Juggling: Light Skin Tone', '', 'juggling-type-1-2', NULL, 'U+1F939U+1F3FB', 2, 1, 1, 1, 0, 0);
INSERT INTO emoji_codepoints (emoji_codepoint_id,emoji_id,codepoint_id,sequence_index) VALUES (2699, 1731, 1090, 1),(2700, 1731, 479, 2);

INSERT INTO emoji (emoji_id,emoji_version_id,emoji_name,emoji_character,emojipedia_url_ext,emojipedia_category,codepoint_string,num_codepoints,hasComponent,hasModifier,hasModifierBase,appearance_differs_flag,unicode_not_recommended) VALUES (1732, 3, 'Person Juggling: Medium-Light Skin Tone', '', 'juggling-type-3', NULL, 'U+1F939U+1F3FC', 2, 1, 1, 1, 0, 0);
INSERT INTO emoji_codepoints (emoji_codepoint_id,emoji_id,codepoint_id,sequence_index) VALUES (2701, 1732, 1090, 1),(2702, 1732, 480, 2);

INSERT INTO emoji (emoji_id,emoji_version_id,emoji_name,emoji_character,emojipedia_url_ext,emojipedia_category,codepoint_string,num_codepoints,hasComponent,hasModifier,hasModifierBase,appearance_differs_flag,unicode_not_recommended) VALUES (1733, 3, 'Person Juggling: Medium Skin Tone', '', 'juggling-type-4', NULL, 'U+1F939U+1F3FD', 2, 1, 1, 1, 0, 0);
INSERT INTO emoji_codepoints (emoji_codepoint_id,emoji_id,codepoint_id,sequence_index) VALUES (2703, 1733, 1090, 1),(2704, 1733, 481, 2);

INSERT INTO emoji (emoji_id,emoji_version_id,emoji_name,emoji_character,emojipedia_url_ext,emojipedia_category,codepoint_string,num_codepoints,hasComponent,hasModifier,hasModifierBase,appearance_differs_flag,unicode_not_recommended) VALUES (1734, 3, 'Person Juggling: Medium-Dark Skin Tone', '', 'juggling-type-5', NULL, 'U+1F939U+1F3FE', 2, 1, 1, 1, 0, 0);
INSERT INTO emoji_codepoints (emoji_codepoint_id,emoji_id,codepoint_id,sequence_index) VALUES (2705, 1734, 1090, 1),(2706, 1734, 482, 2);

INSERT INTO emoji (emoji_id,emoji_version_id,emoji_name,emoji_character,emojipedia_url_ext,emojipedia_category,codepoint_string,num_codepoints,hasComponent,hasModifier,hasModifierBase,appearance_differs_flag,unicode_not_recommended) VALUES (1735, 3, 'Person Juggling: Dark Skin Tone', '', 'juggling-type-6', NULL, 'U+1F939U+1F3FF', 2, 1, 1, 1, 0, 0);
INSERT INTO emoji_codepoints (emoji_codepoint_id,emoji_id,codepoint_id,sequence_index) VALUES (2707, 1735, 1090, 1),(2708, 1735, 483, 2);

INSERT INTO emoji (emoji_id,emoji_version_id,emoji_name,emoji_character,emojipedia_url_ext,emojipedia_category,codepoint_string,num_codepoints,hasComponent,hasModifier,hasModifierBase,appearance_differs_flag,unicode_not_recommended) VALUES (1736, 3, 'Selfie', '', 'selfie', 'people', 'U+1F933', 1, 0, 0, 1, 0, 0);
INSERT INTO emoji_codepoints (emoji_codepoint_id,emoji_id,codepoint_id,sequence_index) VALUES (2709, 1736, 1084, 1);

INSERT INTO emoji (emoji_id,emoji_version_id,emoji_name,emoji_character,emojipedia_url_ext,emojipedia_category,codepoint_string,num_codepoints,hasComponent,hasModifier,hasModifierBase,appearance_differs_flag,unicode_not_recommended) VALUES (1737, 3, 'Selfie: Light Skin Tone', '', 'selfie-type-1-2', NULL, 'U+1F933U+1F3FB', 2, 1, 1, 1, 0, 0);
INSERT INTO emoji_codepoints (emoji_codepoint_id,emoji_id,codepoint_id,sequence_index) VALUES (2710, 1737, 1084, 1),(2711, 1737, 479, 2);

INSERT INTO emoji (emoji_id,emoji_version_id,emoji_name,emoji_character,emojipedia_url_ext,emojipedia_category,codepoint_string,num_codepoints,hasComponent,hasModifier,hasModifierBase,appearance_differs_flag,unicode_not_recommended) VALUES (1738, 3, 'Selfie: Medium-Light Skin Tone', '', 'selfie-type-3', NULL, 'U+1F933U+1F3FC', 2, 1, 1, 1, 0, 0);
INSERT INTO emoji_codepoints (emoji_codepoint_id,emoji_id,codepoint_id,sequence_index) VALUES (2712, 1738, 1084, 1),(2713, 1738, 480, 2);

INSERT INTO emoji (emoji_id,emoji_version_id,emoji_name,emoji_character,emojipedia_url_ext,emojipedia_category,codepoint_string,num_codepoints,hasComponent,hasModifier,hasModifierBase,appearance_differs_flag,unicode_not_recommended) VALUES (1739, 3, 'Selfie: Medium Skin Tone', '', 'selfie-type-4', NULL, 'U+1F933U+1F3FD', 2, 1, 1, 1, 0, 0);
INSERT INTO emoji_codepoints (emoji_codepoint_id,emoji_id,codepoint_id,sequence_index) VALUES (2714, 1739, 1084, 1),(2715, 1739, 481, 2);

INSERT INTO emoji (emoji_id,emoji_version_id,emoji_name,emoji_character,emojipedia_url_ext,emojipedia_category,codepoint_string,num_codepoints,hasComponent,hasModifier,hasModifierBase,appearance_differs_flag,unicode_not_recommended) VALUES (1740, 3, 'Selfie: Medium-Dark Skin Tone', '', 'selfie-type-5', NULL, 'U+1F933U+1F3FE', 2, 1, 1, 1, 0, 0);
INSERT INTO emoji_codepoints (emoji_codepoint_id,emoji_id,codepoint_id,sequence_index) VALUES (2716, 1740, 1084, 1),(2717, 1740, 482, 2);

INSERT INTO emoji (emoji_id,emoji_version_id,emoji_name,emoji_character,emojipedia_url_ext,emojipedia_category,codepoint_string,num_codepoints,hasComponent,hasModifier,hasModifierBase,appearance_differs_flag,unicode_not_recommended) VALUES (1741, 3, 'Selfie: Dark Skin Tone', '', 'selfie-type-6', NULL, 'U+1F933U+1F3FF', 2, 1, 1, 1, 0, 0);
INSERT INTO emoji_codepoints (emoji_codepoint_id,emoji_id,codepoint_id,sequence_index) VALUES (2718, 1741, 1084, 1),(2719, 1741, 483, 2);

INSERT INTO emoji (emoji_id,emoji_version_id,emoji_name,emoji_character,emojipedia_url_ext,emojipedia_category,codepoint_string,num_codepoints,hasComponent,hasModifier,hasModifierBase,appearance_differs_flag,unicode_not_recommended) VALUES (1742, 3, 'Crossed Fingers', '', 'hand-with-index-and-middle-fingers-crossed', 'people', 'U+1F91E', 1, 0, 0, 1, 0, 0);
INSERT INTO emoji_codepoints (emoji_codepoint_id,emoji_id,codepoint_id,sequence_index) VALUES (2720, 1742, 1063, 1);

INSERT INTO emoji (emoji_id,emoji_version_id,emoji_name,emoji_character,emojipedia_url_ext,emojipedia_category,codepoint_string,num_codepoints,hasComponent,hasModifier,hasModifierBase,appearance_differs_flag,unicode_not_recommended) VALUES (1743, 3, 'Crossed Fingers: Light Skin Tone', '', 'hand-with-index-and-middle-fingers-crossed-type-1-2', NULL, 'U+1F91EU+1F3FB', 2, 1, 1, 1, 0, 0);
INSERT INTO emoji_codepoints (emoji_codepoint_id,emoji_id,codepoint_id,sequence_index) VALUES (2721, 1743, 1063, 1),(2722, 1743, 479, 2);

INSERT INTO emoji (emoji_id,emoji_version_id,emoji_name,emoji_character,emojipedia_url_ext,emojipedia_category,codepoint_string,num_codepoints,hasComponent,hasModifier,hasModifierBase,appearance_differs_flag,unicode_not_recommended) VALUES (1744, 3, 'Crossed Fingers: Medium-Light Skin Tone', '', 'hand-with-index-and-middle-fingers-crossed-type-3', NULL, 'U+1F91EU+1F3FC', 2, 1, 1, 1, 0, 0);
INSERT INTO emoji_codepoints (emoji_codepoint_id,emoji_id,codepoint_id,sequence_index) VALUES (2723, 1744, 1063, 1),(2724, 1744, 480, 2);

INSERT INTO emoji (emoji_id,emoji_version_id,emoji_name,emoji_character,emojipedia_url_ext,emojipedia_category,codepoint_string,num_codepoints,hasComponent,hasModifier,hasModifierBase,appearance_differs_flag,unicode_not_recommended) VALUES (1745, 3, 'Crossed Fingers: Medium Skin Tone', '', 'hand-with-index-and-middle-fingers-crossed-type-4', NULL, 'U+1F91EU+1F3FD', 2, 1, 1, 1, 0, 0);
INSERT INTO emoji_codepoints (emoji_codepoint_id,emoji_id,codepoint_id,sequence_index) VALUES (2725, 1745, 1063, 1),(2726, 1745, 481, 2);

INSERT INTO emoji (emoji_id,emoji_version_id,emoji_name,emoji_character,emojipedia_url_ext,emojipedia_category,codepoint_string,num_codepoints,hasComponent,hasModifier,hasModifierBase,appearance_differs_flag,unicode_not_recommended) VALUES (1746, 3, 'Crossed Fingers: Medium-Dark Skin Tone', '', 'hand-with-index-and-middle-fingers-crossed-type-5', NULL, 'U+1F91EU+1F3FE', 2, 1, 1, 1, 0, 0);
INSERT INTO emoji_codepoints (emoji_codepoint_id,emoji_id,codepoint_id,sequence_index) VALUES (2727, 1746, 1063, 1),(2728, 1746, 482, 2);

INSERT INTO emoji (emoji_id,emoji_version_id,emoji_name,emoji_character,emojipedia_url_ext,emojipedia_category,codepoint_string,num_codepoints,hasComponent,hasModifier,hasModifierBase,appearance_differs_flag,unicode_not_recommended) VALUES (1747, 3, 'Crossed Fingers: Dark Skin Tone', '', 'hand-with-index-and-middle-fingers-crossed-type-6', NULL, 'U+1F91EU+1F3FF', 2, 1, 1, 1, 0, 0);
INSERT INTO emoji_codepoints (emoji_codepoint_id,emoji_id,codepoint_id,sequence_index) VALUES (2729, 1747, 1063, 1),(2730, 1747, 483, 2);

INSERT INTO emoji (emoji_id,emoji_version_id,emoji_name,emoji_character,emojipedia_url_ext,emojipedia_category,codepoint_string,num_codepoints,hasComponent,hasModifier,hasModifierBase,appearance_differs_flag,unicode_not_recommended) VALUES (1748, 3, 'Call Me Hand', '', 'call-me-hand', NULL, 'U+1F919', 1, 0, 0, 1, 0, 0);
INSERT INTO emoji_codepoints (emoji_codepoint_id,emoji_id,codepoint_id,sequence_index) VALUES (2731, 1748, 1058, 1);

INSERT INTO emoji (emoji_id,emoji_version_id,emoji_name,emoji_character,emojipedia_url_ext,emojipedia_category,codepoint_string,num_codepoints,hasComponent,hasModifier,hasModifierBase,appearance_differs_flag,unicode_not_recommended) VALUES (1749, 3, 'Call Me Hand: Light Skin Tone', '', 'call-me-hand-type-1-2', NULL, 'U+1F919U+1F3FB', 2, 1, 1, 1, 0, 0);
INSERT INTO emoji_codepoints (emoji_codepoint_id,emoji_id,codepoint_id,sequence_index) VALUES (2732, 1749, 1058, 1),(2733, 1749, 479, 2);

INSERT INTO emoji (emoji_id,emoji_version_id,emoji_name,emoji_character,emojipedia_url_ext,emojipedia_category,codepoint_string,num_codepoints,hasComponent,hasModifier,hasModifierBase,appearance_differs_flag,unicode_not_recommended) VALUES (1750, 3, 'Call Me Hand: Medium-Light Skin Tone', '', 'call-me-hand-type-3', NULL, 'U+1F919U+1F3FC', 2, 1, 1, 1, 0, 0);
INSERT INTO emoji_codepoints (emoji_codepoint_id,emoji_id,codepoint_id,sequence_index) VALUES (2734, 1750, 1058, 1),(2735, 1750, 480, 2);

INSERT INTO emoji (emoji_id,emoji_version_id,emoji_name,emoji_character,emojipedia_url_ext,emojipedia_category,codepoint_string,num_codepoints,hasComponent,hasModifier,hasModifierBase,appearance_differs_flag,unicode_not_recommended) VALUES (1751, 3, 'Call Me Hand: Medium Skin Tone', '', 'call-me-hand-type-4', NULL, 'U+1F919U+1F3FD', 2, 1, 1, 1, 0, 0);
INSERT INTO emoji_codepoints (emoji_codepoint_id,emoji_id,codepoint_id,sequence_index) VALUES (2736, 1751, 1058, 1),(2737, 1751, 481, 2);

INSERT INTO emoji (emoji_id,emoji_version_id,emoji_name,emoji_character,emojipedia_url_ext,emojipedia_category,codepoint_string,num_codepoints,hasComponent,hasModifier,hasModifierBase,appearance_differs_flag,unicode_not_recommended) VALUES (1752, 3, 'Call Me Hand: Medium-Dark Skin Tone', '', 'call-me-hand-type-5', NULL, 'U+1F919U+1F3FE', 2, 1, 1, 1, 0, 0);
INSERT INTO emoji_codepoints (emoji_codepoint_id,emoji_id,codepoint_id,sequence_index) VALUES (2738, 1752, 1058, 1),(2739, 1752, 482, 2);

INSERT INTO emoji (emoji_id,emoji_version_id,emoji_name,emoji_character,emojipedia_url_ext,emojipedia_category,codepoint_string,num_codepoints,hasComponent,hasModifier,hasModifierBase,appearance_differs_flag,unicode_not_recommended) VALUES (1753, 3, 'Call Me Hand: Dark Skin Tone', '', 'call-me-hand-type-6', NULL, 'U+1F919U+1F3FF', 2, 1, 1, 1, 0, 0);
INSERT INTO emoji_codepoints (emoji_codepoint_id,emoji_id,codepoint_id,sequence_index) VALUES (2740, 1753, 1058, 1),(2741, 1753, 483, 2);

INSERT INTO emoji (emoji_id,emoji_version_id,emoji_name,emoji_character,emojipedia_url_ext,emojipedia_category,codepoint_string,num_codepoints,hasComponent,hasModifier,hasModifierBase,appearance_differs_flag,unicode_not_recommended) VALUES (1754, 3, 'Left-Facing Fist', '', 'left-facing-fist', 'people', 'U+1F91B', 1, 0, 0, 1, 0, 0);
INSERT INTO emoji_codepoints (emoji_codepoint_id,emoji_id,codepoint_id,sequence_index) VALUES (2742, 1754, 1060, 1);

INSERT INTO emoji (emoji_id,emoji_version_id,emoji_name,emoji_character,emojipedia_url_ext,emojipedia_category,codepoint_string,num_codepoints,hasComponent,hasModifier,hasModifierBase,appearance_differs_flag,unicode_not_recommended) VALUES (1755, 3, 'Left-Facing Fist: Light Skin Tone', '', 'left-facing-fist-type-1-2', NULL, 'U+1F91BU+1F3FB', 2, 1, 1, 1, 0, 0);
INSERT INTO emoji_codepoints (emoji_codepoint_id,emoji_id,codepoint_id,sequence_index) VALUES (2743, 1755, 1060, 1),(2744, 1755, 479, 2);

INSERT INTO emoji (emoji_id,emoji_version_id,emoji_name,emoji_character,emojipedia_url_ext,emojipedia_category,codepoint_string,num_codepoints,hasComponent,hasModifier,hasModifierBase,appearance_differs_flag,unicode_not_recommended) VALUES (1756, 3, 'Left-Facing Fist: Medium-Light Skin Tone', '', 'left-facing-fist-type-3', NULL, 'U+1F91BU+1F3FC', 2, 1, 1, 1, 0, 0);
INSERT INTO emoji_codepoints (emoji_codepoint_id,emoji_id,codepoint_id,sequence_index) VALUES (2745, 1756, 1060, 1),(2746, 1756, 480, 2);

INSERT INTO emoji (emoji_id,emoji_version_id,emoji_name,emoji_character,emojipedia_url_ext,emojipedia_category,codepoint_string,num_codepoints,hasComponent,hasModifier,hasModifierBase,appearance_differs_flag,unicode_not_recommended) VALUES (1757, 3, 'Left-Facing Fist: Medium Skin Tone', '', 'left-facing-fist-type-4', NULL, 'U+1F91BU+1F3FD', 2, 1, 1, 1, 0, 0);
INSERT INTO emoji_codepoints (emoji_codepoint_id,emoji_id,codepoint_id,sequence_index) VALUES (2747, 1757, 1060, 1),(2748, 1757, 481, 2);

INSERT INTO emoji (emoji_id,emoji_version_id,emoji_name,emoji_character,emojipedia_url_ext,emojipedia_category,codepoint_string,num_codepoints,hasComponent,hasModifier,hasModifierBase,appearance_differs_flag,unicode_not_recommended) VALUES (1758, 3, 'Left-Facing Fist: Medium-Dark Skin Tone', '', 'left-facing-fist-type-5', NULL, 'U+1F91BU+1F3FE', 2, 1, 1, 1, 0, 0);
INSERT INTO emoji_codepoints (emoji_codepoint_id,emoji_id,codepoint_id,sequence_index) VALUES (2749, 1758, 1060, 1),(2750, 1758, 482, 2);

INSERT INTO emoji (emoji_id,emoji_version_id,emoji_name,emoji_character,emojipedia_url_ext,emojipedia_category,codepoint_string,num_codepoints,hasComponent,hasModifier,hasModifierBase,appearance_differs_flag,unicode_not_recommended) VALUES (1759, 3, 'Left-Facing Fist: Dark Skin Tone', '', 'left-facing-fist-type-6', NULL, 'U+1F91BU+1F3FF', 2, 1, 1, 1, 0, 0);
INSERT INTO emoji_codepoints (emoji_codepoint_id,emoji_id,codepoint_id,sequence_index) VALUES (2751, 1759, 1060, 1),(2752, 1759, 483, 2);

INSERT INTO emoji (emoji_id,emoji_version_id,emoji_name,emoji_character,emojipedia_url_ext,emojipedia_category,codepoint_string,num_codepoints,hasComponent,hasModifier,hasModifierBase,appearance_differs_flag,unicode_not_recommended) VALUES (1760, 3, 'Right-Facing Fist', '', 'right-facing-fist', 'people', 'U+1F91C', 1, 0, 0, 1, 0, 0);
INSERT INTO emoji_codepoints (emoji_codepoint_id,emoji_id,codepoint_id,sequence_index) VALUES (2753, 1760, 1061, 1);

INSERT INTO emoji (emoji_id,emoji_version_id,emoji_name,emoji_character,emojipedia_url_ext,emojipedia_category,codepoint_string,num_codepoints,hasComponent,hasModifier,hasModifierBase,appearance_differs_flag,unicode_not_recommended) VALUES (1761, 3, 'Right-Facing Fist: Light Skin Tone', '', 'right-facing-fist-type-1-2', NULL, 'U+1F91CU+1F3FB', 2, 1, 1, 1, 0, 0);
INSERT INTO emoji_codepoints (emoji_codepoint_id,emoji_id,codepoint_id,sequence_index) VALUES (2754, 1761, 1061, 1),(2755, 1761, 479, 2);

INSERT INTO emoji (emoji_id,emoji_version_id,emoji_name,emoji_character,emojipedia_url_ext,emojipedia_category,codepoint_string,num_codepoints,hasComponent,hasModifier,hasModifierBase,appearance_differs_flag,unicode_not_recommended) VALUES (1762, 3, 'Right-Facing Fist: Medium-Light Skin Tone', '', 'right-facing-fist-type-3', NULL, 'U+1F91CU+1F3FC', 2, 1, 1, 1, 0, 0);
INSERT INTO emoji_codepoints (emoji_codepoint_id,emoji_id,codepoint_id,sequence_index) VALUES (2756, 1762, 1061, 1),(2757, 1762, 480, 2);

INSERT INTO emoji (emoji_id,emoji_version_id,emoji_name,emoji_character,emojipedia_url_ext,emojipedia_category,codepoint_string,num_codepoints,hasComponent,hasModifier,hasModifierBase,appearance_differs_flag,unicode_not_recommended) VALUES (1763, 3, 'Right-Facing Fist: Medium Skin Tone', '', 'right-facing-fist-type-4', NULL, 'U+1F91CU+1F3FD', 2, 1, 1, 1, 0, 0);
INSERT INTO emoji_codepoints (emoji_codepoint_id,emoji_id,codepoint_id,sequence_index) VALUES (2758, 1763, 1061, 1),(2759, 1763, 481, 2);

INSERT INTO emoji (emoji_id,emoji_version_id,emoji_name,emoji_character,emojipedia_url_ext,emojipedia_category,codepoint_string,num_codepoints,hasComponent,hasModifier,hasModifierBase,appearance_differs_flag,unicode_not_recommended) VALUES (1764, 3, 'Right-Facing Fist: Medium-Dark Skin Tone', '', 'right-facing-fist-type-5', NULL, 'U+1F91CU+1F3FE', 2, 1, 1, 1, 0, 0);
INSERT INTO emoji_codepoints (emoji_codepoint_id,emoji_id,codepoint_id,sequence_index) VALUES (2760, 1764, 1061, 1),(2761, 1764, 482, 2);

INSERT INTO emoji (emoji_id,emoji_version_id,emoji_name,emoji_character,emojipedia_url_ext,emojipedia_category,codepoint_string,num_codepoints,hasComponent,hasModifier,hasModifierBase,appearance_differs_flag,unicode_not_recommended) VALUES (1765, 3, 'Right-Facing Fist: Dark Skin Tone', '', 'right-facing-fist-type-6', NULL, 'U+1F91CU+1F3FF', 2, 1, 1, 1, 0, 0);
INSERT INTO emoji_codepoints (emoji_codepoint_id,emoji_id,codepoint_id,sequence_index) VALUES (2762, 1765, 1061, 1),(2763, 1765, 483, 2);

INSERT INTO emoji (emoji_id,emoji_version_id,emoji_name,emoji_character,emojipedia_url_ext,emojipedia_category,codepoint_string,num_codepoints,hasComponent,hasModifier,hasModifierBase,appearance_differs_flag,unicode_not_recommended) VALUES (1766, 3, 'Raised Back of Hand', '', 'raised-back-of-hand', 'people', 'U+1F91A', 1, 0, 0, 1, 0, 0);
INSERT INTO emoji_codepoints (emoji_codepoint_id,emoji_id,codepoint_id,sequence_index) VALUES (2764, 1766, 1059, 1);

INSERT INTO emoji (emoji_id,emoji_version_id,emoji_name,emoji_character,emojipedia_url_ext,emojipedia_category,codepoint_string,num_codepoints,hasComponent,hasModifier,hasModifierBase,appearance_differs_flag,unicode_not_recommended) VALUES (1767, 3, 'Raised Back of Hand: Light Skin Tone', '', 'raised-back-of-hand-type-1-2', NULL, 'U+1F91AU+1F3FB', 2, 1, 1, 1, 0, 0);
INSERT INTO emoji_codepoints (emoji_codepoint_id,emoji_id,codepoint_id,sequence_index) VALUES (2765, 1767, 1059, 1),(2766, 1767, 479, 2);

INSERT INTO emoji (emoji_id,emoji_version_id,emoji_name,emoji_character,emojipedia_url_ext,emojipedia_category,codepoint_string,num_codepoints,hasComponent,hasModifier,hasModifierBase,appearance_differs_flag,unicode_not_recommended) VALUES (1768, 3, 'Raised Back of Hand: Medium-Light Skin Tone', '', 'raised-back-of-hand-type-3', NULL, 'U+1F91AU+1F3FC', 2, 1, 1, 1, 0, 0);
INSERT INTO emoji_codepoints (emoji_codepoint_id,emoji_id,codepoint_id,sequence_index) VALUES (2767, 1768, 1059, 1),(2768, 1768, 480, 2);

INSERT INTO emoji (emoji_id,emoji_version_id,emoji_name,emoji_character,emojipedia_url_ext,emojipedia_category,codepoint_string,num_codepoints,hasComponent,hasModifier,hasModifierBase,appearance_differs_flag,unicode_not_recommended) VALUES (1769, 3, 'Raised Back of Hand: Medium Skin Tone', '', 'raised-back-of-hand-type-4', NULL, 'U+1F91AU+1F3FD', 2, 1, 1, 1, 0, 0);
INSERT INTO emoji_codepoints (emoji_codepoint_id,emoji_id,codepoint_id,sequence_index) VALUES (2769, 1769, 1059, 1),(2770, 1769, 481, 2);

INSERT INTO emoji (emoji_id,emoji_version_id,emoji_name,emoji_character,emojipedia_url_ext,emojipedia_category,codepoint_string,num_codepoints,hasComponent,hasModifier,hasModifierBase,appearance_differs_flag,unicode_not_recommended) VALUES (1770, 3, 'Raised Back of Hand: Medium-Dark Skin Tone', '', 'raised-back-of-hand-type-5', NULL, 'U+1F91AU+1F3FE', 2, 1, 1, 1, 0, 0);
INSERT INTO emoji_codepoints (emoji_codepoint_id,emoji_id,codepoint_id,sequence_index) VALUES (2771, 1770, 1059, 1),(2772, 1770, 482, 2);

INSERT INTO emoji (emoji_id,emoji_version_id,emoji_name,emoji_character,emojipedia_url_ext,emojipedia_category,codepoint_string,num_codepoints,hasComponent,hasModifier,hasModifierBase,appearance_differs_flag,unicode_not_recommended) VALUES (1771, 3, 'Raised Back of Hand: Dark Skin Tone', '', 'raised-back-of-hand-type-6', NULL, 'U+1F91AU+1F3FF', 2, 1, 1, 1, 0, 0);
INSERT INTO emoji_codepoints (emoji_codepoint_id,emoji_id,codepoint_id,sequence_index) VALUES (2773, 1771, 1059, 1),(2774, 1771, 483, 2);

INSERT INTO emoji (emoji_id,emoji_version_id,emoji_name,emoji_character,emojipedia_url_ext,emojipedia_category,codepoint_string,num_codepoints,hasComponent,hasModifier,hasModifierBase,appearance_differs_flag,unicode_not_recommended) VALUES (1772, 3, 'Handshake', '', 'handshake', 'people', 'U+1F91D', 1, 0, 0, 0, 0, 0);
INSERT INTO emoji_codepoints (emoji_codepoint_id,emoji_id,codepoint_id,sequence_index) VALUES (2775, 1772, 1062, 1);

INSERT INTO emoji (emoji_id,emoji_version_id,emoji_name,emoji_character,emojipedia_url_ext,emojipedia_category,codepoint_string,num_codepoints,hasComponent,hasModifier,hasModifierBase,appearance_differs_flag,unicode_not_recommended) VALUES (1773, 3, 'Black Heart', '', 'black-heart', 'symbols', 'U+1F5A4', 1, 0, 0, 0, 0, 0);
INSERT INTO emoji_codepoints (emoji_codepoint_id,emoji_id,codepoint_id,sequence_index) VALUES (2776, 1773, 849, 1);

INSERT INTO emoji (emoji_id,emoji_version_id,emoji_name,emoji_character,emojipedia_url_ext,emojipedia_category,codepoint_string,num_codepoints,hasComponent,hasModifier,hasModifierBase,appearance_differs_flag,unicode_not_recommended) VALUES (1774, 3, 'Gorilla', '', 'gorilla', 'nature', 'U+1F98D', 1, 0, 0, 0, 0, 0);
INSERT INTO emoji_codepoints (emoji_codepoint_id,emoji_id,codepoint_id,sequence_index) VALUES (2777, 1774, 1148, 1);

INSERT INTO emoji (emoji_id,emoji_version_id,emoji_name,emoji_character,emojipedia_url_ext,emojipedia_category,codepoint_string,num_codepoints,hasComponent,hasModifier,hasModifierBase,appearance_differs_flag,unicode_not_recommended) VALUES (1775, 3, 'Fox Face', '', 'fox-face', 'nature', 'U+1F98A', 1, 0, 0, 0, 0, 0);
INSERT INTO emoji_codepoints (emoji_codepoint_id,emoji_id,codepoint_id,sequence_index) VALUES (2778, 1775, 1145, 1);

INSERT INTO emoji (emoji_id,emoji_version_id,emoji_name,emoji_character,emojipedia_url_ext,emojipedia_category,codepoint_string,num_codepoints,hasComponent,hasModifier,hasModifierBase,appearance_differs_flag,unicode_not_recommended) VALUES (1776, 3, 'Deer', '', 'deer', NULL, 'U+1F98C', 1, 0, 0, 0, 0, 0);
INSERT INTO emoji_codepoints (emoji_codepoint_id,emoji_id,codepoint_id,sequence_index) VALUES (2779, 1776, 1147, 1);

INSERT INTO emoji (emoji_id,emoji_version_id,emoji_name,emoji_character,emojipedia_url_ext,emojipedia_category,codepoint_string,num_codepoints,hasComponent,hasModifier,hasModifierBase,appearance_differs_flag,unicode_not_recommended) VALUES (1777, 3, 'Rhinoceros', '', 'rhinoceros', 'nature', 'U+1F98F', 1, 0, 0, 0, 0, 0);
INSERT INTO emoji_codepoints (emoji_codepoint_id,emoji_id,codepoint_id,sequence_index) VALUES (2780, 1777, 1150, 1);

INSERT INTO emoji (emoji_id,emoji_version_id,emoji_name,emoji_character,emojipedia_url_ext,emojipedia_category,codepoint_string,num_codepoints,hasComponent,hasModifier,hasModifierBase,appearance_differs_flag,unicode_not_recommended) VALUES (1778, 3, 'Bat', '', 'bat', 'nature', 'U+1F987', 1, 0, 0, 0, 0, 0);
INSERT INTO emoji_codepoints (emoji_codepoint_id,emoji_id,codepoint_id,sequence_index) VALUES (2781, 1778, 1142, 1);

INSERT INTO emoji (emoji_id,emoji_version_id,emoji_name,emoji_character,emojipedia_url_ext,emojipedia_category,codepoint_string,num_codepoints,hasComponent,hasModifier,hasModifierBase,appearance_differs_flag,unicode_not_recommended) VALUES (1779, 3, 'Eagle', '', 'eagle', 'nature', 'U+1F985', 1, 0, 0, 0, 0, 0);
INSERT INTO emoji_codepoints (emoji_codepoint_id,emoji_id,codepoint_id,sequence_index) VALUES (2782, 1779, 1140, 1);

INSERT INTO emoji (emoji_id,emoji_version_id,emoji_name,emoji_character,emojipedia_url_ext,emojipedia_category,codepoint_string,num_codepoints,hasComponent,hasModifier,hasModifierBase,appearance_differs_flag,unicode_not_recommended) VALUES (1780, 3, 'Duck', '', 'duck', 'nature', 'U+1F986', 1, 0, 0, 0, 0, 0);
INSERT INTO emoji_codepoints (emoji_codepoint_id,emoji_id,codepoint_id,sequence_index) VALUES (2783, 1780, 1141, 1);

INSERT INTO emoji (emoji_id,emoji_version_id,emoji_name,emoji_character,emojipedia_url_ext,emojipedia_category,codepoint_string,num_codepoints,hasComponent,hasModifier,hasModifierBase,appearance_differs_flag,unicode_not_recommended) VALUES (1781, 3, 'Owl', '', 'owl', 'nature', 'U+1F989', 1, 0, 0, 0, 0, 0);
INSERT INTO emoji_codepoints (emoji_codepoint_id,emoji_id,codepoint_id,sequence_index) VALUES (2784, 1781, 1144, 1);

INSERT INTO emoji (emoji_id,emoji_version_id,emoji_name,emoji_character,emojipedia_url_ext,emojipedia_category,codepoint_string,num_codepoints,hasComponent,hasModifier,hasModifierBase,appearance_differs_flag,unicode_not_recommended) VALUES (1782, 3, 'Lizard', '', 'lizard', 'nature', 'U+1F98E', 1, 0, 0, 0, 0, 0);
INSERT INTO emoji_codepoints (emoji_codepoint_id,emoji_id,codepoint_id,sequence_index) VALUES (2785, 1782, 1149, 1);

INSERT INTO emoji (emoji_id,emoji_version_id,emoji_name,emoji_character,emojipedia_url_ext,emojipedia_category,codepoint_string,num_codepoints,hasComponent,hasModifier,hasModifierBase,appearance_differs_flag,unicode_not_recommended) VALUES (1783, 3, 'Shark', '', 'shark', 'nature', 'U+1F988', 1, 0, 0, 0, 0, 0);
INSERT INTO emoji_codepoints (emoji_codepoint_id,emoji_id,codepoint_id,sequence_index) VALUES (2786, 1783, 1143, 1);

INSERT INTO emoji (emoji_id,emoji_version_id,emoji_name,emoji_character,emojipedia_url_ext,emojipedia_category,codepoint_string,num_codepoints,hasComponent,hasModifier,hasModifierBase,appearance_differs_flag,unicode_not_recommended) VALUES (1784, 3, 'Shrimp', '', 'shrimp', 'nature', 'U+1F990', 1, 0, 0, 0, 0, 0);
INSERT INTO emoji_codepoints (emoji_codepoint_id,emoji_id,codepoint_id,sequence_index) VALUES (2787, 1784, 1151, 1);

INSERT INTO emoji (emoji_id,emoji_version_id,emoji_name,emoji_character,emojipedia_url_ext,emojipedia_category,codepoint_string,num_codepoints,hasComponent,hasModifier,hasModifierBase,appearance_differs_flag,unicode_not_recommended) VALUES (1785, 3, 'Squid', '', 'squid', 'nature', 'U+1F991', 1, 0, 0, 0, 0, 0);
INSERT INTO emoji_codepoints (emoji_codepoint_id,emoji_id,codepoint_id,sequence_index) VALUES (2788, 1785, 1152, 1);

INSERT INTO emoji (emoji_id,emoji_version_id,emoji_name,emoji_character,emojipedia_url_ext,emojipedia_category,codepoint_string,num_codepoints,hasComponent,hasModifier,hasModifierBase,appearance_differs_flag,unicode_not_recommended) VALUES (1786, 3, 'Butterfly', '', 'butterfly', 'nature', 'U+1F98B', 1, 0, 0, 0, 0, 0);
INSERT INTO emoji_codepoints (emoji_codepoint_id,emoji_id,codepoint_id,sequence_index) VALUES (2789, 1786, 1146, 1);

INSERT INTO emoji (emoji_id,emoji_version_id,emoji_name,emoji_character,emojipedia_url_ext,emojipedia_category,codepoint_string,num_codepoints,hasComponent,hasModifier,hasModifierBase,appearance_differs_flag,unicode_not_recommended) VALUES (1787, 3, 'Wilted Flower', '', 'wilted-flower', 'nature', 'U+1F940', 1, 0, 0, 0, 0, 0);
INSERT INTO emoji_codepoints (emoji_codepoint_id,emoji_id,codepoint_id,sequence_index) VALUES (2790, 1787, 1095, 1);

INSERT INTO emoji (emoji_id,emoji_version_id,emoji_name,emoji_character,emojipedia_url_ext,emojipedia_category,codepoint_string,num_codepoints,hasComponent,hasModifier,hasModifierBase,appearance_differs_flag,unicode_not_recommended) VALUES (1788, 3, 'Kiwi Fruit', '', 'kiwifruit', 'food-drink', 'U+1F95D', 1, 0, 0, 0, 0, 0);
INSERT INTO emoji_codepoints (emoji_codepoint_id,emoji_id,codepoint_id,sequence_index) VALUES (2791, 1788, 1120, 1);

INSERT INTO emoji (emoji_id,emoji_version_id,emoji_name,emoji_character,emojipedia_url_ext,emojipedia_category,codepoint_string,num_codepoints,hasComponent,hasModifier,hasModifierBase,appearance_differs_flag,unicode_not_recommended) VALUES (1789, 3, 'Avocado', '', 'avocado', 'food-drink', 'U+1F951', 1, 0, 0, 0, 0, 0);
INSERT INTO emoji_codepoints (emoji_codepoint_id,emoji_id,codepoint_id,sequence_index) VALUES (2792, 1789, 1108, 1);

INSERT INTO emoji (emoji_id,emoji_version_id,emoji_name,emoji_character,emojipedia_url_ext,emojipedia_category,codepoint_string,num_codepoints,hasComponent,hasModifier,hasModifierBase,appearance_differs_flag,unicode_not_recommended) VALUES (1790, 3, 'Potato', '', 'potato', 'food-drink', 'U+1F954', 1, 0, 0, 0, 0, 0);
INSERT INTO emoji_codepoints (emoji_codepoint_id,emoji_id,codepoint_id,sequence_index) VALUES (2793, 1790, 1111, 1);

INSERT INTO emoji (emoji_id,emoji_version_id,emoji_name,emoji_character,emojipedia_url_ext,emojipedia_category,codepoint_string,num_codepoints,hasComponent,hasModifier,hasModifierBase,appearance_differs_flag,unicode_not_recommended) VALUES (1791, 3, 'Carrot', '', 'carrot', 'food-drink', 'U+1F955', 1, 0, 0, 0, 0, 0);
INSERT INTO emoji_codepoints (emoji_codepoint_id,emoji_id,codepoint_id,sequence_index) VALUES (2794, 1791, 1112, 1);

INSERT INTO emoji (emoji_id,emoji_version_id,emoji_name,emoji_character,emojipedia_url_ext,emojipedia_category,codepoint_string,num_codepoints,hasComponent,hasModifier,hasModifierBase,appearance_differs_flag,unicode_not_recommended) VALUES (1792, 3, 'Cucumber', '', 'cucumber', 'food-drink', 'U+1F952', 1, 0, 0, 0, 0, 0);
INSERT INTO emoji_codepoints (emoji_codepoint_id,emoji_id,codepoint_id,sequence_index) VALUES (2795, 1792, 1109, 1);

INSERT INTO emoji (emoji_id,emoji_version_id,emoji_name,emoji_character,emojipedia_url_ext,emojipedia_category,codepoint_string,num_codepoints,hasComponent,hasModifier,hasModifierBase,appearance_differs_flag,unicode_not_recommended) VALUES (1793, 3, 'Peanuts', '', 'peanuts', 'food-drink', 'U+1F95C', 1, 0, 0, 0, 0, 0);
INSERT INTO emoji_codepoints (emoji_codepoint_id,emoji_id,codepoint_id,sequence_index) VALUES (2796, 1793, 1119, 1);

INSERT INTO emoji (emoji_id,emoji_version_id,emoji_name,emoji_character,emojipedia_url_ext,emojipedia_category,codepoint_string,num_codepoints,hasComponent,hasModifier,hasModifierBase,appearance_differs_flag,unicode_not_recommended) VALUES (1794, 3, 'Croissant', '', 'croissant', 'food-drink', 'U+1F950', 1, 0, 0, 0, 0, 0);
INSERT INTO emoji_codepoints (emoji_codepoint_id,emoji_id,codepoint_id,sequence_index) VALUES (2797, 1794, 1107, 1);

INSERT INTO emoji (emoji_id,emoji_version_id,emoji_name,emoji_character,emojipedia_url_ext,emojipedia_category,codepoint_string,num_codepoints,hasComponent,hasModifier,hasModifierBase,appearance_differs_flag,unicode_not_recommended) VALUES (1795, 3, 'Baguette Bread', '', 'baguette-bread', 'food-drink', 'U+1F956', 1, 0, 0, 0, 0, 0);
INSERT INTO emoji_codepoints (emoji_codepoint_id,emoji_id,codepoint_id,sequence_index) VALUES (2798, 1795, 1113, 1);

INSERT INTO emoji (emoji_id,emoji_version_id,emoji_name,emoji_character,emojipedia_url_ext,emojipedia_category,codepoint_string,num_codepoints,hasComponent,hasModifier,hasModifierBase,appearance_differs_flag,unicode_not_recommended) VALUES (1796, 3, 'Pancakes', '', 'pancakes', 'food-drink', 'U+1F95E', 1, 0, 0, 0, 0, 0);
INSERT INTO emoji_codepoints (emoji_codepoint_id,emoji_id,codepoint_id,sequence_index) VALUES (2799, 1796, 1121, 1);

INSERT INTO emoji (emoji_id,emoji_version_id,emoji_name,emoji_character,emojipedia_url_ext,emojipedia_category,codepoint_string,num_codepoints,hasComponent,hasModifier,hasModifierBase,appearance_differs_flag,unicode_not_recommended) VALUES (1797, 3, 'Bacon', '', 'bacon', 'food-drink', 'U+1F953', 1, 0, 0, 0, 0, 0);
INSERT INTO emoji_codepoints (emoji_codepoint_id,emoji_id,codepoint_id,sequence_index) VALUES (2800, 1797, 1110, 1);

INSERT INTO emoji (emoji_id,emoji_version_id,emoji_name,emoji_character,emojipedia_url_ext,emojipedia_category,codepoint_string,num_codepoints,hasComponent,hasModifier,hasModifierBase,appearance_differs_flag,unicode_not_recommended) VALUES (1798, 3, 'Stuffed Flatbread', '', 'stuffed-flatbread', NULL, 'U+1F959', 1, 0, 0, 0, 0, 0);
INSERT INTO emoji_codepoints (emoji_codepoint_id,emoji_id,codepoint_id,sequence_index) VALUES (2801, 1798, 1116, 1);

INSERT INTO emoji (emoji_id,emoji_version_id,emoji_name,emoji_character,emojipedia_url_ext,emojipedia_category,codepoint_string,num_codepoints,hasComponent,hasModifier,hasModifierBase,appearance_differs_flag,unicode_not_recommended) VALUES (1799, 3, 'Egg', '', 'egg', NULL, 'U+1F95A', 1, 0, 0, 0, 0, 0);
INSERT INTO emoji_codepoints (emoji_codepoint_id,emoji_id,codepoint_id,sequence_index) VALUES (2802, 1799, 1117, 1);

INSERT INTO emoji (emoji_id,emoji_version_id,emoji_name,emoji_character,emojipedia_url_ext,emojipedia_category,codepoint_string,num_codepoints,hasComponent,hasModifier,hasModifierBase,appearance_differs_flag,unicode_not_recommended) VALUES (1800, 3, 'Shallow Pan of Food', '', 'shallow-pan-of-food', NULL, 'U+1F958', 1, 0, 0, 0, 0, 0);
INSERT INTO emoji_codepoints (emoji_codepoint_id,emoji_id,codepoint_id,sequence_index) VALUES (2803, 1800, 1115, 1);

INSERT INTO emoji (emoji_id,emoji_version_id,emoji_name,emoji_character,emojipedia_url_ext,emojipedia_category,codepoint_string,num_codepoints,hasComponent,hasModifier,hasModifierBase,appearance_differs_flag,unicode_not_recommended) VALUES (1801, 3, 'Green Salad', '', 'green-salad', 'food-drink', 'U+1F957', 1, 0, 0, 0, 0, 0);
INSERT INTO emoji_codepoints (emoji_codepoint_id,emoji_id,codepoint_id,sequence_index) VALUES (2804, 1801, 1114, 1);

INSERT INTO emoji (emoji_id,emoji_version_id,emoji_name,emoji_character,emojipedia_url_ext,emojipedia_category,codepoint_string,num_codepoints,hasComponent,hasModifier,hasModifierBase,appearance_differs_flag,unicode_not_recommended) VALUES (1802, 3, 'Glass of Milk', '', 'glass-of-milk', 'food-drink', 'U+1F95B', 1, 0, 0, 0, 0, 0);
INSERT INTO emoji_codepoints (emoji_codepoint_id,emoji_id,codepoint_id,sequence_index) VALUES (2805, 1802, 1118, 1);

INSERT INTO emoji (emoji_id,emoji_version_id,emoji_name,emoji_character,emojipedia_url_ext,emojipedia_category,codepoint_string,num_codepoints,hasComponent,hasModifier,hasModifierBase,appearance_differs_flag,unicode_not_recommended) VALUES (1803, 3, 'Clinking Glasses', '', 'clinking-glasses', 'food-drink', 'U+1F942', 1, 0, 0, 0, 0, 0);
INSERT INTO emoji_codepoints (emoji_codepoint_id,emoji_id,codepoint_id,sequence_index) VALUES (2806, 1803, 1097, 1);

INSERT INTO emoji (emoji_id,emoji_version_id,emoji_name,emoji_character,emojipedia_url_ext,emojipedia_category,codepoint_string,num_codepoints,hasComponent,hasModifier,hasModifierBase,appearance_differs_flag,unicode_not_recommended) VALUES (1804, 3, 'Tumbler Glass', '', 'tumbler-glass', 'food-drink', 'U+1F943', 1, 0, 0, 0, 0, 0);
INSERT INTO emoji_codepoints (emoji_codepoint_id,emoji_id,codepoint_id,sequence_index) VALUES (2807, 1804, 1098, 1);

INSERT INTO emoji (emoji_id,emoji_version_id,emoji_name,emoji_character,emojipedia_url_ext,emojipedia_category,codepoint_string,num_codepoints,hasComponent,hasModifier,hasModifierBase,appearance_differs_flag,unicode_not_recommended) VALUES (1805, 3, 'Spoon', '', 'spoon', 'food-drink', 'U+1F944', 1, 0, 0, 0, 0, 0);
INSERT INTO emoji_codepoints (emoji_codepoint_id,emoji_id,codepoint_id,sequence_index) VALUES (2808, 1805, 1099, 1);

INSERT INTO emoji (emoji_id,emoji_version_id,emoji_name,emoji_character,emojipedia_url_ext,emojipedia_category,codepoint_string,num_codepoints,hasComponent,hasModifier,hasModifierBase,appearance_differs_flag,unicode_not_recommended) VALUES (1806, 3, 'Kick Scooter', '', 'scooter', 'travel-places', 'U+1F6F4', 1, 0, 0, 0, 0, 0);
INSERT INTO emoji_codepoints (emoji_codepoint_id,emoji_id,codepoint_id,sequence_index) VALUES (2809, 1806, 1044, 1);

INSERT INTO emoji (emoji_id,emoji_version_id,emoji_name,emoji_character,emojipedia_url_ext,emojipedia_category,codepoint_string,num_codepoints,hasComponent,hasModifier,hasModifierBase,appearance_differs_flag,unicode_not_recommended) VALUES (1807, 3, 'Motor Scooter', '', 'motor-scooter', 'travel-places', 'U+1F6F5', 1, 0, 0, 0, 0, 0);
INSERT INTO emoji_codepoints (emoji_codepoint_id,emoji_id,codepoint_id,sequence_index) VALUES (2810, 1807, 1045, 1);

INSERT INTO emoji (emoji_id,emoji_version_id,emoji_name,emoji_character,emojipedia_url_ext,emojipedia_category,codepoint_string,num_codepoints,hasComponent,hasModifier,hasModifierBase,appearance_differs_flag,unicode_not_recommended) VALUES (1808, 3, 'Stop Sign', '', 'octagonal-sign', 'symbols', 'U+1F6D1', 1, 0, 0, 0, 0, 0);
INSERT INTO emoji_codepoints (emoji_codepoint_id,emoji_id,codepoint_id,sequence_index) VALUES (2811, 1808, 1031, 1);

INSERT INTO emoji (emoji_id,emoji_version_id,emoji_name,emoji_character,emojipedia_url_ext,emojipedia_category,codepoint_string,num_codepoints,hasComponent,hasModifier,hasModifierBase,appearance_differs_flag,unicode_not_recommended) VALUES (1809, 3, 'Canoe', '', 'canoe', NULL, 'U+1F6F6', 1, 0, 0, 0, 0, 0);
INSERT INTO emoji_codepoints (emoji_codepoint_id,emoji_id,codepoint_id,sequence_index) VALUES (2812, 1809, 1046, 1);

INSERT INTO emoji (emoji_id,emoji_version_id,emoji_name,emoji_character,emojipedia_url_ext,emojipedia_category,codepoint_string,num_codepoints,hasComponent,hasModifier,hasModifierBase,appearance_differs_flag,unicode_not_recommended) VALUES (1810, 3, '1st Place Medal', '', 'first-place-medal', 'activity', 'U+1F947', 1, 0, 0, 0, 0, 0);
INSERT INTO emoji_codepoints (emoji_codepoint_id,emoji_id,codepoint_id,sequence_index) VALUES (2813, 1810, 1101, 1);

INSERT INTO emoji (emoji_id,emoji_version_id,emoji_name,emoji_character,emojipedia_url_ext,emojipedia_category,codepoint_string,num_codepoints,hasComponent,hasModifier,hasModifierBase,appearance_differs_flag,unicode_not_recommended) VALUES (1811, 3, '2nd Place Medal', '', 'second-place-medal', 'activity', 'U+1F948', 1, 0, 0, 0, 0, 0);
INSERT INTO emoji_codepoints (emoji_codepoint_id,emoji_id,codepoint_id,sequence_index) VALUES (2814, 1811, 1102, 1);

INSERT INTO emoji (emoji_id,emoji_version_id,emoji_name,emoji_character,emojipedia_url_ext,emojipedia_category,codepoint_string,num_codepoints,hasComponent,hasModifier,hasModifierBase,appearance_differs_flag,unicode_not_recommended) VALUES (1812, 3, '3rd Place Medal', '', 'third-place-medal', 'activity', 'U+1F949', 1, 0, 0, 0, 0, 0);
INSERT INTO emoji_codepoints (emoji_codepoint_id,emoji_id,codepoint_id,sequence_index) VALUES (2815, 1812, 1103, 1);

INSERT INTO emoji (emoji_id,emoji_version_id,emoji_name,emoji_character,emojipedia_url_ext,emojipedia_category,codepoint_string,num_codepoints,hasComponent,hasModifier,hasModifierBase,appearance_differs_flag,unicode_not_recommended) VALUES (1813, 3, 'Boxing Glove', '', 'boxing-glove', 'activity', 'U+1F94A', 1, 0, 0, 0, 0, 0);
INSERT INTO emoji_codepoints (emoji_codepoint_id,emoji_id,codepoint_id,sequence_index) VALUES (2816, 1813, 1104, 1);

INSERT INTO emoji (emoji_id,emoji_version_id,emoji_name,emoji_character,emojipedia_url_ext,emojipedia_category,codepoint_string,num_codepoints,hasComponent,hasModifier,hasModifierBase,appearance_differs_flag,unicode_not_recommended) VALUES (1814, 3, 'Martial Arts Uniform', '', 'martial-arts-uniform', 'activity', 'U+1F94B', 1, 0, 0, 0, 0, 0);
INSERT INTO emoji_codepoints (emoji_codepoint_id,emoji_id,codepoint_id,sequence_index) VALUES (2817, 1814, 1105, 1);

INSERT INTO emoji (emoji_id,emoji_version_id,emoji_name,emoji_character,emojipedia_url_ext,emojipedia_category,codepoint_string,num_codepoints,hasComponent,hasModifier,hasModifierBase,appearance_differs_flag,unicode_not_recommended) VALUES (1815, 3, 'Goal Net', '', 'goal-net', NULL, 'U+1F945', 1, 0, 0, 0, 0, 0);
INSERT INTO emoji_codepoints (emoji_codepoint_id,emoji_id,codepoint_id,sequence_index) VALUES (2818, 1815, 1100, 1);

INSERT INTO emoji (emoji_id,emoji_version_id,emoji_name,emoji_character,emojipedia_url_ext,emojipedia_category,codepoint_string,num_codepoints,hasComponent,hasModifier,hasModifierBase,appearance_differs_flag,unicode_not_recommended) VALUES (1816, 3, 'Drum', '', 'drum-with-drumsticks', 'activity', 'U+1F941', 1, 0, 0, 0, 0, 0);
INSERT INTO emoji_codepoints (emoji_codepoint_id,emoji_id,codepoint_id,sequence_index) VALUES (2819, 1816, 1096, 1);

INSERT INTO emoji (emoji_id,emoji_version_id,emoji_name,emoji_character,emojipedia_url_ext,emojipedia_category,codepoint_string,num_codepoints,hasComponent,hasModifier,hasModifierBase,appearance_differs_flag,unicode_not_recommended) VALUES (1817, 3, 'Shopping Cart', '', 'shopping-trolley', NULL, 'U+1F6D2', 1, 0, 0, 0, 0, 0);
INSERT INTO emoji_codepoints (emoji_codepoint_id,emoji_id,codepoint_id,sequence_index) VALUES (2820, 1817, 1032, 1);

INSERT INTO emoji (emoji_id,emoji_version_id,emoji_name,emoji_character,emojipedia_url_ext,emojipedia_category,codepoint_string,num_codepoints,hasComponent,hasModifier,hasModifierBase,appearance_differs_flag,unicode_not_recommended) VALUES (1818, 3, 'Keycap Number Sign', '#', 'keycap-number-sign', 'symbols', 'U+23U+FE0FU+20E3', 3, 1, 0, 0, 0, 0);
INSERT INTO emoji_codepoints (emoji_codepoint_id,emoji_id,codepoint_id,sequence_index) VALUES (2821, 1818, 1, 1),(2822, 1818, 1185, 2),(2823, 1818, 1184, 3);

INSERT INTO emoji (emoji_id,emoji_version_id,emoji_name,emoji_character,emojipedia_url_ext,emojipedia_category,codepoint_string,num_codepoints,hasComponent,hasModifier,hasModifierBase,appearance_differs_flag,unicode_not_recommended) VALUES (1819, 3, 'Keycap Asterisk', '*', 'keycap-asterisk', NULL, 'U+2AU+FE0FU+20E3', 3, 1, 0, 0, 0, 0);
INSERT INTO emoji_codepoints (emoji_codepoint_id,emoji_id,codepoint_id,sequence_index) VALUES (2824, 1819, 2, 1),(2825, 1819, 1185, 2),(2826, 1819, 1184, 3);

INSERT INTO emoji (emoji_id,emoji_version_id,emoji_name,emoji_character,emojipedia_url_ext,emojipedia_category,codepoint_string,num_codepoints,hasComponent,hasModifier,hasModifierBase,appearance_differs_flag,unicode_not_recommended) VALUES (1820, 3, 'Keycap Digit Zero', '0', 'keycap-digit-zero', 'symbols', 'U+30U+FE0FU+20E3', 3, 1, 0, 0, 0, 0);
INSERT INTO emoji_codepoints (emoji_codepoint_id,emoji_id,codepoint_id,sequence_index) VALUES (2827, 1820, 3, 1),(2828, 1820, 1185, 2),(2829, 1820, 1184, 3);

INSERT INTO emoji (emoji_id,emoji_version_id,emoji_name,emoji_character,emojipedia_url_ext,emojipedia_category,codepoint_string,num_codepoints,hasComponent,hasModifier,hasModifierBase,appearance_differs_flag,unicode_not_recommended) VALUES (1821, 3, 'Keycap Digit One', '1', 'keycap-digit-one', 'symbols', 'U+31U+FE0FU+20E3', 3, 1, 0, 0, 0, 0);
INSERT INTO emoji_codepoints (emoji_codepoint_id,emoji_id,codepoint_id,sequence_index) VALUES (2830, 1821, 4, 1),(2831, 1821, 1185, 2),(2832, 1821, 1184, 3);

INSERT INTO emoji (emoji_id,emoji_version_id,emoji_name,emoji_character,emojipedia_url_ext,emojipedia_category,codepoint_string,num_codepoints,hasComponent,hasModifier,hasModifierBase,appearance_differs_flag,unicode_not_recommended) VALUES (1822, 3, 'Keycap Digit Two', '2', 'keycap-digit-two', 'symbols', 'U+32U+FE0FU+20E3', 3, 1, 0, 0, 0, 0);
INSERT INTO emoji_codepoints (emoji_codepoint_id,emoji_id,codepoint_id,sequence_index) VALUES (2833, 1822, 5, 1),(2834, 1822, 1185, 2),(2835, 1822, 1184, 3);

INSERT INTO emoji (emoji_id,emoji_version_id,emoji_name,emoji_character,emojipedia_url_ext,emojipedia_category,codepoint_string,num_codepoints,hasComponent,hasModifier,hasModifierBase,appearance_differs_flag,unicode_not_recommended) VALUES (1823, 3, 'Keycap Digit Three', '3', 'keycap-digit-three', 'symbols', 'U+33U+FE0FU+20E3', 3, 1, 0, 0, 0, 0);
INSERT INTO emoji_codepoints (emoji_codepoint_id,emoji_id,codepoint_id,sequence_index) VALUES (2836, 1823, 6, 1),(2837, 1823, 1185, 2),(2838, 1823, 1184, 3);

INSERT INTO emoji (emoji_id,emoji_version_id,emoji_name,emoji_character,emojipedia_url_ext,emojipedia_category,codepoint_string,num_codepoints,hasComponent,hasModifier,hasModifierBase,appearance_differs_flag,unicode_not_recommended) VALUES (1824, 3, 'Keycap Digit Four', '4', 'keycap-digit-four', 'symbols', 'U+34U+FE0FU+20E3', 3, 1, 0, 0, 0, 0);
INSERT INTO emoji_codepoints (emoji_codepoint_id,emoji_id,codepoint_id,sequence_index) VALUES (2839, 1824, 7, 1),(2840, 1824, 1185, 2),(2841, 1824, 1184, 3);

INSERT INTO emoji (emoji_id,emoji_version_id,emoji_name,emoji_character,emojipedia_url_ext,emojipedia_category,codepoint_string,num_codepoints,hasComponent,hasModifier,hasModifierBase,appearance_differs_flag,unicode_not_recommended) VALUES (1825, 3, 'Keycap Digit Five', '5', 'keycap-digit-five', 'symbols', 'U+35U+FE0FU+20E3', 3, 1, 0, 0, 0, 0);
INSERT INTO emoji_codepoints (emoji_codepoint_id,emoji_id,codepoint_id,sequence_index) VALUES (2842, 1825, 8, 1),(2843, 1825, 1185, 2),(2844, 1825, 1184, 3);

INSERT INTO emoji (emoji_id,emoji_version_id,emoji_name,emoji_character,emojipedia_url_ext,emojipedia_category,codepoint_string,num_codepoints,hasComponent,hasModifier,hasModifierBase,appearance_differs_flag,unicode_not_recommended) VALUES (1826, 3, 'Keycap Digit Six', '6', 'keycap-digit-six', 'symbols', 'U+36U+FE0FU+20E3', 3, 1, 0, 0, 0, 0);
INSERT INTO emoji_codepoints (emoji_codepoint_id,emoji_id,codepoint_id,sequence_index) VALUES (2845, 1826, 9, 1),(2846, 1826, 1185, 2),(2847, 1826, 1184, 3);

INSERT INTO emoji (emoji_id,emoji_version_id,emoji_name,emoji_character,emojipedia_url_ext,emojipedia_category,codepoint_string,num_codepoints,hasComponent,hasModifier,hasModifierBase,appearance_differs_flag,unicode_not_recommended) VALUES (1827, 3, 'Keycap Digit Seven', '7', 'keycap-digit-seven', 'symbols', 'U+37U+FE0FU+20E3', 3, 1, 0, 0, 0, 0);
INSERT INTO emoji_codepoints (emoji_codepoint_id,emoji_id,codepoint_id,sequence_index) VALUES (2848, 1827, 10, 1),(2849, 1827, 1185, 2),(2850, 1827, 1184, 3);

INSERT INTO emoji (emoji_id,emoji_version_id,emoji_name,emoji_character,emojipedia_url_ext,emojipedia_category,codepoint_string,num_codepoints,hasComponent,hasModifier,hasModifierBase,appearance_differs_flag,unicode_not_recommended) VALUES (1828, 3, 'Keycap Digit Eight', '8', 'keycap-digit-eight', 'symbols', 'U+38U+FE0FU+20E3', 3, 1, 0, 0, 0, 0);
INSERT INTO emoji_codepoints (emoji_codepoint_id,emoji_id,codepoint_id,sequence_index) VALUES (2851, 1828, 11, 1),(2852, 1828, 1185, 2),(2853, 1828, 1184, 3);

INSERT INTO emoji (emoji_id,emoji_version_id,emoji_name,emoji_character,emojipedia_url_ext,emojipedia_category,codepoint_string,num_codepoints,hasComponent,hasModifier,hasModifierBase,appearance_differs_flag,unicode_not_recommended) VALUES (1829, 3, 'Keycap Digit Nine', '9', 'keycap-digit-nine', 'symbols', 'U+39U+FE0FU+20E3', 3, 1, 0, 0, 0, 0);
INSERT INTO emoji_codepoints (emoji_codepoint_id,emoji_id,codepoint_id,sequence_index) VALUES (2854, 1829, 12, 1),(2855, 1829, 1185, 2),(2856, 1829, 1184, 3);

INSERT INTO emoji (emoji_id,emoji_version_id,emoji_name,emoji_character,emojipedia_url_ext,emojipedia_category,codepoint_string,num_codepoints,hasComponent,hasModifier,hasModifierBase,appearance_differs_flag,unicode_not_recommended) VALUES (1830, 4, 'Man Health Worker', '', 'male-health-worker', 'people', 'U+1F468U+200DU+2695U+FE0F', 4, 1, 0, 1, 0, 0);
INSERT INTO emoji_codepoints (emoji_codepoint_id,emoji_id,codepoint_id,sequence_index) VALUES (2857, 1830, 588, 1),(2858, 1830, 1183, 2),(2859, 1830, 99, 3),(2860, 1830, 1185, 4);

INSERT INTO emoji (emoji_id,emoji_version_id,emoji_name,emoji_character,emojipedia_url_ext,emojipedia_category,codepoint_string,num_codepoints,hasComponent,hasModifier,hasModifierBase,appearance_differs_flag,unicode_not_recommended) VALUES (1831, 4, 'Man Health Worker: Light Skin Tone', '', 'male-health-worker-type-1-2', NULL, 'U+1F468U+1F3FBU+200DU+2695U+FE0F', 5, 1, 1, 1, 0, 0);
INSERT INTO emoji_codepoints (emoji_codepoint_id,emoji_id,codepoint_id,sequence_index) VALUES (2861, 1831, 588, 1),(2862, 1831, 479, 2),(2863, 1831, 1183, 3),(2864, 1831, 99, 4),(2865, 1831, 1185, 5);

INSERT INTO emoji (emoji_id,emoji_version_id,emoji_name,emoji_character,emojipedia_url_ext,emojipedia_category,codepoint_string,num_codepoints,hasComponent,hasModifier,hasModifierBase,appearance_differs_flag,unicode_not_recommended) VALUES (1832, 4, 'Man Health Worker: Medium-Light Skin Tone', '', 'male-health-worker-type-3', NULL, 'U+1F468U+1F3FCU+200DU+2695U+FE0F', 5, 1, 1, 1, 0, 0);
INSERT INTO emoji_codepoints (emoji_codepoint_id,emoji_id,codepoint_id,sequence_index) VALUES (2866, 1832, 588, 1),(2867, 1832, 480, 2),(2868, 1832, 1183, 3),(2869, 1832, 99, 4),(2870, 1832, 1185, 5);

INSERT INTO emoji (emoji_id,emoji_version_id,emoji_name,emoji_character,emojipedia_url_ext,emojipedia_category,codepoint_string,num_codepoints,hasComponent,hasModifier,hasModifierBase,appearance_differs_flag,unicode_not_recommended) VALUES (1833, 4, 'Man Health Worker: Medium Skin Tone', '', 'male-health-worker-type-4', NULL, 'U+1F468U+1F3FDU+200DU+2695U+FE0F', 5, 1, 1, 1, 0, 0);
INSERT INTO emoji_codepoints (emoji_codepoint_id,emoji_id,codepoint_id,sequence_index) VALUES (2871, 1833, 588, 1),(2872, 1833, 481, 2),(2873, 1833, 1183, 3),(2874, 1833, 99, 4),(2875, 1833, 1185, 5);

INSERT INTO emoji (emoji_id,emoji_version_id,emoji_name,emoji_character,emojipedia_url_ext,emojipedia_category,codepoint_string,num_codepoints,hasComponent,hasModifier,hasModifierBase,appearance_differs_flag,unicode_not_recommended) VALUES (1834, 4, 'Man Health Worker: Medium-Dark Skin Tone', '', 'male-health-worker-type-5', NULL, 'U+1F468U+1F3FEU+200DU+2695U+FE0F', 5, 1, 1, 1, 0, 0);
INSERT INTO emoji_codepoints (emoji_codepoint_id,emoji_id,codepoint_id,sequence_index) VALUES (2876, 1834, 588, 1),(2877, 1834, 482, 2),(2878, 1834, 1183, 3),(2879, 1834, 99, 4),(2880, 1834, 1185, 5);

INSERT INTO emoji (emoji_id,emoji_version_id,emoji_name,emoji_character,emojipedia_url_ext,emojipedia_category,codepoint_string,num_codepoints,hasComponent,hasModifier,hasModifierBase,appearance_differs_flag,unicode_not_recommended) VALUES (1835, 4, 'Man Health Worker: Dark Skin Tone', '', 'male-health-worker-type-6', NULL, 'U+1F468U+1F3FFU+200DU+2695U+FE0F', 5, 1, 1, 1, 0, 0);
INSERT INTO emoji_codepoints (emoji_codepoint_id,emoji_id,codepoint_id,sequence_index) VALUES (2881, 1835, 588, 1),(2882, 1835, 483, 2),(2883, 1835, 1183, 3),(2884, 1835, 99, 4),(2885, 1835, 1185, 5);

INSERT INTO emoji (emoji_id,emoji_version_id,emoji_name,emoji_character,emojipedia_url_ext,emojipedia_category,codepoint_string,num_codepoints,hasComponent,hasModifier,hasModifierBase,appearance_differs_flag,unicode_not_recommended) VALUES (1836, 4, 'Woman Health Worker', '', 'female-health-worker', 'people', 'U+1F469U+200DU+2695U+FE0F', 4, 1, 0, 1, 0, 0);
INSERT INTO emoji_codepoints (emoji_codepoint_id,emoji_id,codepoint_id,sequence_index) VALUES (2886, 1836, 589, 1),(2887, 1836, 1183, 2),(2888, 1836, 99, 3),(2889, 1836, 1185, 4);

INSERT INTO emoji (emoji_id,emoji_version_id,emoji_name,emoji_character,emojipedia_url_ext,emojipedia_category,codepoint_string,num_codepoints,hasComponent,hasModifier,hasModifierBase,appearance_differs_flag,unicode_not_recommended) VALUES (1837, 4, 'Woman Health Worker: Light Skin Tone', '', 'female-health-worker-type-1-2', NULL, 'U+1F469U+1F3FBU+200DU+2695U+FE0F', 5, 1, 1, 1, 0, 0);
INSERT INTO emoji_codepoints (emoji_codepoint_id,emoji_id,codepoint_id,sequence_index) VALUES (2890, 1837, 589, 1),(2891, 1837, 479, 2),(2892, 1837, 1183, 3),(2893, 1837, 99, 4),(2894, 1837, 1185, 5);

INSERT INTO emoji (emoji_id,emoji_version_id,emoji_name,emoji_character,emojipedia_url_ext,emojipedia_category,codepoint_string,num_codepoints,hasComponent,hasModifier,hasModifierBase,appearance_differs_flag,unicode_not_recommended) VALUES (1838, 4, 'Woman Health Worker: Medium-Light Skin Tone', '', 'female-health-worker-type-3', NULL, 'U+1F469U+1F3FCU+200DU+2695U+FE0F', 5, 1, 1, 1, 0, 0);
INSERT INTO emoji_codepoints (emoji_codepoint_id,emoji_id,codepoint_id,sequence_index) VALUES (2895, 1838, 589, 1),(2896, 1838, 480, 2),(2897, 1838, 1183, 3),(2898, 1838, 99, 4),(2899, 1838, 1185, 5);

INSERT INTO emoji (emoji_id,emoji_version_id,emoji_name,emoji_character,emojipedia_url_ext,emojipedia_category,codepoint_string,num_codepoints,hasComponent,hasModifier,hasModifierBase,appearance_differs_flag,unicode_not_recommended) VALUES (1839, 4, 'Woman Health Worker: Medium Skin Tone', '', 'female-health-worker-type-4', NULL, 'U+1F469U+1F3FDU+200DU+2695U+FE0F', 5, 1, 1, 1, 0, 0);
INSERT INTO emoji_codepoints (emoji_codepoint_id,emoji_id,codepoint_id,sequence_index) VALUES (2900, 1839, 589, 1),(2901, 1839, 481, 2),(2902, 1839, 1183, 3),(2903, 1839, 99, 4),(2904, 1839, 1185, 5);

INSERT INTO emoji (emoji_id,emoji_version_id,emoji_name,emoji_character,emojipedia_url_ext,emojipedia_category,codepoint_string,num_codepoints,hasComponent,hasModifier,hasModifierBase,appearance_differs_flag,unicode_not_recommended) VALUES (1840, 4, 'Woman Health Worker: Medium-Dark Skin Tone', '', 'female-health-worker-type-5', NULL, 'U+1F469U+1F3FEU+200DU+2695U+FE0F', 5, 1, 1, 1, 0, 0);
INSERT INTO emoji_codepoints (emoji_codepoint_id,emoji_id,codepoint_id,sequence_index) VALUES (2905, 1840, 589, 1),(2906, 1840, 482, 2),(2907, 1840, 1183, 3),(2908, 1840, 99, 4),(2909, 1840, 1185, 5);

INSERT INTO emoji (emoji_id,emoji_version_id,emoji_name,emoji_character,emojipedia_url_ext,emojipedia_category,codepoint_string,num_codepoints,hasComponent,hasModifier,hasModifierBase,appearance_differs_flag,unicode_not_recommended) VALUES (1841, 4, 'Woman Health Worker: Dark Skin Tone', '', 'female-health-worker-type-6', NULL, 'U+1F469U+1F3FFU+200DU+2695U+FE0F', 5, 1, 1, 1, 0, 0);
INSERT INTO emoji_codepoints (emoji_codepoint_id,emoji_id,codepoint_id,sequence_index) VALUES (2910, 1841, 589, 1),(2911, 1841, 483, 2),(2912, 1841, 1183, 3),(2913, 1841, 99, 4),(2914, 1841, 1185, 5);

INSERT INTO emoji (emoji_id,emoji_version_id,emoji_name,emoji_character,emojipedia_url_ext,emojipedia_category,codepoint_string,num_codepoints,hasComponent,hasModifier,hasModifierBase,appearance_differs_flag,unicode_not_recommended) VALUES (1842, 4, 'Man Student', '', 'male-student', 'people', 'U+1F468U+200DU+1F393', 3, 1, 0, 1, 0, 0);
INSERT INTO emoji_codepoints (emoji_codepoint_id,emoji_id,codepoint_id,sequence_index) VALUES (2915, 1842, 588, 1),(2916, 1842, 1183, 2),(2917, 1842, 383, 3);

INSERT INTO emoji (emoji_id,emoji_version_id,emoji_name,emoji_character,emojipedia_url_ext,emojipedia_category,codepoint_string,num_codepoints,hasComponent,hasModifier,hasModifierBase,appearance_differs_flag,unicode_not_recommended) VALUES (1843, 4, 'Man Student: Light Skin Tone', '', 'male-student-type-1-2', NULL, 'U+1F468U+1F3FBU+200DU+1F393', 4, 1, 1, 1, 0, 0);
INSERT INTO emoji_codepoints (emoji_codepoint_id,emoji_id,codepoint_id,sequence_index) VALUES (2918, 1843, 588, 1),(2919, 1843, 479, 2),(2920, 1843, 1183, 3),(2921, 1843, 383, 4);

INSERT INTO emoji (emoji_id,emoji_version_id,emoji_name,emoji_character,emojipedia_url_ext,emojipedia_category,codepoint_string,num_codepoints,hasComponent,hasModifier,hasModifierBase,appearance_differs_flag,unicode_not_recommended) VALUES (1844, 4, 'Man Student: Medium-Light Skin Tone', '', 'male-student-type-3', NULL, 'U+1F468U+1F3FCU+200DU+1F393', 4, 1, 1, 1, 0, 0);
INSERT INTO emoji_codepoints (emoji_codepoint_id,emoji_id,codepoint_id,sequence_index) VALUES (2922, 1844, 588, 1),(2923, 1844, 480, 2),(2924, 1844, 1183, 3),(2925, 1844, 383, 4);

INSERT INTO emoji (emoji_id,emoji_version_id,emoji_name,emoji_character,emojipedia_url_ext,emojipedia_category,codepoint_string,num_codepoints,hasComponent,hasModifier,hasModifierBase,appearance_differs_flag,unicode_not_recommended) VALUES (1845, 4, 'Man Student: Medium Skin Tone', '', 'male-student-type-4', NULL, 'U+1F468U+1F3FDU+200DU+1F393', 4, 1, 1, 1, 0, 0);
INSERT INTO emoji_codepoints (emoji_codepoint_id,emoji_id,codepoint_id,sequence_index) VALUES (2926, 1845, 588, 1),(2927, 1845, 481, 2),(2928, 1845, 1183, 3),(2929, 1845, 383, 4);

INSERT INTO emoji (emoji_id,emoji_version_id,emoji_name,emoji_character,emojipedia_url_ext,emojipedia_category,codepoint_string,num_codepoints,hasComponent,hasModifier,hasModifierBase,appearance_differs_flag,unicode_not_recommended) VALUES (1846, 4, 'Man Student: Medium-Dark Skin Tone', '', 'male-student-type-5', NULL, 'U+1F468U+1F3FEU+200DU+1F393', 4, 1, 1, 1, 0, 0);
INSERT INTO emoji_codepoints (emoji_codepoint_id,emoji_id,codepoint_id,sequence_index) VALUES (2930, 1846, 588, 1),(2931, 1846, 482, 2),(2932, 1846, 1183, 3),(2933, 1846, 383, 4);

INSERT INTO emoji (emoji_id,emoji_version_id,emoji_name,emoji_character,emojipedia_url_ext,emojipedia_category,codepoint_string,num_codepoints,hasComponent,hasModifier,hasModifierBase,appearance_differs_flag,unicode_not_recommended) VALUES (1847, 4, 'Man Student: Dark Skin Tone', '', 'male-student-type-6', NULL, 'U+1F468U+1F3FFU+200DU+1F393', 4, 1, 1, 1, 0, 0);
INSERT INTO emoji_codepoints (emoji_codepoint_id,emoji_id,codepoint_id,sequence_index) VALUES (2934, 1847, 588, 1),(2935, 1847, 483, 2),(2936, 1847, 1183, 3),(2937, 1847, 383, 4);

INSERT INTO emoji (emoji_id,emoji_version_id,emoji_name,emoji_character,emojipedia_url_ext,emojipedia_category,codepoint_string,num_codepoints,hasComponent,hasModifier,hasModifierBase,appearance_differs_flag,unicode_not_recommended) VALUES (1848, 4, 'Woman Student', '', 'female-student', 'people', 'U+1F469U+200DU+1F393', 3, 1, 0, 1, 0, 0);
INSERT INTO emoji_codepoints (emoji_codepoint_id,emoji_id,codepoint_id,sequence_index) VALUES (2938, 1848, 589, 1),(2939, 1848, 1183, 2),(2940, 1848, 383, 3);

INSERT INTO emoji (emoji_id,emoji_version_id,emoji_name,emoji_character,emojipedia_url_ext,emojipedia_category,codepoint_string,num_codepoints,hasComponent,hasModifier,hasModifierBase,appearance_differs_flag,unicode_not_recommended) VALUES (1849, 4, 'Woman Student: Light Skin Tone', '', 'female-student-type-1-2', NULL, 'U+1F469U+1F3FBU+200DU+1F393', 4, 1, 1, 1, 0, 0);
INSERT INTO emoji_codepoints (emoji_codepoint_id,emoji_id,codepoint_id,sequence_index) VALUES (2941, 1849, 589, 1),(2942, 1849, 479, 2),(2943, 1849, 1183, 3),(2944, 1849, 383, 4);

INSERT INTO emoji (emoji_id,emoji_version_id,emoji_name,emoji_character,emojipedia_url_ext,emojipedia_category,codepoint_string,num_codepoints,hasComponent,hasModifier,hasModifierBase,appearance_differs_flag,unicode_not_recommended) VALUES (1850, 4, 'Woman Student: Medium-Light Skin Tone', '', 'female-student-type-3', NULL, 'U+1F469U+1F3FCU+200DU+1F393', 4, 1, 1, 1, 0, 0);
INSERT INTO emoji_codepoints (emoji_codepoint_id,emoji_id,codepoint_id,sequence_index) VALUES (2945, 1850, 589, 1),(2946, 1850, 480, 2),(2947, 1850, 1183, 3),(2948, 1850, 383, 4);

INSERT INTO emoji (emoji_id,emoji_version_id,emoji_name,emoji_character,emojipedia_url_ext,emojipedia_category,codepoint_string,num_codepoints,hasComponent,hasModifier,hasModifierBase,appearance_differs_flag,unicode_not_recommended) VALUES (1851, 4, 'Woman Student: Medium Skin Tone', '', 'female-student-type-4', NULL, 'U+1F469U+1F3FDU+200DU+1F393', 4, 1, 1, 1, 0, 0);
INSERT INTO emoji_codepoints (emoji_codepoint_id,emoji_id,codepoint_id,sequence_index) VALUES (2949, 1851, 589, 1),(2950, 1851, 481, 2),(2951, 1851, 1183, 3),(2952, 1851, 383, 4);

INSERT INTO emoji (emoji_id,emoji_version_id,emoji_name,emoji_character,emojipedia_url_ext,emojipedia_category,codepoint_string,num_codepoints,hasComponent,hasModifier,hasModifierBase,appearance_differs_flag,unicode_not_recommended) VALUES (1852, 4, 'Woman Student: Medium-Dark Skin Tone', '', 'female-student-type-5', NULL, 'U+1F469U+1F3FEU+200DU+1F393', 4, 1, 1, 1, 0, 0);
INSERT INTO emoji_codepoints (emoji_codepoint_id,emoji_id,codepoint_id,sequence_index) VALUES (2953, 1852, 589, 1),(2954, 1852, 482, 2),(2955, 1852, 1183, 3),(2956, 1852, 383, 4);

INSERT INTO emoji (emoji_id,emoji_version_id,emoji_name,emoji_character,emojipedia_url_ext,emojipedia_category,codepoint_string,num_codepoints,hasComponent,hasModifier,hasModifierBase,appearance_differs_flag,unicode_not_recommended) VALUES (1853, 4, 'Woman Student: Dark Skin Tone', '', 'female-student-type-6', NULL, 'U+1F469U+1F3FFU+200DU+1F393', 4, 1, 1, 1, 0, 0);
INSERT INTO emoji_codepoints (emoji_codepoint_id,emoji_id,codepoint_id,sequence_index) VALUES (2957, 1853, 589, 1),(2958, 1853, 483, 2),(2959, 1853, 1183, 3),(2960, 1853, 383, 4);

INSERT INTO emoji (emoji_id,emoji_version_id,emoji_name,emoji_character,emojipedia_url_ext,emojipedia_category,codepoint_string,num_codepoints,hasComponent,hasModifier,hasModifierBase,appearance_differs_flag,unicode_not_recommended) VALUES (1854, 4, 'Man Teacher', '', 'male-teacher', NULL, 'U+1F468U+200DU+1F3EB', 3, 1, 0, 1, 0, 0);
INSERT INTO emoji_codepoints (emoji_codepoint_id,emoji_id,codepoint_id,sequence_index) VALUES (2961, 1854, 588, 1),(2962, 1854, 1183, 2),(2963, 1854, 466, 3);

INSERT INTO emoji (emoji_id,emoji_version_id,emoji_name,emoji_character,emojipedia_url_ext,emojipedia_category,codepoint_string,num_codepoints,hasComponent,hasModifier,hasModifierBase,appearance_differs_flag,unicode_not_recommended) VALUES (1855, 4, 'Man Teacher: Light Skin Tone', '', 'male-teacher-type-1-2', NULL, 'U+1F468U+1F3FBU+200DU+1F3EB', 4, 1, 1, 1, 0, 0);
INSERT INTO emoji_codepoints (emoji_codepoint_id,emoji_id,codepoint_id,sequence_index) VALUES (2964, 1855, 588, 1),(2965, 1855, 479, 2),(2966, 1855, 1183, 3),(2967, 1855, 466, 4);

INSERT INTO emoji (emoji_id,emoji_version_id,emoji_name,emoji_character,emojipedia_url_ext,emojipedia_category,codepoint_string,num_codepoints,hasComponent,hasModifier,hasModifierBase,appearance_differs_flag,unicode_not_recommended) VALUES (1856, 4, 'Man Teacher: Medium-Light Skin Tone', '', 'male-teacher-type-3', NULL, 'U+1F468U+1F3FCU+200DU+1F3EB', 4, 1, 1, 1, 0, 0);
INSERT INTO emoji_codepoints (emoji_codepoint_id,emoji_id,codepoint_id,sequence_index) VALUES (2968, 1856, 588, 1),(2969, 1856, 480, 2),(2970, 1856, 1183, 3),(2971, 1856, 466, 4);

INSERT INTO emoji (emoji_id,emoji_version_id,emoji_name,emoji_character,emojipedia_url_ext,emojipedia_category,codepoint_string,num_codepoints,hasComponent,hasModifier,hasModifierBase,appearance_differs_flag,unicode_not_recommended) VALUES (1857, 4, 'Man Teacher: Medium Skin Tone', '', 'male-teacher-type-4', NULL, 'U+1F468U+1F3FDU+200DU+1F3EB', 4, 1, 1, 1, 0, 0);
INSERT INTO emoji_codepoints (emoji_codepoint_id,emoji_id,codepoint_id,sequence_index) VALUES (2972, 1857, 588, 1),(2973, 1857, 481, 2),(2974, 1857, 1183, 3),(2975, 1857, 466, 4);

INSERT INTO emoji (emoji_id,emoji_version_id,emoji_name,emoji_character,emojipedia_url_ext,emojipedia_category,codepoint_string,num_codepoints,hasComponent,hasModifier,hasModifierBase,appearance_differs_flag,unicode_not_recommended) VALUES (1858, 4, 'Man Teacher: Medium-Dark Skin Tone', '', 'male-teacher-type-5', NULL, 'U+1F468U+1F3FEU+200DU+1F3EB', 4, 1, 1, 1, 0, 0);
INSERT INTO emoji_codepoints (emoji_codepoint_id,emoji_id,codepoint_id,sequence_index) VALUES (2976, 1858, 588, 1),(2977, 1858, 482, 2),(2978, 1858, 1183, 3),(2979, 1858, 466, 4);

INSERT INTO emoji (emoji_id,emoji_version_id,emoji_name,emoji_character,emojipedia_url_ext,emojipedia_category,codepoint_string,num_codepoints,hasComponent,hasModifier,hasModifierBase,appearance_differs_flag,unicode_not_recommended) VALUES (1859, 4, 'Man Teacher: Dark Skin Tone', '', 'male-teacher-type-6', NULL, 'U+1F468U+1F3FFU+200DU+1F3EB', 4, 1, 1, 1, 0, 0);
INSERT INTO emoji_codepoints (emoji_codepoint_id,emoji_id,codepoint_id,sequence_index) VALUES (2980, 1859, 588, 1),(2981, 1859, 483, 2),(2982, 1859, 1183, 3),(2983, 1859, 466, 4);

INSERT INTO emoji (emoji_id,emoji_version_id,emoji_name,emoji_character,emojipedia_url_ext,emojipedia_category,codepoint_string,num_codepoints,hasComponent,hasModifier,hasModifierBase,appearance_differs_flag,unicode_not_recommended) VALUES (1860, 4, 'Woman Teacher', '', 'female-teacher', NULL, 'U+1F469U+200DU+1F3EB', 3, 1, 0, 1, 0, 0);
INSERT INTO emoji_codepoints (emoji_codepoint_id,emoji_id,codepoint_id,sequence_index) VALUES (2984, 1860, 589, 1),(2985, 1860, 1183, 2),(2986, 1860, 466, 3);

INSERT INTO emoji (emoji_id,emoji_version_id,emoji_name,emoji_character,emojipedia_url_ext,emojipedia_category,codepoint_string,num_codepoints,hasComponent,hasModifier,hasModifierBase,appearance_differs_flag,unicode_not_recommended) VALUES (1861, 4, 'Woman Teacher: Light Skin Tone', '', 'female-teacher-type-1-2', NULL, 'U+1F469U+1F3FBU+200DU+1F3EB', 4, 1, 1, 1, 0, 0);
INSERT INTO emoji_codepoints (emoji_codepoint_id,emoji_id,codepoint_id,sequence_index) VALUES (2987, 1861, 589, 1),(2988, 1861, 479, 2),(2989, 1861, 1183, 3),(2990, 1861, 466, 4);

INSERT INTO emoji (emoji_id,emoji_version_id,emoji_name,emoji_character,emojipedia_url_ext,emojipedia_category,codepoint_string,num_codepoints,hasComponent,hasModifier,hasModifierBase,appearance_differs_flag,unicode_not_recommended) VALUES (1862, 4, 'Woman Teacher: Medium-Light Skin Tone', '', 'female-teacher-type-3', NULL, 'U+1F469U+1F3FCU+200DU+1F3EB', 4, 1, 1, 1, 0, 0);
INSERT INTO emoji_codepoints (emoji_codepoint_id,emoji_id,codepoint_id,sequence_index) VALUES (2991, 1862, 589, 1),(2992, 1862, 480, 2),(2993, 1862, 1183, 3),(2994, 1862, 466, 4);

INSERT INTO emoji (emoji_id,emoji_version_id,emoji_name,emoji_character,emojipedia_url_ext,emojipedia_category,codepoint_string,num_codepoints,hasComponent,hasModifier,hasModifierBase,appearance_differs_flag,unicode_not_recommended) VALUES (1863, 4, 'Woman Teacher: Medium Skin Tone', '', 'female-teacher-type-4', NULL, 'U+1F469U+1F3FDU+200DU+1F3EB', 4, 1, 1, 1, 0, 0);
INSERT INTO emoji_codepoints (emoji_codepoint_id,emoji_id,codepoint_id,sequence_index) VALUES (2995, 1863, 589, 1),(2996, 1863, 481, 2),(2997, 1863, 1183, 3),(2998, 1863, 466, 4);

INSERT INTO emoji (emoji_id,emoji_version_id,emoji_name,emoji_character,emojipedia_url_ext,emojipedia_category,codepoint_string,num_codepoints,hasComponent,hasModifier,hasModifierBase,appearance_differs_flag,unicode_not_recommended) VALUES (1864, 4, 'Woman Teacher: Medium-Dark Skin Tone', '', 'female-teacher-type-5', NULL, 'U+1F469U+1F3FEU+200DU+1F3EB', 4, 1, 1, 1, 0, 0);
INSERT INTO emoji_codepoints (emoji_codepoint_id,emoji_id,codepoint_id,sequence_index) VALUES (2999, 1864, 589, 1),(3000, 1864, 482, 2),(3001, 1864, 1183, 3),(3002, 1864, 466, 4);

INSERT INTO emoji (emoji_id,emoji_version_id,emoji_name,emoji_character,emojipedia_url_ext,emojipedia_category,codepoint_string,num_codepoints,hasComponent,hasModifier,hasModifierBase,appearance_differs_flag,unicode_not_recommended) VALUES (1865, 4, 'Woman Teacher: Dark Skin Tone', '', 'female-teacher-type-6', NULL, 'U+1F469U+1F3FFU+200DU+1F3EB', 4, 1, 1, 1, 0, 0);
INSERT INTO emoji_codepoints (emoji_codepoint_id,emoji_id,codepoint_id,sequence_index) VALUES (3003, 1865, 589, 1),(3004, 1865, 483, 2),(3005, 1865, 1183, 3),(3006, 1865, 466, 4);

INSERT INTO emoji (emoji_id,emoji_version_id,emoji_name,emoji_character,emojipedia_url_ext,emojipedia_category,codepoint_string,num_codepoints,hasComponent,hasModifier,hasModifierBase,appearance_differs_flag,unicode_not_recommended) VALUES (1866, 4, 'Man Judge', '', 'male-judge', 'people', 'U+1F468U+200DU+2696U+FE0F', 4, 1, 0, 1, 0, 0);
INSERT INTO emoji_codepoints (emoji_codepoint_id,emoji_id,codepoint_id,sequence_index) VALUES (3007, 1866, 588, 1),(3008, 1866, 1183, 2),(3009, 1866, 100, 3),(3010, 1866, 1185, 4);

INSERT INTO emoji (emoji_id,emoji_version_id,emoji_name,emoji_character,emojipedia_url_ext,emojipedia_category,codepoint_string,num_codepoints,hasComponent,hasModifier,hasModifierBase,appearance_differs_flag,unicode_not_recommended) VALUES (1867, 4, 'Man Judge: Light Skin Tone', '', 'male-judge-type-1-2', NULL, 'U+1F468U+1F3FBU+200DU+2696U+FE0F', 5, 1, 1, 1, 0, 0);
INSERT INTO emoji_codepoints (emoji_codepoint_id,emoji_id,codepoint_id,sequence_index) VALUES (3011, 1867, 588, 1),(3012, 1867, 479, 2),(3013, 1867, 1183, 3),(3014, 1867, 100, 4),(3015, 1867, 1185, 5);

INSERT INTO emoji (emoji_id,emoji_version_id,emoji_name,emoji_character,emojipedia_url_ext,emojipedia_category,codepoint_string,num_codepoints,hasComponent,hasModifier,hasModifierBase,appearance_differs_flag,unicode_not_recommended) VALUES (1868, 4, 'Man Judge: Medium-Light Skin Tone', '', 'male-judge-type-3', NULL, 'U+1F468U+1F3FCU+200DU+2696U+FE0F', 5, 1, 1, 1, 0, 0);
INSERT INTO emoji_codepoints (emoji_codepoint_id,emoji_id,codepoint_id,sequence_index) VALUES (3016, 1868, 588, 1),(3017, 1868, 480, 2),(3018, 1868, 1183, 3),(3019, 1868, 100, 4),(3020, 1868, 1185, 5);

INSERT INTO emoji (emoji_id,emoji_version_id,emoji_name,emoji_character,emojipedia_url_ext,emojipedia_category,codepoint_string,num_codepoints,hasComponent,hasModifier,hasModifierBase,appearance_differs_flag,unicode_not_recommended) VALUES (1869, 4, 'Man Judge: Medium Skin Tone', '', 'male-judge-type-4', NULL, 'U+1F468U+1F3FDU+200DU+2696U+FE0F', 5, 1, 1, 1, 0, 0);
INSERT INTO emoji_codepoints (emoji_codepoint_id,emoji_id,codepoint_id,sequence_index) VALUES (3021, 1869, 588, 1),(3022, 1869, 481, 2),(3023, 1869, 1183, 3),(3024, 1869, 100, 4),(3025, 1869, 1185, 5);

INSERT INTO emoji (emoji_id,emoji_version_id,emoji_name,emoji_character,emojipedia_url_ext,emojipedia_category,codepoint_string,num_codepoints,hasComponent,hasModifier,hasModifierBase,appearance_differs_flag,unicode_not_recommended) VALUES (1870, 4, 'Man Judge: Medium-Dark Skin Tone', '', 'male-judge-type-5', NULL, 'U+1F468U+1F3FEU+200DU+2696U+FE0F', 5, 1, 1, 1, 0, 0);
INSERT INTO emoji_codepoints (emoji_codepoint_id,emoji_id,codepoint_id,sequence_index) VALUES (3026, 1870, 588, 1),(3027, 1870, 482, 2),(3028, 1870, 1183, 3),(3029, 1870, 100, 4),(3030, 1870, 1185, 5);

INSERT INTO emoji (emoji_id,emoji_version_id,emoji_name,emoji_character,emojipedia_url_ext,emojipedia_category,codepoint_string,num_codepoints,hasComponent,hasModifier,hasModifierBase,appearance_differs_flag,unicode_not_recommended) VALUES (1871, 4, 'Man Judge: Dark Skin Tone', '', 'male-judge-type-6', NULL, 'U+1F468U+1F3FFU+200DU+2696U+FE0F', 5, 1, 1, 1, 0, 0);
INSERT INTO emoji_codepoints (emoji_codepoint_id,emoji_id,codepoint_id,sequence_index) VALUES (3031, 1871, 588, 1),(3032, 1871, 483, 2),(3033, 1871, 1183, 3),(3034, 1871, 100, 4),(3035, 1871, 1185, 5);

INSERT INTO emoji (emoji_id,emoji_version_id,emoji_name,emoji_character,emojipedia_url_ext,emojipedia_category,codepoint_string,num_codepoints,hasComponent,hasModifier,hasModifierBase,appearance_differs_flag,unicode_not_recommended) VALUES (1872, 4, 'Woman Judge', '', 'female-judge', 'people', 'U+1F469U+200DU+2696U+FE0F', 4, 1, 0, 1, 0, 0);
INSERT INTO emoji_codepoints (emoji_codepoint_id,emoji_id,codepoint_id,sequence_index) VALUES (3036, 1872, 589, 1),(3037, 1872, 1183, 2),(3038, 1872, 100, 3),(3039, 1872, 1185, 4);

INSERT INTO emoji (emoji_id,emoji_version_id,emoji_name,emoji_character,emojipedia_url_ext,emojipedia_category,codepoint_string,num_codepoints,hasComponent,hasModifier,hasModifierBase,appearance_differs_flag,unicode_not_recommended) VALUES (1873, 4, 'Woman Judge: Light Skin Tone', '', 'female-judge-type-1-2', NULL, 'U+1F469U+1F3FBU+200DU+2696U+FE0F', 5, 1, 1, 1, 0, 0);
INSERT INTO emoji_codepoints (emoji_codepoint_id,emoji_id,codepoint_id,sequence_index) VALUES (3040, 1873, 589, 1),(3041, 1873, 479, 2),(3042, 1873, 1183, 3),(3043, 1873, 100, 4),(3044, 1873, 1185, 5);

INSERT INTO emoji (emoji_id,emoji_version_id,emoji_name,emoji_character,emojipedia_url_ext,emojipedia_category,codepoint_string,num_codepoints,hasComponent,hasModifier,hasModifierBase,appearance_differs_flag,unicode_not_recommended) VALUES (1874, 4, 'Woman Judge: Medium-Light Skin Tone', '', 'female-judge-type-3', NULL, 'U+1F469U+1F3FCU+200DU+2696U+FE0F', 5, 1, 1, 1, 0, 0);
INSERT INTO emoji_codepoints (emoji_codepoint_id,emoji_id,codepoint_id,sequence_index) VALUES (3045, 1874, 589, 1),(3046, 1874, 480, 2),(3047, 1874, 1183, 3),(3048, 1874, 100, 4),(3049, 1874, 1185, 5);

INSERT INTO emoji (emoji_id,emoji_version_id,emoji_name,emoji_character,emojipedia_url_ext,emojipedia_category,codepoint_string,num_codepoints,hasComponent,hasModifier,hasModifierBase,appearance_differs_flag,unicode_not_recommended) VALUES (1875, 4, 'Woman Judge: Medium Skin Tone', '', 'female-judge-type-4', NULL, 'U+1F469U+1F3FDU+200DU+2696U+FE0F', 5, 1, 1, 1, 0, 0);
INSERT INTO emoji_codepoints (emoji_codepoint_id,emoji_id,codepoint_id,sequence_index) VALUES (3050, 1875, 589, 1),(3051, 1875, 481, 2),(3052, 1875, 1183, 3),(3053, 1875, 100, 4),(3054, 1875, 1185, 5);

INSERT INTO emoji (emoji_id,emoji_version_id,emoji_name,emoji_character,emojipedia_url_ext,emojipedia_category,codepoint_string,num_codepoints,hasComponent,hasModifier,hasModifierBase,appearance_differs_flag,unicode_not_recommended) VALUES (1876, 4, 'Woman Judge: Medium-Dark Skin Tone', '', 'female-judge-type-5', NULL, 'U+1F469U+1F3FEU+200DU+2696U+FE0F', 5, 1, 1, 1, 0, 0);
INSERT INTO emoji_codepoints (emoji_codepoint_id,emoji_id,codepoint_id,sequence_index) VALUES (3055, 1876, 589, 1),(3056, 1876, 482, 2),(3057, 1876, 1183, 3),(3058, 1876, 100, 4),(3059, 1876, 1185, 5);

INSERT INTO emoji (emoji_id,emoji_version_id,emoji_name,emoji_character,emojipedia_url_ext,emojipedia_category,codepoint_string,num_codepoints,hasComponent,hasModifier,hasModifierBase,appearance_differs_flag,unicode_not_recommended) VALUES (1877, 4, 'Woman Judge: Dark Skin Tone', '', 'female-judge-type-6', NULL, 'U+1F469U+1F3FFU+200DU+2696U+FE0F', 5, 1, 1, 1, 0, 0);
INSERT INTO emoji_codepoints (emoji_codepoint_id,emoji_id,codepoint_id,sequence_index) VALUES (3060, 1877, 589, 1),(3061, 1877, 483, 2),(3062, 1877, 1183, 3),(3063, 1877, 100, 4),(3064, 1877, 1185, 5);

INSERT INTO emoji (emoji_id,emoji_version_id,emoji_name,emoji_character,emojipedia_url_ext,emojipedia_category,codepoint_string,num_codepoints,hasComponent,hasModifier,hasModifierBase,appearance_differs_flag,unicode_not_recommended) VALUES (1878, 4, 'Man Farmer', '', 'male-farmer', 'people', 'U+1F468U+200DU+1F33E', 3, 1, 0, 1, 0, 0);
INSERT INTO emoji_codepoints (emoji_codepoint_id,emoji_id,codepoint_id,sequence_index) VALUES (3065, 1878, 588, 1),(3066, 1878, 1183, 2),(3067, 1878, 298, 3);

INSERT INTO emoji (emoji_id,emoji_version_id,emoji_name,emoji_character,emojipedia_url_ext,emojipedia_category,codepoint_string,num_codepoints,hasComponent,hasModifier,hasModifierBase,appearance_differs_flag,unicode_not_recommended) VALUES (1879, 4, 'Man Farmer: Light Skin Tone', '', 'male-farmer-type-1-2', NULL, 'U+1F468U+1F3FBU+200DU+1F33E', 4, 1, 1, 1, 0, 0);
INSERT INTO emoji_codepoints (emoji_codepoint_id,emoji_id,codepoint_id,sequence_index) VALUES (3068, 1879, 588, 1),(3069, 1879, 479, 2),(3070, 1879, 1183, 3),(3071, 1879, 298, 4);

INSERT INTO emoji (emoji_id,emoji_version_id,emoji_name,emoji_character,emojipedia_url_ext,emojipedia_category,codepoint_string,num_codepoints,hasComponent,hasModifier,hasModifierBase,appearance_differs_flag,unicode_not_recommended) VALUES (1880, 4, 'Man Farmer: Medium-Light Skin Tone', '', 'male-farmer-type-3', NULL, 'U+1F468U+1F3FCU+200DU+1F33E', 4, 1, 1, 1, 0, 0);
INSERT INTO emoji_codepoints (emoji_codepoint_id,emoji_id,codepoint_id,sequence_index) VALUES (3072, 1880, 588, 1),(3073, 1880, 480, 2),(3074, 1880, 1183, 3),(3075, 1880, 298, 4);

INSERT INTO emoji (emoji_id,emoji_version_id,emoji_name,emoji_character,emojipedia_url_ext,emojipedia_category,codepoint_string,num_codepoints,hasComponent,hasModifier,hasModifierBase,appearance_differs_flag,unicode_not_recommended) VALUES (1881, 4, 'Man Farmer: Medium Skin Tone', '', 'male-farmer-type-4', NULL, 'U+1F468U+1F3FDU+200DU+1F33E', 4, 1, 1, 1, 0, 0);
INSERT INTO emoji_codepoints (emoji_codepoint_id,emoji_id,codepoint_id,sequence_index) VALUES (3076, 1881, 588, 1),(3077, 1881, 481, 2),(3078, 1881, 1183, 3),(3079, 1881, 298, 4);

INSERT INTO emoji (emoji_id,emoji_version_id,emoji_name,emoji_character,emojipedia_url_ext,emojipedia_category,codepoint_string,num_codepoints,hasComponent,hasModifier,hasModifierBase,appearance_differs_flag,unicode_not_recommended) VALUES (1882, 4, 'Man Farmer: Medium-Dark Skin Tone', '', 'male-farmer-type-5', NULL, 'U+1F468U+1F3FEU+200DU+1F33E', 4, 1, 1, 1, 0, 0);
INSERT INTO emoji_codepoints (emoji_codepoint_id,emoji_id,codepoint_id,sequence_index) VALUES (3080, 1882, 588, 1),(3081, 1882, 482, 2),(3082, 1882, 1183, 3),(3083, 1882, 298, 4);

INSERT INTO emoji (emoji_id,emoji_version_id,emoji_name,emoji_character,emojipedia_url_ext,emojipedia_category,codepoint_string,num_codepoints,hasComponent,hasModifier,hasModifierBase,appearance_differs_flag,unicode_not_recommended) VALUES (1883, 4, 'Man Farmer: Dark Skin Tone', '', 'male-farmer-type-6', NULL, 'U+1F468U+1F3FFU+200DU+1F33E', 4, 1, 1, 1, 0, 0);
INSERT INTO emoji_codepoints (emoji_codepoint_id,emoji_id,codepoint_id,sequence_index) VALUES (3084, 1883, 588, 1),(3085, 1883, 483, 2),(3086, 1883, 1183, 3),(3087, 1883, 298, 4);

INSERT INTO emoji (emoji_id,emoji_version_id,emoji_name,emoji_character,emojipedia_url_ext,emojipedia_category,codepoint_string,num_codepoints,hasComponent,hasModifier,hasModifierBase,appearance_differs_flag,unicode_not_recommended) VALUES (1884, 4, 'Woman Farmer', '', 'female-farmer', 'people', 'U+1F469U+200DU+1F33E', 3, 1, 0, 1, 0, 0);
INSERT INTO emoji_codepoints (emoji_codepoint_id,emoji_id,codepoint_id,sequence_index) VALUES (3088, 1884, 589, 1),(3089, 1884, 1183, 2),(3090, 1884, 298, 3);

INSERT INTO emoji (emoji_id,emoji_version_id,emoji_name,emoji_character,emojipedia_url_ext,emojipedia_category,codepoint_string,num_codepoints,hasComponent,hasModifier,hasModifierBase,appearance_differs_flag,unicode_not_recommended) VALUES (1885, 4, 'Woman Farmer: Light Skin Tone', '', 'female-farmer-type-1-2', NULL, 'U+1F469U+1F3FBU+200DU+1F33E', 4, 1, 1, 1, 0, 0);
INSERT INTO emoji_codepoints (emoji_codepoint_id,emoji_id,codepoint_id,sequence_index) VALUES (3091, 1885, 589, 1),(3092, 1885, 479, 2),(3093, 1885, 1183, 3),(3094, 1885, 298, 4);

INSERT INTO emoji (emoji_id,emoji_version_id,emoji_name,emoji_character,emojipedia_url_ext,emojipedia_category,codepoint_string,num_codepoints,hasComponent,hasModifier,hasModifierBase,appearance_differs_flag,unicode_not_recommended) VALUES (1886, 4, 'Woman Farmer: Medium-Light Skin Tone', '', 'female-farmer-type-3', NULL, 'U+1F469U+1F3FCU+200DU+1F33E', 4, 1, 1, 1, 0, 0);
INSERT INTO emoji_codepoints (emoji_codepoint_id,emoji_id,codepoint_id,sequence_index) VALUES (3095, 1886, 589, 1),(3096, 1886, 480, 2),(3097, 1886, 1183, 3),(3098, 1886, 298, 4);

INSERT INTO emoji (emoji_id,emoji_version_id,emoji_name,emoji_character,emojipedia_url_ext,emojipedia_category,codepoint_string,num_codepoints,hasComponent,hasModifier,hasModifierBase,appearance_differs_flag,unicode_not_recommended) VALUES (1887, 4, 'Woman Farmer: Medium Skin Tone', '', 'female-farmer-type-4', NULL, 'U+1F469U+1F3FDU+200DU+1F33E', 4, 1, 1, 1, 0, 0);
INSERT INTO emoji_codepoints (emoji_codepoint_id,emoji_id,codepoint_id,sequence_index) VALUES (3099, 1887, 589, 1),(3100, 1887, 481, 2),(3101, 1887, 1183, 3),(3102, 1887, 298, 4);

INSERT INTO emoji (emoji_id,emoji_version_id,emoji_name,emoji_character,emojipedia_url_ext,emojipedia_category,codepoint_string,num_codepoints,hasComponent,hasModifier,hasModifierBase,appearance_differs_flag,unicode_not_recommended) VALUES (1888, 4, 'Woman Farmer: Medium-Dark Skin Tone', '', 'female-farmer-type-5', NULL, 'U+1F469U+1F3FEU+200DU+1F33E', 4, 1, 1, 1, 0, 0);
INSERT INTO emoji_codepoints (emoji_codepoint_id,emoji_id,codepoint_id,sequence_index) VALUES (3103, 1888, 589, 1),(3104, 1888, 482, 2),(3105, 1888, 1183, 3),(3106, 1888, 298, 4);

INSERT INTO emoji (emoji_id,emoji_version_id,emoji_name,emoji_character,emojipedia_url_ext,emojipedia_category,codepoint_string,num_codepoints,hasComponent,hasModifier,hasModifierBase,appearance_differs_flag,unicode_not_recommended) VALUES (1889, 4, 'Woman Farmer: Dark Skin Tone', '', 'female-farmer-type-6', NULL, 'U+1F469U+1F3FFU+200DU+1F33E', 4, 1, 1, 1, 0, 0);
INSERT INTO emoji_codepoints (emoji_codepoint_id,emoji_id,codepoint_id,sequence_index) VALUES (3107, 1889, 589, 1),(3108, 1889, 483, 2),(3109, 1889, 1183, 3),(3110, 1889, 298, 4);

INSERT INTO emoji (emoji_id,emoji_version_id,emoji_name,emoji_character,emojipedia_url_ext,emojipedia_category,codepoint_string,num_codepoints,hasComponent,hasModifier,hasModifierBase,appearance_differs_flag,unicode_not_recommended) VALUES (1890, 4, 'Man Cook', '', 'male-cook', 'people', 'U+1F468U+200DU+1F373', 3, 1, 0, 1, 0, 0);
INSERT INTO emoji_codepoints (emoji_codepoint_id,emoji_id,codepoint_id,sequence_index) VALUES (3111, 1890, 588, 1),(3112, 1890, 1183, 2),(3113, 1890, 351, 3);

INSERT INTO emoji (emoji_id,emoji_version_id,emoji_name,emoji_character,emojipedia_url_ext,emojipedia_category,codepoint_string,num_codepoints,hasComponent,hasModifier,hasModifierBase,appearance_differs_flag,unicode_not_recommended) VALUES (1891, 4, 'Man Cook: Light Skin Tone', '', 'male-cook-type-1-2', NULL, 'U+1F468U+1F3FBU+200DU+1F373', 4, 1, 1, 1, 0, 0);
INSERT INTO emoji_codepoints (emoji_codepoint_id,emoji_id,codepoint_id,sequence_index) VALUES (3114, 1891, 588, 1),(3115, 1891, 479, 2),(3116, 1891, 1183, 3),(3117, 1891, 351, 4);

INSERT INTO emoji (emoji_id,emoji_version_id,emoji_name,emoji_character,emojipedia_url_ext,emojipedia_category,codepoint_string,num_codepoints,hasComponent,hasModifier,hasModifierBase,appearance_differs_flag,unicode_not_recommended) VALUES (1892, 4, 'Man Cook: Medium-Light Skin Tone', '', 'male-cook-type-3', NULL, 'U+1F468U+1F3FCU+200DU+1F373', 4, 1, 1, 1, 0, 0);
INSERT INTO emoji_codepoints (emoji_codepoint_id,emoji_id,codepoint_id,sequence_index) VALUES (3118, 1892, 588, 1),(3119, 1892, 480, 2),(3120, 1892, 1183, 3),(3121, 1892, 351, 4);

INSERT INTO emoji (emoji_id,emoji_version_id,emoji_name,emoji_character,emojipedia_url_ext,emojipedia_category,codepoint_string,num_codepoints,hasComponent,hasModifier,hasModifierBase,appearance_differs_flag,unicode_not_recommended) VALUES (1893, 4, 'Man Cook: Medium Skin Tone', '', 'male-cook-type-4', NULL, 'U+1F468U+1F3FDU+200DU+1F373', 4, 1, 1, 1, 0, 0);
INSERT INTO emoji_codepoints (emoji_codepoint_id,emoji_id,codepoint_id,sequence_index) VALUES (3122, 1893, 588, 1),(3123, 1893, 481, 2),(3124, 1893, 1183, 3),(3125, 1893, 351, 4);

INSERT INTO emoji (emoji_id,emoji_version_id,emoji_name,emoji_character,emojipedia_url_ext,emojipedia_category,codepoint_string,num_codepoints,hasComponent,hasModifier,hasModifierBase,appearance_differs_flag,unicode_not_recommended) VALUES (1894, 4, 'Man Cook: Medium-Dark Skin Tone', '', 'male-cook-type-5', NULL, 'U+1F468U+1F3FEU+200DU+1F373', 4, 1, 1, 1, 0, 0);
INSERT INTO emoji_codepoints (emoji_codepoint_id,emoji_id,codepoint_id,sequence_index) VALUES (3126, 1894, 588, 1),(3127, 1894, 482, 2),(3128, 1894, 1183, 3),(3129, 1894, 351, 4);

INSERT INTO emoji (emoji_id,emoji_version_id,emoji_name,emoji_character,emojipedia_url_ext,emojipedia_category,codepoint_string,num_codepoints,hasComponent,hasModifier,hasModifierBase,appearance_differs_flag,unicode_not_recommended) VALUES (1895, 4, 'Man Cook: Dark Skin Tone', '', 'male-cook-type-6', NULL, 'U+1F468U+1F3FFU+200DU+1F373', 4, 1, 1, 1, 0, 0);
INSERT INTO emoji_codepoints (emoji_codepoint_id,emoji_id,codepoint_id,sequence_index) VALUES (3130, 1895, 588, 1),(3131, 1895, 483, 2),(3132, 1895, 1183, 3),(3133, 1895, 351, 4);

INSERT INTO emoji (emoji_id,emoji_version_id,emoji_name,emoji_character,emojipedia_url_ext,emojipedia_category,codepoint_string,num_codepoints,hasComponent,hasModifier,hasModifierBase,appearance_differs_flag,unicode_not_recommended) VALUES (1896, 4, 'Woman Cook', '', 'female-cook', 'people', 'U+1F469U+200DU+1F373', 3, 1, 0, 1, 0, 0);
INSERT INTO emoji_codepoints (emoji_codepoint_id,emoji_id,codepoint_id,sequence_index) VALUES (3134, 1896, 589, 1),(3135, 1896, 1183, 2),(3136, 1896, 351, 3);

INSERT INTO emoji (emoji_id,emoji_version_id,emoji_name,emoji_character,emojipedia_url_ext,emojipedia_category,codepoint_string,num_codepoints,hasComponent,hasModifier,hasModifierBase,appearance_differs_flag,unicode_not_recommended) VALUES (1897, 4, 'Woman Cook: Light Skin Tone', '', 'female-cook-type-1-2', NULL, 'U+1F469U+1F3FBU+200DU+1F373', 4, 1, 1, 1, 0, 0);
INSERT INTO emoji_codepoints (emoji_codepoint_id,emoji_id,codepoint_id,sequence_index) VALUES (3137, 1897, 589, 1),(3138, 1897, 479, 2),(3139, 1897, 1183, 3),(3140, 1897, 351, 4);

INSERT INTO emoji (emoji_id,emoji_version_id,emoji_name,emoji_character,emojipedia_url_ext,emojipedia_category,codepoint_string,num_codepoints,hasComponent,hasModifier,hasModifierBase,appearance_differs_flag,unicode_not_recommended) VALUES (1898, 4, 'Woman Cook: Medium-Light Skin Tone', '', 'female-cook-type-3', NULL, 'U+1F469U+1F3FCU+200DU+1F373', 4, 1, 1, 1, 0, 0);
INSERT INTO emoji_codepoints (emoji_codepoint_id,emoji_id,codepoint_id,sequence_index) VALUES (3141, 1898, 589, 1),(3142, 1898, 480, 2),(3143, 1898, 1183, 3),(3144, 1898, 351, 4);

INSERT INTO emoji (emoji_id,emoji_version_id,emoji_name,emoji_character,emojipedia_url_ext,emojipedia_category,codepoint_string,num_codepoints,hasComponent,hasModifier,hasModifierBase,appearance_differs_flag,unicode_not_recommended) VALUES (1899, 4, 'Woman Cook: Medium Skin Tone', '', 'female-cook-type-4', NULL, 'U+1F469U+1F3FDU+200DU+1F373', 4, 1, 1, 1, 0, 0);
INSERT INTO emoji_codepoints (emoji_codepoint_id,emoji_id,codepoint_id,sequence_index) VALUES (3145, 1899, 589, 1),(3146, 1899, 481, 2),(3147, 1899, 1183, 3),(3148, 1899, 351, 4);

INSERT INTO emoji (emoji_id,emoji_version_id,emoji_name,emoji_character,emojipedia_url_ext,emojipedia_category,codepoint_string,num_codepoints,hasComponent,hasModifier,hasModifierBase,appearance_differs_flag,unicode_not_recommended) VALUES (1900, 4, 'Woman Cook: Medium-Dark Skin Tone', '', 'female-cook-type-5', NULL, 'U+1F469U+1F3FEU+200DU+1F373', 4, 1, 1, 1, 0, 0);
INSERT INTO emoji_codepoints (emoji_codepoint_id,emoji_id,codepoint_id,sequence_index) VALUES (3149, 1900, 589, 1),(3150, 1900, 482, 2),(3151, 1900, 1183, 3),(3152, 1900, 351, 4);

INSERT INTO emoji (emoji_id,emoji_version_id,emoji_name,emoji_character,emojipedia_url_ext,emojipedia_category,codepoint_string,num_codepoints,hasComponent,hasModifier,hasModifierBase,appearance_differs_flag,unicode_not_recommended) VALUES (1901, 4, 'Woman Cook: Dark Skin Tone', '', 'female-cook-type-6', NULL, 'U+1F469U+1F3FFU+200DU+1F373', 4, 1, 1, 1, 0, 0);
INSERT INTO emoji_codepoints (emoji_codepoint_id,emoji_id,codepoint_id,sequence_index) VALUES (3153, 1901, 589, 1),(3154, 1901, 483, 2),(3155, 1901, 1183, 3),(3156, 1901, 351, 4);

INSERT INTO emoji (emoji_id,emoji_version_id,emoji_name,emoji_character,emojipedia_url_ext,emojipedia_category,codepoint_string,num_codepoints,hasComponent,hasModifier,hasModifierBase,appearance_differs_flag,unicode_not_recommended) VALUES (1902, 4, 'Man Mechanic', '', 'male-mechanic', 'people', 'U+1F468U+200DU+1F527', 3, 1, 0, 1, 0, 0);
INSERT INTO emoji_codepoints (emoji_codepoint_id,emoji_id,codepoint_id,sequence_index) VALUES (3157, 1902, 588, 1),(3158, 1902, 1183, 2),(3159, 1902, 778, 3);

INSERT INTO emoji (emoji_id,emoji_version_id,emoji_name,emoji_character,emojipedia_url_ext,emojipedia_category,codepoint_string,num_codepoints,hasComponent,hasModifier,hasModifierBase,appearance_differs_flag,unicode_not_recommended) VALUES (1903, 4, 'Man Mechanic: Light Skin Tone', '', 'male-mechanic-type-1-2', NULL, 'U+1F468U+1F3FBU+200DU+1F527', 4, 1, 1, 1, 0, 0);
INSERT INTO emoji_codepoints (emoji_codepoint_id,emoji_id,codepoint_id,sequence_index) VALUES (3160, 1903, 588, 1),(3161, 1903, 479, 2),(3162, 1903, 1183, 3),(3163, 1903, 778, 4);

INSERT INTO emoji (emoji_id,emoji_version_id,emoji_name,emoji_character,emojipedia_url_ext,emojipedia_category,codepoint_string,num_codepoints,hasComponent,hasModifier,hasModifierBase,appearance_differs_flag,unicode_not_recommended) VALUES (1904, 4, 'Man Mechanic: Medium-Light Skin Tone', '', 'male-mechanic-type-3', NULL, 'U+1F468U+1F3FCU+200DU+1F527', 4, 1, 1, 1, 0, 0);
INSERT INTO emoji_codepoints (emoji_codepoint_id,emoji_id,codepoint_id,sequence_index) VALUES (3164, 1904, 588, 1),(3165, 1904, 480, 2),(3166, 1904, 1183, 3),(3167, 1904, 778, 4);

INSERT INTO emoji (emoji_id,emoji_version_id,emoji_name,emoji_character,emojipedia_url_ext,emojipedia_category,codepoint_string,num_codepoints,hasComponent,hasModifier,hasModifierBase,appearance_differs_flag,unicode_not_recommended) VALUES (1905, 4, 'Man Mechanic: Medium Skin Tone', '', 'male-mechanic-type-4', NULL, 'U+1F468U+1F3FDU+200DU+1F527', 4, 1, 1, 1, 0, 0);
INSERT INTO emoji_codepoints (emoji_codepoint_id,emoji_id,codepoint_id,sequence_index) VALUES (3168, 1905, 588, 1),(3169, 1905, 481, 2),(3170, 1905, 1183, 3),(3171, 1905, 778, 4);

INSERT INTO emoji (emoji_id,emoji_version_id,emoji_name,emoji_character,emojipedia_url_ext,emojipedia_category,codepoint_string,num_codepoints,hasComponent,hasModifier,hasModifierBase,appearance_differs_flag,unicode_not_recommended) VALUES (1906, 4, 'Man Mechanic: Medium-Dark Skin Tone', '', 'male-mechanic-type-5', NULL, 'U+1F468U+1F3FEU+200DU+1F527', 4, 1, 1, 1, 0, 0);
INSERT INTO emoji_codepoints (emoji_codepoint_id,emoji_id,codepoint_id,sequence_index) VALUES (3172, 1906, 588, 1),(3173, 1906, 482, 2),(3174, 1906, 1183, 3),(3175, 1906, 778, 4);

INSERT INTO emoji (emoji_id,emoji_version_id,emoji_name,emoji_character,emojipedia_url_ext,emojipedia_category,codepoint_string,num_codepoints,hasComponent,hasModifier,hasModifierBase,appearance_differs_flag,unicode_not_recommended) VALUES (1907, 4, 'Man Mechanic: Dark Skin Tone', '', 'male-mechanic-type-6', NULL, 'U+1F468U+1F3FFU+200DU+1F527', 4, 1, 1, 1, 0, 0);
INSERT INTO emoji_codepoints (emoji_codepoint_id,emoji_id,codepoint_id,sequence_index) VALUES (3176, 1907, 588, 1),(3177, 1907, 483, 2),(3178, 1907, 1183, 3),(3179, 1907, 778, 4);

INSERT INTO emoji (emoji_id,emoji_version_id,emoji_name,emoji_character,emojipedia_url_ext,emojipedia_category,codepoint_string,num_codepoints,hasComponent,hasModifier,hasModifierBase,appearance_differs_flag,unicode_not_recommended) VALUES (1908, 4, 'Woman Mechanic', '', 'female-mechanic', 'people', 'U+1F469U+200DU+1F527', 3, 1, 0, 1, 0, 0);
INSERT INTO emoji_codepoints (emoji_codepoint_id,emoji_id,codepoint_id,sequence_index) VALUES (3180, 1908, 589, 1),(3181, 1908, 1183, 2),(3182, 1908, 778, 3);

INSERT INTO emoji (emoji_id,emoji_version_id,emoji_name,emoji_character,emojipedia_url_ext,emojipedia_category,codepoint_string,num_codepoints,hasComponent,hasModifier,hasModifierBase,appearance_differs_flag,unicode_not_recommended) VALUES (1909, 4, 'Woman Mechanic: Light Skin Tone', '', 'female-mechanic-type-1-2', NULL, 'U+1F469U+1F3FBU+200DU+1F527', 4, 1, 1, 1, 0, 0);
INSERT INTO emoji_codepoints (emoji_codepoint_id,emoji_id,codepoint_id,sequence_index) VALUES (3183, 1909, 589, 1),(3184, 1909, 479, 2),(3185, 1909, 1183, 3),(3186, 1909, 778, 4);

INSERT INTO emoji (emoji_id,emoji_version_id,emoji_name,emoji_character,emojipedia_url_ext,emojipedia_category,codepoint_string,num_codepoints,hasComponent,hasModifier,hasModifierBase,appearance_differs_flag,unicode_not_recommended) VALUES (1910, 4, 'Woman Mechanic: Medium-Light Skin Tone', '', 'female-mechanic-type-3', NULL, 'U+1F469U+1F3FCU+200DU+1F527', 4, 1, 1, 1, 0, 0);
INSERT INTO emoji_codepoints (emoji_codepoint_id,emoji_id,codepoint_id,sequence_index) VALUES (3187, 1910, 589, 1),(3188, 1910, 480, 2),(3189, 1910, 1183, 3),(3190, 1910, 778, 4);

INSERT INTO emoji (emoji_id,emoji_version_id,emoji_name,emoji_character,emojipedia_url_ext,emojipedia_category,codepoint_string,num_codepoints,hasComponent,hasModifier,hasModifierBase,appearance_differs_flag,unicode_not_recommended) VALUES (1911, 4, 'Woman Mechanic: Medium Skin Tone', '', 'female-mechanic-type-4', NULL, 'U+1F469U+1F3FDU+200DU+1F527', 4, 1, 1, 1, 0, 0);
INSERT INTO emoji_codepoints (emoji_codepoint_id,emoji_id,codepoint_id,sequence_index) VALUES (3191, 1911, 589, 1),(3192, 1911, 481, 2),(3193, 1911, 1183, 3),(3194, 1911, 778, 4);

INSERT INTO emoji (emoji_id,emoji_version_id,emoji_name,emoji_character,emojipedia_url_ext,emojipedia_category,codepoint_string,num_codepoints,hasComponent,hasModifier,hasModifierBase,appearance_differs_flag,unicode_not_recommended) VALUES (1912, 4, 'Woman Mechanic: Medium-Dark Skin Tone', '', 'female-mechanic-type-5', NULL, 'U+1F469U+1F3FEU+200DU+1F527', 4, 1, 1, 1, 0, 0);
INSERT INTO emoji_codepoints (emoji_codepoint_id,emoji_id,codepoint_id,sequence_index) VALUES (3195, 1912, 589, 1),(3196, 1912, 482, 2),(3197, 1912, 1183, 3),(3198, 1912, 778, 4);

INSERT INTO emoji (emoji_id,emoji_version_id,emoji_name,emoji_character,emojipedia_url_ext,emojipedia_category,codepoint_string,num_codepoints,hasComponent,hasModifier,hasModifierBase,appearance_differs_flag,unicode_not_recommended) VALUES (1913, 4, 'Woman Mechanic: Dark Skin Tone', '', 'female-mechanic-type-6', NULL, 'U+1F469U+1F3FFU+200DU+1F527', 4, 1, 1, 1, 0, 0);
INSERT INTO emoji_codepoints (emoji_codepoint_id,emoji_id,codepoint_id,sequence_index) VALUES (3199, 1913, 589, 1),(3200, 1913, 483, 2),(3201, 1913, 1183, 3),(3202, 1913, 778, 4);

INSERT INTO emoji (emoji_id,emoji_version_id,emoji_name,emoji_character,emojipedia_url_ext,emojipedia_category,codepoint_string,num_codepoints,hasComponent,hasModifier,hasModifierBase,appearance_differs_flag,unicode_not_recommended) VALUES (1914, 4, 'Man Factory Worker', '', 'male-factory-worker', 'people', 'U+1F468U+200DU+1F3ED', 3, 1, 0, 1, 0, 0);
INSERT INTO emoji_codepoints (emoji_codepoint_id,emoji_id,codepoint_id,sequence_index) VALUES (3203, 1914, 588, 1),(3204, 1914, 1183, 2),(3205, 1914, 468, 3);

INSERT INTO emoji (emoji_id,emoji_version_id,emoji_name,emoji_character,emojipedia_url_ext,emojipedia_category,codepoint_string,num_codepoints,hasComponent,hasModifier,hasModifierBase,appearance_differs_flag,unicode_not_recommended) VALUES (1915, 4, 'Man Factory Worker: Light Skin Tone', '', 'male-factory-worker-type-1-2', NULL, 'U+1F468U+1F3FBU+200DU+1F3ED', 4, 1, 1, 1, 0, 0);
INSERT INTO emoji_codepoints (emoji_codepoint_id,emoji_id,codepoint_id,sequence_index) VALUES (3206, 1915, 588, 1),(3207, 1915, 479, 2),(3208, 1915, 1183, 3),(3209, 1915, 468, 4);

INSERT INTO emoji (emoji_id,emoji_version_id,emoji_name,emoji_character,emojipedia_url_ext,emojipedia_category,codepoint_string,num_codepoints,hasComponent,hasModifier,hasModifierBase,appearance_differs_flag,unicode_not_recommended) VALUES (1916, 4, 'Man Factory Worker: Medium-Light Skin Tone', '', 'male-factory-worker-type-3', NULL, 'U+1F468U+1F3FCU+200DU+1F3ED', 4, 1, 1, 1, 0, 0);
INSERT INTO emoji_codepoints (emoji_codepoint_id,emoji_id,codepoint_id,sequence_index) VALUES (3210, 1916, 588, 1),(3211, 1916, 480, 2),(3212, 1916, 1183, 3),(3213, 1916, 468, 4);

INSERT INTO emoji (emoji_id,emoji_version_id,emoji_name,emoji_character,emojipedia_url_ext,emojipedia_category,codepoint_string,num_codepoints,hasComponent,hasModifier,hasModifierBase,appearance_differs_flag,unicode_not_recommended) VALUES (1917, 4, 'Man Factory Worker: Medium Skin Tone', '', 'male-factory-worker-type-4', NULL, 'U+1F468U+1F3FDU+200DU+1F3ED', 4, 1, 1, 1, 0, 0);
INSERT INTO emoji_codepoints (emoji_codepoint_id,emoji_id,codepoint_id,sequence_index) VALUES (3214, 1917, 588, 1),(3215, 1917, 481, 2),(3216, 1917, 1183, 3),(3217, 1917, 468, 4);

INSERT INTO emoji (emoji_id,emoji_version_id,emoji_name,emoji_character,emojipedia_url_ext,emojipedia_category,codepoint_string,num_codepoints,hasComponent,hasModifier,hasModifierBase,appearance_differs_flag,unicode_not_recommended) VALUES (1918, 4, 'Man Factory Worker: Medium-Dark Skin Tone', '', 'male-factory-worker-type-5', NULL, 'U+1F468U+1F3FEU+200DU+1F3ED', 4, 1, 1, 1, 0, 0);
INSERT INTO emoji_codepoints (emoji_codepoint_id,emoji_id,codepoint_id,sequence_index) VALUES (3218, 1918, 588, 1),(3219, 1918, 482, 2),(3220, 1918, 1183, 3),(3221, 1918, 468, 4);

INSERT INTO emoji (emoji_id,emoji_version_id,emoji_name,emoji_character,emojipedia_url_ext,emojipedia_category,codepoint_string,num_codepoints,hasComponent,hasModifier,hasModifierBase,appearance_differs_flag,unicode_not_recommended) VALUES (1919, 4, 'Man Factory Worker: Dark Skin Tone', '', 'male-factory-worker-type-6', NULL, 'U+1F468U+1F3FFU+200DU+1F3ED', 4, 1, 1, 1, 0, 0);
INSERT INTO emoji_codepoints (emoji_codepoint_id,emoji_id,codepoint_id,sequence_index) VALUES (3222, 1919, 588, 1),(3223, 1919, 483, 2),(3224, 1919, 1183, 3),(3225, 1919, 468, 4);

INSERT INTO emoji (emoji_id,emoji_version_id,emoji_name,emoji_character,emojipedia_url_ext,emojipedia_category,codepoint_string,num_codepoints,hasComponent,hasModifier,hasModifierBase,appearance_differs_flag,unicode_not_recommended) VALUES (1920, 4, 'Woman Factory Worker', '', 'female-factory-worker', 'people', 'U+1F469U+200DU+1F3ED', 3, 1, 0, 1, 0, 0);
INSERT INTO emoji_codepoints (emoji_codepoint_id,emoji_id,codepoint_id,sequence_index) VALUES (3226, 1920, 589, 1),(3227, 1920, 1183, 2),(3228, 1920, 468, 3);

INSERT INTO emoji (emoji_id,emoji_version_id,emoji_name,emoji_character,emojipedia_url_ext,emojipedia_category,codepoint_string,num_codepoints,hasComponent,hasModifier,hasModifierBase,appearance_differs_flag,unicode_not_recommended) VALUES (1921, 4, 'Woman Factory Worker: Light Skin Tone', '', 'female-factory-worker-type-1-2', NULL, 'U+1F469U+1F3FBU+200DU+1F3ED', 4, 1, 1, 1, 0, 0);
INSERT INTO emoji_codepoints (emoji_codepoint_id,emoji_id,codepoint_id,sequence_index) VALUES (3229, 1921, 589, 1),(3230, 1921, 479, 2),(3231, 1921, 1183, 3),(3232, 1921, 468, 4);

INSERT INTO emoji (emoji_id,emoji_version_id,emoji_name,emoji_character,emojipedia_url_ext,emojipedia_category,codepoint_string,num_codepoints,hasComponent,hasModifier,hasModifierBase,appearance_differs_flag,unicode_not_recommended) VALUES (1922, 4, 'Woman Factory Worker: Medium-Light Skin Tone', '', 'female-factory-worker-type-3', NULL, 'U+1F469U+1F3FCU+200DU+1F3ED', 4, 1, 1, 1, 0, 0);
INSERT INTO emoji_codepoints (emoji_codepoint_id,emoji_id,codepoint_id,sequence_index) VALUES (3233, 1922, 589, 1),(3234, 1922, 480, 2),(3235, 1922, 1183, 3),(3236, 1922, 468, 4);

INSERT INTO emoji (emoji_id,emoji_version_id,emoji_name,emoji_character,emojipedia_url_ext,emojipedia_category,codepoint_string,num_codepoints,hasComponent,hasModifier,hasModifierBase,appearance_differs_flag,unicode_not_recommended) VALUES (1923, 4, 'Woman Factory Worker: Medium Skin Tone', '', 'female-factory-worker-type-4', NULL, 'U+1F469U+1F3FDU+200DU+1F3ED', 4, 1, 1, 1, 0, 0);
INSERT INTO emoji_codepoints (emoji_codepoint_id,emoji_id,codepoint_id,sequence_index) VALUES (3237, 1923, 589, 1),(3238, 1923, 481, 2),(3239, 1923, 1183, 3),(3240, 1923, 468, 4);

INSERT INTO emoji (emoji_id,emoji_version_id,emoji_name,emoji_character,emojipedia_url_ext,emojipedia_category,codepoint_string,num_codepoints,hasComponent,hasModifier,hasModifierBase,appearance_differs_flag,unicode_not_recommended) VALUES (1924, 4, 'Woman Factory Worker: Medium-Dark Skin Tone', '', 'female-factory-worker-type-5', NULL, 'U+1F469U+1F3FEU+200DU+1F3ED', 4, 1, 1, 1, 0, 0);
INSERT INTO emoji_codepoints (emoji_codepoint_id,emoji_id,codepoint_id,sequence_index) VALUES (3241, 1924, 589, 1),(3242, 1924, 482, 2),(3243, 1924, 1183, 3),(3244, 1924, 468, 4);

INSERT INTO emoji (emoji_id,emoji_version_id,emoji_name,emoji_character,emojipedia_url_ext,emojipedia_category,codepoint_string,num_codepoints,hasComponent,hasModifier,hasModifierBase,appearance_differs_flag,unicode_not_recommended) VALUES (1925, 4, 'Woman Factory Worker: Dark Skin Tone', '', 'female-factory-worker-type-6', NULL, 'U+1F469U+1F3FFU+200DU+1F3ED', 4, 1, 1, 1, 0, 0);
INSERT INTO emoji_codepoints (emoji_codepoint_id,emoji_id,codepoint_id,sequence_index) VALUES (3245, 1925, 589, 1),(3246, 1925, 483, 2),(3247, 1925, 1183, 3),(3248, 1925, 468, 4);

INSERT INTO emoji (emoji_id,emoji_version_id,emoji_name,emoji_character,emojipedia_url_ext,emojipedia_category,codepoint_string,num_codepoints,hasComponent,hasModifier,hasModifierBase,appearance_differs_flag,unicode_not_recommended) VALUES (1926, 4, 'Man Office Worker', '', 'male-office-worker', 'people', 'U+1F468U+200DU+1F4BC', 3, 1, 0, 1, 0, 0);
INSERT INTO emoji_codepoints (emoji_codepoint_id,emoji_id,codepoint_id,sequence_index) VALUES (3249, 1926, 588, 1),(3250, 1926, 1183, 2),(3251, 1926, 672, 3);

INSERT INTO emoji (emoji_id,emoji_version_id,emoji_name,emoji_character,emojipedia_url_ext,emojipedia_category,codepoint_string,num_codepoints,hasComponent,hasModifier,hasModifierBase,appearance_differs_flag,unicode_not_recommended) VALUES (1927, 4, 'Man Office Worker: Light Skin Tone', '', 'male-office-worker-type-1-2', NULL, 'U+1F468U+1F3FBU+200DU+1F4BC', 4, 1, 1, 1, 0, 0);
INSERT INTO emoji_codepoints (emoji_codepoint_id,emoji_id,codepoint_id,sequence_index) VALUES (3252, 1927, 588, 1),(3253, 1927, 479, 2),(3254, 1927, 1183, 3),(3255, 1927, 672, 4);

INSERT INTO emoji (emoji_id,emoji_version_id,emoji_name,emoji_character,emojipedia_url_ext,emojipedia_category,codepoint_string,num_codepoints,hasComponent,hasModifier,hasModifierBase,appearance_differs_flag,unicode_not_recommended) VALUES (1928, 4, 'Man Office Worker: Medium-Light Skin Tone', '', 'male-office-worker-type-3', NULL, 'U+1F468U+1F3FCU+200DU+1F4BC', 4, 1, 1, 1, 0, 0);
INSERT INTO emoji_codepoints (emoji_codepoint_id,emoji_id,codepoint_id,sequence_index) VALUES (3256, 1928, 588, 1),(3257, 1928, 480, 2),(3258, 1928, 1183, 3),(3259, 1928, 672, 4);

INSERT INTO emoji (emoji_id,emoji_version_id,emoji_name,emoji_character,emojipedia_url_ext,emojipedia_category,codepoint_string,num_codepoints,hasComponent,hasModifier,hasModifierBase,appearance_differs_flag,unicode_not_recommended) VALUES (1929, 4, 'Man Office Worker: Medium Skin Tone', '', 'male-office-worker-type-4', NULL, 'U+1F468U+1F3FDU+200DU+1F4BC', 4, 1, 1, 1, 0, 0);
INSERT INTO emoji_codepoints (emoji_codepoint_id,emoji_id,codepoint_id,sequence_index) VALUES (3260, 1929, 588, 1),(3261, 1929, 481, 2),(3262, 1929, 1183, 3),(3263, 1929, 672, 4);

INSERT INTO emoji (emoji_id,emoji_version_id,emoji_name,emoji_character,emojipedia_url_ext,emojipedia_category,codepoint_string,num_codepoints,hasComponent,hasModifier,hasModifierBase,appearance_differs_flag,unicode_not_recommended) VALUES (1930, 4, 'Man Office Worker: Medium-Dark Skin Tone', '', 'male-office-worker-type-5', NULL, 'U+1F468U+1F3FEU+200DU+1F4BC', 4, 1, 1, 1, 0, 0);
INSERT INTO emoji_codepoints (emoji_codepoint_id,emoji_id,codepoint_id,sequence_index) VALUES (3264, 1930, 588, 1),(3265, 1930, 482, 2),(3266, 1930, 1183, 3),(3267, 1930, 672, 4);

INSERT INTO emoji (emoji_id,emoji_version_id,emoji_name,emoji_character,emojipedia_url_ext,emojipedia_category,codepoint_string,num_codepoints,hasComponent,hasModifier,hasModifierBase,appearance_differs_flag,unicode_not_recommended) VALUES (1931, 4, 'Man Office Worker: Dark Skin Tone', '', 'male-office-worker-type-6', NULL, 'U+1F468U+1F3FFU+200DU+1F4BC', 4, 1, 1, 1, 0, 0);
INSERT INTO emoji_codepoints (emoji_codepoint_id,emoji_id,codepoint_id,sequence_index) VALUES (3268, 1931, 588, 1),(3269, 1931, 483, 2),(3270, 1931, 1183, 3),(3271, 1931, 672, 4);

INSERT INTO emoji (emoji_id,emoji_version_id,emoji_name,emoji_character,emojipedia_url_ext,emojipedia_category,codepoint_string,num_codepoints,hasComponent,hasModifier,hasModifierBase,appearance_differs_flag,unicode_not_recommended) VALUES (1932, 4, 'Woman Office Worker', '', 'female-office-worker', 'people', 'U+1F469U+200DU+1F4BC', 3, 1, 0, 1, 0, 0);
INSERT INTO emoji_codepoints (emoji_codepoint_id,emoji_id,codepoint_id,sequence_index) VALUES (3272, 1932, 589, 1),(3273, 1932, 1183, 2),(3274, 1932, 672, 3);

INSERT INTO emoji (emoji_id,emoji_version_id,emoji_name,emoji_character,emojipedia_url_ext,emojipedia_category,codepoint_string,num_codepoints,hasComponent,hasModifier,hasModifierBase,appearance_differs_flag,unicode_not_recommended) VALUES (1933, 4, 'Woman Office Worker: Light Skin Tone', '', 'female-office-worker-type-1-2', NULL, 'U+1F469U+1F3FBU+200DU+1F4BC', 4, 1, 1, 1, 0, 0);
INSERT INTO emoji_codepoints (emoji_codepoint_id,emoji_id,codepoint_id,sequence_index) VALUES (3275, 1933, 589, 1),(3276, 1933, 479, 2),(3277, 1933, 1183, 3),(3278, 1933, 672, 4);

INSERT INTO emoji (emoji_id,emoji_version_id,emoji_name,emoji_character,emojipedia_url_ext,emojipedia_category,codepoint_string,num_codepoints,hasComponent,hasModifier,hasModifierBase,appearance_differs_flag,unicode_not_recommended) VALUES (1934, 4, 'Woman Office Worker: Medium-Light Skin Tone', '', 'female-office-worker-type-3', NULL, 'U+1F469U+1F3FCU+200DU+1F4BC', 4, 1, 1, 1, 0, 0);
INSERT INTO emoji_codepoints (emoji_codepoint_id,emoji_id,codepoint_id,sequence_index) VALUES (3279, 1934, 589, 1),(3280, 1934, 480, 2),(3281, 1934, 1183, 3),(3282, 1934, 672, 4);

INSERT INTO emoji (emoji_id,emoji_version_id,emoji_name,emoji_character,emojipedia_url_ext,emojipedia_category,codepoint_string,num_codepoints,hasComponent,hasModifier,hasModifierBase,appearance_differs_flag,unicode_not_recommended) VALUES (1935, 4, 'Woman Office Worker: Medium Skin Tone', '', 'female-office-worker-type-4', NULL, 'U+1F469U+1F3FDU+200DU+1F4BC', 4, 1, 1, 1, 0, 0);
INSERT INTO emoji_codepoints (emoji_codepoint_id,emoji_id,codepoint_id,sequence_index) VALUES (3283, 1935, 589, 1),(3284, 1935, 481, 2),(3285, 1935, 1183, 3),(3286, 1935, 672, 4);

INSERT INTO emoji (emoji_id,emoji_version_id,emoji_name,emoji_character,emojipedia_url_ext,emojipedia_category,codepoint_string,num_codepoints,hasComponent,hasModifier,hasModifierBase,appearance_differs_flag,unicode_not_recommended) VALUES (1936, 4, 'Woman Office Worker: Medium-Dark Skin Tone', '', 'female-office-worker-type-5', NULL, 'U+1F469U+1F3FEU+200DU+1F4BC', 4, 1, 1, 1, 0, 0);
INSERT INTO emoji_codepoints (emoji_codepoint_id,emoji_id,codepoint_id,sequence_index) VALUES (3287, 1936, 589, 1),(3288, 1936, 482, 2),(3289, 1936, 1183, 3),(3290, 1936, 672, 4);

INSERT INTO emoji (emoji_id,emoji_version_id,emoji_name,emoji_character,emojipedia_url_ext,emojipedia_category,codepoint_string,num_codepoints,hasComponent,hasModifier,hasModifierBase,appearance_differs_flag,unicode_not_recommended) VALUES (1937, 4, 'Woman Office Worker: Dark Skin Tone', '', 'female-office-worker-type-6', NULL, 'U+1F469U+1F3FFU+200DU+1F4BC', 4, 1, 1, 1, 0, 0);
INSERT INTO emoji_codepoints (emoji_codepoint_id,emoji_id,codepoint_id,sequence_index) VALUES (3291, 1937, 589, 1),(3292, 1937, 483, 2),(3293, 1937, 1183, 3),(3294, 1937, 672, 4);

INSERT INTO emoji (emoji_id,emoji_version_id,emoji_name,emoji_character,emojipedia_url_ext,emojipedia_category,codepoint_string,num_codepoints,hasComponent,hasModifier,hasModifierBase,appearance_differs_flag,unicode_not_recommended) VALUES (1938, 4, 'Man Scientist', '', 'male-scientist', 'people', 'U+1F468U+200DU+1F52C', 3, 1, 0, 1, 0, 0);
INSERT INTO emoji_codepoints (emoji_codepoint_id,emoji_id,codepoint_id,sequence_index) VALUES (3295, 1938, 588, 1),(3296, 1938, 1183, 2),(3297, 1938, 783, 3);

INSERT INTO emoji (emoji_id,emoji_version_id,emoji_name,emoji_character,emojipedia_url_ext,emojipedia_category,codepoint_string,num_codepoints,hasComponent,hasModifier,hasModifierBase,appearance_differs_flag,unicode_not_recommended) VALUES (1939, 4, 'Man Scientist: Light Skin Tone', '', 'male-scientist-type-1-2', NULL, 'U+1F468U+1F3FBU+200DU+1F52C', 4, 1, 1, 1, 0, 0);
INSERT INTO emoji_codepoints (emoji_codepoint_id,emoji_id,codepoint_id,sequence_index) VALUES (3298, 1939, 588, 1),(3299, 1939, 479, 2),(3300, 1939, 1183, 3),(3301, 1939, 783, 4);

INSERT INTO emoji (emoji_id,emoji_version_id,emoji_name,emoji_character,emojipedia_url_ext,emojipedia_category,codepoint_string,num_codepoints,hasComponent,hasModifier,hasModifierBase,appearance_differs_flag,unicode_not_recommended) VALUES (1940, 4, 'Man Scientist: Medium-Light Skin Tone', '', 'male-scientist-type-3', NULL, 'U+1F468U+1F3FCU+200DU+1F52C', 4, 1, 1, 1, 0, 0);
INSERT INTO emoji_codepoints (emoji_codepoint_id,emoji_id,codepoint_id,sequence_index) VALUES (3302, 1940, 588, 1),(3303, 1940, 480, 2),(3304, 1940, 1183, 3),(3305, 1940, 783, 4);

INSERT INTO emoji (emoji_id,emoji_version_id,emoji_name,emoji_character,emojipedia_url_ext,emojipedia_category,codepoint_string,num_codepoints,hasComponent,hasModifier,hasModifierBase,appearance_differs_flag,unicode_not_recommended) VALUES (1941, 4, 'Man Scientist: Medium Skin Tone', '', 'male-scientist-type-4', NULL, 'U+1F468U+1F3FDU+200DU+1F52C', 4, 1, 1, 1, 0, 0);
INSERT INTO emoji_codepoints (emoji_codepoint_id,emoji_id,codepoint_id,sequence_index) VALUES (3306, 1941, 588, 1),(3307, 1941, 481, 2),(3308, 1941, 1183, 3),(3309, 1941, 783, 4);

INSERT INTO emoji (emoji_id,emoji_version_id,emoji_name,emoji_character,emojipedia_url_ext,emojipedia_category,codepoint_string,num_codepoints,hasComponent,hasModifier,hasModifierBase,appearance_differs_flag,unicode_not_recommended) VALUES (1942, 4, 'Man Scientist: Medium-Dark Skin Tone', '', 'male-scientist-type-5', NULL, 'U+1F468U+1F3FEU+200DU+1F52C', 4, 1, 1, 1, 0, 0);
INSERT INTO emoji_codepoints (emoji_codepoint_id,emoji_id,codepoint_id,sequence_index) VALUES (3310, 1942, 588, 1),(3311, 1942, 482, 2),(3312, 1942, 1183, 3),(3313, 1942, 783, 4);

INSERT INTO emoji (emoji_id,emoji_version_id,emoji_name,emoji_character,emojipedia_url_ext,emojipedia_category,codepoint_string,num_codepoints,hasComponent,hasModifier,hasModifierBase,appearance_differs_flag,unicode_not_recommended) VALUES (1943, 4, 'Man Scientist: Dark Skin Tone', '', 'male-scientist-type-6', NULL, 'U+1F468U+1F3FFU+200DU+1F52C', 4, 1, 1, 1, 0, 0);
INSERT INTO emoji_codepoints (emoji_codepoint_id,emoji_id,codepoint_id,sequence_index) VALUES (3314, 1943, 588, 1),(3315, 1943, 483, 2),(3316, 1943, 1183, 3),(3317, 1943, 783, 4);

INSERT INTO emoji (emoji_id,emoji_version_id,emoji_name,emoji_character,emojipedia_url_ext,emojipedia_category,codepoint_string,num_codepoints,hasComponent,hasModifier,hasModifierBase,appearance_differs_flag,unicode_not_recommended) VALUES (1944, 4, 'Woman Scientist', '', 'female-scientist', 'people', 'U+1F469U+200DU+1F52C', 3, 1, 0, 1, 0, 0);
INSERT INTO emoji_codepoints (emoji_codepoint_id,emoji_id,codepoint_id,sequence_index) VALUES (3318, 1944, 589, 1),(3319, 1944, 1183, 2),(3320, 1944, 783, 3);

INSERT INTO emoji (emoji_id,emoji_version_id,emoji_name,emoji_character,emojipedia_url_ext,emojipedia_category,codepoint_string,num_codepoints,hasComponent,hasModifier,hasModifierBase,appearance_differs_flag,unicode_not_recommended) VALUES (1945, 4, 'Woman Scientist: Light Skin Tone', '', 'female-scientist-type-1-2', NULL, 'U+1F469U+1F3FBU+200DU+1F52C', 4, 1, 1, 1, 0, 0);
INSERT INTO emoji_codepoints (emoji_codepoint_id,emoji_id,codepoint_id,sequence_index) VALUES (3321, 1945, 589, 1),(3322, 1945, 479, 2),(3323, 1945, 1183, 3),(3324, 1945, 783, 4);

INSERT INTO emoji (emoji_id,emoji_version_id,emoji_name,emoji_character,emojipedia_url_ext,emojipedia_category,codepoint_string,num_codepoints,hasComponent,hasModifier,hasModifierBase,appearance_differs_flag,unicode_not_recommended) VALUES (1946, 4, 'Woman Scientist: Medium-Light Skin Tone', '', 'female-scientist-type-3', NULL, 'U+1F469U+1F3FCU+200DU+1F52C', 4, 1, 1, 1, 0, 0);
INSERT INTO emoji_codepoints (emoji_codepoint_id,emoji_id,codepoint_id,sequence_index) VALUES (3325, 1946, 589, 1),(3326, 1946, 480, 2),(3327, 1946, 1183, 3),(3328, 1946, 783, 4);

INSERT INTO emoji (emoji_id,emoji_version_id,emoji_name,emoji_character,emojipedia_url_ext,emojipedia_category,codepoint_string,num_codepoints,hasComponent,hasModifier,hasModifierBase,appearance_differs_flag,unicode_not_recommended) VALUES (1947, 4, 'Woman Scientist: Medium Skin Tone', '', 'female-scientist-type-4', NULL, 'U+1F469U+1F3FDU+200DU+1F52C', 4, 1, 1, 1, 0, 0);
INSERT INTO emoji_codepoints (emoji_codepoint_id,emoji_id,codepoint_id,sequence_index) VALUES (3329, 1947, 589, 1),(3330, 1947, 481, 2),(3331, 1947, 1183, 3),(3332, 1947, 783, 4);

INSERT INTO emoji (emoji_id,emoji_version_id,emoji_name,emoji_character,emojipedia_url_ext,emojipedia_category,codepoint_string,num_codepoints,hasComponent,hasModifier,hasModifierBase,appearance_differs_flag,unicode_not_recommended) VALUES (1948, 4, 'Woman Scientist: Medium-Dark Skin Tone', '', 'female-scientist-type-5', NULL, 'U+1F469U+1F3FEU+200DU+1F52C', 4, 1, 1, 1, 0, 0);
INSERT INTO emoji_codepoints (emoji_codepoint_id,emoji_id,codepoint_id,sequence_index) VALUES (3333, 1948, 589, 1),(3334, 1948, 482, 2),(3335, 1948, 1183, 3),(3336, 1948, 783, 4);

INSERT INTO emoji (emoji_id,emoji_version_id,emoji_name,emoji_character,emojipedia_url_ext,emojipedia_category,codepoint_string,num_codepoints,hasComponent,hasModifier,hasModifierBase,appearance_differs_flag,unicode_not_recommended) VALUES (1949, 4, 'Woman Scientist: Dark Skin Tone', '', 'female-scientist-type-6', NULL, 'U+1F469U+1F3FFU+200DU+1F52C', 4, 1, 1, 1, 0, 0);
INSERT INTO emoji_codepoints (emoji_codepoint_id,emoji_id,codepoint_id,sequence_index) VALUES (3337, 1949, 589, 1),(3338, 1949, 483, 2),(3339, 1949, 1183, 3),(3340, 1949, 783, 4);

INSERT INTO emoji (emoji_id,emoji_version_id,emoji_name,emoji_character,emojipedia_url_ext,emojipedia_category,codepoint_string,num_codepoints,hasComponent,hasModifier,hasModifierBase,appearance_differs_flag,unicode_not_recommended) VALUES (1950, 4, 'Man Technologist', '', 'male-technologist', 'people', 'U+1F468U+200DU+1F4BB', 3, 1, 0, 1, 0, 0);
INSERT INTO emoji_codepoints (emoji_codepoint_id,emoji_id,codepoint_id,sequence_index) VALUES (3341, 1950, 588, 1),(3342, 1950, 1183, 2),(3343, 1950, 671, 3);

INSERT INTO emoji (emoji_id,emoji_version_id,emoji_name,emoji_character,emojipedia_url_ext,emojipedia_category,codepoint_string,num_codepoints,hasComponent,hasModifier,hasModifierBase,appearance_differs_flag,unicode_not_recommended) VALUES (1951, 4, 'Man Technologist: Light Skin Tone', '', 'male-technologist-type-1-2', NULL, 'U+1F468U+1F3FBU+200DU+1F4BB', 4, 1, 1, 1, 0, 0);
INSERT INTO emoji_codepoints (emoji_codepoint_id,emoji_id,codepoint_id,sequence_index) VALUES (3344, 1951, 588, 1),(3345, 1951, 479, 2),(3346, 1951, 1183, 3),(3347, 1951, 671, 4);

INSERT INTO emoji (emoji_id,emoji_version_id,emoji_name,emoji_character,emojipedia_url_ext,emojipedia_category,codepoint_string,num_codepoints,hasComponent,hasModifier,hasModifierBase,appearance_differs_flag,unicode_not_recommended) VALUES (1952, 4, 'Man Technologist: Medium-Light Skin Tone', '', 'male-technologist-type-3', NULL, 'U+1F468U+1F3FCU+200DU+1F4BB', 4, 1, 1, 1, 0, 0);
INSERT INTO emoji_codepoints (emoji_codepoint_id,emoji_id,codepoint_id,sequence_index) VALUES (3348, 1952, 588, 1),(3349, 1952, 480, 2),(3350, 1952, 1183, 3),(3351, 1952, 671, 4);

INSERT INTO emoji (emoji_id,emoji_version_id,emoji_name,emoji_character,emojipedia_url_ext,emojipedia_category,codepoint_string,num_codepoints,hasComponent,hasModifier,hasModifierBase,appearance_differs_flag,unicode_not_recommended) VALUES (1953, 4, 'Man Technologist: Medium Skin Tone', '', 'male-technologist-type-4', NULL, 'U+1F468U+1F3FDU+200DU+1F4BB', 4, 1, 1, 1, 0, 0);
INSERT INTO emoji_codepoints (emoji_codepoint_id,emoji_id,codepoint_id,sequence_index) VALUES (3352, 1953, 588, 1),(3353, 1953, 481, 2),(3354, 1953, 1183, 3),(3355, 1953, 671, 4);

INSERT INTO emoji (emoji_id,emoji_version_id,emoji_name,emoji_character,emojipedia_url_ext,emojipedia_category,codepoint_string,num_codepoints,hasComponent,hasModifier,hasModifierBase,appearance_differs_flag,unicode_not_recommended) VALUES (1954, 4, 'Man Technologist: Medium-Dark Skin Tone', '', 'male-technologist-type-5', NULL, 'U+1F468U+1F3FEU+200DU+1F4BB', 4, 1, 1, 1, 0, 0);
INSERT INTO emoji_codepoints (emoji_codepoint_id,emoji_id,codepoint_id,sequence_index) VALUES (3356, 1954, 588, 1),(3357, 1954, 482, 2),(3358, 1954, 1183, 3),(3359, 1954, 671, 4);

INSERT INTO emoji (emoji_id,emoji_version_id,emoji_name,emoji_character,emojipedia_url_ext,emojipedia_category,codepoint_string,num_codepoints,hasComponent,hasModifier,hasModifierBase,appearance_differs_flag,unicode_not_recommended) VALUES (1955, 4, 'Man Technologist: Dark Skin Tone', '', 'male-technologist-type-6', NULL, 'U+1F468U+1F3FFU+200DU+1F4BB', 4, 1, 1, 1, 0, 0);
INSERT INTO emoji_codepoints (emoji_codepoint_id,emoji_id,codepoint_id,sequence_index) VALUES (3360, 1955, 588, 1),(3361, 1955, 483, 2),(3362, 1955, 1183, 3),(3363, 1955, 671, 4);

INSERT INTO emoji (emoji_id,emoji_version_id,emoji_name,emoji_character,emojipedia_url_ext,emojipedia_category,codepoint_string,num_codepoints,hasComponent,hasModifier,hasModifierBase,appearance_differs_flag,unicode_not_recommended) VALUES (1956, 4, 'Woman Technologist', '', 'female-technologist', 'people', 'U+1F469U+200DU+1F4BB', 3, 1, 0, 1, 0, 0);
INSERT INTO emoji_codepoints (emoji_codepoint_id,emoji_id,codepoint_id,sequence_index) VALUES (3364, 1956, 589, 1),(3365, 1956, 1183, 2),(3366, 1956, 671, 3);

INSERT INTO emoji (emoji_id,emoji_version_id,emoji_name,emoji_character,emojipedia_url_ext,emojipedia_category,codepoint_string,num_codepoints,hasComponent,hasModifier,hasModifierBase,appearance_differs_flag,unicode_not_recommended) VALUES (1957, 4, 'Woman Technologist: Light Skin Tone', '', 'female-technologist-type-1-2', NULL, 'U+1F469U+1F3FBU+200DU+1F4BB', 4, 1, 1, 1, 0, 0);
INSERT INTO emoji_codepoints (emoji_codepoint_id,emoji_id,codepoint_id,sequence_index) VALUES (3367, 1957, 589, 1),(3368, 1957, 479, 2),(3369, 1957, 1183, 3),(3370, 1957, 671, 4);

INSERT INTO emoji (emoji_id,emoji_version_id,emoji_name,emoji_character,emojipedia_url_ext,emojipedia_category,codepoint_string,num_codepoints,hasComponent,hasModifier,hasModifierBase,appearance_differs_flag,unicode_not_recommended) VALUES (1958, 4, 'Woman Technologist: Medium-Light Skin Tone', '', 'female-technologist-type-3', NULL, 'U+1F469U+1F3FCU+200DU+1F4BB', 4, 1, 1, 1, 0, 0);
INSERT INTO emoji_codepoints (emoji_codepoint_id,emoji_id,codepoint_id,sequence_index) VALUES (3371, 1958, 589, 1),(3372, 1958, 480, 2),(3373, 1958, 1183, 3),(3374, 1958, 671, 4);

INSERT INTO emoji (emoji_id,emoji_version_id,emoji_name,emoji_character,emojipedia_url_ext,emojipedia_category,codepoint_string,num_codepoints,hasComponent,hasModifier,hasModifierBase,appearance_differs_flag,unicode_not_recommended) VALUES (1959, 4, 'Woman Technologist: Medium Skin Tone', '', 'female-technologist-type-4', NULL, 'U+1F469U+1F3FDU+200DU+1F4BB', 4, 1, 1, 1, 0, 0);
INSERT INTO emoji_codepoints (emoji_codepoint_id,emoji_id,codepoint_id,sequence_index) VALUES (3375, 1959, 589, 1),(3376, 1959, 481, 2),(3377, 1959, 1183, 3),(3378, 1959, 671, 4);

INSERT INTO emoji (emoji_id,emoji_version_id,emoji_name,emoji_character,emojipedia_url_ext,emojipedia_category,codepoint_string,num_codepoints,hasComponent,hasModifier,hasModifierBase,appearance_differs_flag,unicode_not_recommended) VALUES (1960, 4, 'Woman Technologist: Medium-Dark Skin Tone', '', 'female-technologist-type-5', NULL, 'U+1F469U+1F3FEU+200DU+1F4BB', 4, 1, 1, 1, 0, 0);
INSERT INTO emoji_codepoints (emoji_codepoint_id,emoji_id,codepoint_id,sequence_index) VALUES (3379, 1960, 589, 1),(3380, 1960, 482, 2),(3381, 1960, 1183, 3),(3382, 1960, 671, 4);

INSERT INTO emoji (emoji_id,emoji_version_id,emoji_name,emoji_character,emojipedia_url_ext,emojipedia_category,codepoint_string,num_codepoints,hasComponent,hasModifier,hasModifierBase,appearance_differs_flag,unicode_not_recommended) VALUES (1961, 4, 'Woman Technologist: Dark Skin Tone', '', 'female-technologist-type-6', NULL, 'U+1F469U+1F3FFU+200DU+1F4BB', 4, 1, 1, 1, 0, 0);
INSERT INTO emoji_codepoints (emoji_codepoint_id,emoji_id,codepoint_id,sequence_index) VALUES (3383, 1961, 589, 1),(3384, 1961, 483, 2),(3385, 1961, 1183, 3),(3386, 1961, 671, 4);

INSERT INTO emoji (emoji_id,emoji_version_id,emoji_name,emoji_character,emojipedia_url_ext,emojipedia_category,codepoint_string,num_codepoints,hasComponent,hasModifier,hasModifierBase,appearance_differs_flag,unicode_not_recommended) VALUES (1962, 4, 'Man Singer', '', 'male-singer', 'people', 'U+1F468U+200DU+1F3A4', 3, 1, 0, 1, 0, 0);
INSERT INTO emoji_codepoints (emoji_codepoint_id,emoji_id,codepoint_id,sequence_index) VALUES (3387, 1962, 588, 1),(3388, 1962, 1183, 2),(3389, 1962, 395, 3);

INSERT INTO emoji (emoji_id,emoji_version_id,emoji_name,emoji_character,emojipedia_url_ext,emojipedia_category,codepoint_string,num_codepoints,hasComponent,hasModifier,hasModifierBase,appearance_differs_flag,unicode_not_recommended) VALUES (1963, 4, 'Man Singer: Light Skin Tone', '', 'male-singer-type-1-2', NULL, 'U+1F468U+1F3FBU+200DU+1F3A4', 4, 1, 1, 1, 0, 0);
INSERT INTO emoji_codepoints (emoji_codepoint_id,emoji_id,codepoint_id,sequence_index) VALUES (3390, 1963, 588, 1),(3391, 1963, 479, 2),(3392, 1963, 1183, 3),(3393, 1963, 395, 4);

INSERT INTO emoji (emoji_id,emoji_version_id,emoji_name,emoji_character,emojipedia_url_ext,emojipedia_category,codepoint_string,num_codepoints,hasComponent,hasModifier,hasModifierBase,appearance_differs_flag,unicode_not_recommended) VALUES (1964, 4, 'Man Singer: Medium-Light Skin Tone', '', 'male-singer-type-3', NULL, 'U+1F468U+1F3FCU+200DU+1F3A4', 4, 1, 1, 1, 0, 0);
INSERT INTO emoji_codepoints (emoji_codepoint_id,emoji_id,codepoint_id,sequence_index) VALUES (3394, 1964, 588, 1),(3395, 1964, 480, 2),(3396, 1964, 1183, 3),(3397, 1964, 395, 4);

INSERT INTO emoji (emoji_id,emoji_version_id,emoji_name,emoji_character,emojipedia_url_ext,emojipedia_category,codepoint_string,num_codepoints,hasComponent,hasModifier,hasModifierBase,appearance_differs_flag,unicode_not_recommended) VALUES (1965, 4, 'Man Singer: Medium Skin Tone', '', 'male-singer-type-4', NULL, 'U+1F468U+1F3FDU+200DU+1F3A4', 4, 1, 1, 1, 0, 0);
INSERT INTO emoji_codepoints (emoji_codepoint_id,emoji_id,codepoint_id,sequence_index) VALUES (3398, 1965, 588, 1),(3399, 1965, 481, 2),(3400, 1965, 1183, 3),(3401, 1965, 395, 4);

INSERT INTO emoji (emoji_id,emoji_version_id,emoji_name,emoji_character,emojipedia_url_ext,emojipedia_category,codepoint_string,num_codepoints,hasComponent,hasModifier,hasModifierBase,appearance_differs_flag,unicode_not_recommended) VALUES (1966, 4, 'Man Singer: Medium-Dark Skin Tone', '', 'male-singer-type-5', NULL, 'U+1F468U+1F3FEU+200DU+1F3A4', 4, 1, 1, 1, 0, 0);
INSERT INTO emoji_codepoints (emoji_codepoint_id,emoji_id,codepoint_id,sequence_index) VALUES (3402, 1966, 588, 1),(3403, 1966, 482, 2),(3404, 1966, 1183, 3),(3405, 1966, 395, 4);

INSERT INTO emoji (emoji_id,emoji_version_id,emoji_name,emoji_character,emojipedia_url_ext,emojipedia_category,codepoint_string,num_codepoints,hasComponent,hasModifier,hasModifierBase,appearance_differs_flag,unicode_not_recommended) VALUES (1967, 4, 'Man Singer: Dark Skin Tone', '', 'male-singer-type-6', NULL, 'U+1F468U+1F3FFU+200DU+1F3A4', 4, 1, 1, 1, 0, 0);
INSERT INTO emoji_codepoints (emoji_codepoint_id,emoji_id,codepoint_id,sequence_index) VALUES (3406, 1967, 588, 1),(3407, 1967, 483, 2),(3408, 1967, 1183, 3),(3409, 1967, 395, 4);

INSERT INTO emoji (emoji_id,emoji_version_id,emoji_name,emoji_character,emojipedia_url_ext,emojipedia_category,codepoint_string,num_codepoints,hasComponent,hasModifier,hasModifierBase,appearance_differs_flag,unicode_not_recommended) VALUES (1968, 4, 'Woman Singer', '', 'female-singer', 'people', 'U+1F469U+200DU+1F3A4', 3, 1, 0, 1, 0, 0);
INSERT INTO emoji_codepoints (emoji_codepoint_id,emoji_id,codepoint_id,sequence_index) VALUES (3410, 1968, 589, 1),(3411, 1968, 1183, 2),(3412, 1968, 395, 3);

INSERT INTO emoji (emoji_id,emoji_version_id,emoji_name,emoji_character,emojipedia_url_ext,emojipedia_category,codepoint_string,num_codepoints,hasComponent,hasModifier,hasModifierBase,appearance_differs_flag,unicode_not_recommended) VALUES (1969, 4, 'Woman Singer: Light Skin Tone', '', 'female-singer-type-1-2', NULL, 'U+1F469U+1F3FBU+200DU+1F3A4', 4, 1, 1, 1, 0, 0);
INSERT INTO emoji_codepoints (emoji_codepoint_id,emoji_id,codepoint_id,sequence_index) VALUES (3413, 1969, 589, 1),(3414, 1969, 479, 2),(3415, 1969, 1183, 3),(3416, 1969, 395, 4);

INSERT INTO emoji (emoji_id,emoji_version_id,emoji_name,emoji_character,emojipedia_url_ext,emojipedia_category,codepoint_string,num_codepoints,hasComponent,hasModifier,hasModifierBase,appearance_differs_flag,unicode_not_recommended) VALUES (1970, 4, 'Woman Singer: Medium-Light Skin Tone', '', 'female-singer-type-3', NULL, 'U+1F469U+1F3FCU+200DU+1F3A4', 4, 1, 1, 1, 0, 0);
INSERT INTO emoji_codepoints (emoji_codepoint_id,emoji_id,codepoint_id,sequence_index) VALUES (3417, 1970, 589, 1),(3418, 1970, 480, 2),(3419, 1970, 1183, 3),(3420, 1970, 395, 4);

INSERT INTO emoji (emoji_id,emoji_version_id,emoji_name,emoji_character,emojipedia_url_ext,emojipedia_category,codepoint_string,num_codepoints,hasComponent,hasModifier,hasModifierBase,appearance_differs_flag,unicode_not_recommended) VALUES (1971, 4, 'Woman Singer: Medium Skin Tone', '', 'female-singer-type-4', NULL, 'U+1F469U+1F3FDU+200DU+1F3A4', 4, 1, 1, 1, 0, 0);
INSERT INTO emoji_codepoints (emoji_codepoint_id,emoji_id,codepoint_id,sequence_index) VALUES (3421, 1971, 589, 1),(3422, 1971, 481, 2),(3423, 1971, 1183, 3),(3424, 1971, 395, 4);

INSERT INTO emoji (emoji_id,emoji_version_id,emoji_name,emoji_character,emojipedia_url_ext,emojipedia_category,codepoint_string,num_codepoints,hasComponent,hasModifier,hasModifierBase,appearance_differs_flag,unicode_not_recommended) VALUES (1972, 4, 'Woman Singer: Medium-Dark Skin Tone', '', 'female-singer-type-5', NULL, 'U+1F469U+1F3FEU+200DU+1F3A4', 4, 1, 1, 1, 0, 0);
INSERT INTO emoji_codepoints (emoji_codepoint_id,emoji_id,codepoint_id,sequence_index) VALUES (3425, 1972, 589, 1),(3426, 1972, 482, 2),(3427, 1972, 1183, 3),(3428, 1972, 395, 4);

INSERT INTO emoji (emoji_id,emoji_version_id,emoji_name,emoji_character,emojipedia_url_ext,emojipedia_category,codepoint_string,num_codepoints,hasComponent,hasModifier,hasModifierBase,appearance_differs_flag,unicode_not_recommended) VALUES (1973, 4, 'Woman Singer: Dark Skin Tone', '', 'female-singer-type-6', NULL, 'U+1F469U+1F3FFU+200DU+1F3A4', 4, 1, 1, 1, 0, 0);
INSERT INTO emoji_codepoints (emoji_codepoint_id,emoji_id,codepoint_id,sequence_index) VALUES (3429, 1973, 589, 1),(3430, 1973, 483, 2),(3431, 1973, 1183, 3),(3432, 1973, 395, 4);

INSERT INTO emoji (emoji_id,emoji_version_id,emoji_name,emoji_character,emojipedia_url_ext,emojipedia_category,codepoint_string,num_codepoints,hasComponent,hasModifier,hasModifierBase,appearance_differs_flag,unicode_not_recommended) VALUES (1974, 4, 'Man Artist', '', 'male-artist', 'people', 'U+1F468U+200DU+1F3A8', 3, 1, 0, 1, 0, 0);
INSERT INTO emoji_codepoints (emoji_codepoint_id,emoji_id,codepoint_id,sequence_index) VALUES (3433, 1974, 588, 1),(3434, 1974, 1183, 2),(3435, 1974, 399, 3);

INSERT INTO emoji (emoji_id,emoji_version_id,emoji_name,emoji_character,emojipedia_url_ext,emojipedia_category,codepoint_string,num_codepoints,hasComponent,hasModifier,hasModifierBase,appearance_differs_flag,unicode_not_recommended) VALUES (1975, 4, 'Man Artist: Light Skin Tone', '', 'male-artist-type-1-2', NULL, 'U+1F468U+1F3FBU+200DU+1F3A8', 4, 1, 1, 1, 0, 0);
INSERT INTO emoji_codepoints (emoji_codepoint_id,emoji_id,codepoint_id,sequence_index) VALUES (3436, 1975, 588, 1),(3437, 1975, 479, 2),(3438, 1975, 1183, 3),(3439, 1975, 399, 4);

INSERT INTO emoji (emoji_id,emoji_version_id,emoji_name,emoji_character,emojipedia_url_ext,emojipedia_category,codepoint_string,num_codepoints,hasComponent,hasModifier,hasModifierBase,appearance_differs_flag,unicode_not_recommended) VALUES (1976, 4, 'Man Artist: Medium-Light Skin Tone', '', 'male-artist-type-3', NULL, 'U+1F468U+1F3FCU+200DU+1F3A8', 4, 1, 1, 1, 0, 0);
INSERT INTO emoji_codepoints (emoji_codepoint_id,emoji_id,codepoint_id,sequence_index) VALUES (3440, 1976, 588, 1),(3441, 1976, 480, 2),(3442, 1976, 1183, 3),(3443, 1976, 399, 4);

INSERT INTO emoji (emoji_id,emoji_version_id,emoji_name,emoji_character,emojipedia_url_ext,emojipedia_category,codepoint_string,num_codepoints,hasComponent,hasModifier,hasModifierBase,appearance_differs_flag,unicode_not_recommended) VALUES (1977, 4, 'Man Artist: Medium Skin Tone', '', 'male-artist-type-4', NULL, 'U+1F468U+1F3FDU+200DU+1F3A8', 4, 1, 1, 1, 0, 0);
INSERT INTO emoji_codepoints (emoji_codepoint_id,emoji_id,codepoint_id,sequence_index) VALUES (3444, 1977, 588, 1),(3445, 1977, 481, 2),(3446, 1977, 1183, 3),(3447, 1977, 399, 4);

INSERT INTO emoji (emoji_id,emoji_version_id,emoji_name,emoji_character,emojipedia_url_ext,emojipedia_category,codepoint_string,num_codepoints,hasComponent,hasModifier,hasModifierBase,appearance_differs_flag,unicode_not_recommended) VALUES (1978, 4, 'Man Artist: Medium-Dark Skin Tone', '', 'male-artist-type-5', NULL, 'U+1F468U+1F3FEU+200DU+1F3A8', 4, 1, 1, 1, 0, 0);
INSERT INTO emoji_codepoints (emoji_codepoint_id,emoji_id,codepoint_id,sequence_index) VALUES (3448, 1978, 588, 1),(3449, 1978, 482, 2),(3450, 1978, 1183, 3),(3451, 1978, 399, 4);

INSERT INTO emoji (emoji_id,emoji_version_id,emoji_name,emoji_character,emojipedia_url_ext,emojipedia_category,codepoint_string,num_codepoints,hasComponent,hasModifier,hasModifierBase,appearance_differs_flag,unicode_not_recommended) VALUES (1979, 4, 'Man Artist: Dark Skin Tone', '', 'male-artist-type-6', NULL, 'U+1F468U+1F3FFU+200DU+1F3A8', 4, 1, 1, 1, 0, 0);
INSERT INTO emoji_codepoints (emoji_codepoint_id,emoji_id,codepoint_id,sequence_index) VALUES (3452, 1979, 588, 1),(3453, 1979, 483, 2),(3454, 1979, 1183, 3),(3455, 1979, 399, 4);

INSERT INTO emoji (emoji_id,emoji_version_id,emoji_name,emoji_character,emojipedia_url_ext,emojipedia_category,codepoint_string,num_codepoints,hasComponent,hasModifier,hasModifierBase,appearance_differs_flag,unicode_not_recommended) VALUES (1980, 4, 'Woman Artist', '', 'female-artist', 'people', 'U+1F469U+200DU+1F3A8', 3, 1, 0, 1, 0, 0);
INSERT INTO emoji_codepoints (emoji_codepoint_id,emoji_id,codepoint_id,sequence_index) VALUES (3456, 1980, 589, 1),(3457, 1980, 1183, 2),(3458, 1980, 399, 3);

INSERT INTO emoji (emoji_id,emoji_version_id,emoji_name,emoji_character,emojipedia_url_ext,emojipedia_category,codepoint_string,num_codepoints,hasComponent,hasModifier,hasModifierBase,appearance_differs_flag,unicode_not_recommended) VALUES (1981, 4, 'Woman Artist: Light Skin Tone', '', 'female-artist-type-1-2', NULL, 'U+1F469U+1F3FBU+200DU+1F3A8', 4, 1, 1, 1, 0, 0);
INSERT INTO emoji_codepoints (emoji_codepoint_id,emoji_id,codepoint_id,sequence_index) VALUES (3459, 1981, 589, 1),(3460, 1981, 479, 2),(3461, 1981, 1183, 3),(3462, 1981, 399, 4);

INSERT INTO emoji (emoji_id,emoji_version_id,emoji_name,emoji_character,emojipedia_url_ext,emojipedia_category,codepoint_string,num_codepoints,hasComponent,hasModifier,hasModifierBase,appearance_differs_flag,unicode_not_recommended) VALUES (1982, 4, 'Woman Artist: Medium-Light Skin Tone', '', 'female-artist-type-3', NULL, 'U+1F469U+1F3FCU+200DU+1F3A8', 4, 1, 1, 1, 0, 0);
INSERT INTO emoji_codepoints (emoji_codepoint_id,emoji_id,codepoint_id,sequence_index) VALUES (3463, 1982, 589, 1),(3464, 1982, 480, 2),(3465, 1982, 1183, 3),(3466, 1982, 399, 4);

INSERT INTO emoji (emoji_id,emoji_version_id,emoji_name,emoji_character,emojipedia_url_ext,emojipedia_category,codepoint_string,num_codepoints,hasComponent,hasModifier,hasModifierBase,appearance_differs_flag,unicode_not_recommended) VALUES (1983, 4, 'Woman Artist: Medium Skin Tone', '', 'female-artist-type-4', NULL, 'U+1F469U+1F3FDU+200DU+1F3A8', 4, 1, 1, 1, 0, 0);
INSERT INTO emoji_codepoints (emoji_codepoint_id,emoji_id,codepoint_id,sequence_index) VALUES (3467, 1983, 589, 1),(3468, 1983, 481, 2),(3469, 1983, 1183, 3),(3470, 1983, 399, 4);

INSERT INTO emoji (emoji_id,emoji_version_id,emoji_name,emoji_character,emojipedia_url_ext,emojipedia_category,codepoint_string,num_codepoints,hasComponent,hasModifier,hasModifierBase,appearance_differs_flag,unicode_not_recommended) VALUES (1984, 4, 'Woman Artist: Medium-Dark Skin Tone', '', 'female-artist-type-5', NULL, 'U+1F469U+1F3FEU+200DU+1F3A8', 4, 1, 1, 1, 0, 0);
INSERT INTO emoji_codepoints (emoji_codepoint_id,emoji_id,codepoint_id,sequence_index) VALUES (3471, 1984, 589, 1),(3472, 1984, 482, 2),(3473, 1984, 1183, 3),(3474, 1984, 399, 4);

INSERT INTO emoji (emoji_id,emoji_version_id,emoji_name,emoji_character,emojipedia_url_ext,emojipedia_category,codepoint_string,num_codepoints,hasComponent,hasModifier,hasModifierBase,appearance_differs_flag,unicode_not_recommended) VALUES (1985, 4, 'Woman Artist: Dark Skin Tone', '', 'female-artist-type-6', NULL, 'U+1F469U+1F3FFU+200DU+1F3A8', 4, 1, 1, 1, 0, 0);
INSERT INTO emoji_codepoints (emoji_codepoint_id,emoji_id,codepoint_id,sequence_index) VALUES (3475, 1985, 589, 1),(3476, 1985, 483, 2),(3477, 1985, 1183, 3),(3478, 1985, 399, 4);

INSERT INTO emoji (emoji_id,emoji_version_id,emoji_name,emoji_character,emojipedia_url_ext,emojipedia_category,codepoint_string,num_codepoints,hasComponent,hasModifier,hasModifierBase,appearance_differs_flag,unicode_not_recommended) VALUES (1986, 4, 'Man Pilot', '', 'male-pilot', 'people', 'U+1F468U+200DU+2708U+FE0F', 4, 1, 0, 1, 0, 0);
INSERT INTO emoji_codepoints (emoji_codepoint_id,emoji_id,codepoint_id,sequence_index) VALUES (3479, 1986, 588, 1),(3480, 1986, 1183, 2),(3481, 1986, 136, 3),(3482, 1986, 1185, 4);

INSERT INTO emoji (emoji_id,emoji_version_id,emoji_name,emoji_character,emojipedia_url_ext,emojipedia_category,codepoint_string,num_codepoints,hasComponent,hasModifier,hasModifierBase,appearance_differs_flag,unicode_not_recommended) VALUES (1987, 4, 'Man Pilot: Light Skin Tone', '', 'male-pilot-type-1-2', NULL, 'U+1F468U+1F3FBU+200DU+2708U+FE0F', 5, 1, 1, 1, 0, 0);
INSERT INTO emoji_codepoints (emoji_codepoint_id,emoji_id,codepoint_id,sequence_index) VALUES (3483, 1987, 588, 1),(3484, 1987, 479, 2),(3485, 1987, 1183, 3),(3486, 1987, 136, 4),(3487, 1987, 1185, 5);

INSERT INTO emoji (emoji_id,emoji_version_id,emoji_name,emoji_character,emojipedia_url_ext,emojipedia_category,codepoint_string,num_codepoints,hasComponent,hasModifier,hasModifierBase,appearance_differs_flag,unicode_not_recommended) VALUES (1988, 4, 'Man Pilot: Medium-Light Skin Tone', '', 'male-pilot-type-3', NULL, 'U+1F468U+1F3FCU+200DU+2708U+FE0F', 5, 1, 1, 1, 0, 0);
INSERT INTO emoji_codepoints (emoji_codepoint_id,emoji_id,codepoint_id,sequence_index) VALUES (3488, 1988, 588, 1),(3489, 1988, 480, 2),(3490, 1988, 1183, 3),(3491, 1988, 136, 4),(3492, 1988, 1185, 5);

INSERT INTO emoji (emoji_id,emoji_version_id,emoji_name,emoji_character,emojipedia_url_ext,emojipedia_category,codepoint_string,num_codepoints,hasComponent,hasModifier,hasModifierBase,appearance_differs_flag,unicode_not_recommended) VALUES (1989, 4, 'Man Pilot: Medium Skin Tone', '', 'male-pilot-type-4', NULL, 'U+1F468U+1F3FDU+200DU+2708U+FE0F', 5, 1, 1, 1, 0, 0);
INSERT INTO emoji_codepoints (emoji_codepoint_id,emoji_id,codepoint_id,sequence_index) VALUES (3493, 1989, 588, 1),(3494, 1989, 481, 2),(3495, 1989, 1183, 3),(3496, 1989, 136, 4),(3497, 1989, 1185, 5);

INSERT INTO emoji (emoji_id,emoji_version_id,emoji_name,emoji_character,emojipedia_url_ext,emojipedia_category,codepoint_string,num_codepoints,hasComponent,hasModifier,hasModifierBase,appearance_differs_flag,unicode_not_recommended) VALUES (1990, 4, 'Man Pilot: Medium-Dark Skin Tone', '', 'male-pilot-type-5', NULL, 'U+1F468U+1F3FEU+200DU+2708U+FE0F', 5, 1, 1, 1, 0, 0);
INSERT INTO emoji_codepoints (emoji_codepoint_id,emoji_id,codepoint_id,sequence_index) VALUES (3498, 1990, 588, 1),(3499, 1990, 482, 2),(3500, 1990, 1183, 3),(3501, 1990, 136, 4),(3502, 1990, 1185, 5);

INSERT INTO emoji (emoji_id,emoji_version_id,emoji_name,emoji_character,emojipedia_url_ext,emojipedia_category,codepoint_string,num_codepoints,hasComponent,hasModifier,hasModifierBase,appearance_differs_flag,unicode_not_recommended) VALUES (1991, 4, 'Man Pilot: Dark Skin Tone', '', 'male-pilot-type-6', NULL, 'U+1F468U+1F3FFU+200DU+2708U+FE0F', 5, 1, 1, 1, 0, 0);
INSERT INTO emoji_codepoints (emoji_codepoint_id,emoji_id,codepoint_id,sequence_index) VALUES (3503, 1991, 588, 1),(3504, 1991, 483, 2),(3505, 1991, 1183, 3),(3506, 1991, 136, 4),(3507, 1991, 1185, 5);

INSERT INTO emoji (emoji_id,emoji_version_id,emoji_name,emoji_character,emojipedia_url_ext,emojipedia_category,codepoint_string,num_codepoints,hasComponent,hasModifier,hasModifierBase,appearance_differs_flag,unicode_not_recommended) VALUES (1992, 4, 'Woman Pilot', '', 'female-pilot', 'people', 'U+1F469U+200DU+2708U+FE0F', 4, 1, 0, 1, 0, 0);
INSERT INTO emoji_codepoints (emoji_codepoint_id,emoji_id,codepoint_id,sequence_index) VALUES (3508, 1992, 589, 1),(3509, 1992, 1183, 2),(3510, 1992, 136, 3),(3511, 1992, 1185, 4);

INSERT INTO emoji (emoji_id,emoji_version_id,emoji_name,emoji_character,emojipedia_url_ext,emojipedia_category,codepoint_string,num_codepoints,hasComponent,hasModifier,hasModifierBase,appearance_differs_flag,unicode_not_recommended) VALUES (1993, 4, 'Woman Pilot: Light Skin Tone', '', 'female-pilot-type-1-2', NULL, 'U+1F469U+1F3FBU+200DU+2708U+FE0F', 5, 1, 1, 1, 0, 0);
INSERT INTO emoji_codepoints (emoji_codepoint_id,emoji_id,codepoint_id,sequence_index) VALUES (3512, 1993, 589, 1),(3513, 1993, 479, 2),(3514, 1993, 1183, 3),(3515, 1993, 136, 4),(3516, 1993, 1185, 5);

INSERT INTO emoji (emoji_id,emoji_version_id,emoji_name,emoji_character,emojipedia_url_ext,emojipedia_category,codepoint_string,num_codepoints,hasComponent,hasModifier,hasModifierBase,appearance_differs_flag,unicode_not_recommended) VALUES (1994, 4, 'Woman Pilot: Medium-Light Skin Tone', '', 'female-pilot-type-3', NULL, 'U+1F469U+1F3FCU+200DU+2708U+FE0F', 5, 1, 1, 1, 0, 0);
INSERT INTO emoji_codepoints (emoji_codepoint_id,emoji_id,codepoint_id,sequence_index) VALUES (3517, 1994, 589, 1),(3518, 1994, 480, 2),(3519, 1994, 1183, 3),(3520, 1994, 136, 4),(3521, 1994, 1185, 5);

INSERT INTO emoji (emoji_id,emoji_version_id,emoji_name,emoji_character,emojipedia_url_ext,emojipedia_category,codepoint_string,num_codepoints,hasComponent,hasModifier,hasModifierBase,appearance_differs_flag,unicode_not_recommended) VALUES (1995, 4, 'Woman Pilot: Medium Skin Tone', '', 'female-pilot-type-4', NULL, 'U+1F469U+1F3FDU+200DU+2708U+FE0F', 5, 1, 1, 1, 0, 0);
INSERT INTO emoji_codepoints (emoji_codepoint_id,emoji_id,codepoint_id,sequence_index) VALUES (3522, 1995, 589, 1),(3523, 1995, 481, 2),(3524, 1995, 1183, 3),(3525, 1995, 136, 4),(3526, 1995, 1185, 5);

INSERT INTO emoji (emoji_id,emoji_version_id,emoji_name,emoji_character,emojipedia_url_ext,emojipedia_category,codepoint_string,num_codepoints,hasComponent,hasModifier,hasModifierBase,appearance_differs_flag,unicode_not_recommended) VALUES (1996, 4, 'Woman Pilot: Medium-Dark Skin Tone', '', 'female-pilot-type-5', NULL, 'U+1F469U+1F3FEU+200DU+2708U+FE0F', 5, 1, 1, 1, 0, 0);
INSERT INTO emoji_codepoints (emoji_codepoint_id,emoji_id,codepoint_id,sequence_index) VALUES (3527, 1996, 589, 1),(3528, 1996, 482, 2),(3529, 1996, 1183, 3),(3530, 1996, 136, 4),(3531, 1996, 1185, 5);

INSERT INTO emoji (emoji_id,emoji_version_id,emoji_name,emoji_character,emojipedia_url_ext,emojipedia_category,codepoint_string,num_codepoints,hasComponent,hasModifier,hasModifierBase,appearance_differs_flag,unicode_not_recommended) VALUES (1997, 4, 'Woman Pilot: Dark Skin Tone', '', 'female-pilot-type-6', NULL, 'U+1F469U+1F3FFU+200DU+2708U+FE0F', 5, 1, 1, 1, 0, 0);
INSERT INTO emoji_codepoints (emoji_codepoint_id,emoji_id,codepoint_id,sequence_index) VALUES (3532, 1997, 589, 1),(3533, 1997, 483, 2),(3534, 1997, 1183, 3),(3535, 1997, 136, 4),(3536, 1997, 1185, 5);

INSERT INTO emoji (emoji_id,emoji_version_id,emoji_name,emoji_character,emojipedia_url_ext,emojipedia_category,codepoint_string,num_codepoints,hasComponent,hasModifier,hasModifierBase,appearance_differs_flag,unicode_not_recommended) VALUES (1998, 4, 'Man Astronaut', '', 'male-astronaut', 'people', 'U+1F468U+200DU+1F680', 3, 1, 0, 1, 0, 0);
INSERT INTO emoji_codepoints (emoji_codepoint_id,emoji_id,codepoint_id,sequence_index) VALUES (3537, 1998, 588, 1),(3538, 1998, 1183, 2),(3539, 1998, 955, 3);

INSERT INTO emoji (emoji_id,emoji_version_id,emoji_name,emoji_character,emojipedia_url_ext,emojipedia_category,codepoint_string,num_codepoints,hasComponent,hasModifier,hasModifierBase,appearance_differs_flag,unicode_not_recommended) VALUES (1999, 4, 'Man Astronaut: Light Skin Tone', '', 'male-astronaut-type-1-2', NULL, 'U+1F468U+1F3FBU+200DU+1F680', 4, 1, 1, 1, 0, 0);
INSERT INTO emoji_codepoints (emoji_codepoint_id,emoji_id,codepoint_id,sequence_index) VALUES (3540, 1999, 588, 1),(3541, 1999, 479, 2),(3542, 1999, 1183, 3),(3543, 1999, 955, 4);

INSERT INTO emoji (emoji_id,emoji_version_id,emoji_name,emoji_character,emojipedia_url_ext,emojipedia_category,codepoint_string,num_codepoints,hasComponent,hasModifier,hasModifierBase,appearance_differs_flag,unicode_not_recommended) VALUES (2000, 4, 'Man Astronaut: Medium-Light Skin Tone', '', 'male-astronaut-type-3', NULL, 'U+1F468U+1F3FCU+200DU+1F680', 4, 1, 1, 1, 0, 0);
INSERT INTO emoji_codepoints (emoji_codepoint_id,emoji_id,codepoint_id,sequence_index) VALUES (3544, 2000, 588, 1),(3545, 2000, 480, 2),(3546, 2000, 1183, 3),(3547, 2000, 955, 4);

INSERT INTO emoji (emoji_id,emoji_version_id,emoji_name,emoji_character,emojipedia_url_ext,emojipedia_category,codepoint_string,num_codepoints,hasComponent,hasModifier,hasModifierBase,appearance_differs_flag,unicode_not_recommended) VALUES (2001, 4, 'Man Astronaut: Medium Skin Tone', '', 'male-astronaut-type-4', NULL, 'U+1F468U+1F3FDU+200DU+1F680', 4, 1, 1, 1, 0, 0);
INSERT INTO emoji_codepoints (emoji_codepoint_id,emoji_id,codepoint_id,sequence_index) VALUES (3548, 2001, 588, 1),(3549, 2001, 481, 2),(3550, 2001, 1183, 3),(3551, 2001, 955, 4);

INSERT INTO emoji (emoji_id,emoji_version_id,emoji_name,emoji_character,emojipedia_url_ext,emojipedia_category,codepoint_string,num_codepoints,hasComponent,hasModifier,hasModifierBase,appearance_differs_flag,unicode_not_recommended) VALUES (2002, 4, 'Man Astronaut: Medium-Dark Skin Tone', '', 'male-astronaut-type-5', NULL, 'U+1F468U+1F3FEU+200DU+1F680', 4, 1, 1, 1, 0, 0);
INSERT INTO emoji_codepoints (emoji_codepoint_id,emoji_id,codepoint_id,sequence_index) VALUES (3552, 2002, 588, 1),(3553, 2002, 482, 2),(3554, 2002, 1183, 3),(3555, 2002, 955, 4);

INSERT INTO emoji (emoji_id,emoji_version_id,emoji_name,emoji_character,emojipedia_url_ext,emojipedia_category,codepoint_string,num_codepoints,hasComponent,hasModifier,hasModifierBase,appearance_differs_flag,unicode_not_recommended) VALUES (2003, 4, 'Man Astronaut: Dark Skin Tone', '', 'male-astronaut-type-6', NULL, 'U+1F468U+1F3FFU+200DU+1F680', 4, 1, 1, 1, 0, 0);
INSERT INTO emoji_codepoints (emoji_codepoint_id,emoji_id,codepoint_id,sequence_index) VALUES (3556, 2003, 588, 1),(3557, 2003, 483, 2),(3558, 2003, 1183, 3),(3559, 2003, 955, 4);

INSERT INTO emoji (emoji_id,emoji_version_id,emoji_name,emoji_character,emojipedia_url_ext,emojipedia_category,codepoint_string,num_codepoints,hasComponent,hasModifier,hasModifierBase,appearance_differs_flag,unicode_not_recommended) VALUES (2004, 4, 'Woman Astronaut', '', 'female-astronaut', 'people', 'U+1F469U+200DU+1F680', 3, 1, 0, 1, 0, 0);
INSERT INTO emoji_codepoints (emoji_codepoint_id,emoji_id,codepoint_id,sequence_index) VALUES (3560, 2004, 589, 1),(3561, 2004, 1183, 2),(3562, 2004, 955, 3);

INSERT INTO emoji (emoji_id,emoji_version_id,emoji_name,emoji_character,emojipedia_url_ext,emojipedia_category,codepoint_string,num_codepoints,hasComponent,hasModifier,hasModifierBase,appearance_differs_flag,unicode_not_recommended) VALUES (2005, 4, 'Woman Astronaut: Light Skin Tone', '', 'female-astronaut-type-1-2', NULL, 'U+1F469U+1F3FBU+200DU+1F680', 4, 1, 1, 1, 0, 0);
INSERT INTO emoji_codepoints (emoji_codepoint_id,emoji_id,codepoint_id,sequence_index) VALUES (3563, 2005, 589, 1),(3564, 2005, 479, 2),(3565, 2005, 1183, 3),(3566, 2005, 955, 4);

INSERT INTO emoji (emoji_id,emoji_version_id,emoji_name,emoji_character,emojipedia_url_ext,emojipedia_category,codepoint_string,num_codepoints,hasComponent,hasModifier,hasModifierBase,appearance_differs_flag,unicode_not_recommended) VALUES (2006, 4, 'Woman Astronaut: Medium-Light Skin Tone', '', 'female-astronaut-type-3', NULL, 'U+1F469U+1F3FCU+200DU+1F680', 4, 1, 1, 1, 0, 0);
INSERT INTO emoji_codepoints (emoji_codepoint_id,emoji_id,codepoint_id,sequence_index) VALUES (3567, 2006, 589, 1),(3568, 2006, 480, 2),(3569, 2006, 1183, 3),(3570, 2006, 955, 4);

INSERT INTO emoji (emoji_id,emoji_version_id,emoji_name,emoji_character,emojipedia_url_ext,emojipedia_category,codepoint_string,num_codepoints,hasComponent,hasModifier,hasModifierBase,appearance_differs_flag,unicode_not_recommended) VALUES (2007, 4, 'Woman Astronaut: Medium Skin Tone', '', 'female-astronaut-type-4', NULL, 'U+1F469U+1F3FDU+200DU+1F680', 4, 1, 1, 1, 0, 0);
INSERT INTO emoji_codepoints (emoji_codepoint_id,emoji_id,codepoint_id,sequence_index) VALUES (3571, 2007, 589, 1),(3572, 2007, 481, 2),(3573, 2007, 1183, 3),(3574, 2007, 955, 4);

INSERT INTO emoji (emoji_id,emoji_version_id,emoji_name,emoji_character,emojipedia_url_ext,emojipedia_category,codepoint_string,num_codepoints,hasComponent,hasModifier,hasModifierBase,appearance_differs_flag,unicode_not_recommended) VALUES (2008, 4, 'Woman Astronaut: Medium-Dark Skin Tone', '', 'female-astronaut-type-5', NULL, 'U+1F469U+1F3FEU+200DU+1F680', 4, 1, 1, 1, 0, 0);
INSERT INTO emoji_codepoints (emoji_codepoint_id,emoji_id,codepoint_id,sequence_index) VALUES (3575, 2008, 589, 1),(3576, 2008, 482, 2),(3577, 2008, 1183, 3),(3578, 2008, 955, 4);

INSERT INTO emoji (emoji_id,emoji_version_id,emoji_name,emoji_character,emojipedia_url_ext,emojipedia_category,codepoint_string,num_codepoints,hasComponent,hasModifier,hasModifierBase,appearance_differs_flag,unicode_not_recommended) VALUES (2009, 4, 'Woman Astronaut: Dark Skin Tone', '', 'female-astronaut-type-6', NULL, 'U+1F469U+1F3FFU+200DU+1F680', 4, 1, 1, 1, 0, 0);
INSERT INTO emoji_codepoints (emoji_codepoint_id,emoji_id,codepoint_id,sequence_index) VALUES (3579, 2009, 589, 1),(3580, 2009, 483, 2),(3581, 2009, 1183, 3),(3582, 2009, 955, 4);

INSERT INTO emoji (emoji_id,emoji_version_id,emoji_name,emoji_character,emojipedia_url_ext,emojipedia_category,codepoint_string,num_codepoints,hasComponent,hasModifier,hasModifierBase,appearance_differs_flag,unicode_not_recommended) VALUES (2010, 4, 'Man Firefighter', '', 'male-firefighter', 'people', 'U+1F468U+200DU+1F692', 3, 1, 0, 1, 0, 0);
INSERT INTO emoji_codepoints (emoji_codepoint_id,emoji_id,codepoint_id,sequence_index) VALUES (3583, 2010, 588, 1),(3584, 2010, 1183, 2),(3585, 2010, 973, 3);

INSERT INTO emoji (emoji_id,emoji_version_id,emoji_name,emoji_character,emojipedia_url_ext,emojipedia_category,codepoint_string,num_codepoints,hasComponent,hasModifier,hasModifierBase,appearance_differs_flag,unicode_not_recommended) VALUES (2011, 4, 'Man Firefighter: Light Skin Tone', '', 'male-firefighter-type-1-2', NULL, 'U+1F468U+1F3FBU+200DU+1F692', 4, 1, 1, 1, 0, 0);
INSERT INTO emoji_codepoints (emoji_codepoint_id,emoji_id,codepoint_id,sequence_index) VALUES (3586, 2011, 588, 1),(3587, 2011, 479, 2),(3588, 2011, 1183, 3),(3589, 2011, 973, 4);

INSERT INTO emoji (emoji_id,emoji_version_id,emoji_name,emoji_character,emojipedia_url_ext,emojipedia_category,codepoint_string,num_codepoints,hasComponent,hasModifier,hasModifierBase,appearance_differs_flag,unicode_not_recommended) VALUES (2012, 4, 'Man Firefighter: Medium-Light Skin Tone', '', 'male-firefighter-type-3', NULL, 'U+1F468U+1F3FCU+200DU+1F692', 4, 1, 1, 1, 0, 0);
INSERT INTO emoji_codepoints (emoji_codepoint_id,emoji_id,codepoint_id,sequence_index) VALUES (3590, 2012, 588, 1),(3591, 2012, 480, 2),(3592, 2012, 1183, 3),(3593, 2012, 973, 4);

INSERT INTO emoji (emoji_id,emoji_version_id,emoji_name,emoji_character,emojipedia_url_ext,emojipedia_category,codepoint_string,num_codepoints,hasComponent,hasModifier,hasModifierBase,appearance_differs_flag,unicode_not_recommended) VALUES (2013, 4, 'Man Firefighter: Medium Skin Tone', '', 'male-firefighter-type-4', NULL, 'U+1F468U+1F3FDU+200DU+1F692', 4, 1, 1, 1, 0, 0);
INSERT INTO emoji_codepoints (emoji_codepoint_id,emoji_id,codepoint_id,sequence_index) VALUES (3594, 2013, 588, 1),(3595, 2013, 481, 2),(3596, 2013, 1183, 3),(3597, 2013, 973, 4);

INSERT INTO emoji (emoji_id,emoji_version_id,emoji_name,emoji_character,emojipedia_url_ext,emojipedia_category,codepoint_string,num_codepoints,hasComponent,hasModifier,hasModifierBase,appearance_differs_flag,unicode_not_recommended) VALUES (2014, 4, 'Man Firefighter: Medium-Dark Skin Tone', '', 'male-firefighter-type-5', NULL, 'U+1F468U+1F3FEU+200DU+1F692', 4, 1, 1, 1, 0, 0);
INSERT INTO emoji_codepoints (emoji_codepoint_id,emoji_id,codepoint_id,sequence_index) VALUES (3598, 2014, 588, 1),(3599, 2014, 482, 2),(3600, 2014, 1183, 3),(3601, 2014, 973, 4);

INSERT INTO emoji (emoji_id,emoji_version_id,emoji_name,emoji_character,emojipedia_url_ext,emojipedia_category,codepoint_string,num_codepoints,hasComponent,hasModifier,hasModifierBase,appearance_differs_flag,unicode_not_recommended) VALUES (2015, 4, 'Man Firefighter: Dark Skin Tone', '', 'male-firefighter-type-6', NULL, 'U+1F468U+1F3FFU+200DU+1F692', 4, 1, 1, 1, 0, 0);
INSERT INTO emoji_codepoints (emoji_codepoint_id,emoji_id,codepoint_id,sequence_index) VALUES (3602, 2015, 588, 1),(3603, 2015, 483, 2),(3604, 2015, 1183, 3),(3605, 2015, 973, 4);

INSERT INTO emoji (emoji_id,emoji_version_id,emoji_name,emoji_character,emojipedia_url_ext,emojipedia_category,codepoint_string,num_codepoints,hasComponent,hasModifier,hasModifierBase,appearance_differs_flag,unicode_not_recommended) VALUES (2016, 4, 'Woman Firefighter', '', 'female-firefighter', 'people', 'U+1F469U+200DU+1F692', 3, 1, 0, 1, 0, 0);
INSERT INTO emoji_codepoints (emoji_codepoint_id,emoji_id,codepoint_id,sequence_index) VALUES (3606, 2016, 589, 1),(3607, 2016, 1183, 2),(3608, 2016, 973, 3);

INSERT INTO emoji (emoji_id,emoji_version_id,emoji_name,emoji_character,emojipedia_url_ext,emojipedia_category,codepoint_string,num_codepoints,hasComponent,hasModifier,hasModifierBase,appearance_differs_flag,unicode_not_recommended) VALUES (2017, 4, 'Woman Firefighter: Light Skin Tone', '', 'female-firefighter-type-1-2', NULL, 'U+1F469U+1F3FBU+200DU+1F692', 4, 1, 1, 1, 0, 0);
INSERT INTO emoji_codepoints (emoji_codepoint_id,emoji_id,codepoint_id,sequence_index) VALUES (3609, 2017, 589, 1),(3610, 2017, 479, 2),(3611, 2017, 1183, 3),(3612, 2017, 973, 4);

INSERT INTO emoji (emoji_id,emoji_version_id,emoji_name,emoji_character,emojipedia_url_ext,emojipedia_category,codepoint_string,num_codepoints,hasComponent,hasModifier,hasModifierBase,appearance_differs_flag,unicode_not_recommended) VALUES (2018, 4, 'Woman Firefighter: Medium-Light Skin Tone', '', 'female-firefighter-type-3', NULL, 'U+1F469U+1F3FCU+200DU+1F692', 4, 1, 1, 1, 0, 0);
INSERT INTO emoji_codepoints (emoji_codepoint_id,emoji_id,codepoint_id,sequence_index) VALUES (3613, 2018, 589, 1),(3614, 2018, 480, 2),(3615, 2018, 1183, 3),(3616, 2018, 973, 4);

INSERT INTO emoji (emoji_id,emoji_version_id,emoji_name,emoji_character,emojipedia_url_ext,emojipedia_category,codepoint_string,num_codepoints,hasComponent,hasModifier,hasModifierBase,appearance_differs_flag,unicode_not_recommended) VALUES (2019, 4, 'Woman Firefighter: Medium Skin Tone', '', 'female-firefighter-type-4', NULL, 'U+1F469U+1F3FDU+200DU+1F692', 4, 1, 1, 1, 0, 0);
INSERT INTO emoji_codepoints (emoji_codepoint_id,emoji_id,codepoint_id,sequence_index) VALUES (3617, 2019, 589, 1),(3618, 2019, 481, 2),(3619, 2019, 1183, 3),(3620, 2019, 973, 4);

INSERT INTO emoji (emoji_id,emoji_version_id,emoji_name,emoji_character,emojipedia_url_ext,emojipedia_category,codepoint_string,num_codepoints,hasComponent,hasModifier,hasModifierBase,appearance_differs_flag,unicode_not_recommended) VALUES (2020, 4, 'Woman Firefighter: Medium-Dark Skin Tone', '', 'female-firefighter-type-5', NULL, 'U+1F469U+1F3FEU+200DU+1F692', 4, 1, 1, 1, 0, 0);
INSERT INTO emoji_codepoints (emoji_codepoint_id,emoji_id,codepoint_id,sequence_index) VALUES (3621, 2020, 589, 1),(3622, 2020, 482, 2),(3623, 2020, 1183, 3),(3624, 2020, 973, 4);

INSERT INTO emoji (emoji_id,emoji_version_id,emoji_name,emoji_character,emojipedia_url_ext,emojipedia_category,codepoint_string,num_codepoints,hasComponent,hasModifier,hasModifierBase,appearance_differs_flag,unicode_not_recommended) VALUES (2021, 4, 'Woman Firefighter: Dark Skin Tone', '', 'female-firefighter-type-6', NULL, 'U+1F469U+1F3FFU+200DU+1F692', 4, 1, 1, 1, 0, 0);
INSERT INTO emoji_codepoints (emoji_codepoint_id,emoji_id,codepoint_id,sequence_index) VALUES (3625, 2021, 589, 1),(3626, 2021, 483, 2),(3627, 2021, 1183, 3),(3628, 2021, 973, 4);

INSERT INTO emoji (emoji_id,emoji_version_id,emoji_name,emoji_character,emojipedia_url_ext,emojipedia_category,codepoint_string,num_codepoints,hasComponent,hasModifier,hasModifierBase,appearance_differs_flag,unicode_not_recommended) VALUES (2022, 4, 'Man Police Officer', '', 'male-police-officer', 'people', 'U+1F46EU+200DU+2642U+FE0F', 4, 1, 0, 1, 0, 0);
INSERT INTO emoji_codepoints (emoji_codepoint_id,emoji_id,codepoint_id,sequence_index) VALUES (3629, 2022, 594, 1),(3630, 2022, 1183, 2),(3631, 2022, 76, 3),(3632, 2022, 1185, 4);

INSERT INTO emoji (emoji_id,emoji_version_id,emoji_name,emoji_character,emojipedia_url_ext,emojipedia_category,codepoint_string,num_codepoints,hasComponent,hasModifier,hasModifierBase,appearance_differs_flag,unicode_not_recommended) VALUES (2023, 4, 'Man Police Officer: Light Skin Tone', '', 'male-police-officer-type-1-2', NULL, 'U+1F46EU+1F3FBU+200DU+2642U+FE0F', 5, 1, 1, 1, 0, 0);
INSERT INTO emoji_codepoints (emoji_codepoint_id,emoji_id,codepoint_id,sequence_index) VALUES (3633, 2023, 594, 1),(3634, 2023, 479, 2),(3635, 2023, 1183, 3),(3636, 2023, 76, 4),(3637, 2023, 1185, 5);

INSERT INTO emoji (emoji_id,emoji_version_id,emoji_name,emoji_character,emojipedia_url_ext,emojipedia_category,codepoint_string,num_codepoints,hasComponent,hasModifier,hasModifierBase,appearance_differs_flag,unicode_not_recommended) VALUES (2024, 4, 'Man Police Officer: Medium-Light Skin Tone', '', 'male-police-officer-type-3', NULL, 'U+1F46EU+1F3FCU+200DU+2642U+FE0F', 5, 1, 1, 1, 0, 0);
INSERT INTO emoji_codepoints (emoji_codepoint_id,emoji_id,codepoint_id,sequence_index) VALUES (3638, 2024, 594, 1),(3639, 2024, 480, 2),(3640, 2024, 1183, 3),(3641, 2024, 76, 4),(3642, 2024, 1185, 5);

INSERT INTO emoji (emoji_id,emoji_version_id,emoji_name,emoji_character,emojipedia_url_ext,emojipedia_category,codepoint_string,num_codepoints,hasComponent,hasModifier,hasModifierBase,appearance_differs_flag,unicode_not_recommended) VALUES (2025, 4, 'Man Police Officer: Medium Skin Tone', '', 'male-police-officer-type-4', NULL, 'U+1F46EU+1F3FDU+200DU+2642U+FE0F', 5, 1, 1, 1, 0, 0);
INSERT INTO emoji_codepoints (emoji_codepoint_id,emoji_id,codepoint_id,sequence_index) VALUES (3643, 2025, 594, 1),(3644, 2025, 481, 2),(3645, 2025, 1183, 3),(3646, 2025, 76, 4),(3647, 2025, 1185, 5);

INSERT INTO emoji (emoji_id,emoji_version_id,emoji_name,emoji_character,emojipedia_url_ext,emojipedia_category,codepoint_string,num_codepoints,hasComponent,hasModifier,hasModifierBase,appearance_differs_flag,unicode_not_recommended) VALUES (2026, 4, 'Man Police Officer: Medium-Dark Skin Tone', '', 'male-police-officer-type-5', NULL, 'U+1F46EU+1F3FEU+200DU+2642U+FE0F', 5, 1, 1, 1, 0, 0);
INSERT INTO emoji_codepoints (emoji_codepoint_id,emoji_id,codepoint_id,sequence_index) VALUES (3648, 2026, 594, 1),(3649, 2026, 482, 2),(3650, 2026, 1183, 3),(3651, 2026, 76, 4),(3652, 2026, 1185, 5);

INSERT INTO emoji (emoji_id,emoji_version_id,emoji_name,emoji_character,emojipedia_url_ext,emojipedia_category,codepoint_string,num_codepoints,hasComponent,hasModifier,hasModifierBase,appearance_differs_flag,unicode_not_recommended) VALUES (2027, 4, 'Man Police Officer: Dark Skin Tone', '', 'male-police-officer-type-6', NULL, 'U+1F46EU+1F3FFU+200DU+2642U+FE0F', 5, 1, 1, 1, 0, 0);
INSERT INTO emoji_codepoints (emoji_codepoint_id,emoji_id,codepoint_id,sequence_index) VALUES (3653, 2027, 594, 1),(3654, 2027, 483, 2),(3655, 2027, 1183, 3),(3656, 2027, 76, 4),(3657, 2027, 1185, 5);

INSERT INTO emoji (emoji_id,emoji_version_id,emoji_name,emoji_character,emojipedia_url_ext,emojipedia_category,codepoint_string,num_codepoints,hasComponent,hasModifier,hasModifierBase,appearance_differs_flag,unicode_not_recommended) VALUES (2028, 4, 'Woman Police Officer', '', 'female-police-officer', 'people', 'U+1F46EU+200DU+2640U+FE0F', 4, 1, 0, 1, 0, 0);
INSERT INTO emoji_codepoints (emoji_codepoint_id,emoji_id,codepoint_id,sequence_index) VALUES (3658, 2028, 594, 1),(3659, 2028, 1183, 2),(3660, 2028, 75, 3),(3661, 2028, 1185, 4);

INSERT INTO emoji (emoji_id,emoji_version_id,emoji_name,emoji_character,emojipedia_url_ext,emojipedia_category,codepoint_string,num_codepoints,hasComponent,hasModifier,hasModifierBase,appearance_differs_flag,unicode_not_recommended) VALUES (2029, 4, 'Woman Police Officer: Light Skin Tone', '', 'female-police-officer-type-1-2', NULL, 'U+1F46EU+1F3FBU+200DU+2640U+FE0F', 5, 1, 1, 1, 0, 0);
INSERT INTO emoji_codepoints (emoji_codepoint_id,emoji_id,codepoint_id,sequence_index) VALUES (3662, 2029, 594, 1),(3663, 2029, 479, 2),(3664, 2029, 1183, 3),(3665, 2029, 75, 4),(3666, 2029, 1185, 5);

INSERT INTO emoji (emoji_id,emoji_version_id,emoji_name,emoji_character,emojipedia_url_ext,emojipedia_category,codepoint_string,num_codepoints,hasComponent,hasModifier,hasModifierBase,appearance_differs_flag,unicode_not_recommended) VALUES (2030, 4, 'Woman Police Officer: Medium-Light Skin Tone', '', 'female-police-officer-type-3', NULL, 'U+1F46EU+1F3FCU+200DU+2640U+FE0F', 5, 1, 1, 1, 0, 0);
INSERT INTO emoji_codepoints (emoji_codepoint_id,emoji_id,codepoint_id,sequence_index) VALUES (3667, 2030, 594, 1),(3668, 2030, 480, 2),(3669, 2030, 1183, 3),(3670, 2030, 75, 4),(3671, 2030, 1185, 5);

INSERT INTO emoji (emoji_id,emoji_version_id,emoji_name,emoji_character,emojipedia_url_ext,emojipedia_category,codepoint_string,num_codepoints,hasComponent,hasModifier,hasModifierBase,appearance_differs_flag,unicode_not_recommended) VALUES (2031, 4, 'Woman Police Officer: Medium Skin Tone', '', 'female-police-officer-type-4', NULL, 'U+1F46EU+1F3FDU+200DU+2640U+FE0F', 5, 1, 1, 1, 0, 0);
INSERT INTO emoji_codepoints (emoji_codepoint_id,emoji_id,codepoint_id,sequence_index) VALUES (3672, 2031, 594, 1),(3673, 2031, 481, 2),(3674, 2031, 1183, 3),(3675, 2031, 75, 4),(3676, 2031, 1185, 5);

INSERT INTO emoji (emoji_id,emoji_version_id,emoji_name,emoji_character,emojipedia_url_ext,emojipedia_category,codepoint_string,num_codepoints,hasComponent,hasModifier,hasModifierBase,appearance_differs_flag,unicode_not_recommended) VALUES (2032, 4, 'Woman Police Officer: Medium-Dark Skin Tone', '', 'female-police-officer-type-5', NULL, 'U+1F46EU+1F3FEU+200DU+2640U+FE0F', 5, 1, 1, 1, 0, 0);
INSERT INTO emoji_codepoints (emoji_codepoint_id,emoji_id,codepoint_id,sequence_index) VALUES (3677, 2032, 594, 1),(3678, 2032, 482, 2),(3679, 2032, 1183, 3),(3680, 2032, 75, 4),(3681, 2032, 1185, 5);

INSERT INTO emoji (emoji_id,emoji_version_id,emoji_name,emoji_character,emojipedia_url_ext,emojipedia_category,codepoint_string,num_codepoints,hasComponent,hasModifier,hasModifierBase,appearance_differs_flag,unicode_not_recommended) VALUES (2033, 4, 'Woman Police Officer: Dark Skin Tone', '', 'female-police-officer-type-6', NULL, 'U+1F46EU+1F3FFU+200DU+2640U+FE0F', 5, 1, 1, 1, 0, 0);
INSERT INTO emoji_codepoints (emoji_codepoint_id,emoji_id,codepoint_id,sequence_index) VALUES (3682, 2033, 594, 1),(3683, 2033, 483, 2),(3684, 2033, 1183, 3),(3685, 2033, 75, 4),(3686, 2033, 1185, 5);

INSERT INTO emoji (emoji_id,emoji_version_id,emoji_name,emoji_character,emojipedia_url_ext,emojipedia_category,codepoint_string,num_codepoints,hasComponent,hasModifier,hasModifierBase,appearance_differs_flag,unicode_not_recommended) VALUES (2034, 4, 'Man Detective', '', 'male-sleuth', 'people', 'U+1F575U+FE0FU+200DU+2642U+FE0F', 5, 1, 0, 1, 0, 0);
INSERT INTO emoji_codepoints (emoji_codepoint_id,emoji_id,codepoint_id,sequence_index) VALUES (3687, 2034, 835, 1),(3688, 2034, 1185, 2),(3689, 2034, 1183, 3),(3690, 2034, 76, 4),(3691, 2034, 1185, 5);

INSERT INTO emoji (emoji_id,emoji_version_id,emoji_name,emoji_character,emojipedia_url_ext,emojipedia_category,codepoint_string,num_codepoints,hasComponent,hasModifier,hasModifierBase,appearance_differs_flag,unicode_not_recommended) VALUES (2035, 4, 'Man Detective: Light Skin Tone', '', 'male-sleuth-type-1-2', NULL, 'U+1F575U+1F3FBU+200DU+2642U+FE0F', 5, 1, 1, 1, 0, 0);
INSERT INTO emoji_codepoints (emoji_codepoint_id,emoji_id,codepoint_id,sequence_index) VALUES (3692, 2035, 835, 1),(3693, 2035, 479, 2),(3694, 2035, 1183, 3),(3695, 2035, 76, 4),(3696, 2035, 1185, 5);

INSERT INTO emoji (emoji_id,emoji_version_id,emoji_name,emoji_character,emojipedia_url_ext,emojipedia_category,codepoint_string,num_codepoints,hasComponent,hasModifier,hasModifierBase,appearance_differs_flag,unicode_not_recommended) VALUES (2036, 4, 'Man Detective: Medium-Light Skin Tone', '', 'male-sleuth-type-3', NULL, 'U+1F575U+1F3FCU+200DU+2642U+FE0F', 5, 1, 1, 1, 0, 0);
INSERT INTO emoji_codepoints (emoji_codepoint_id,emoji_id,codepoint_id,sequence_index) VALUES (3697, 2036, 835, 1),(3698, 2036, 480, 2),(3699, 2036, 1183, 3),(3700, 2036, 76, 4),(3701, 2036, 1185, 5);

INSERT INTO emoji (emoji_id,emoji_version_id,emoji_name,emoji_character,emojipedia_url_ext,emojipedia_category,codepoint_string,num_codepoints,hasComponent,hasModifier,hasModifierBase,appearance_differs_flag,unicode_not_recommended) VALUES (2037, 4, 'Man Detective: Medium Skin Tone', '', 'male-sleuth-type-4', NULL, 'U+1F575U+1F3FDU+200DU+2642U+FE0F', 5, 1, 1, 1, 0, 0);
INSERT INTO emoji_codepoints (emoji_codepoint_id,emoji_id,codepoint_id,sequence_index) VALUES (3702, 2037, 835, 1),(3703, 2037, 481, 2),(3704, 2037, 1183, 3),(3705, 2037, 76, 4),(3706, 2037, 1185, 5);

INSERT INTO emoji (emoji_id,emoji_version_id,emoji_name,emoji_character,emojipedia_url_ext,emojipedia_category,codepoint_string,num_codepoints,hasComponent,hasModifier,hasModifierBase,appearance_differs_flag,unicode_not_recommended) VALUES (2038, 4, 'Man Detective: Medium-Dark Skin Tone', '', 'male-sleuth-type-5', NULL, 'U+1F575U+1F3FEU+200DU+2642U+FE0F', 5, 1, 1, 1, 0, 0);
INSERT INTO emoji_codepoints (emoji_codepoint_id,emoji_id,codepoint_id,sequence_index) VALUES (3707, 2038, 835, 1),(3708, 2038, 482, 2),(3709, 2038, 1183, 3),(3710, 2038, 76, 4),(3711, 2038, 1185, 5);

INSERT INTO emoji (emoji_id,emoji_version_id,emoji_name,emoji_character,emojipedia_url_ext,emojipedia_category,codepoint_string,num_codepoints,hasComponent,hasModifier,hasModifierBase,appearance_differs_flag,unicode_not_recommended) VALUES (2039, 4, 'Man Detective: Dark Skin Tone', '', 'male-sleuth-type-6', NULL, 'U+1F575U+1F3FFU+200DU+2642U+FE0F', 5, 1, 1, 1, 0, 0);
INSERT INTO emoji_codepoints (emoji_codepoint_id,emoji_id,codepoint_id,sequence_index) VALUES (3712, 2039, 835, 1),(3713, 2039, 483, 2),(3714, 2039, 1183, 3),(3715, 2039, 76, 4),(3716, 2039, 1185, 5);

INSERT INTO emoji (emoji_id,emoji_version_id,emoji_name,emoji_character,emojipedia_url_ext,emojipedia_category,codepoint_string,num_codepoints,hasComponent,hasModifier,hasModifierBase,appearance_differs_flag,unicode_not_recommended) VALUES (2040, 4, 'Woman Detective', '', 'female-sleuth', 'people', 'U+1F575U+FE0FU+200DU+2640U+FE0F', 5, 1, 0, 1, 0, 0);
INSERT INTO emoji_codepoints (emoji_codepoint_id,emoji_id,codepoint_id,sequence_index) VALUES (3717, 2040, 835, 1),(3718, 2040, 1185, 2),(3719, 2040, 1183, 3),(3720, 2040, 75, 4),(3721, 2040, 1185, 5);

INSERT INTO emoji (emoji_id,emoji_version_id,emoji_name,emoji_character,emojipedia_url_ext,emojipedia_category,codepoint_string,num_codepoints,hasComponent,hasModifier,hasModifierBase,appearance_differs_flag,unicode_not_recommended) VALUES (2041, 4, 'Woman Detective: Light Skin Tone', '', 'female-sleuth-type-1-2', NULL, 'U+1F575U+1F3FBU+200DU+2640U+FE0F', 5, 1, 1, 1, 0, 0);
INSERT INTO emoji_codepoints (emoji_codepoint_id,emoji_id,codepoint_id,sequence_index) VALUES (3722, 2041, 835, 1),(3723, 2041, 479, 2),(3724, 2041, 1183, 3),(3725, 2041, 75, 4),(3726, 2041, 1185, 5);

INSERT INTO emoji (emoji_id,emoji_version_id,emoji_name,emoji_character,emojipedia_url_ext,emojipedia_category,codepoint_string,num_codepoints,hasComponent,hasModifier,hasModifierBase,appearance_differs_flag,unicode_not_recommended) VALUES (2042, 4, 'Woman Detective: Medium-Light Skin Tone', '', 'female-sleuth-type-3', NULL, 'U+1F575U+1F3FCU+200DU+2640U+FE0F', 5, 1, 1, 1, 0, 0);
INSERT INTO emoji_codepoints (emoji_codepoint_id,emoji_id,codepoint_id,sequence_index) VALUES (3727, 2042, 835, 1),(3728, 2042, 480, 2),(3729, 2042, 1183, 3),(3730, 2042, 75, 4),(3731, 2042, 1185, 5);

INSERT INTO emoji (emoji_id,emoji_version_id,emoji_name,emoji_character,emojipedia_url_ext,emojipedia_category,codepoint_string,num_codepoints,hasComponent,hasModifier,hasModifierBase,appearance_differs_flag,unicode_not_recommended) VALUES (2043, 4, 'Woman Detective: Medium Skin Tone', '', 'female-sleuth-type-4', NULL, 'U+1F575U+1F3FDU+200DU+2640U+FE0F', 5, 1, 1, 1, 0, 0);
INSERT INTO emoji_codepoints (emoji_codepoint_id,emoji_id,codepoint_id,sequence_index) VALUES (3732, 2043, 835, 1),(3733, 2043, 481, 2),(3734, 2043, 1183, 3),(3735, 2043, 75, 4),(3736, 2043, 1185, 5);

INSERT INTO emoji (emoji_id,emoji_version_id,emoji_name,emoji_character,emojipedia_url_ext,emojipedia_category,codepoint_string,num_codepoints,hasComponent,hasModifier,hasModifierBase,appearance_differs_flag,unicode_not_recommended) VALUES (2044, 4, 'Woman Detective: Medium-Dark Skin Tone', '', 'female-sleuth-type-5', NULL, 'U+1F575U+1F3FEU+200DU+2640U+FE0F', 5, 1, 1, 1, 0, 0);
INSERT INTO emoji_codepoints (emoji_codepoint_id,emoji_id,codepoint_id,sequence_index) VALUES (3737, 2044, 835, 1),(3738, 2044, 482, 2),(3739, 2044, 1183, 3),(3740, 2044, 75, 4),(3741, 2044, 1185, 5);

INSERT INTO emoji (emoji_id,emoji_version_id,emoji_name,emoji_character,emojipedia_url_ext,emojipedia_category,codepoint_string,num_codepoints,hasComponent,hasModifier,hasModifierBase,appearance_differs_flag,unicode_not_recommended) VALUES (2045, 4, 'Woman Detective: Dark Skin Tone', '', 'female-sleuth-type-6', NULL, 'U+1F575U+1F3FFU+200DU+2640U+FE0F', 5, 1, 1, 1, 0, 0);
INSERT INTO emoji_codepoints (emoji_codepoint_id,emoji_id,codepoint_id,sequence_index) VALUES (3742, 2045, 835, 1),(3743, 2045, 483, 2),(3744, 2045, 1183, 3),(3745, 2045, 75, 4),(3746, 2045, 1185, 5);

INSERT INTO emoji (emoji_id,emoji_version_id,emoji_name,emoji_character,emojipedia_url_ext,emojipedia_category,codepoint_string,num_codepoints,hasComponent,hasModifier,hasModifierBase,appearance_differs_flag,unicode_not_recommended) VALUES (2046, 4, 'Man Guard', '', 'male-guard', 'people', 'U+1F482U+200DU+2642U+FE0F', 4, 1, 0, 1, 0, 0);
INSERT INTO emoji_codepoints (emoji_codepoint_id,emoji_id,codepoint_id,sequence_index) VALUES (3747, 2046, 614, 1),(3748, 2046, 1183, 2),(3749, 2046, 76, 3),(3750, 2046, 1185, 4);

INSERT INTO emoji (emoji_id,emoji_version_id,emoji_name,emoji_character,emojipedia_url_ext,emojipedia_category,codepoint_string,num_codepoints,hasComponent,hasModifier,hasModifierBase,appearance_differs_flag,unicode_not_recommended) VALUES (2047, 4, 'Man Guard: Light Skin Tone', '', 'male-guard-type-1-2', NULL, 'U+1F482U+1F3FBU+200DU+2642U+FE0F', 5, 1, 1, 1, 0, 0);
INSERT INTO emoji_codepoints (emoji_codepoint_id,emoji_id,codepoint_id,sequence_index) VALUES (3751, 2047, 614, 1),(3752, 2047, 479, 2),(3753, 2047, 1183, 3),(3754, 2047, 76, 4),(3755, 2047, 1185, 5);

INSERT INTO emoji (emoji_id,emoji_version_id,emoji_name,emoji_character,emojipedia_url_ext,emojipedia_category,codepoint_string,num_codepoints,hasComponent,hasModifier,hasModifierBase,appearance_differs_flag,unicode_not_recommended) VALUES (2048, 4, 'Man Guard: Medium-Light Skin Tone', '', 'male-guard-type-3', NULL, 'U+1F482U+1F3FCU+200DU+2642U+FE0F', 5, 1, 1, 1, 0, 0);
INSERT INTO emoji_codepoints (emoji_codepoint_id,emoji_id,codepoint_id,sequence_index) VALUES (3756, 2048, 614, 1),(3757, 2048, 480, 2),(3758, 2048, 1183, 3),(3759, 2048, 76, 4),(3760, 2048, 1185, 5);

INSERT INTO emoji (emoji_id,emoji_version_id,emoji_name,emoji_character,emojipedia_url_ext,emojipedia_category,codepoint_string,num_codepoints,hasComponent,hasModifier,hasModifierBase,appearance_differs_flag,unicode_not_recommended) VALUES (2049, 4, 'Man Guard: Medium Skin Tone', '', 'male-guard-type-4', NULL, 'U+1F482U+1F3FDU+200DU+2642U+FE0F', 5, 1, 1, 1, 0, 0);
INSERT INTO emoji_codepoints (emoji_codepoint_id,emoji_id,codepoint_id,sequence_index) VALUES (3761, 2049, 614, 1),(3762, 2049, 481, 2),(3763, 2049, 1183, 3),(3764, 2049, 76, 4),(3765, 2049, 1185, 5);

INSERT INTO emoji (emoji_id,emoji_version_id,emoji_name,emoji_character,emojipedia_url_ext,emojipedia_category,codepoint_string,num_codepoints,hasComponent,hasModifier,hasModifierBase,appearance_differs_flag,unicode_not_recommended) VALUES (2050, 4, 'Man Guard: Medium-Dark Skin Tone', '', 'male-guard-type-5', NULL, 'U+1F482U+1F3FEU+200DU+2642U+FE0F', 5, 1, 1, 1, 0, 0);
INSERT INTO emoji_codepoints (emoji_codepoint_id,emoji_id,codepoint_id,sequence_index) VALUES (3766, 2050, 614, 1),(3767, 2050, 482, 2),(3768, 2050, 1183, 3),(3769, 2050, 76, 4),(3770, 2050, 1185, 5);

INSERT INTO emoji (emoji_id,emoji_version_id,emoji_name,emoji_character,emojipedia_url_ext,emojipedia_category,codepoint_string,num_codepoints,hasComponent,hasModifier,hasModifierBase,appearance_differs_flag,unicode_not_recommended) VALUES (2051, 4, 'Man Guard: Dark Skin Tone', '', 'male-guard-type-6', NULL, 'U+1F482U+1F3FFU+200DU+2642U+FE0F', 5, 1, 1, 1, 0, 0);
INSERT INTO emoji_codepoints (emoji_codepoint_id,emoji_id,codepoint_id,sequence_index) VALUES (3771, 2051, 614, 1),(3772, 2051, 483, 2),(3773, 2051, 1183, 3),(3774, 2051, 76, 4),(3775, 2051, 1185, 5);

INSERT INTO emoji (emoji_id,emoji_version_id,emoji_name,emoji_character,emojipedia_url_ext,emojipedia_category,codepoint_string,num_codepoints,hasComponent,hasModifier,hasModifierBase,appearance_differs_flag,unicode_not_recommended) VALUES (2052, 4, 'Woman Guard', '', 'female-guard', 'people', 'U+1F482U+200DU+2640U+FE0F', 4, 1, 0, 1, 0, 0);
INSERT INTO emoji_codepoints (emoji_codepoint_id,emoji_id,codepoint_id,sequence_index) VALUES (3776, 2052, 614, 1),(3777, 2052, 1183, 2),(3778, 2052, 75, 3),(3779, 2052, 1185, 4);

INSERT INTO emoji (emoji_id,emoji_version_id,emoji_name,emoji_character,emojipedia_url_ext,emojipedia_category,codepoint_string,num_codepoints,hasComponent,hasModifier,hasModifierBase,appearance_differs_flag,unicode_not_recommended) VALUES (2053, 4, 'Woman Guard: Light Skin Tone', '', 'female-guard-type-1-2', NULL, 'U+1F482U+1F3FBU+200DU+2640U+FE0F', 5, 1, 1, 1, 0, 0);
INSERT INTO emoji_codepoints (emoji_codepoint_id,emoji_id,codepoint_id,sequence_index) VALUES (3780, 2053, 614, 1),(3781, 2053, 479, 2),(3782, 2053, 1183, 3),(3783, 2053, 75, 4),(3784, 2053, 1185, 5);

INSERT INTO emoji (emoji_id,emoji_version_id,emoji_name,emoji_character,emojipedia_url_ext,emojipedia_category,codepoint_string,num_codepoints,hasComponent,hasModifier,hasModifierBase,appearance_differs_flag,unicode_not_recommended) VALUES (2054, 4, 'Woman Guard: Medium-Light Skin Tone', '', 'female-guard-type-3', NULL, 'U+1F482U+1F3FCU+200DU+2640U+FE0F', 5, 1, 1, 1, 0, 0);
INSERT INTO emoji_codepoints (emoji_codepoint_id,emoji_id,codepoint_id,sequence_index) VALUES (3785, 2054, 614, 1),(3786, 2054, 480, 2),(3787, 2054, 1183, 3),(3788, 2054, 75, 4),(3789, 2054, 1185, 5);

INSERT INTO emoji (emoji_id,emoji_version_id,emoji_name,emoji_character,emojipedia_url_ext,emojipedia_category,codepoint_string,num_codepoints,hasComponent,hasModifier,hasModifierBase,appearance_differs_flag,unicode_not_recommended) VALUES (2055, 4, 'Woman Guard: Medium Skin Tone', '', 'female-guard-type-4', NULL, 'U+1F482U+1F3FDU+200DU+2640U+FE0F', 5, 1, 1, 1, 0, 0);
INSERT INTO emoji_codepoints (emoji_codepoint_id,emoji_id,codepoint_id,sequence_index) VALUES (3790, 2055, 614, 1),(3791, 2055, 481, 2),(3792, 2055, 1183, 3),(3793, 2055, 75, 4),(3794, 2055, 1185, 5);

INSERT INTO emoji (emoji_id,emoji_version_id,emoji_name,emoji_character,emojipedia_url_ext,emojipedia_category,codepoint_string,num_codepoints,hasComponent,hasModifier,hasModifierBase,appearance_differs_flag,unicode_not_recommended) VALUES (2056, 4, 'Woman Guard: Medium-Dark Skin Tone', '', 'female-guard-type-5', NULL, 'U+1F482U+1F3FEU+200DU+2640U+FE0F', 5, 1, 1, 1, 0, 0);
INSERT INTO emoji_codepoints (emoji_codepoint_id,emoji_id,codepoint_id,sequence_index) VALUES (3795, 2056, 614, 1),(3796, 2056, 482, 2),(3797, 2056, 1183, 3),(3798, 2056, 75, 4),(3799, 2056, 1185, 5);

INSERT INTO emoji (emoji_id,emoji_version_id,emoji_name,emoji_character,emojipedia_url_ext,emojipedia_category,codepoint_string,num_codepoints,hasComponent,hasModifier,hasModifierBase,appearance_differs_flag,unicode_not_recommended) VALUES (2057, 4, 'Woman Guard: Dark Skin Tone', '', 'female-guard-type-6', NULL, 'U+1F482U+1F3FFU+200DU+2640U+FE0F', 5, 1, 1, 1, 0, 0);
INSERT INTO emoji_codepoints (emoji_codepoint_id,emoji_id,codepoint_id,sequence_index) VALUES (3800, 2057, 614, 1),(3801, 2057, 483, 2),(3802, 2057, 1183, 3),(3803, 2057, 75, 4),(3804, 2057, 1185, 5);

INSERT INTO emoji (emoji_id,emoji_version_id,emoji_name,emoji_character,emojipedia_url_ext,emojipedia_category,codepoint_string,num_codepoints,hasComponent,hasModifier,hasModifierBase,appearance_differs_flag,unicode_not_recommended) VALUES (2058, 4, 'Man Construction Worker', '', 'male-construction-worker', 'people', 'U+1F477U+200DU+2642U+FE0F', 4, 1, 0, 1, 0, 0);
INSERT INTO emoji_codepoints (emoji_codepoint_id,emoji_id,codepoint_id,sequence_index) VALUES (3805, 2058, 603, 1),(3806, 2058, 1183, 2),(3807, 2058, 76, 3),(3808, 2058, 1185, 4);

INSERT INTO emoji (emoji_id,emoji_version_id,emoji_name,emoji_character,emojipedia_url_ext,emojipedia_category,codepoint_string,num_codepoints,hasComponent,hasModifier,hasModifierBase,appearance_differs_flag,unicode_not_recommended) VALUES (2059, 4, 'Man Construction Worker: Light Skin Tone', '', 'male-construction-worker-type-1-2', NULL, 'U+1F477U+1F3FBU+200DU+2642U+FE0F', 5, 1, 1, 1, 0, 0);
INSERT INTO emoji_codepoints (emoji_codepoint_id,emoji_id,codepoint_id,sequence_index) VALUES (3809, 2059, 603, 1),(3810, 2059, 479, 2),(3811, 2059, 1183, 3),(3812, 2059, 76, 4),(3813, 2059, 1185, 5);

INSERT INTO emoji (emoji_id,emoji_version_id,emoji_name,emoji_character,emojipedia_url_ext,emojipedia_category,codepoint_string,num_codepoints,hasComponent,hasModifier,hasModifierBase,appearance_differs_flag,unicode_not_recommended) VALUES (2060, 4, 'Man Construction Worker: Medium-Light Skin Tone', '', 'male-construction-worker-type-3', NULL, 'U+1F477U+1F3FCU+200DU+2642U+FE0F', 5, 1, 1, 1, 0, 0);
INSERT INTO emoji_codepoints (emoji_codepoint_id,emoji_id,codepoint_id,sequence_index) VALUES (3814, 2060, 603, 1),(3815, 2060, 480, 2),(3816, 2060, 1183, 3),(3817, 2060, 76, 4),(3818, 2060, 1185, 5);

INSERT INTO emoji (emoji_id,emoji_version_id,emoji_name,emoji_character,emojipedia_url_ext,emojipedia_category,codepoint_string,num_codepoints,hasComponent,hasModifier,hasModifierBase,appearance_differs_flag,unicode_not_recommended) VALUES (2061, 4, 'Man Construction Worker: Medium Skin Tone', '', 'male-construction-worker-type-4', NULL, 'U+1F477U+1F3FDU+200DU+2642U+FE0F', 5, 1, 1, 1, 0, 0);
INSERT INTO emoji_codepoints (emoji_codepoint_id,emoji_id,codepoint_id,sequence_index) VALUES (3819, 2061, 603, 1),(3820, 2061, 481, 2),(3821, 2061, 1183, 3),(3822, 2061, 76, 4),(3823, 2061, 1185, 5);

INSERT INTO emoji (emoji_id,emoji_version_id,emoji_name,emoji_character,emojipedia_url_ext,emojipedia_category,codepoint_string,num_codepoints,hasComponent,hasModifier,hasModifierBase,appearance_differs_flag,unicode_not_recommended) VALUES (2062, 4, 'Man Construction Worker: Medium-Dark Skin Tone', '', 'male-construction-worker-type-5', NULL, 'U+1F477U+1F3FEU+200DU+2642U+FE0F', 5, 1, 1, 1, 0, 0);
INSERT INTO emoji_codepoints (emoji_codepoint_id,emoji_id,codepoint_id,sequence_index) VALUES (3824, 2062, 603, 1),(3825, 2062, 482, 2),(3826, 2062, 1183, 3),(3827, 2062, 76, 4),(3828, 2062, 1185, 5);

INSERT INTO emoji (emoji_id,emoji_version_id,emoji_name,emoji_character,emojipedia_url_ext,emojipedia_category,codepoint_string,num_codepoints,hasComponent,hasModifier,hasModifierBase,appearance_differs_flag,unicode_not_recommended) VALUES (2063, 4, 'Man Construction Worker: Dark Skin Tone', '', 'male-construction-worker-type-6', NULL, 'U+1F477U+1F3FFU+200DU+2642U+FE0F', 5, 1, 1, 1, 0, 0);
INSERT INTO emoji_codepoints (emoji_codepoint_id,emoji_id,codepoint_id,sequence_index) VALUES (3829, 2063, 603, 1),(3830, 2063, 483, 2),(3831, 2063, 1183, 3),(3832, 2063, 76, 4),(3833, 2063, 1185, 5);

INSERT INTO emoji (emoji_id,emoji_version_id,emoji_name,emoji_character,emojipedia_url_ext,emojipedia_category,codepoint_string,num_codepoints,hasComponent,hasModifier,hasModifierBase,appearance_differs_flag,unicode_not_recommended) VALUES (2064, 4, 'Woman Construction Worker', '', 'female-construction-worker', 'people', 'U+1F477U+200DU+2640U+FE0F', 4, 1, 0, 1, 0, 0);
INSERT INTO emoji_codepoints (emoji_codepoint_id,emoji_id,codepoint_id,sequence_index) VALUES (3834, 2064, 603, 1),(3835, 2064, 1183, 2),(3836, 2064, 75, 3),(3837, 2064, 1185, 4);

INSERT INTO emoji (emoji_id,emoji_version_id,emoji_name,emoji_character,emojipedia_url_ext,emojipedia_category,codepoint_string,num_codepoints,hasComponent,hasModifier,hasModifierBase,appearance_differs_flag,unicode_not_recommended) VALUES (2065, 4, 'Woman Construction Worker: Light Skin Tone', '', 'female-construction-worker-type-1-2', NULL, 'U+1F477U+1F3FBU+200DU+2640U+FE0F', 5, 1, 1, 1, 0, 0);
INSERT INTO emoji_codepoints (emoji_codepoint_id,emoji_id,codepoint_id,sequence_index) VALUES (3838, 2065, 603, 1),(3839, 2065, 479, 2),(3840, 2065, 1183, 3),(3841, 2065, 75, 4),(3842, 2065, 1185, 5);

INSERT INTO emoji (emoji_id,emoji_version_id,emoji_name,emoji_character,emojipedia_url_ext,emojipedia_category,codepoint_string,num_codepoints,hasComponent,hasModifier,hasModifierBase,appearance_differs_flag,unicode_not_recommended) VALUES (2066, 4, 'Woman Construction Worker: Medium-Light Skin Tone', '', 'female-construction-worker-type-3', NULL, 'U+1F477U+1F3FCU+200DU+2640U+FE0F', 5, 1, 1, 1, 0, 0);
INSERT INTO emoji_codepoints (emoji_codepoint_id,emoji_id,codepoint_id,sequence_index) VALUES (3843, 2066, 603, 1),(3844, 2066, 480, 2),(3845, 2066, 1183, 3),(3846, 2066, 75, 4),(3847, 2066, 1185, 5);

INSERT INTO emoji (emoji_id,emoji_version_id,emoji_name,emoji_character,emojipedia_url_ext,emojipedia_category,codepoint_string,num_codepoints,hasComponent,hasModifier,hasModifierBase,appearance_differs_flag,unicode_not_recommended) VALUES (2067, 4, 'Woman Construction Worker: Medium Skin Tone', '', 'female-construction-worker-type-4', NULL, 'U+1F477U+1F3FDU+200DU+2640U+FE0F', 5, 1, 1, 1, 0, 0);
INSERT INTO emoji_codepoints (emoji_codepoint_id,emoji_id,codepoint_id,sequence_index) VALUES (3848, 2067, 603, 1),(3849, 2067, 481, 2),(3850, 2067, 1183, 3),(3851, 2067, 75, 4),(3852, 2067, 1185, 5);

INSERT INTO emoji (emoji_id,emoji_version_id,emoji_name,emoji_character,emojipedia_url_ext,emojipedia_category,codepoint_string,num_codepoints,hasComponent,hasModifier,hasModifierBase,appearance_differs_flag,unicode_not_recommended) VALUES (2068, 4, 'Woman Construction Worker: Medium-Dark Skin Tone', '', 'female-construction-worker-type-5', NULL, 'U+1F477U+1F3FEU+200DU+2640U+FE0F', 5, 1, 1, 1, 0, 0);
INSERT INTO emoji_codepoints (emoji_codepoint_id,emoji_id,codepoint_id,sequence_index) VALUES (3853, 2068, 603, 1),(3854, 2068, 482, 2),(3855, 2068, 1183, 3),(3856, 2068, 75, 4),(3857, 2068, 1185, 5);

INSERT INTO emoji (emoji_id,emoji_version_id,emoji_name,emoji_character,emojipedia_url_ext,emojipedia_category,codepoint_string,num_codepoints,hasComponent,hasModifier,hasModifierBase,appearance_differs_flag,unicode_not_recommended) VALUES (2069, 4, 'Woman Construction Worker: Dark Skin Tone', '', 'female-construction-worker-type-6', NULL, 'U+1F477U+1F3FFU+200DU+2640U+FE0F', 5, 1, 1, 1, 0, 0);
INSERT INTO emoji_codepoints (emoji_codepoint_id,emoji_id,codepoint_id,sequence_index) VALUES (3858, 2069, 603, 1),(3859, 2069, 483, 2),(3860, 2069, 1183, 3),(3861, 2069, 75, 4),(3862, 2069, 1185, 5);

INSERT INTO emoji (emoji_id,emoji_version_id,emoji_name,emoji_character,emojipedia_url_ext,emojipedia_category,codepoint_string,num_codepoints,hasComponent,hasModifier,hasModifierBase,appearance_differs_flag,unicode_not_recommended) VALUES (2070, 4, 'Man Wearing Turban', '', 'man-wearing-turban', 'people', 'U+1F473U+200DU+2642U+FE0F', 4, 1, 0, 1, 0, 0);
INSERT INTO emoji_codepoints (emoji_codepoint_id,emoji_id,codepoint_id,sequence_index) VALUES (3863, 2070, 599, 1),(3864, 2070, 1183, 2),(3865, 2070, 76, 3),(3866, 2070, 1185, 4);

INSERT INTO emoji (emoji_id,emoji_version_id,emoji_name,emoji_character,emojipedia_url_ext,emojipedia_category,codepoint_string,num_codepoints,hasComponent,hasModifier,hasModifierBase,appearance_differs_flag,unicode_not_recommended) VALUES (2071, 4, 'Man Wearing Turban: Light Skin Tone', '', 'man-wearing-turban-type-1-2', NULL, 'U+1F473U+1F3FBU+200DU+2642U+FE0F', 5, 1, 1, 1, 0, 0);
INSERT INTO emoji_codepoints (emoji_codepoint_id,emoji_id,codepoint_id,sequence_index) VALUES (3867, 2071, 599, 1),(3868, 2071, 479, 2),(3869, 2071, 1183, 3),(3870, 2071, 76, 4),(3871, 2071, 1185, 5);

INSERT INTO emoji (emoji_id,emoji_version_id,emoji_name,emoji_character,emojipedia_url_ext,emojipedia_category,codepoint_string,num_codepoints,hasComponent,hasModifier,hasModifierBase,appearance_differs_flag,unicode_not_recommended) VALUES (2072, 4, 'Man Wearing Turban: Medium-Light Skin Tone', '', 'man-wearing-turban-type-3', NULL, 'U+1F473U+1F3FCU+200DU+2642U+FE0F', 5, 1, 1, 1, 0, 0);
INSERT INTO emoji_codepoints (emoji_codepoint_id,emoji_id,codepoint_id,sequence_index) VALUES (3872, 2072, 599, 1),(3873, 2072, 480, 2),(3874, 2072, 1183, 3),(3875, 2072, 76, 4),(3876, 2072, 1185, 5);

INSERT INTO emoji (emoji_id,emoji_version_id,emoji_name,emoji_character,emojipedia_url_ext,emojipedia_category,codepoint_string,num_codepoints,hasComponent,hasModifier,hasModifierBase,appearance_differs_flag,unicode_not_recommended) VALUES (2073, 4, 'Man Wearing Turban: Medium Skin Tone', '', 'man-wearing-turban-type-4', NULL, 'U+1F473U+1F3FDU+200DU+2642U+FE0F', 5, 1, 1, 1, 0, 0);
INSERT INTO emoji_codepoints (emoji_codepoint_id,emoji_id,codepoint_id,sequence_index) VALUES (3877, 2073, 599, 1),(3878, 2073, 481, 2),(3879, 2073, 1183, 3),(3880, 2073, 76, 4),(3881, 2073, 1185, 5);

INSERT INTO emoji (emoji_id,emoji_version_id,emoji_name,emoji_character,emojipedia_url_ext,emojipedia_category,codepoint_string,num_codepoints,hasComponent,hasModifier,hasModifierBase,appearance_differs_flag,unicode_not_recommended) VALUES (2074, 4, 'Man Wearing Turban: Medium-Dark Skin Tone', '', 'man-wearing-turban-type-5', NULL, 'U+1F473U+1F3FEU+200DU+2642U+FE0F', 5, 1, 1, 1, 0, 0);
INSERT INTO emoji_codepoints (emoji_codepoint_id,emoji_id,codepoint_id,sequence_index) VALUES (3882, 2074, 599, 1),(3883, 2074, 482, 2),(3884, 2074, 1183, 3),(3885, 2074, 76, 4),(3886, 2074, 1185, 5);

INSERT INTO emoji (emoji_id,emoji_version_id,emoji_name,emoji_character,emojipedia_url_ext,emojipedia_category,codepoint_string,num_codepoints,hasComponent,hasModifier,hasModifierBase,appearance_differs_flag,unicode_not_recommended) VALUES (2075, 4, 'Man Wearing Turban: Dark Skin Tone', '', 'man-wearing-turban-type-6', NULL, 'U+1F473U+1F3FFU+200DU+2642U+FE0F', 5, 1, 1, 1, 0, 0);
INSERT INTO emoji_codepoints (emoji_codepoint_id,emoji_id,codepoint_id,sequence_index) VALUES (3887, 2075, 599, 1),(3888, 2075, 483, 2),(3889, 2075, 1183, 3),(3890, 2075, 76, 4),(3891, 2075, 1185, 5);

INSERT INTO emoji (emoji_id,emoji_version_id,emoji_name,emoji_character,emojipedia_url_ext,emojipedia_category,codepoint_string,num_codepoints,hasComponent,hasModifier,hasModifierBase,appearance_differs_flag,unicode_not_recommended) VALUES (2076, 4, 'Woman Wearing Turban', '', 'woman-wearing-turban', 'people', 'U+1F473U+200DU+2640U+FE0F', 4, 1, 0, 1, 0, 0);
INSERT INTO emoji_codepoints (emoji_codepoint_id,emoji_id,codepoint_id,sequence_index) VALUES (3892, 2076, 599, 1),(3893, 2076, 1183, 2),(3894, 2076, 75, 3),(3895, 2076, 1185, 4);

INSERT INTO emoji (emoji_id,emoji_version_id,emoji_name,emoji_character,emojipedia_url_ext,emojipedia_category,codepoint_string,num_codepoints,hasComponent,hasModifier,hasModifierBase,appearance_differs_flag,unicode_not_recommended) VALUES (2077, 4, 'Woman Wearing Turban: Light Skin Tone', '', 'woman-wearing-turban-type-1-2', NULL, 'U+1F473U+1F3FBU+200DU+2640U+FE0F', 5, 1, 1, 1, 0, 0);
INSERT INTO emoji_codepoints (emoji_codepoint_id,emoji_id,codepoint_id,sequence_index) VALUES (3896, 2077, 599, 1),(3897, 2077, 479, 2),(3898, 2077, 1183, 3),(3899, 2077, 75, 4),(3900, 2077, 1185, 5);

INSERT INTO emoji (emoji_id,emoji_version_id,emoji_name,emoji_character,emojipedia_url_ext,emojipedia_category,codepoint_string,num_codepoints,hasComponent,hasModifier,hasModifierBase,appearance_differs_flag,unicode_not_recommended) VALUES (2078, 4, 'Woman Wearing Turban: Medium-Light Skin Tone', '', 'woman-wearing-turban-type-3', NULL, 'U+1F473U+1F3FCU+200DU+2640U+FE0F', 5, 1, 1, 1, 0, 0);
INSERT INTO emoji_codepoints (emoji_codepoint_id,emoji_id,codepoint_id,sequence_index) VALUES (3901, 2078, 599, 1),(3902, 2078, 480, 2),(3903, 2078, 1183, 3),(3904, 2078, 75, 4),(3905, 2078, 1185, 5);

INSERT INTO emoji (emoji_id,emoji_version_id,emoji_name,emoji_character,emojipedia_url_ext,emojipedia_category,codepoint_string,num_codepoints,hasComponent,hasModifier,hasModifierBase,appearance_differs_flag,unicode_not_recommended) VALUES (2079, 4, 'Woman Wearing Turban: Medium Skin Tone', '', 'woman-wearing-turban-type-4', NULL, 'U+1F473U+1F3FDU+200DU+2640U+FE0F', 5, 1, 1, 1, 0, 0);
INSERT INTO emoji_codepoints (emoji_codepoint_id,emoji_id,codepoint_id,sequence_index) VALUES (3906, 2079, 599, 1),(3907, 2079, 481, 2),(3908, 2079, 1183, 3),(3909, 2079, 75, 4),(3910, 2079, 1185, 5);

INSERT INTO emoji (emoji_id,emoji_version_id,emoji_name,emoji_character,emojipedia_url_ext,emojipedia_category,codepoint_string,num_codepoints,hasComponent,hasModifier,hasModifierBase,appearance_differs_flag,unicode_not_recommended) VALUES (2080, 4, 'Woman Wearing Turban: Medium-Dark Skin Tone', '', 'woman-wearing-turban-type-5', NULL, 'U+1F473U+1F3FEU+200DU+2640U+FE0F', 5, 1, 1, 1, 0, 0);
INSERT INTO emoji_codepoints (emoji_codepoint_id,emoji_id,codepoint_id,sequence_index) VALUES (3911, 2080, 599, 1),(3912, 2080, 482, 2),(3913, 2080, 1183, 3),(3914, 2080, 75, 4),(3915, 2080, 1185, 5);

INSERT INTO emoji (emoji_id,emoji_version_id,emoji_name,emoji_character,emojipedia_url_ext,emojipedia_category,codepoint_string,num_codepoints,hasComponent,hasModifier,hasModifierBase,appearance_differs_flag,unicode_not_recommended) VALUES (2081, 4, 'Woman Wearing Turban: Dark Skin Tone', '', 'woman-wearing-turban-type-6', NULL, 'U+1F473U+1F3FFU+200DU+2640U+FE0F', 5, 1, 1, 1, 0, 0);
INSERT INTO emoji_codepoints (emoji_codepoint_id,emoji_id,codepoint_id,sequence_index) VALUES (3916, 2081, 599, 1),(3917, 2081, 483, 2),(3918, 2081, 1183, 3),(3919, 2081, 75, 4),(3920, 2081, 1185, 5);

INSERT INTO emoji (emoji_id,emoji_version_id,emoji_name,emoji_character,emojipedia_url_ext,emojipedia_category,codepoint_string,num_codepoints,hasComponent,hasModifier,hasModifierBase,appearance_differs_flag,unicode_not_recommended) VALUES (2082, 4, 'Blond-Haired Man', '', 'blond-man', 'people', 'U+1F471U+200DU+2642U+FE0F', 4, 1, 0, 1, 0, 0);
INSERT INTO emoji_codepoints (emoji_codepoint_id,emoji_id,codepoint_id,sequence_index) VALUES (3921, 2082, 597, 1),(3922, 2082, 1183, 2),(3923, 2082, 76, 3),(3924, 2082, 1185, 4);

INSERT INTO emoji (emoji_id,emoji_version_id,emoji_name,emoji_character,emojipedia_url_ext,emojipedia_category,codepoint_string,num_codepoints,hasComponent,hasModifier,hasModifierBase,appearance_differs_flag,unicode_not_recommended) VALUES (2083, 4, 'Blond-Haired Man: Light Skin Tone', '', 'blond-man-type-1-2', NULL, 'U+1F471U+1F3FBU+200DU+2642U+FE0F', 5, 1, 1, 1, 0, 0);
INSERT INTO emoji_codepoints (emoji_codepoint_id,emoji_id,codepoint_id,sequence_index) VALUES (3925, 2083, 597, 1),(3926, 2083, 479, 2),(3927, 2083, 1183, 3),(3928, 2083, 76, 4),(3929, 2083, 1185, 5);

INSERT INTO emoji (emoji_id,emoji_version_id,emoji_name,emoji_character,emojipedia_url_ext,emojipedia_category,codepoint_string,num_codepoints,hasComponent,hasModifier,hasModifierBase,appearance_differs_flag,unicode_not_recommended) VALUES (2084, 4, 'Blond-Haired Man: Medium-Light Skin Tone', '', 'blond-man-type-3', NULL, 'U+1F471U+1F3FCU+200DU+2642U+FE0F', 5, 1, 1, 1, 0, 0);
INSERT INTO emoji_codepoints (emoji_codepoint_id,emoji_id,codepoint_id,sequence_index) VALUES (3930, 2084, 597, 1),(3931, 2084, 480, 2),(3932, 2084, 1183, 3),(3933, 2084, 76, 4),(3934, 2084, 1185, 5);

INSERT INTO emoji (emoji_id,emoji_version_id,emoji_name,emoji_character,emojipedia_url_ext,emojipedia_category,codepoint_string,num_codepoints,hasComponent,hasModifier,hasModifierBase,appearance_differs_flag,unicode_not_recommended) VALUES (2085, 4, 'Blond-Haired Man: Medium Skin Tone', '', 'blond-man-type-4', NULL, 'U+1F471U+1F3FDU+200DU+2642U+FE0F', 5, 1, 1, 1, 0, 0);
INSERT INTO emoji_codepoints (emoji_codepoint_id,emoji_id,codepoint_id,sequence_index) VALUES (3935, 2085, 597, 1),(3936, 2085, 481, 2),(3937, 2085, 1183, 3),(3938, 2085, 76, 4),(3939, 2085, 1185, 5);

INSERT INTO emoji (emoji_id,emoji_version_id,emoji_name,emoji_character,emojipedia_url_ext,emojipedia_category,codepoint_string,num_codepoints,hasComponent,hasModifier,hasModifierBase,appearance_differs_flag,unicode_not_recommended) VALUES (2086, 4, 'Blond-Haired Man: Medium-Dark Skin Tone', '', 'blond-man-type-5', NULL, 'U+1F471U+1F3FEU+200DU+2642U+FE0F', 5, 1, 1, 1, 0, 0);
INSERT INTO emoji_codepoints (emoji_codepoint_id,emoji_id,codepoint_id,sequence_index) VALUES (3940, 2086, 597, 1),(3941, 2086, 482, 2),(3942, 2086, 1183, 3),(3943, 2086, 76, 4),(3944, 2086, 1185, 5);

INSERT INTO emoji (emoji_id,emoji_version_id,emoji_name,emoji_character,emojipedia_url_ext,emojipedia_category,codepoint_string,num_codepoints,hasComponent,hasModifier,hasModifierBase,appearance_differs_flag,unicode_not_recommended) VALUES (2087, 4, 'Blond-Haired Man: Dark Skin Tone', '', 'blond-man-type-6', NULL, 'U+1F471U+1F3FFU+200DU+2642U+FE0F', 5, 1, 1, 1, 0, 0);
INSERT INTO emoji_codepoints (emoji_codepoint_id,emoji_id,codepoint_id,sequence_index) VALUES (3945, 2087, 597, 1),(3946, 2087, 483, 2),(3947, 2087, 1183, 3),(3948, 2087, 76, 4),(3949, 2087, 1185, 5);

INSERT INTO emoji (emoji_id,emoji_version_id,emoji_name,emoji_character,emojipedia_url_ext,emojipedia_category,codepoint_string,num_codepoints,hasComponent,hasModifier,hasModifierBase,appearance_differs_flag,unicode_not_recommended) VALUES (2088, 4, 'Blond-Haired Woman', '', 'blonde-woman', 'people', 'U+1F471U+200DU+2640U+FE0F', 4, 1, 0, 1, 0, 0);
INSERT INTO emoji_codepoints (emoji_codepoint_id,emoji_id,codepoint_id,sequence_index) VALUES (3950, 2088, 597, 1),(3951, 2088, 1183, 2),(3952, 2088, 75, 3),(3953, 2088, 1185, 4);

INSERT INTO emoji (emoji_id,emoji_version_id,emoji_name,emoji_character,emojipedia_url_ext,emojipedia_category,codepoint_string,num_codepoints,hasComponent,hasModifier,hasModifierBase,appearance_differs_flag,unicode_not_recommended) VALUES (2089, 4, 'Blond-Haired Woman: Light Skin Tone', '', 'blonde-woman-type-1-2', NULL, 'U+1F471U+1F3FBU+200DU+2640U+FE0F', 5, 1, 1, 1, 0, 0);
INSERT INTO emoji_codepoints (emoji_codepoint_id,emoji_id,codepoint_id,sequence_index) VALUES (3954, 2089, 597, 1),(3955, 2089, 479, 2),(3956, 2089, 1183, 3),(3957, 2089, 75, 4),(3958, 2089, 1185, 5);

INSERT INTO emoji (emoji_id,emoji_version_id,emoji_name,emoji_character,emojipedia_url_ext,emojipedia_category,codepoint_string,num_codepoints,hasComponent,hasModifier,hasModifierBase,appearance_differs_flag,unicode_not_recommended) VALUES (2090, 4, 'Blond-Haired Woman: Medium-Light Skin Tone', '', 'blonde-woman-type-3', NULL, 'U+1F471U+1F3FCU+200DU+2640U+FE0F', 5, 1, 1, 1, 0, 0);
INSERT INTO emoji_codepoints (emoji_codepoint_id,emoji_id,codepoint_id,sequence_index) VALUES (3959, 2090, 597, 1),(3960, 2090, 480, 2),(3961, 2090, 1183, 3),(3962, 2090, 75, 4),(3963, 2090, 1185, 5);

INSERT INTO emoji (emoji_id,emoji_version_id,emoji_name,emoji_character,emojipedia_url_ext,emojipedia_category,codepoint_string,num_codepoints,hasComponent,hasModifier,hasModifierBase,appearance_differs_flag,unicode_not_recommended) VALUES (2091, 4, 'Blond-Haired Woman: Medium Skin Tone', '', 'blonde-woman-type-4', NULL, 'U+1F471U+1F3FDU+200DU+2640U+FE0F', 5, 1, 1, 1, 0, 0);
INSERT INTO emoji_codepoints (emoji_codepoint_id,emoji_id,codepoint_id,sequence_index) VALUES (3964, 2091, 597, 1),(3965, 2091, 481, 2),(3966, 2091, 1183, 3),(3967, 2091, 75, 4),(3968, 2091, 1185, 5);

INSERT INTO emoji (emoji_id,emoji_version_id,emoji_name,emoji_character,emojipedia_url_ext,emojipedia_category,codepoint_string,num_codepoints,hasComponent,hasModifier,hasModifierBase,appearance_differs_flag,unicode_not_recommended) VALUES (2092, 4, 'Blond-Haired Woman: Medium-Dark Skin Tone', '', 'blonde-woman-type-5', NULL, 'U+1F471U+1F3FEU+200DU+2640U+FE0F', 5, 1, 1, 1, 0, 0);
INSERT INTO emoji_codepoints (emoji_codepoint_id,emoji_id,codepoint_id,sequence_index) VALUES (3969, 2092, 597, 1),(3970, 2092, 482, 2),(3971, 2092, 1183, 3),(3972, 2092, 75, 4),(3973, 2092, 1185, 5);

INSERT INTO emoji (emoji_id,emoji_version_id,emoji_name,emoji_character,emojipedia_url_ext,emojipedia_category,codepoint_string,num_codepoints,hasComponent,hasModifier,hasModifierBase,appearance_differs_flag,unicode_not_recommended) VALUES (2093, 4, 'Blond-Haired Woman: Dark Skin Tone', '', 'blonde-woman-type-6', NULL, 'U+1F471U+1F3FFU+200DU+2640U+FE0F', 5, 1, 1, 1, 0, 0);
INSERT INTO emoji_codepoints (emoji_codepoint_id,emoji_id,codepoint_id,sequence_index) VALUES (3974, 2093, 597, 1),(3975, 2093, 483, 2),(3976, 2093, 1183, 3),(3977, 2093, 75, 4),(3978, 2093, 1185, 5);

INSERT INTO emoji (emoji_id,emoji_version_id,emoji_name,emoji_character,emojipedia_url_ext,emojipedia_category,codepoint_string,num_codepoints,hasComponent,hasModifier,hasModifierBase,appearance_differs_flag,unicode_not_recommended) VALUES (2094, 4, 'Men With Bunny Ears Partying, Type-1-2', '', 'men-with-bunny-ears-partying-type-1-2', NULL, 'U+1F46FU+1F3FBU+200DU+2642U+FE0F', 5, 1, 1, 0, 0, 0);
INSERT INTO emoji_codepoints (emoji_codepoint_id,emoji_id,codepoint_id,sequence_index) VALUES (3979, 2094, 595, 1),(3980, 2094, 479, 2),(3981, 2094, 1183, 3),(3982, 2094, 76, 4),(3983, 2094, 1185, 5);

INSERT INTO emoji (emoji_id,emoji_version_id,emoji_name,emoji_character,emojipedia_url_ext,emojipedia_category,codepoint_string,num_codepoints,hasComponent,hasModifier,hasModifierBase,appearance_differs_flag,unicode_not_recommended) VALUES (2095, 4, 'Men With Bunny Ears Partying, Type-3', '', 'men-with-bunny-ears-partying-type-3', NULL, 'U+1F46FU+1F3FCU+200DU+2642U+FE0F', 5, 1, 1, 0, 0, 0);
INSERT INTO emoji_codepoints (emoji_codepoint_id,emoji_id,codepoint_id,sequence_index) VALUES (3984, 2095, 595, 1),(3985, 2095, 480, 2),(3986, 2095, 1183, 3),(3987, 2095, 76, 4),(3988, 2095, 1185, 5);

INSERT INTO emoji (emoji_id,emoji_version_id,emoji_name,emoji_character,emojipedia_url_ext,emojipedia_category,codepoint_string,num_codepoints,hasComponent,hasModifier,hasModifierBase,appearance_differs_flag,unicode_not_recommended) VALUES (2096, 4, 'Men With Bunny Ears Partying, Type-4', '', 'men-with-bunny-ears-partying-type-4', NULL, 'U+1F46FU+1F3FDU+200DU+2642U+FE0F', 5, 1, 1, 0, 0, 0);
INSERT INTO emoji_codepoints (emoji_codepoint_id,emoji_id,codepoint_id,sequence_index) VALUES (3989, 2096, 595, 1),(3990, 2096, 481, 2),(3991, 2096, 1183, 3),(3992, 2096, 76, 4),(3993, 2096, 1185, 5);

INSERT INTO emoji (emoji_id,emoji_version_id,emoji_name,emoji_character,emojipedia_url_ext,emojipedia_category,codepoint_string,num_codepoints,hasComponent,hasModifier,hasModifierBase,appearance_differs_flag,unicode_not_recommended) VALUES (2097, 4, 'Men With Bunny Ears Partying, Type-5', '', 'men-with-bunny-ears-partying-type-5', NULL, 'U+1F46FU+1F3FEU+200DU+2642U+FE0F', 5, 1, 1, 0, 0, 0);
INSERT INTO emoji_codepoints (emoji_codepoint_id,emoji_id,codepoint_id,sequence_index) VALUES (3994, 2097, 595, 1),(3995, 2097, 482, 2),(3996, 2097, 1183, 3),(3997, 2097, 76, 4),(3998, 2097, 1185, 5);

INSERT INTO emoji (emoji_id,emoji_version_id,emoji_name,emoji_character,emojipedia_url_ext,emojipedia_category,codepoint_string,num_codepoints,hasComponent,hasModifier,hasModifierBase,appearance_differs_flag,unicode_not_recommended) VALUES (2098, 4, 'Men With Bunny Ears Partying, Type-6', '', 'men-with-bunny-ears-partying-type-6', NULL, 'U+1F46FU+1F3FFU+200DU+2642U+FE0F', 5, 1, 1, 0, 0, 0);
INSERT INTO emoji_codepoints (emoji_codepoint_id,emoji_id,codepoint_id,sequence_index) VALUES (3999, 2098, 595, 1),(4000, 2098, 483, 2),(4001, 2098, 1183, 3),(4002, 2098, 76, 4),(4003, 2098, 1185, 5);

INSERT INTO emoji (emoji_id,emoji_version_id,emoji_name,emoji_character,emojipedia_url_ext,emojipedia_category,codepoint_string,num_codepoints,hasComponent,hasModifier,hasModifierBase,appearance_differs_flag,unicode_not_recommended) VALUES (2099, 4, 'Women With Bunny Ears Partying, Type-1-2', '', 'women-with-bunny-ears-partying-type-1-2', NULL, 'U+1F46FU+1F3FBU+200DU+2640U+FE0F', 5, 1, 1, 0, 0, 0);
INSERT INTO emoji_codepoints (emoji_codepoint_id,emoji_id,codepoint_id,sequence_index) VALUES (4004, 2099, 595, 1),(4005, 2099, 479, 2),(4006, 2099, 1183, 3),(4007, 2099, 75, 4),(4008, 2099, 1185, 5);

INSERT INTO emoji (emoji_id,emoji_version_id,emoji_name,emoji_character,emojipedia_url_ext,emojipedia_category,codepoint_string,num_codepoints,hasComponent,hasModifier,hasModifierBase,appearance_differs_flag,unicode_not_recommended) VALUES (2100, 4, 'Women With Bunny Ears Partying, Type-3', '', 'women-with-bunny-ears-partying-type-3', NULL, 'U+1F46FU+1F3FCU+200DU+2640U+FE0F', 5, 1, 1, 0, 0, 0);
INSERT INTO emoji_codepoints (emoji_codepoint_id,emoji_id,codepoint_id,sequence_index) VALUES (4009, 2100, 595, 1),(4010, 2100, 480, 2),(4011, 2100, 1183, 3),(4012, 2100, 75, 4),(4013, 2100, 1185, 5);

INSERT INTO emoji (emoji_id,emoji_version_id,emoji_name,emoji_character,emojipedia_url_ext,emojipedia_category,codepoint_string,num_codepoints,hasComponent,hasModifier,hasModifierBase,appearance_differs_flag,unicode_not_recommended) VALUES (2101, 4, 'Women With Bunny Ears Partying, Type-4', '', 'women-with-bunny-ears-partying-type-4', NULL, 'U+1F46FU+1F3FDU+200DU+2640U+FE0F', 5, 1, 1, 0, 0, 0);
INSERT INTO emoji_codepoints (emoji_codepoint_id,emoji_id,codepoint_id,sequence_index) VALUES (4014, 2101, 595, 1),(4015, 2101, 481, 2),(4016, 2101, 1183, 3),(4017, 2101, 75, 4),(4018, 2101, 1185, 5);

INSERT INTO emoji (emoji_id,emoji_version_id,emoji_name,emoji_character,emojipedia_url_ext,emojipedia_category,codepoint_string,num_codepoints,hasComponent,hasModifier,hasModifierBase,appearance_differs_flag,unicode_not_recommended) VALUES (2102, 4, 'Women With Bunny Ears Partying, Type-5', '', 'women-with-bunny-ears-partying-type-5', NULL, 'U+1F46FU+1F3FEU+200DU+2640U+FE0F', 5, 1, 1, 0, 0, 0);
INSERT INTO emoji_codepoints (emoji_codepoint_id,emoji_id,codepoint_id,sequence_index) VALUES (4019, 2102, 595, 1),(4020, 2102, 482, 2),(4021, 2102, 1183, 3),(4022, 2102, 75, 4),(4023, 2102, 1185, 5);

INSERT INTO emoji (emoji_id,emoji_version_id,emoji_name,emoji_character,emojipedia_url_ext,emojipedia_category,codepoint_string,num_codepoints,hasComponent,hasModifier,hasModifierBase,appearance_differs_flag,unicode_not_recommended) VALUES (2103, 4, 'Women With Bunny Ears Partying, Type-6', '', 'women-with-bunny-ears-partying-type-6', NULL, 'U+1F46FU+1F3FFU+200DU+2640U+FE0F', 5, 1, 1, 0, 0, 0);
INSERT INTO emoji_codepoints (emoji_codepoint_id,emoji_id,codepoint_id,sequence_index) VALUES (4024, 2103, 595, 1),(4025, 2103, 483, 2),(4026, 2103, 1183, 3),(4027, 2103, 75, 4),(4028, 2103, 1185, 5);

INSERT INTO emoji (emoji_id,emoji_version_id,emoji_name,emoji_character,emojipedia_url_ext,emojipedia_category,codepoint_string,num_codepoints,hasComponent,hasModifier,hasModifierBase,appearance_differs_flag,unicode_not_recommended) VALUES (2104, 4, 'Man Frowning', '', 'man-frowning', 'people', 'U+1F64DU+200DU+2642U+FE0F', 4, 1, 0, 1, 0, 0);
INSERT INTO emoji_codepoints (emoji_codepoint_id,emoji_id,codepoint_id,sequence_index) VALUES (4029, 2104, 952, 1),(4030, 2104, 1183, 2),(4031, 2104, 76, 3),(4032, 2104, 1185, 4);

INSERT INTO emoji (emoji_id,emoji_version_id,emoji_name,emoji_character,emojipedia_url_ext,emojipedia_category,codepoint_string,num_codepoints,hasComponent,hasModifier,hasModifierBase,appearance_differs_flag,unicode_not_recommended) VALUES (2105, 4, 'Man Frowning: Light Skin Tone', '', 'man-frowning-type-1-2', NULL, 'U+1F64DU+1F3FBU+200DU+2642U+FE0F', 5, 1, 1, 1, 0, 0);
INSERT INTO emoji_codepoints (emoji_codepoint_id,emoji_id,codepoint_id,sequence_index) VALUES (4033, 2105, 952, 1),(4034, 2105, 479, 2),(4035, 2105, 1183, 3),(4036, 2105, 76, 4),(4037, 2105, 1185, 5);

INSERT INTO emoji (emoji_id,emoji_version_id,emoji_name,emoji_character,emojipedia_url_ext,emojipedia_category,codepoint_string,num_codepoints,hasComponent,hasModifier,hasModifierBase,appearance_differs_flag,unicode_not_recommended) VALUES (2106, 4, 'Man Frowning: Medium-Light Skin Tone', '', 'man-frowning-type-3', NULL, 'U+1F64DU+1F3FCU+200DU+2642U+FE0F', 5, 1, 1, 1, 0, 0);
INSERT INTO emoji_codepoints (emoji_codepoint_id,emoji_id,codepoint_id,sequence_index) VALUES (4038, 2106, 952, 1),(4039, 2106, 480, 2),(4040, 2106, 1183, 3),(4041, 2106, 76, 4),(4042, 2106, 1185, 5);

INSERT INTO emoji (emoji_id,emoji_version_id,emoji_name,emoji_character,emojipedia_url_ext,emojipedia_category,codepoint_string,num_codepoints,hasComponent,hasModifier,hasModifierBase,appearance_differs_flag,unicode_not_recommended) VALUES (2107, 4, 'Man Frowning: Medium Skin Tone', '', 'man-frowning-type-4', NULL, 'U+1F64DU+1F3FDU+200DU+2642U+FE0F', 5, 1, 1, 1, 0, 0);
INSERT INTO emoji_codepoints (emoji_codepoint_id,emoji_id,codepoint_id,sequence_index) VALUES (4043, 2107, 952, 1),(4044, 2107, 481, 2),(4045, 2107, 1183, 3),(4046, 2107, 76, 4),(4047, 2107, 1185, 5);

INSERT INTO emoji (emoji_id,emoji_version_id,emoji_name,emoji_character,emojipedia_url_ext,emojipedia_category,codepoint_string,num_codepoints,hasComponent,hasModifier,hasModifierBase,appearance_differs_flag,unicode_not_recommended) VALUES (2108, 4, 'Man Frowning: Medium-Dark Skin Tone', '', 'man-frowning-type-5', NULL, 'U+1F64DU+1F3FEU+200DU+2642U+FE0F', 5, 1, 1, 1, 0, 0);
INSERT INTO emoji_codepoints (emoji_codepoint_id,emoji_id,codepoint_id,sequence_index) VALUES (4048, 2108, 952, 1),(4049, 2108, 482, 2),(4050, 2108, 1183, 3),(4051, 2108, 76, 4),(4052, 2108, 1185, 5);

INSERT INTO emoji (emoji_id,emoji_version_id,emoji_name,emoji_character,emojipedia_url_ext,emojipedia_category,codepoint_string,num_codepoints,hasComponent,hasModifier,hasModifierBase,appearance_differs_flag,unicode_not_recommended) VALUES (2109, 4, 'Man Frowning: Dark Skin Tone', '', 'man-frowning-type-6', NULL, 'U+1F64DU+1F3FFU+200DU+2642U+FE0F', 5, 1, 1, 1, 0, 0);
INSERT INTO emoji_codepoints (emoji_codepoint_id,emoji_id,codepoint_id,sequence_index) VALUES (4053, 2109, 952, 1),(4054, 2109, 483, 2),(4055, 2109, 1183, 3),(4056, 2109, 76, 4),(4057, 2109, 1185, 5);

INSERT INTO emoji (emoji_id,emoji_version_id,emoji_name,emoji_character,emojipedia_url_ext,emojipedia_category,codepoint_string,num_codepoints,hasComponent,hasModifier,hasModifierBase,appearance_differs_flag,unicode_not_recommended) VALUES (2110, 4, 'Woman Frowning', '', 'woman-frowning', 'people', 'U+1F64DU+200DU+2640U+FE0F', 4, 1, 0, 1, 0, 0);
INSERT INTO emoji_codepoints (emoji_codepoint_id,emoji_id,codepoint_id,sequence_index) VALUES (4058, 2110, 952, 1),(4059, 2110, 1183, 2),(4060, 2110, 75, 3),(4061, 2110, 1185, 4);

INSERT INTO emoji (emoji_id,emoji_version_id,emoji_name,emoji_character,emojipedia_url_ext,emojipedia_category,codepoint_string,num_codepoints,hasComponent,hasModifier,hasModifierBase,appearance_differs_flag,unicode_not_recommended) VALUES (2111, 4, 'Woman Frowning: Light Skin Tone', '', 'woman-frowning-type-1-2', NULL, 'U+1F64DU+1F3FBU+200DU+2640U+FE0F', 5, 1, 1, 1, 0, 0);
INSERT INTO emoji_codepoints (emoji_codepoint_id,emoji_id,codepoint_id,sequence_index) VALUES (4062, 2111, 952, 1),(4063, 2111, 479, 2),(4064, 2111, 1183, 3),(4065, 2111, 75, 4),(4066, 2111, 1185, 5);

INSERT INTO emoji (emoji_id,emoji_version_id,emoji_name,emoji_character,emojipedia_url_ext,emojipedia_category,codepoint_string,num_codepoints,hasComponent,hasModifier,hasModifierBase,appearance_differs_flag,unicode_not_recommended) VALUES (2112, 4, 'Woman Frowning: Medium-Light Skin Tone', '', 'woman-frowning-type-3', NULL, 'U+1F64DU+1F3FCU+200DU+2640U+FE0F', 5, 1, 1, 1, 0, 0);
INSERT INTO emoji_codepoints (emoji_codepoint_id,emoji_id,codepoint_id,sequence_index) VALUES (4067, 2112, 952, 1),(4068, 2112, 480, 2),(4069, 2112, 1183, 3),(4070, 2112, 75, 4),(4071, 2112, 1185, 5);

INSERT INTO emoji (emoji_id,emoji_version_id,emoji_name,emoji_character,emojipedia_url_ext,emojipedia_category,codepoint_string,num_codepoints,hasComponent,hasModifier,hasModifierBase,appearance_differs_flag,unicode_not_recommended) VALUES (2113, 4, 'Woman Frowning: Medium Skin Tone', '', 'woman-frowning-type-4', NULL, 'U+1F64DU+1F3FDU+200DU+2640U+FE0F', 5, 1, 1, 1, 0, 0);
INSERT INTO emoji_codepoints (emoji_codepoint_id,emoji_id,codepoint_id,sequence_index) VALUES (4072, 2113, 952, 1),(4073, 2113, 481, 2),(4074, 2113, 1183, 3),(4075, 2113, 75, 4),(4076, 2113, 1185, 5);

INSERT INTO emoji (emoji_id,emoji_version_id,emoji_name,emoji_character,emojipedia_url_ext,emojipedia_category,codepoint_string,num_codepoints,hasComponent,hasModifier,hasModifierBase,appearance_differs_flag,unicode_not_recommended) VALUES (2114, 4, 'Woman Frowning: Medium-Dark Skin Tone', '', 'woman-frowning-type-5', NULL, 'U+1F64DU+1F3FEU+200DU+2640U+FE0F', 5, 1, 1, 1, 0, 0);
INSERT INTO emoji_codepoints (emoji_codepoint_id,emoji_id,codepoint_id,sequence_index) VALUES (4077, 2114, 952, 1),(4078, 2114, 482, 2),(4079, 2114, 1183, 3),(4080, 2114, 75, 4),(4081, 2114, 1185, 5);

INSERT INTO emoji (emoji_id,emoji_version_id,emoji_name,emoji_character,emojipedia_url_ext,emojipedia_category,codepoint_string,num_codepoints,hasComponent,hasModifier,hasModifierBase,appearance_differs_flag,unicode_not_recommended) VALUES (2115, 4, 'Woman Frowning: Dark Skin Tone', '', 'woman-frowning-type-6', NULL, 'U+1F64DU+1F3FFU+200DU+2640U+FE0F', 5, 1, 1, 1, 0, 0);
INSERT INTO emoji_codepoints (emoji_codepoint_id,emoji_id,codepoint_id,sequence_index) VALUES (4082, 2115, 952, 1),(4083, 2115, 483, 2),(4084, 2115, 1183, 3),(4085, 2115, 75, 4),(4086, 2115, 1185, 5);

INSERT INTO emoji (emoji_id,emoji_version_id,emoji_name,emoji_character,emojipedia_url_ext,emojipedia_category,codepoint_string,num_codepoints,hasComponent,hasModifier,hasModifierBase,appearance_differs_flag,unicode_not_recommended) VALUES (2116, 4, 'Man Pouting', '', 'man-pouting', 'people', 'U+1F64EU+200DU+2642U+FE0F', 4, 1, 0, 1, 0, 0);
INSERT INTO emoji_codepoints (emoji_codepoint_id,emoji_id,codepoint_id,sequence_index) VALUES (4087, 2116, 953, 1),(4088, 2116, 1183, 2),(4089, 2116, 76, 3),(4090, 2116, 1185, 4);

INSERT INTO emoji (emoji_id,emoji_version_id,emoji_name,emoji_character,emojipedia_url_ext,emojipedia_category,codepoint_string,num_codepoints,hasComponent,hasModifier,hasModifierBase,appearance_differs_flag,unicode_not_recommended) VALUES (2117, 4, 'Man Pouting: Light Skin Tone', '', 'man-pouting-type-1-2', NULL, 'U+1F64EU+1F3FBU+200DU+2642U+FE0F', 5, 1, 1, 1, 0, 0);
INSERT INTO emoji_codepoints (emoji_codepoint_id,emoji_id,codepoint_id,sequence_index) VALUES (4091, 2117, 953, 1),(4092, 2117, 479, 2),(4093, 2117, 1183, 3),(4094, 2117, 76, 4),(4095, 2117, 1185, 5);

INSERT INTO emoji (emoji_id,emoji_version_id,emoji_name,emoji_character,emojipedia_url_ext,emojipedia_category,codepoint_string,num_codepoints,hasComponent,hasModifier,hasModifierBase,appearance_differs_flag,unicode_not_recommended) VALUES (2118, 4, 'Man Pouting: Medium-Light Skin Tone', '', 'man-pouting-type-3', NULL, 'U+1F64EU+1F3FCU+200DU+2642U+FE0F', 5, 1, 1, 1, 0, 0);
INSERT INTO emoji_codepoints (emoji_codepoint_id,emoji_id,codepoint_id,sequence_index) VALUES (4096, 2118, 953, 1),(4097, 2118, 480, 2),(4098, 2118, 1183, 3),(4099, 2118, 76, 4),(4100, 2118, 1185, 5);

INSERT INTO emoji (emoji_id,emoji_version_id,emoji_name,emoji_character,emojipedia_url_ext,emojipedia_category,codepoint_string,num_codepoints,hasComponent,hasModifier,hasModifierBase,appearance_differs_flag,unicode_not_recommended) VALUES (2119, 4, 'Man Pouting: Medium Skin Tone', '', 'man-pouting-type-4', NULL, 'U+1F64EU+1F3FDU+200DU+2642U+FE0F', 5, 1, 1, 1, 0, 0);
INSERT INTO emoji_codepoints (emoji_codepoint_id,emoji_id,codepoint_id,sequence_index) VALUES (4101, 2119, 953, 1),(4102, 2119, 481, 2),(4103, 2119, 1183, 3),(4104, 2119, 76, 4),(4105, 2119, 1185, 5);

INSERT INTO emoji (emoji_id,emoji_version_id,emoji_name,emoji_character,emojipedia_url_ext,emojipedia_category,codepoint_string,num_codepoints,hasComponent,hasModifier,hasModifierBase,appearance_differs_flag,unicode_not_recommended) VALUES (2120, 4, 'Man Pouting: Medium-Dark Skin Tone', '', 'man-pouting-type-5', NULL, 'U+1F64EU+1F3FEU+200DU+2642U+FE0F', 5, 1, 1, 1, 0, 0);
INSERT INTO emoji_codepoints (emoji_codepoint_id,emoji_id,codepoint_id,sequence_index) VALUES (4106, 2120, 953, 1),(4107, 2120, 482, 2),(4108, 2120, 1183, 3),(4109, 2120, 76, 4),(4110, 2120, 1185, 5);

INSERT INTO emoji (emoji_id,emoji_version_id,emoji_name,emoji_character,emojipedia_url_ext,emojipedia_category,codepoint_string,num_codepoints,hasComponent,hasModifier,hasModifierBase,appearance_differs_flag,unicode_not_recommended) VALUES (2121, 4, 'Man Pouting: Dark Skin Tone', '', 'man-pouting-type-6', NULL, 'U+1F64EU+1F3FFU+200DU+2642U+FE0F', 5, 1, 1, 1, 0, 0);
INSERT INTO emoji_codepoints (emoji_codepoint_id,emoji_id,codepoint_id,sequence_index) VALUES (4111, 2121, 953, 1),(4112, 2121, 483, 2),(4113, 2121, 1183, 3),(4114, 2121, 76, 4),(4115, 2121, 1185, 5);

INSERT INTO emoji (emoji_id,emoji_version_id,emoji_name,emoji_character,emojipedia_url_ext,emojipedia_category,codepoint_string,num_codepoints,hasComponent,hasModifier,hasModifierBase,appearance_differs_flag,unicode_not_recommended) VALUES (2122, 4, 'Woman Pouting', '', 'woman-pouting', 'people', 'U+1F64EU+200DU+2640U+FE0F', 4, 1, 0, 1, 0, 0);
INSERT INTO emoji_codepoints (emoji_codepoint_id,emoji_id,codepoint_id,sequence_index) VALUES (4116, 2122, 953, 1),(4117, 2122, 1183, 2),(4118, 2122, 75, 3),(4119, 2122, 1185, 4);

INSERT INTO emoji (emoji_id,emoji_version_id,emoji_name,emoji_character,emojipedia_url_ext,emojipedia_category,codepoint_string,num_codepoints,hasComponent,hasModifier,hasModifierBase,appearance_differs_flag,unicode_not_recommended) VALUES (2123, 4, 'Woman Pouting: Light Skin Tone', '', 'woman-pouting-type-1-2', NULL, 'U+1F64EU+1F3FBU+200DU+2640U+FE0F', 5, 1, 1, 1, 0, 0);
INSERT INTO emoji_codepoints (emoji_codepoint_id,emoji_id,codepoint_id,sequence_index) VALUES (4120, 2123, 953, 1),(4121, 2123, 479, 2),(4122, 2123, 1183, 3),(4123, 2123, 75, 4),(4124, 2123, 1185, 5);

INSERT INTO emoji (emoji_id,emoji_version_id,emoji_name,emoji_character,emojipedia_url_ext,emojipedia_category,codepoint_string,num_codepoints,hasComponent,hasModifier,hasModifierBase,appearance_differs_flag,unicode_not_recommended) VALUES (2124, 4, 'Woman Pouting: Medium-Light Skin Tone', '', 'woman-pouting-type-3', NULL, 'U+1F64EU+1F3FCU+200DU+2640U+FE0F', 5, 1, 1, 1, 0, 0);
INSERT INTO emoji_codepoints (emoji_codepoint_id,emoji_id,codepoint_id,sequence_index) VALUES (4125, 2124, 953, 1),(4126, 2124, 480, 2),(4127, 2124, 1183, 3),(4128, 2124, 75, 4),(4129, 2124, 1185, 5);

INSERT INTO emoji (emoji_id,emoji_version_id,emoji_name,emoji_character,emojipedia_url_ext,emojipedia_category,codepoint_string,num_codepoints,hasComponent,hasModifier,hasModifierBase,appearance_differs_flag,unicode_not_recommended) VALUES (2125, 4, 'Woman Pouting: Medium Skin Tone', '', 'woman-pouting-type-4', NULL, 'U+1F64EU+1F3FDU+200DU+2640U+FE0F', 5, 1, 1, 1, 0, 0);
INSERT INTO emoji_codepoints (emoji_codepoint_id,emoji_id,codepoint_id,sequence_index) VALUES (4130, 2125, 953, 1),(4131, 2125, 481, 2),(4132, 2125, 1183, 3),(4133, 2125, 75, 4),(4134, 2125, 1185, 5);

INSERT INTO emoji (emoji_id,emoji_version_id,emoji_name,emoji_character,emojipedia_url_ext,emojipedia_category,codepoint_string,num_codepoints,hasComponent,hasModifier,hasModifierBase,appearance_differs_flag,unicode_not_recommended) VALUES (2126, 4, 'Woman Pouting: Medium-Dark Skin Tone', '', 'woman-pouting-type-5', NULL, 'U+1F64EU+1F3FEU+200DU+2640U+FE0F', 5, 1, 1, 1, 0, 0);
INSERT INTO emoji_codepoints (emoji_codepoint_id,emoji_id,codepoint_id,sequence_index) VALUES (4135, 2126, 953, 1),(4136, 2126, 482, 2),(4137, 2126, 1183, 3),(4138, 2126, 75, 4),(4139, 2126, 1185, 5);

INSERT INTO emoji (emoji_id,emoji_version_id,emoji_name,emoji_character,emojipedia_url_ext,emojipedia_category,codepoint_string,num_codepoints,hasComponent,hasModifier,hasModifierBase,appearance_differs_flag,unicode_not_recommended) VALUES (2127, 4, 'Woman Pouting: Dark Skin Tone', '', 'woman-pouting-type-6', NULL, 'U+1F64EU+1F3FFU+200DU+2640U+FE0F', 5, 1, 1, 1, 0, 0);
INSERT INTO emoji_codepoints (emoji_codepoint_id,emoji_id,codepoint_id,sequence_index) VALUES (4140, 2127, 953, 1),(4141, 2127, 483, 2),(4142, 2127, 1183, 3),(4143, 2127, 75, 4),(4144, 2127, 1185, 5);

INSERT INTO emoji (emoji_id,emoji_version_id,emoji_name,emoji_character,emojipedia_url_ext,emojipedia_category,codepoint_string,num_codepoints,hasComponent,hasModifier,hasModifierBase,appearance_differs_flag,unicode_not_recommended) VALUES (2128, 4, 'Man Gesturing No', '', 'man-gesturing-not-ok', 'people', 'U+1F645U+200DU+2642U+FE0F', 4, 1, 0, 1, 0, 0);
INSERT INTO emoji_codepoints (emoji_codepoint_id,emoji_id,codepoint_id,sequence_index) VALUES (4145, 2128, 944, 1),(4146, 2128, 1183, 2),(4147, 2128, 76, 3),(4148, 2128, 1185, 4);

INSERT INTO emoji (emoji_id,emoji_version_id,emoji_name,emoji_character,emojipedia_url_ext,emojipedia_category,codepoint_string,num_codepoints,hasComponent,hasModifier,hasModifierBase,appearance_differs_flag,unicode_not_recommended) VALUES (2129, 4, 'Man Gesturing No: Light Skin Tone', '', 'man-gesturing-not-ok-type-1-2', NULL, 'U+1F645U+1F3FBU+200DU+2642U+FE0F', 5, 1, 1, 1, 0, 0);
INSERT INTO emoji_codepoints (emoji_codepoint_id,emoji_id,codepoint_id,sequence_index) VALUES (4149, 2129, 944, 1),(4150, 2129, 479, 2),(4151, 2129, 1183, 3),(4152, 2129, 76, 4),(4153, 2129, 1185, 5);

INSERT INTO emoji (emoji_id,emoji_version_id,emoji_name,emoji_character,emojipedia_url_ext,emojipedia_category,codepoint_string,num_codepoints,hasComponent,hasModifier,hasModifierBase,appearance_differs_flag,unicode_not_recommended) VALUES (2130, 4, 'Man Gesturing No: Medium-Light Skin Tone', '', 'man-gesturing-not-ok-type-3', NULL, 'U+1F645U+1F3FCU+200DU+2642U+FE0F', 5, 1, 1, 1, 0, 0);
INSERT INTO emoji_codepoints (emoji_codepoint_id,emoji_id,codepoint_id,sequence_index) VALUES (4154, 2130, 944, 1),(4155, 2130, 480, 2),(4156, 2130, 1183, 3),(4157, 2130, 76, 4),(4158, 2130, 1185, 5);

INSERT INTO emoji (emoji_id,emoji_version_id,emoji_name,emoji_character,emojipedia_url_ext,emojipedia_category,codepoint_string,num_codepoints,hasComponent,hasModifier,hasModifierBase,appearance_differs_flag,unicode_not_recommended) VALUES (2131, 4, 'Man Gesturing No: Medium Skin Tone', '', 'man-gesturing-not-ok-type-4', NULL, 'U+1F645U+1F3FDU+200DU+2642U+FE0F', 5, 1, 1, 1, 0, 0);
INSERT INTO emoji_codepoints (emoji_codepoint_id,emoji_id,codepoint_id,sequence_index) VALUES (4159, 2131, 944, 1),(4160, 2131, 481, 2),(4161, 2131, 1183, 3),(4162, 2131, 76, 4),(4163, 2131, 1185, 5);

INSERT INTO emoji (emoji_id,emoji_version_id,emoji_name,emoji_character,emojipedia_url_ext,emojipedia_category,codepoint_string,num_codepoints,hasComponent,hasModifier,hasModifierBase,appearance_differs_flag,unicode_not_recommended) VALUES (2132, 4, 'Man Gesturing No: Medium-Dark Skin Tone', '', 'man-gesturing-not-ok-type-5', NULL, 'U+1F645U+1F3FEU+200DU+2642U+FE0F', 5, 1, 1, 1, 0, 0);
INSERT INTO emoji_codepoints (emoji_codepoint_id,emoji_id,codepoint_id,sequence_index) VALUES (4164, 2132, 944, 1),(4165, 2132, 482, 2),(4166, 2132, 1183, 3),(4167, 2132, 76, 4),(4168, 2132, 1185, 5);

INSERT INTO emoji (emoji_id,emoji_version_id,emoji_name,emoji_character,emojipedia_url_ext,emojipedia_category,codepoint_string,num_codepoints,hasComponent,hasModifier,hasModifierBase,appearance_differs_flag,unicode_not_recommended) VALUES (2133, 4, 'Man Gesturing No: Dark Skin Tone', '', 'man-gesturing-not-ok-type-6', NULL, 'U+1F645U+1F3FFU+200DU+2642U+FE0F', 5, 1, 1, 1, 0, 0);
INSERT INTO emoji_codepoints (emoji_codepoint_id,emoji_id,codepoint_id,sequence_index) VALUES (4169, 2133, 944, 1),(4170, 2133, 483, 2),(4171, 2133, 1183, 3),(4172, 2133, 76, 4),(4173, 2133, 1185, 5);

INSERT INTO emoji (emoji_id,emoji_version_id,emoji_name,emoji_character,emojipedia_url_ext,emojipedia_category,codepoint_string,num_codepoints,hasComponent,hasModifier,hasModifierBase,appearance_differs_flag,unicode_not_recommended) VALUES (2134, 4, 'Woman Gesturing No', '', 'woman-gesturing-not-ok', 'people', 'U+1F645U+200DU+2640U+FE0F', 4, 1, 0, 1, 0, 0);
INSERT INTO emoji_codepoints (emoji_codepoint_id,emoji_id,codepoint_id,sequence_index) VALUES (4174, 2134, 944, 1),(4175, 2134, 1183, 2),(4176, 2134, 75, 3),(4177, 2134, 1185, 4);

INSERT INTO emoji (emoji_id,emoji_version_id,emoji_name,emoji_character,emojipedia_url_ext,emojipedia_category,codepoint_string,num_codepoints,hasComponent,hasModifier,hasModifierBase,appearance_differs_flag,unicode_not_recommended) VALUES (2135, 4, 'Woman Gesturing No: Light Skin Tone', '', 'woman-gesturing-not-ok-type-1-2', NULL, 'U+1F645U+1F3FBU+200DU+2640U+FE0F', 5, 1, 1, 1, 0, 0);
INSERT INTO emoji_codepoints (emoji_codepoint_id,emoji_id,codepoint_id,sequence_index) VALUES (4178, 2135, 944, 1),(4179, 2135, 479, 2),(4180, 2135, 1183, 3),(4181, 2135, 75, 4),(4182, 2135, 1185, 5);

INSERT INTO emoji (emoji_id,emoji_version_id,emoji_name,emoji_character,emojipedia_url_ext,emojipedia_category,codepoint_string,num_codepoints,hasComponent,hasModifier,hasModifierBase,appearance_differs_flag,unicode_not_recommended) VALUES (2136, 4, 'Woman Gesturing No: Medium-Light Skin Tone', '', 'woman-gesturing-not-ok-type-3', NULL, 'U+1F645U+1F3FCU+200DU+2640U+FE0F', 5, 1, 1, 1, 0, 0);
INSERT INTO emoji_codepoints (emoji_codepoint_id,emoji_id,codepoint_id,sequence_index) VALUES (4183, 2136, 944, 1),(4184, 2136, 480, 2),(4185, 2136, 1183, 3),(4186, 2136, 75, 4),(4187, 2136, 1185, 5);

INSERT INTO emoji (emoji_id,emoji_version_id,emoji_name,emoji_character,emojipedia_url_ext,emojipedia_category,codepoint_string,num_codepoints,hasComponent,hasModifier,hasModifierBase,appearance_differs_flag,unicode_not_recommended) VALUES (2137, 4, 'Woman Gesturing No: Medium Skin Tone', '', 'woman-gesturing-not-ok-type-4', NULL, 'U+1F645U+1F3FDU+200DU+2640U+FE0F', 5, 1, 1, 1, 0, 0);
INSERT INTO emoji_codepoints (emoji_codepoint_id,emoji_id,codepoint_id,sequence_index) VALUES (4188, 2137, 944, 1),(4189, 2137, 481, 2),(4190, 2137, 1183, 3),(4191, 2137, 75, 4),(4192, 2137, 1185, 5);

INSERT INTO emoji (emoji_id,emoji_version_id,emoji_name,emoji_character,emojipedia_url_ext,emojipedia_category,codepoint_string,num_codepoints,hasComponent,hasModifier,hasModifierBase,appearance_differs_flag,unicode_not_recommended) VALUES (2138, 4, 'Woman Gesturing No: Medium-Dark Skin Tone', '', 'woman-gesturing-not-ok-type-5', NULL, 'U+1F645U+1F3FEU+200DU+2640U+FE0F', 5, 1, 1, 1, 0, 0);
INSERT INTO emoji_codepoints (emoji_codepoint_id,emoji_id,codepoint_id,sequence_index) VALUES (4193, 2138, 944, 1),(4194, 2138, 482, 2),(4195, 2138, 1183, 3),(4196, 2138, 75, 4),(4197, 2138, 1185, 5);

INSERT INTO emoji (emoji_id,emoji_version_id,emoji_name,emoji_character,emojipedia_url_ext,emojipedia_category,codepoint_string,num_codepoints,hasComponent,hasModifier,hasModifierBase,appearance_differs_flag,unicode_not_recommended) VALUES (2139, 4, 'Woman Gesturing No: Dark Skin Tone', '', 'woman-gesturing-not-ok-type-6', NULL, 'U+1F645U+1F3FFU+200DU+2640U+FE0F', 5, 1, 1, 1, 0, 0);
INSERT INTO emoji_codepoints (emoji_codepoint_id,emoji_id,codepoint_id,sequence_index) VALUES (4198, 2139, 944, 1),(4199, 2139, 483, 2),(4200, 2139, 1183, 3),(4201, 2139, 75, 4),(4202, 2139, 1185, 5);

INSERT INTO emoji (emoji_id,emoji_version_id,emoji_name,emoji_character,emojipedia_url_ext,emojipedia_category,codepoint_string,num_codepoints,hasComponent,hasModifier,hasModifierBase,appearance_differs_flag,unicode_not_recommended) VALUES (2140, 4, 'Man Gesturing OK', '', 'man-gesturing-ok', 'people', 'U+1F646U+200DU+2642U+FE0F', 4, 1, 0, 1, 0, 0);
INSERT INTO emoji_codepoints (emoji_codepoint_id,emoji_id,codepoint_id,sequence_index) VALUES (4203, 2140, 945, 1),(4204, 2140, 1183, 2),(4205, 2140, 76, 3),(4206, 2140, 1185, 4);

INSERT INTO emoji (emoji_id,emoji_version_id,emoji_name,emoji_character,emojipedia_url_ext,emojipedia_category,codepoint_string,num_codepoints,hasComponent,hasModifier,hasModifierBase,appearance_differs_flag,unicode_not_recommended) VALUES (2141, 4, 'Man Gesturing OK: Light Skin Tone', '', 'man-gesturing-ok-type-1-2', NULL, 'U+1F646U+1F3FBU+200DU+2642U+FE0F', 5, 1, 1, 1, 0, 0);
INSERT INTO emoji_codepoints (emoji_codepoint_id,emoji_id,codepoint_id,sequence_index) VALUES (4207, 2141, 945, 1),(4208, 2141, 479, 2),(4209, 2141, 1183, 3),(4210, 2141, 76, 4),(4211, 2141, 1185, 5);

INSERT INTO emoji (emoji_id,emoji_version_id,emoji_name,emoji_character,emojipedia_url_ext,emojipedia_category,codepoint_string,num_codepoints,hasComponent,hasModifier,hasModifierBase,appearance_differs_flag,unicode_not_recommended) VALUES (2142, 4, 'Man Gesturing OK: Medium-Light Skin Tone', '', 'man-gesturing-ok-type-3', NULL, 'U+1F646U+1F3FCU+200DU+2642U+FE0F', 5, 1, 1, 1, 0, 0);
INSERT INTO emoji_codepoints (emoji_codepoint_id,emoji_id,codepoint_id,sequence_index) VALUES (4212, 2142, 945, 1),(4213, 2142, 480, 2),(4214, 2142, 1183, 3),(4215, 2142, 76, 4),(4216, 2142, 1185, 5);

INSERT INTO emoji (emoji_id,emoji_version_id,emoji_name,emoji_character,emojipedia_url_ext,emojipedia_category,codepoint_string,num_codepoints,hasComponent,hasModifier,hasModifierBase,appearance_differs_flag,unicode_not_recommended) VALUES (2143, 4, 'Man Gesturing OK: Medium Skin Tone', '', 'man-gesturing-ok-type-4', NULL, 'U+1F646U+1F3FDU+200DU+2642U+FE0F', 5, 1, 1, 1, 0, 0);
INSERT INTO emoji_codepoints (emoji_codepoint_id,emoji_id,codepoint_id,sequence_index) VALUES (4217, 2143, 945, 1),(4218, 2143, 481, 2),(4219, 2143, 1183, 3),(4220, 2143, 76, 4),(4221, 2143, 1185, 5);

INSERT INTO emoji (emoji_id,emoji_version_id,emoji_name,emoji_character,emojipedia_url_ext,emojipedia_category,codepoint_string,num_codepoints,hasComponent,hasModifier,hasModifierBase,appearance_differs_flag,unicode_not_recommended) VALUES (2144, 4, 'Man Gesturing OK: Medium-Dark Skin Tone', '', 'man-gesturing-ok-type-5', NULL, 'U+1F646U+1F3FEU+200DU+2642U+FE0F', 5, 1, 1, 1, 0, 0);
INSERT INTO emoji_codepoints (emoji_codepoint_id,emoji_id,codepoint_id,sequence_index) VALUES (4222, 2144, 945, 1),(4223, 2144, 482, 2),(4224, 2144, 1183, 3),(4225, 2144, 76, 4),(4226, 2144, 1185, 5);

INSERT INTO emoji (emoji_id,emoji_version_id,emoji_name,emoji_character,emojipedia_url_ext,emojipedia_category,codepoint_string,num_codepoints,hasComponent,hasModifier,hasModifierBase,appearance_differs_flag,unicode_not_recommended) VALUES (2145, 4, 'Man Gesturing OK: Dark Skin Tone', '', 'man-gesturing-ok-type-6', NULL, 'U+1F646U+1F3FFU+200DU+2642U+FE0F', 5, 1, 1, 1, 0, 0);
INSERT INTO emoji_codepoints (emoji_codepoint_id,emoji_id,codepoint_id,sequence_index) VALUES (4227, 2145, 945, 1),(4228, 2145, 483, 2),(4229, 2145, 1183, 3),(4230, 2145, 76, 4),(4231, 2145, 1185, 5);

INSERT INTO emoji (emoji_id,emoji_version_id,emoji_name,emoji_character,emojipedia_url_ext,emojipedia_category,codepoint_string,num_codepoints,hasComponent,hasModifier,hasModifierBase,appearance_differs_flag,unicode_not_recommended) VALUES (2146, 4, 'Woman Gesturing OK', '', 'woman-gesturing-ok', 'people', 'U+1F646U+200DU+2640U+FE0F', 4, 1, 0, 1, 0, 0);
INSERT INTO emoji_codepoints (emoji_codepoint_id,emoji_id,codepoint_id,sequence_index) VALUES (4232, 2146, 945, 1),(4233, 2146, 1183, 2),(4234, 2146, 75, 3),(4235, 2146, 1185, 4);

INSERT INTO emoji (emoji_id,emoji_version_id,emoji_name,emoji_character,emojipedia_url_ext,emojipedia_category,codepoint_string,num_codepoints,hasComponent,hasModifier,hasModifierBase,appearance_differs_flag,unicode_not_recommended) VALUES (2147, 4, 'Woman Gesturing OK: Light Skin Tone', '', 'woman-gesturing-ok-type-1-2', NULL, 'U+1F646U+1F3FBU+200DU+2640U+FE0F', 5, 1, 1, 1, 0, 0);
INSERT INTO emoji_codepoints (emoji_codepoint_id,emoji_id,codepoint_id,sequence_index) VALUES (4236, 2147, 945, 1),(4237, 2147, 479, 2),(4238, 2147, 1183, 3),(4239, 2147, 75, 4),(4240, 2147, 1185, 5);

INSERT INTO emoji (emoji_id,emoji_version_id,emoji_name,emoji_character,emojipedia_url_ext,emojipedia_category,codepoint_string,num_codepoints,hasComponent,hasModifier,hasModifierBase,appearance_differs_flag,unicode_not_recommended) VALUES (2148, 4, 'Woman Gesturing OK: Medium-Light Skin Tone', '', 'woman-gesturing-ok-type-3', NULL, 'U+1F646U+1F3FCU+200DU+2640U+FE0F', 5, 1, 1, 1, 0, 0);
INSERT INTO emoji_codepoints (emoji_codepoint_id,emoji_id,codepoint_id,sequence_index) VALUES (4241, 2148, 945, 1),(4242, 2148, 480, 2),(4243, 2148, 1183, 3),(4244, 2148, 75, 4),(4245, 2148, 1185, 5);

INSERT INTO emoji (emoji_id,emoji_version_id,emoji_name,emoji_character,emojipedia_url_ext,emojipedia_category,codepoint_string,num_codepoints,hasComponent,hasModifier,hasModifierBase,appearance_differs_flag,unicode_not_recommended) VALUES (2149, 4, 'Woman Gesturing OK: Medium Skin Tone', '', 'woman-gesturing-ok-type-4', NULL, 'U+1F646U+1F3FDU+200DU+2640U+FE0F', 5, 1, 1, 1, 0, 0);
INSERT INTO emoji_codepoints (emoji_codepoint_id,emoji_id,codepoint_id,sequence_index) VALUES (4246, 2149, 945, 1),(4247, 2149, 481, 2),(4248, 2149, 1183, 3),(4249, 2149, 75, 4),(4250, 2149, 1185, 5);

INSERT INTO emoji (emoji_id,emoji_version_id,emoji_name,emoji_character,emojipedia_url_ext,emojipedia_category,codepoint_string,num_codepoints,hasComponent,hasModifier,hasModifierBase,appearance_differs_flag,unicode_not_recommended) VALUES (2150, 4, 'Woman Gesturing OK: Medium-Dark Skin Tone', '', 'woman-gesturing-ok-type-5', NULL, 'U+1F646U+1F3FEU+200DU+2640U+FE0F', 5, 1, 1, 1, 0, 0);
INSERT INTO emoji_codepoints (emoji_codepoint_id,emoji_id,codepoint_id,sequence_index) VALUES (4251, 2150, 945, 1),(4252, 2150, 482, 2),(4253, 2150, 1183, 3),(4254, 2150, 75, 4),(4255, 2150, 1185, 5);

INSERT INTO emoji (emoji_id,emoji_version_id,emoji_name,emoji_character,emojipedia_url_ext,emojipedia_category,codepoint_string,num_codepoints,hasComponent,hasModifier,hasModifierBase,appearance_differs_flag,unicode_not_recommended) VALUES (2151, 4, 'Woman Gesturing OK: Dark Skin Tone', '', 'woman-gesturing-ok-type-6', NULL, 'U+1F646U+1F3FFU+200DU+2640U+FE0F', 5, 1, 1, 1, 0, 0);
INSERT INTO emoji_codepoints (emoji_codepoint_id,emoji_id,codepoint_id,sequence_index) VALUES (4256, 2151, 945, 1),(4257, 2151, 483, 2),(4258, 2151, 1183, 3),(4259, 2151, 75, 4),(4260, 2151, 1185, 5);

INSERT INTO emoji (emoji_id,emoji_version_id,emoji_name,emoji_character,emojipedia_url_ext,emojipedia_category,codepoint_string,num_codepoints,hasComponent,hasModifier,hasModifierBase,appearance_differs_flag,unicode_not_recommended) VALUES (2152, 4, 'Man Tipping Hand', '', 'man-tipping-hand', 'people', 'U+1F481U+200DU+2642U+FE0F', 4, 1, 0, 1, 0, 0);
INSERT INTO emoji_codepoints (emoji_codepoint_id,emoji_id,codepoint_id,sequence_index) VALUES (4261, 2152, 613, 1),(4262, 2152, 1183, 2),(4263, 2152, 76, 3),(4264, 2152, 1185, 4);

INSERT INTO emoji (emoji_id,emoji_version_id,emoji_name,emoji_character,emojipedia_url_ext,emojipedia_category,codepoint_string,num_codepoints,hasComponent,hasModifier,hasModifierBase,appearance_differs_flag,unicode_not_recommended) VALUES (2153, 4, 'Man Tipping Hand: Light Skin Tone', '', 'man-tipping-hand-type-1-2', NULL, 'U+1F481U+1F3FBU+200DU+2642U+FE0F', 5, 1, 1, 1, 0, 0);
INSERT INTO emoji_codepoints (emoji_codepoint_id,emoji_id,codepoint_id,sequence_index) VALUES (4265, 2153, 613, 1),(4266, 2153, 479, 2),(4267, 2153, 1183, 3),(4268, 2153, 76, 4),(4269, 2153, 1185, 5);

INSERT INTO emoji (emoji_id,emoji_version_id,emoji_name,emoji_character,emojipedia_url_ext,emojipedia_category,codepoint_string,num_codepoints,hasComponent,hasModifier,hasModifierBase,appearance_differs_flag,unicode_not_recommended) VALUES (2154, 4, 'Man Tipping Hand: Medium-Light Skin Tone', '', 'man-tipping-hand-type-3', NULL, 'U+1F481U+1F3FCU+200DU+2642U+FE0F', 5, 1, 1, 1, 0, 0);
INSERT INTO emoji_codepoints (emoji_codepoint_id,emoji_id,codepoint_id,sequence_index) VALUES (4270, 2154, 613, 1),(4271, 2154, 480, 2),(4272, 2154, 1183, 3),(4273, 2154, 76, 4),(4274, 2154, 1185, 5);

INSERT INTO emoji (emoji_id,emoji_version_id,emoji_name,emoji_character,emojipedia_url_ext,emojipedia_category,codepoint_string,num_codepoints,hasComponent,hasModifier,hasModifierBase,appearance_differs_flag,unicode_not_recommended) VALUES (2155, 4, 'Man Tipping Hand: Medium Skin Tone', '', 'man-tipping-hand-type-4', NULL, 'U+1F481U+1F3FDU+200DU+2642U+FE0F', 5, 1, 1, 1, 0, 0);
INSERT INTO emoji_codepoints (emoji_codepoint_id,emoji_id,codepoint_id,sequence_index) VALUES (4275, 2155, 613, 1),(4276, 2155, 481, 2),(4277, 2155, 1183, 3),(4278, 2155, 76, 4),(4279, 2155, 1185, 5);

INSERT INTO emoji (emoji_id,emoji_version_id,emoji_name,emoji_character,emojipedia_url_ext,emojipedia_category,codepoint_string,num_codepoints,hasComponent,hasModifier,hasModifierBase,appearance_differs_flag,unicode_not_recommended) VALUES (2156, 4, 'Man Tipping Hand: Medium-Dark Skin Tone', '', 'man-tipping-hand-type-5', NULL, 'U+1F481U+1F3FEU+200DU+2642U+FE0F', 5, 1, 1, 1, 0, 0);
INSERT INTO emoji_codepoints (emoji_codepoint_id,emoji_id,codepoint_id,sequence_index) VALUES (4280, 2156, 613, 1),(4281, 2156, 482, 2),(4282, 2156, 1183, 3),(4283, 2156, 76, 4),(4284, 2156, 1185, 5);

INSERT INTO emoji (emoji_id,emoji_version_id,emoji_name,emoji_character,emojipedia_url_ext,emojipedia_category,codepoint_string,num_codepoints,hasComponent,hasModifier,hasModifierBase,appearance_differs_flag,unicode_not_recommended) VALUES (2157, 4, 'Man Tipping Hand: Dark Skin Tone', '', 'man-tipping-hand-type-6', NULL, 'U+1F481U+1F3FFU+200DU+2642U+FE0F', 5, 1, 1, 1, 0, 0);
INSERT INTO emoji_codepoints (emoji_codepoint_id,emoji_id,codepoint_id,sequence_index) VALUES (4285, 2157, 613, 1),(4286, 2157, 483, 2),(4287, 2157, 1183, 3),(4288, 2157, 76, 4),(4289, 2157, 1185, 5);

INSERT INTO emoji (emoji_id,emoji_version_id,emoji_name,emoji_character,emojipedia_url_ext,emojipedia_category,codepoint_string,num_codepoints,hasComponent,hasModifier,hasModifierBase,appearance_differs_flag,unicode_not_recommended) VALUES (2158, 4, 'Woman Tipping Hand', '', 'woman-tipping-hand', 'people', 'U+1F481U+200DU+2640U+FE0F', 4, 1, 0, 1, 0, 0);
INSERT INTO emoji_codepoints (emoji_codepoint_id,emoji_id,codepoint_id,sequence_index) VALUES (4290, 2158, 613, 1),(4291, 2158, 1183, 2),(4292, 2158, 75, 3),(4293, 2158, 1185, 4);

INSERT INTO emoji (emoji_id,emoji_version_id,emoji_name,emoji_character,emojipedia_url_ext,emojipedia_category,codepoint_string,num_codepoints,hasComponent,hasModifier,hasModifierBase,appearance_differs_flag,unicode_not_recommended) VALUES (2159, 4, 'Woman Tipping Hand: Light Skin Tone', '', 'woman-tipping-hand-type-1-2', NULL, 'U+1F481U+1F3FBU+200DU+2640U+FE0F', 5, 1, 1, 1, 0, 0);
INSERT INTO emoji_codepoints (emoji_codepoint_id,emoji_id,codepoint_id,sequence_index) VALUES (4294, 2159, 613, 1),(4295, 2159, 479, 2),(4296, 2159, 1183, 3),(4297, 2159, 75, 4),(4298, 2159, 1185, 5);

INSERT INTO emoji (emoji_id,emoji_version_id,emoji_name,emoji_character,emojipedia_url_ext,emojipedia_category,codepoint_string,num_codepoints,hasComponent,hasModifier,hasModifierBase,appearance_differs_flag,unicode_not_recommended) VALUES (2160, 4, 'Woman Tipping Hand: Medium-Light Skin Tone', '', 'woman-tipping-hand-type-3', NULL, 'U+1F481U+1F3FCU+200DU+2640U+FE0F', 5, 1, 1, 1, 0, 0);
INSERT INTO emoji_codepoints (emoji_codepoint_id,emoji_id,codepoint_id,sequence_index) VALUES (4299, 2160, 613, 1),(4300, 2160, 480, 2),(4301, 2160, 1183, 3),(4302, 2160, 75, 4),(4303, 2160, 1185, 5);

INSERT INTO emoji (emoji_id,emoji_version_id,emoji_name,emoji_character,emojipedia_url_ext,emojipedia_category,codepoint_string,num_codepoints,hasComponent,hasModifier,hasModifierBase,appearance_differs_flag,unicode_not_recommended) VALUES (2161, 4, 'Woman Tipping Hand: Medium Skin Tone', '', 'woman-tipping-hand-type-4', NULL, 'U+1F481U+1F3FDU+200DU+2640U+FE0F', 5, 1, 1, 1, 0, 0);
INSERT INTO emoji_codepoints (emoji_codepoint_id,emoji_id,codepoint_id,sequence_index) VALUES (4304, 2161, 613, 1),(4305, 2161, 481, 2),(4306, 2161, 1183, 3),(4307, 2161, 75, 4),(4308, 2161, 1185, 5);

INSERT INTO emoji (emoji_id,emoji_version_id,emoji_name,emoji_character,emojipedia_url_ext,emojipedia_category,codepoint_string,num_codepoints,hasComponent,hasModifier,hasModifierBase,appearance_differs_flag,unicode_not_recommended) VALUES (2162, 4, 'Woman Tipping Hand: Medium-Dark Skin Tone', '', 'woman-tipping-hand-type-5', NULL, 'U+1F481U+1F3FEU+200DU+2640U+FE0F', 5, 1, 1, 1, 0, 0);
INSERT INTO emoji_codepoints (emoji_codepoint_id,emoji_id,codepoint_id,sequence_index) VALUES (4309, 2162, 613, 1),(4310, 2162, 482, 2),(4311, 2162, 1183, 3),(4312, 2162, 75, 4),(4313, 2162, 1185, 5);

INSERT INTO emoji (emoji_id,emoji_version_id,emoji_name,emoji_character,emojipedia_url_ext,emojipedia_category,codepoint_string,num_codepoints,hasComponent,hasModifier,hasModifierBase,appearance_differs_flag,unicode_not_recommended) VALUES (2163, 4, 'Woman Tipping Hand: Dark Skin Tone', '', 'woman-tipping-hand-type-6', NULL, 'U+1F481U+1F3FFU+200DU+2640U+FE0F', 5, 1, 1, 1, 0, 0);
INSERT INTO emoji_codepoints (emoji_codepoint_id,emoji_id,codepoint_id,sequence_index) VALUES (4314, 2163, 613, 1),(4315, 2163, 483, 2),(4316, 2163, 1183, 3),(4317, 2163, 75, 4),(4318, 2163, 1185, 5);

INSERT INTO emoji (emoji_id,emoji_version_id,emoji_name,emoji_character,emojipedia_url_ext,emojipedia_category,codepoint_string,num_codepoints,hasComponent,hasModifier,hasModifierBase,appearance_differs_flag,unicode_not_recommended) VALUES (2164, 4, 'Man Raising Hand', '', 'man-raising-hand', 'people', 'U+1F64BU+200DU+2642U+FE0F', 4, 1, 0, 1, 0, 0);
INSERT INTO emoji_codepoints (emoji_codepoint_id,emoji_id,codepoint_id,sequence_index) VALUES (4319, 2164, 950, 1),(4320, 2164, 1183, 2),(4321, 2164, 76, 3),(4322, 2164, 1185, 4);

INSERT INTO emoji (emoji_id,emoji_version_id,emoji_name,emoji_character,emojipedia_url_ext,emojipedia_category,codepoint_string,num_codepoints,hasComponent,hasModifier,hasModifierBase,appearance_differs_flag,unicode_not_recommended) VALUES (2165, 4, 'Man Raising Hand: Light Skin Tone', '', 'man-raising-hand-type-1-2', NULL, 'U+1F64BU+1F3FBU+200DU+2642U+FE0F', 5, 1, 1, 1, 0, 0);
INSERT INTO emoji_codepoints (emoji_codepoint_id,emoji_id,codepoint_id,sequence_index) VALUES (4323, 2165, 950, 1),(4324, 2165, 479, 2),(4325, 2165, 1183, 3),(4326, 2165, 76, 4),(4327, 2165, 1185, 5);

INSERT INTO emoji (emoji_id,emoji_version_id,emoji_name,emoji_character,emojipedia_url_ext,emojipedia_category,codepoint_string,num_codepoints,hasComponent,hasModifier,hasModifierBase,appearance_differs_flag,unicode_not_recommended) VALUES (2166, 4, 'Man Raising Hand: Medium-Light Skin Tone', '', 'man-raising-hand-type-3', NULL, 'U+1F64BU+1F3FCU+200DU+2642U+FE0F', 5, 1, 1, 1, 0, 0);
INSERT INTO emoji_codepoints (emoji_codepoint_id,emoji_id,codepoint_id,sequence_index) VALUES (4328, 2166, 950, 1),(4329, 2166, 480, 2),(4330, 2166, 1183, 3),(4331, 2166, 76, 4),(4332, 2166, 1185, 5);

INSERT INTO emoji (emoji_id,emoji_version_id,emoji_name,emoji_character,emojipedia_url_ext,emojipedia_category,codepoint_string,num_codepoints,hasComponent,hasModifier,hasModifierBase,appearance_differs_flag,unicode_not_recommended) VALUES (2167, 4, 'Man Raising Hand: Medium Skin Tone', '', 'man-raising-hand-type-4', NULL, 'U+1F64BU+1F3FDU+200DU+2642U+FE0F', 5, 1, 1, 1, 0, 0);
INSERT INTO emoji_codepoints (emoji_codepoint_id,emoji_id,codepoint_id,sequence_index) VALUES (4333, 2167, 950, 1),(4334, 2167, 481, 2),(4335, 2167, 1183, 3),(4336, 2167, 76, 4),(4337, 2167, 1185, 5);

INSERT INTO emoji (emoji_id,emoji_version_id,emoji_name,emoji_character,emojipedia_url_ext,emojipedia_category,codepoint_string,num_codepoints,hasComponent,hasModifier,hasModifierBase,appearance_differs_flag,unicode_not_recommended) VALUES (2168, 4, 'Man Raising Hand: Medium-Dark Skin Tone', '', 'man-raising-hand-type-5', NULL, 'U+1F64BU+1F3FEU+200DU+2642U+FE0F', 5, 1, 1, 1, 0, 0);
INSERT INTO emoji_codepoints (emoji_codepoint_id,emoji_id,codepoint_id,sequence_index) VALUES (4338, 2168, 950, 1),(4339, 2168, 482, 2),(4340, 2168, 1183, 3),(4341, 2168, 76, 4),(4342, 2168, 1185, 5);

INSERT INTO emoji (emoji_id,emoji_version_id,emoji_name,emoji_character,emojipedia_url_ext,emojipedia_category,codepoint_string,num_codepoints,hasComponent,hasModifier,hasModifierBase,appearance_differs_flag,unicode_not_recommended) VALUES (2169, 4, 'Man Raising Hand: Dark Skin Tone', '', 'man-raising-hand-type-6', NULL, 'U+1F64BU+1F3FFU+200DU+2642U+FE0F', 5, 1, 1, 1, 0, 0);
INSERT INTO emoji_codepoints (emoji_codepoint_id,emoji_id,codepoint_id,sequence_index) VALUES (4343, 2169, 950, 1),(4344, 2169, 483, 2),(4345, 2169, 1183, 3),(4346, 2169, 76, 4),(4347, 2169, 1185, 5);

INSERT INTO emoji (emoji_id,emoji_version_id,emoji_name,emoji_character,emojipedia_url_ext,emojipedia_category,codepoint_string,num_codepoints,hasComponent,hasModifier,hasModifierBase,appearance_differs_flag,unicode_not_recommended) VALUES (2170, 4, 'Woman Raising Hand', '', 'woman-raising-hand', 'people', 'U+1F64BU+200DU+2640U+FE0F', 4, 1, 0, 1, 0, 0);
INSERT INTO emoji_codepoints (emoji_codepoint_id,emoji_id,codepoint_id,sequence_index) VALUES (4348, 2170, 950, 1),(4349, 2170, 1183, 2),(4350, 2170, 75, 3),(4351, 2170, 1185, 4);

INSERT INTO emoji (emoji_id,emoji_version_id,emoji_name,emoji_character,emojipedia_url_ext,emojipedia_category,codepoint_string,num_codepoints,hasComponent,hasModifier,hasModifierBase,appearance_differs_flag,unicode_not_recommended) VALUES (2171, 4, 'Woman Raising Hand: Light Skin Tone', '', 'woman-raising-hand-type-1-2', NULL, 'U+1F64BU+1F3FBU+200DU+2640U+FE0F', 5, 1, 1, 1, 0, 0);
INSERT INTO emoji_codepoints (emoji_codepoint_id,emoji_id,codepoint_id,sequence_index) VALUES (4352, 2171, 950, 1),(4353, 2171, 479, 2),(4354, 2171, 1183, 3),(4355, 2171, 75, 4),(4356, 2171, 1185, 5);

INSERT INTO emoji (emoji_id,emoji_version_id,emoji_name,emoji_character,emojipedia_url_ext,emojipedia_category,codepoint_string,num_codepoints,hasComponent,hasModifier,hasModifierBase,appearance_differs_flag,unicode_not_recommended) VALUES (2172, 4, 'Woman Raising Hand: Medium-Light Skin Tone', '', 'woman-raising-hand-type-3', NULL, 'U+1F64BU+1F3FCU+200DU+2640U+FE0F', 5, 1, 1, 1, 0, 0);
INSERT INTO emoji_codepoints (emoji_codepoint_id,emoji_id,codepoint_id,sequence_index) VALUES (4357, 2172, 950, 1),(4358, 2172, 480, 2),(4359, 2172, 1183, 3),(4360, 2172, 75, 4),(4361, 2172, 1185, 5);

INSERT INTO emoji (emoji_id,emoji_version_id,emoji_name,emoji_character,emojipedia_url_ext,emojipedia_category,codepoint_string,num_codepoints,hasComponent,hasModifier,hasModifierBase,appearance_differs_flag,unicode_not_recommended) VALUES (2173, 4, 'Woman Raising Hand: Medium Skin Tone', '', 'woman-raising-hand-type-4', NULL, 'U+1F64BU+1F3FDU+200DU+2640U+FE0F', 5, 1, 1, 1, 0, 0);
INSERT INTO emoji_codepoints (emoji_codepoint_id,emoji_id,codepoint_id,sequence_index) VALUES (4362, 2173, 950, 1),(4363, 2173, 481, 2),(4364, 2173, 1183, 3),(4365, 2173, 75, 4),(4366, 2173, 1185, 5);

INSERT INTO emoji (emoji_id,emoji_version_id,emoji_name,emoji_character,emojipedia_url_ext,emojipedia_category,codepoint_string,num_codepoints,hasComponent,hasModifier,hasModifierBase,appearance_differs_flag,unicode_not_recommended) VALUES (2174, 4, 'Woman Raising Hand: Medium-Dark Skin Tone', '', 'woman-raising-hand-type-5', NULL, 'U+1F64BU+1F3FEU+200DU+2640U+FE0F', 5, 1, 1, 1, 0, 0);
INSERT INTO emoji_codepoints (emoji_codepoint_id,emoji_id,codepoint_id,sequence_index) VALUES (4367, 2174, 950, 1),(4368, 2174, 482, 2),(4369, 2174, 1183, 3),(4370, 2174, 75, 4),(4371, 2174, 1185, 5);

INSERT INTO emoji (emoji_id,emoji_version_id,emoji_name,emoji_character,emojipedia_url_ext,emojipedia_category,codepoint_string,num_codepoints,hasComponent,hasModifier,hasModifierBase,appearance_differs_flag,unicode_not_recommended) VALUES (2175, 4, 'Woman Raising Hand: Dark Skin Tone', '', 'woman-raising-hand-type-6', NULL, 'U+1F64BU+1F3FFU+200DU+2640U+FE0F', 5, 1, 1, 1, 0, 0);
INSERT INTO emoji_codepoints (emoji_codepoint_id,emoji_id,codepoint_id,sequence_index) VALUES (4372, 2175, 950, 1),(4373, 2175, 483, 2),(4374, 2175, 1183, 3),(4375, 2175, 75, 4),(4376, 2175, 1185, 5);

INSERT INTO emoji (emoji_id,emoji_version_id,emoji_name,emoji_character,emojipedia_url_ext,emojipedia_category,codepoint_string,num_codepoints,hasComponent,hasModifier,hasModifierBase,appearance_differs_flag,unicode_not_recommended) VALUES (2176, 4, 'Man Bowing', '', 'man-bowing-deeply', 'people', 'U+1F647U+200DU+2642U+FE0F', 4, 1, 0, 1, 0, 0);
INSERT INTO emoji_codepoints (emoji_codepoint_id,emoji_id,codepoint_id,sequence_index) VALUES (4377, 2176, 946, 1),(4378, 2176, 1183, 2),(4379, 2176, 76, 3),(4380, 2176, 1185, 4);

INSERT INTO emoji (emoji_id,emoji_version_id,emoji_name,emoji_character,emojipedia_url_ext,emojipedia_category,codepoint_string,num_codepoints,hasComponent,hasModifier,hasModifierBase,appearance_differs_flag,unicode_not_recommended) VALUES (2177, 4, 'Man Bowing: Light Skin Tone', '', 'man-bowing-deeply-type-1-2', NULL, 'U+1F647U+1F3FBU+200DU+2642U+FE0F', 5, 1, 1, 1, 0, 0);
INSERT INTO emoji_codepoints (emoji_codepoint_id,emoji_id,codepoint_id,sequence_index) VALUES (4381, 2177, 946, 1),(4382, 2177, 479, 2),(4383, 2177, 1183, 3),(4384, 2177, 76, 4),(4385, 2177, 1185, 5);

INSERT INTO emoji (emoji_id,emoji_version_id,emoji_name,emoji_character,emojipedia_url_ext,emojipedia_category,codepoint_string,num_codepoints,hasComponent,hasModifier,hasModifierBase,appearance_differs_flag,unicode_not_recommended) VALUES (2178, 4, 'Man Bowing: Medium-Light Skin Tone', '', 'man-bowing-deeply-type-3', NULL, 'U+1F647U+1F3FCU+200DU+2642U+FE0F', 5, 1, 1, 1, 0, 0);
INSERT INTO emoji_codepoints (emoji_codepoint_id,emoji_id,codepoint_id,sequence_index) VALUES (4386, 2178, 946, 1),(4387, 2178, 480, 2),(4388, 2178, 1183, 3),(4389, 2178, 76, 4),(4390, 2178, 1185, 5);

INSERT INTO emoji (emoji_id,emoji_version_id,emoji_name,emoji_character,emojipedia_url_ext,emojipedia_category,codepoint_string,num_codepoints,hasComponent,hasModifier,hasModifierBase,appearance_differs_flag,unicode_not_recommended) VALUES (2179, 4, 'Man Bowing: Medium Skin Tone', '', 'man-bowing-deeply-type-4', NULL, 'U+1F647U+1F3FDU+200DU+2642U+FE0F', 5, 1, 1, 1, 0, 0);
INSERT INTO emoji_codepoints (emoji_codepoint_id,emoji_id,codepoint_id,sequence_index) VALUES (4391, 2179, 946, 1),(4392, 2179, 481, 2),(4393, 2179, 1183, 3),(4394, 2179, 76, 4),(4395, 2179, 1185, 5);

INSERT INTO emoji (emoji_id,emoji_version_id,emoji_name,emoji_character,emojipedia_url_ext,emojipedia_category,codepoint_string,num_codepoints,hasComponent,hasModifier,hasModifierBase,appearance_differs_flag,unicode_not_recommended) VALUES (2180, 4, 'Man Bowing: Medium-Dark Skin Tone', '', 'man-bowing-deeply-type-5', NULL, 'U+1F647U+1F3FEU+200DU+2642U+FE0F', 5, 1, 1, 1, 0, 0);
INSERT INTO emoji_codepoints (emoji_codepoint_id,emoji_id,codepoint_id,sequence_index) VALUES (4396, 2180, 946, 1),(4397, 2180, 482, 2),(4398, 2180, 1183, 3),(4399, 2180, 76, 4),(4400, 2180, 1185, 5);

INSERT INTO emoji (emoji_id,emoji_version_id,emoji_name,emoji_character,emojipedia_url_ext,emojipedia_category,codepoint_string,num_codepoints,hasComponent,hasModifier,hasModifierBase,appearance_differs_flag,unicode_not_recommended) VALUES (2181, 4, 'Man Bowing: Dark Skin Tone', '', 'man-bowing-deeply-type-6', NULL, 'U+1F647U+1F3FFU+200DU+2642U+FE0F', 5, 1, 1, 1, 0, 0);
INSERT INTO emoji_codepoints (emoji_codepoint_id,emoji_id,codepoint_id,sequence_index) VALUES (4401, 2181, 946, 1),(4402, 2181, 483, 2),(4403, 2181, 1183, 3),(4404, 2181, 76, 4),(4405, 2181, 1185, 5);

INSERT INTO emoji (emoji_id,emoji_version_id,emoji_name,emoji_character,emojipedia_url_ext,emojipedia_category,codepoint_string,num_codepoints,hasComponent,hasModifier,hasModifierBase,appearance_differs_flag,unicode_not_recommended) VALUES (2182, 4, 'Woman Bowing', '', 'woman-bowing-deeply', 'people', 'U+1F647U+200DU+2640U+FE0F', 4, 1, 0, 1, 0, 0);
INSERT INTO emoji_codepoints (emoji_codepoint_id,emoji_id,codepoint_id,sequence_index) VALUES (4406, 2182, 946, 1),(4407, 2182, 1183, 2),(4408, 2182, 75, 3),(4409, 2182, 1185, 4);

INSERT INTO emoji (emoji_id,emoji_version_id,emoji_name,emoji_character,emojipedia_url_ext,emojipedia_category,codepoint_string,num_codepoints,hasComponent,hasModifier,hasModifierBase,appearance_differs_flag,unicode_not_recommended) VALUES (2183, 4, 'Woman Bowing: Light Skin Tone', '', 'woman-bowing-deeply-type-1-2', NULL, 'U+1F647U+1F3FBU+200DU+2640U+FE0F', 5, 1, 1, 1, 0, 0);
INSERT INTO emoji_codepoints (emoji_codepoint_id,emoji_id,codepoint_id,sequence_index) VALUES (4410, 2183, 946, 1),(4411, 2183, 479, 2),(4412, 2183, 1183, 3),(4413, 2183, 75, 4),(4414, 2183, 1185, 5);

INSERT INTO emoji (emoji_id,emoji_version_id,emoji_name,emoji_character,emojipedia_url_ext,emojipedia_category,codepoint_string,num_codepoints,hasComponent,hasModifier,hasModifierBase,appearance_differs_flag,unicode_not_recommended) VALUES (2184, 4, 'Woman Bowing: Medium-Light Skin Tone', '', 'woman-bowing-deeply-type-3', NULL, 'U+1F647U+1F3FCU+200DU+2640U+FE0F', 5, 1, 1, 1, 0, 0);
INSERT INTO emoji_codepoints (emoji_codepoint_id,emoji_id,codepoint_id,sequence_index) VALUES (4415, 2184, 946, 1),(4416, 2184, 480, 2),(4417, 2184, 1183, 3),(4418, 2184, 75, 4),(4419, 2184, 1185, 5);

INSERT INTO emoji (emoji_id,emoji_version_id,emoji_name,emoji_character,emojipedia_url_ext,emojipedia_category,codepoint_string,num_codepoints,hasComponent,hasModifier,hasModifierBase,appearance_differs_flag,unicode_not_recommended) VALUES (2185, 4, 'Woman Bowing: Medium Skin Tone', '', 'woman-bowing-deeply-type-4', NULL, 'U+1F647U+1F3FDU+200DU+2640U+FE0F', 5, 1, 1, 1, 0, 0);
INSERT INTO emoji_codepoints (emoji_codepoint_id,emoji_id,codepoint_id,sequence_index) VALUES (4420, 2185, 946, 1),(4421, 2185, 481, 2),(4422, 2185, 1183, 3),(4423, 2185, 75, 4),(4424, 2185, 1185, 5);

INSERT INTO emoji (emoji_id,emoji_version_id,emoji_name,emoji_character,emojipedia_url_ext,emojipedia_category,codepoint_string,num_codepoints,hasComponent,hasModifier,hasModifierBase,appearance_differs_flag,unicode_not_recommended) VALUES (2186, 4, 'Woman Bowing: Medium-Dark Skin Tone', '', 'woman-bowing-deeply-type-5', NULL, 'U+1F647U+1F3FEU+200DU+2640U+FE0F', 5, 1, 1, 1, 0, 0);
INSERT INTO emoji_codepoints (emoji_codepoint_id,emoji_id,codepoint_id,sequence_index) VALUES (4425, 2186, 946, 1),(4426, 2186, 482, 2),(4427, 2186, 1183, 3),(4428, 2186, 75, 4),(4429, 2186, 1185, 5);

INSERT INTO emoji (emoji_id,emoji_version_id,emoji_name,emoji_character,emojipedia_url_ext,emojipedia_category,codepoint_string,num_codepoints,hasComponent,hasModifier,hasModifierBase,appearance_differs_flag,unicode_not_recommended) VALUES (2187, 4, 'Woman Bowing: Dark Skin Tone', '', 'woman-bowing-deeply-type-6', NULL, 'U+1F647U+1F3FFU+200DU+2640U+FE0F', 5, 1, 1, 1, 0, 0);
INSERT INTO emoji_codepoints (emoji_codepoint_id,emoji_id,codepoint_id,sequence_index) VALUES (4430, 2187, 946, 1),(4431, 2187, 483, 2),(4432, 2187, 1183, 3),(4433, 2187, 75, 4),(4434, 2187, 1185, 5);

INSERT INTO emoji (emoji_id,emoji_version_id,emoji_name,emoji_character,emojipedia_url_ext,emojipedia_category,codepoint_string,num_codepoints,hasComponent,hasModifier,hasModifierBase,appearance_differs_flag,unicode_not_recommended) VALUES (2188, 4, 'Man Facepalming', '', 'man-facepalming', 'people', 'U+1F926U+200DU+2642U+FE0F', 4, 1, 0, 1, 0, 0);
INSERT INTO emoji_codepoints (emoji_codepoint_id,emoji_id,codepoint_id,sequence_index) VALUES (4435, 2188, 1071, 1),(4436, 2188, 1183, 2),(4437, 2188, 76, 3),(4438, 2188, 1185, 4);

INSERT INTO emoji (emoji_id,emoji_version_id,emoji_name,emoji_character,emojipedia_url_ext,emojipedia_category,codepoint_string,num_codepoints,hasComponent,hasModifier,hasModifierBase,appearance_differs_flag,unicode_not_recommended) VALUES (2189, 4, 'Man Facepalming: Light Skin Tone', '', 'man-facepalming-type-1-2', NULL, 'U+1F926U+1F3FBU+200DU+2642U+FE0F', 5, 1, 1, 1, 0, 0);
INSERT INTO emoji_codepoints (emoji_codepoint_id,emoji_id,codepoint_id,sequence_index) VALUES (4439, 2189, 1071, 1),(4440, 2189, 479, 2),(4441, 2189, 1183, 3),(4442, 2189, 76, 4),(4443, 2189, 1185, 5);

INSERT INTO emoji (emoji_id,emoji_version_id,emoji_name,emoji_character,emojipedia_url_ext,emojipedia_category,codepoint_string,num_codepoints,hasComponent,hasModifier,hasModifierBase,appearance_differs_flag,unicode_not_recommended) VALUES (2190, 4, 'Man Facepalming: Medium-Light Skin Tone', '', 'man-facepalming-type-3', NULL, 'U+1F926U+1F3FCU+200DU+2642U+FE0F', 5, 1, 1, 1, 0, 0);
INSERT INTO emoji_codepoints (emoji_codepoint_id,emoji_id,codepoint_id,sequence_index) VALUES (4444, 2190, 1071, 1),(4445, 2190, 480, 2),(4446, 2190, 1183, 3),(4447, 2190, 76, 4),(4448, 2190, 1185, 5);

INSERT INTO emoji (emoji_id,emoji_version_id,emoji_name,emoji_character,emojipedia_url_ext,emojipedia_category,codepoint_string,num_codepoints,hasComponent,hasModifier,hasModifierBase,appearance_differs_flag,unicode_not_recommended) VALUES (2191, 4, 'Man Facepalming: Medium Skin Tone', '', 'man-facepalming-type-4', NULL, 'U+1F926U+1F3FDU+200DU+2642U+FE0F', 5, 1, 1, 1, 0, 0);
INSERT INTO emoji_codepoints (emoji_codepoint_id,emoji_id,codepoint_id,sequence_index) VALUES (4449, 2191, 1071, 1),(4450, 2191, 481, 2),(4451, 2191, 1183, 3),(4452, 2191, 76, 4),(4453, 2191, 1185, 5);

INSERT INTO emoji (emoji_id,emoji_version_id,emoji_name,emoji_character,emojipedia_url_ext,emojipedia_category,codepoint_string,num_codepoints,hasComponent,hasModifier,hasModifierBase,appearance_differs_flag,unicode_not_recommended) VALUES (2192, 4, 'Man Facepalming: Medium-Dark Skin Tone', '', 'man-facepalming-type-5', NULL, 'U+1F926U+1F3FEU+200DU+2642U+FE0F', 5, 1, 1, 1, 0, 0);
INSERT INTO emoji_codepoints (emoji_codepoint_id,emoji_id,codepoint_id,sequence_index) VALUES (4454, 2192, 1071, 1),(4455, 2192, 482, 2),(4456, 2192, 1183, 3),(4457, 2192, 76, 4),(4458, 2192, 1185, 5);

INSERT INTO emoji (emoji_id,emoji_version_id,emoji_name,emoji_character,emojipedia_url_ext,emojipedia_category,codepoint_string,num_codepoints,hasComponent,hasModifier,hasModifierBase,appearance_differs_flag,unicode_not_recommended) VALUES (2193, 4, 'Man Facepalming: Dark Skin Tone', '', 'man-facepalming-type-6', NULL, 'U+1F926U+1F3FFU+200DU+2642U+FE0F', 5, 1, 1, 1, 0, 0);
INSERT INTO emoji_codepoints (emoji_codepoint_id,emoji_id,codepoint_id,sequence_index) VALUES (4459, 2193, 1071, 1),(4460, 2193, 483, 2),(4461, 2193, 1183, 3),(4462, 2193, 76, 4),(4463, 2193, 1185, 5);

INSERT INTO emoji (emoji_id,emoji_version_id,emoji_name,emoji_character,emojipedia_url_ext,emojipedia_category,codepoint_string,num_codepoints,hasComponent,hasModifier,hasModifierBase,appearance_differs_flag,unicode_not_recommended) VALUES (2194, 4, 'Woman Facepalming', '', 'woman-facepalming', 'people', 'U+1F926U+200DU+2640U+FE0F', 4, 1, 0, 1, 0, 0);
INSERT INTO emoji_codepoints (emoji_codepoint_id,emoji_id,codepoint_id,sequence_index) VALUES (4464, 2194, 1071, 1),(4465, 2194, 1183, 2),(4466, 2194, 75, 3),(4467, 2194, 1185, 4);

INSERT INTO emoji (emoji_id,emoji_version_id,emoji_name,emoji_character,emojipedia_url_ext,emojipedia_category,codepoint_string,num_codepoints,hasComponent,hasModifier,hasModifierBase,appearance_differs_flag,unicode_not_recommended) VALUES (2195, 4, 'Woman Facepalming: Light Skin Tone', '', 'woman-facepalming-type-1-2', NULL, 'U+1F926U+1F3FBU+200DU+2640U+FE0F', 5, 1, 1, 1, 0, 0);
INSERT INTO emoji_codepoints (emoji_codepoint_id,emoji_id,codepoint_id,sequence_index) VALUES (4468, 2195, 1071, 1),(4469, 2195, 479, 2),(4470, 2195, 1183, 3),(4471, 2195, 75, 4),(4472, 2195, 1185, 5);

INSERT INTO emoji (emoji_id,emoji_version_id,emoji_name,emoji_character,emojipedia_url_ext,emojipedia_category,codepoint_string,num_codepoints,hasComponent,hasModifier,hasModifierBase,appearance_differs_flag,unicode_not_recommended) VALUES (2196, 4, 'Woman Facepalming: Medium-Light Skin Tone', '', 'woman-facepalming-type-3', NULL, 'U+1F926U+1F3FCU+200DU+2640U+FE0F', 5, 1, 1, 1, 0, 0);
INSERT INTO emoji_codepoints (emoji_codepoint_id,emoji_id,codepoint_id,sequence_index) VALUES (4473, 2196, 1071, 1),(4474, 2196, 480, 2),(4475, 2196, 1183, 3),(4476, 2196, 75, 4),(4477, 2196, 1185, 5);

INSERT INTO emoji (emoji_id,emoji_version_id,emoji_name,emoji_character,emojipedia_url_ext,emojipedia_category,codepoint_string,num_codepoints,hasComponent,hasModifier,hasModifierBase,appearance_differs_flag,unicode_not_recommended) VALUES (2197, 4, 'Woman Facepalming: Medium Skin Tone', '', 'woman-facepalming-type-4', NULL, 'U+1F926U+1F3FDU+200DU+2640U+FE0F', 5, 1, 1, 1, 0, 0);
INSERT INTO emoji_codepoints (emoji_codepoint_id,emoji_id,codepoint_id,sequence_index) VALUES (4478, 2197, 1071, 1),(4479, 2197, 481, 2),(4480, 2197, 1183, 3),(4481, 2197, 75, 4),(4482, 2197, 1185, 5);

INSERT INTO emoji (emoji_id,emoji_version_id,emoji_name,emoji_character,emojipedia_url_ext,emojipedia_category,codepoint_string,num_codepoints,hasComponent,hasModifier,hasModifierBase,appearance_differs_flag,unicode_not_recommended) VALUES (2198, 4, 'Woman Facepalming: Medium-Dark Skin Tone', '', 'woman-facepalming-type-5', NULL, 'U+1F926U+1F3FEU+200DU+2640U+FE0F', 5, 1, 1, 1, 0, 0);
INSERT INTO emoji_codepoints (emoji_codepoint_id,emoji_id,codepoint_id,sequence_index) VALUES (4483, 2198, 1071, 1),(4484, 2198, 482, 2),(4485, 2198, 1183, 3),(4486, 2198, 75, 4),(4487, 2198, 1185, 5);

INSERT INTO emoji (emoji_id,emoji_version_id,emoji_name,emoji_character,emojipedia_url_ext,emojipedia_category,codepoint_string,num_codepoints,hasComponent,hasModifier,hasModifierBase,appearance_differs_flag,unicode_not_recommended) VALUES (2199, 4, 'Woman Facepalming: Dark Skin Tone', '', 'woman-facepalming-type-6', NULL, 'U+1F926U+1F3FFU+200DU+2640U+FE0F', 5, 1, 1, 1, 0, 0);
INSERT INTO emoji_codepoints (emoji_codepoint_id,emoji_id,codepoint_id,sequence_index) VALUES (4488, 2199, 1071, 1),(4489, 2199, 483, 2),(4490, 2199, 1183, 3),(4491, 2199, 75, 4),(4492, 2199, 1185, 5);

INSERT INTO emoji (emoji_id,emoji_version_id,emoji_name,emoji_character,emojipedia_url_ext,emojipedia_category,codepoint_string,num_codepoints,hasComponent,hasModifier,hasModifierBase,appearance_differs_flag,unicode_not_recommended) VALUES (2200, 4, 'Man Shrugging', '', 'man-shrugging', 'people', 'U+1F937U+200DU+2642U+FE0F', 4, 1, 0, 1, 0, 0);
INSERT INTO emoji_codepoints (emoji_codepoint_id,emoji_id,codepoint_id,sequence_index) VALUES (4493, 2200, 1088, 1),(4494, 2200, 1183, 2),(4495, 2200, 76, 3),(4496, 2200, 1185, 4);

INSERT INTO emoji (emoji_id,emoji_version_id,emoji_name,emoji_character,emojipedia_url_ext,emojipedia_category,codepoint_string,num_codepoints,hasComponent,hasModifier,hasModifierBase,appearance_differs_flag,unicode_not_recommended) VALUES (2201, 4, 'Man Shrugging: Light Skin Tone', '', 'man-shrugging-type-1-2', NULL, 'U+1F937U+1F3FBU+200DU+2642U+FE0F', 5, 1, 1, 1, 0, 0);
INSERT INTO emoji_codepoints (emoji_codepoint_id,emoji_id,codepoint_id,sequence_index) VALUES (4497, 2201, 1088, 1),(4498, 2201, 479, 2),(4499, 2201, 1183, 3),(4500, 2201, 76, 4),(4501, 2201, 1185, 5);

INSERT INTO emoji (emoji_id,emoji_version_id,emoji_name,emoji_character,emojipedia_url_ext,emojipedia_category,codepoint_string,num_codepoints,hasComponent,hasModifier,hasModifierBase,appearance_differs_flag,unicode_not_recommended) VALUES (2202, 4, 'Man Shrugging: Medium-Light Skin Tone', '', 'man-shrugging-type-3', NULL, 'U+1F937U+1F3FCU+200DU+2642U+FE0F', 5, 1, 1, 1, 0, 0);
INSERT INTO emoji_codepoints (emoji_codepoint_id,emoji_id,codepoint_id,sequence_index) VALUES (4502, 2202, 1088, 1),(4503, 2202, 480, 2),(4504, 2202, 1183, 3),(4505, 2202, 76, 4),(4506, 2202, 1185, 5);

INSERT INTO emoji (emoji_id,emoji_version_id,emoji_name,emoji_character,emojipedia_url_ext,emojipedia_category,codepoint_string,num_codepoints,hasComponent,hasModifier,hasModifierBase,appearance_differs_flag,unicode_not_recommended) VALUES (2203, 4, 'Man Shrugging: Medium Skin Tone', '', 'man-shrugging-type-4', NULL, 'U+1F937U+1F3FDU+200DU+2642U+FE0F', 5, 1, 1, 1, 0, 0);
INSERT INTO emoji_codepoints (emoji_codepoint_id,emoji_id,codepoint_id,sequence_index) VALUES (4507, 2203, 1088, 1),(4508, 2203, 481, 2),(4509, 2203, 1183, 3),(4510, 2203, 76, 4),(4511, 2203, 1185, 5);

INSERT INTO emoji (emoji_id,emoji_version_id,emoji_name,emoji_character,emojipedia_url_ext,emojipedia_category,codepoint_string,num_codepoints,hasComponent,hasModifier,hasModifierBase,appearance_differs_flag,unicode_not_recommended) VALUES (2204, 4, 'Man Shrugging: Medium-Dark Skin Tone', '', 'man-shrugging-type-5', NULL, 'U+1F937U+1F3FEU+200DU+2642U+FE0F', 5, 1, 1, 1, 0, 0);
INSERT INTO emoji_codepoints (emoji_codepoint_id,emoji_id,codepoint_id,sequence_index) VALUES (4512, 2204, 1088, 1),(4513, 2204, 482, 2),(4514, 2204, 1183, 3),(4515, 2204, 76, 4),(4516, 2204, 1185, 5);

INSERT INTO emoji (emoji_id,emoji_version_id,emoji_name,emoji_character,emojipedia_url_ext,emojipedia_category,codepoint_string,num_codepoints,hasComponent,hasModifier,hasModifierBase,appearance_differs_flag,unicode_not_recommended) VALUES (2205, 4, 'Man Shrugging: Dark Skin Tone', '', 'man-shrugging-type-6', NULL, 'U+1F937U+1F3FFU+200DU+2642U+FE0F', 5, 1, 1, 1, 0, 0);
INSERT INTO emoji_codepoints (emoji_codepoint_id,emoji_id,codepoint_id,sequence_index) VALUES (4517, 2205, 1088, 1),(4518, 2205, 483, 2),(4519, 2205, 1183, 3),(4520, 2205, 76, 4),(4521, 2205, 1185, 5);

INSERT INTO emoji (emoji_id,emoji_version_id,emoji_name,emoji_character,emojipedia_url_ext,emojipedia_category,codepoint_string,num_codepoints,hasComponent,hasModifier,hasModifierBase,appearance_differs_flag,unicode_not_recommended) VALUES (2206, 4, 'Woman Shrugging', '', 'woman-shrugging', 'people', 'U+1F937U+200DU+2640U+FE0F', 4, 1, 0, 1, 0, 0);
INSERT INTO emoji_codepoints (emoji_codepoint_id,emoji_id,codepoint_id,sequence_index) VALUES (4522, 2206, 1088, 1),(4523, 2206, 1183, 2),(4524, 2206, 75, 3),(4525, 2206, 1185, 4);

INSERT INTO emoji (emoji_id,emoji_version_id,emoji_name,emoji_character,emojipedia_url_ext,emojipedia_category,codepoint_string,num_codepoints,hasComponent,hasModifier,hasModifierBase,appearance_differs_flag,unicode_not_recommended) VALUES (2207, 4, 'Woman Shrugging: Light Skin Tone', '', 'woman-shrugging-type-1-2', NULL, 'U+1F937U+1F3FBU+200DU+2640U+FE0F', 5, 1, 1, 1, 0, 0);
INSERT INTO emoji_codepoints (emoji_codepoint_id,emoji_id,codepoint_id,sequence_index) VALUES (4526, 2207, 1088, 1),(4527, 2207, 479, 2),(4528, 2207, 1183, 3),(4529, 2207, 75, 4),(4530, 2207, 1185, 5);

INSERT INTO emoji (emoji_id,emoji_version_id,emoji_name,emoji_character,emojipedia_url_ext,emojipedia_category,codepoint_string,num_codepoints,hasComponent,hasModifier,hasModifierBase,appearance_differs_flag,unicode_not_recommended) VALUES (2208, 4, 'Woman Shrugging: Medium-Light Skin Tone', '', 'woman-shrugging-type-3', NULL, 'U+1F937U+1F3FCU+200DU+2640U+FE0F', 5, 1, 1, 1, 0, 0);
INSERT INTO emoji_codepoints (emoji_codepoint_id,emoji_id,codepoint_id,sequence_index) VALUES (4531, 2208, 1088, 1),(4532, 2208, 480, 2),(4533, 2208, 1183, 3),(4534, 2208, 75, 4),(4535, 2208, 1185, 5);

INSERT INTO emoji (emoji_id,emoji_version_id,emoji_name,emoji_character,emojipedia_url_ext,emojipedia_category,codepoint_string,num_codepoints,hasComponent,hasModifier,hasModifierBase,appearance_differs_flag,unicode_not_recommended) VALUES (2209, 4, 'Woman Shrugging: Medium Skin Tone', '', 'woman-shrugging-type-4', NULL, 'U+1F937U+1F3FDU+200DU+2640U+FE0F', 5, 1, 1, 1, 0, 0);
INSERT INTO emoji_codepoints (emoji_codepoint_id,emoji_id,codepoint_id,sequence_index) VALUES (4536, 2209, 1088, 1),(4537, 2209, 481, 2),(4538, 2209, 1183, 3),(4539, 2209, 75, 4),(4540, 2209, 1185, 5);

INSERT INTO emoji (emoji_id,emoji_version_id,emoji_name,emoji_character,emojipedia_url_ext,emojipedia_category,codepoint_string,num_codepoints,hasComponent,hasModifier,hasModifierBase,appearance_differs_flag,unicode_not_recommended) VALUES (2210, 4, 'Woman Shrugging: Medium-Dark Skin Tone', '', 'woman-shrugging-type-5', NULL, 'U+1F937U+1F3FEU+200DU+2640U+FE0F', 5, 1, 1, 1, 0, 0);
INSERT INTO emoji_codepoints (emoji_codepoint_id,emoji_id,codepoint_id,sequence_index) VALUES (4541, 2210, 1088, 1),(4542, 2210, 482, 2),(4543, 2210, 1183, 3),(4544, 2210, 75, 4),(4545, 2210, 1185, 5);

INSERT INTO emoji (emoji_id,emoji_version_id,emoji_name,emoji_character,emojipedia_url_ext,emojipedia_category,codepoint_string,num_codepoints,hasComponent,hasModifier,hasModifierBase,appearance_differs_flag,unicode_not_recommended) VALUES (2211, 4, 'Woman Shrugging: Dark Skin Tone', '', 'woman-shrugging-type-6', NULL, 'U+1F937U+1F3FFU+200DU+2640U+FE0F', 5, 1, 1, 1, 0, 0);
INSERT INTO emoji_codepoints (emoji_codepoint_id,emoji_id,codepoint_id,sequence_index) VALUES (4546, 2211, 1088, 1),(4547, 2211, 483, 2),(4548, 2211, 1183, 3),(4549, 2211, 75, 4),(4550, 2211, 1185, 5);

INSERT INTO emoji (emoji_id,emoji_version_id,emoji_name,emoji_character,emojipedia_url_ext,emojipedia_category,codepoint_string,num_codepoints,hasComponent,hasModifier,hasModifierBase,appearance_differs_flag,unicode_not_recommended) VALUES (2212, 4, 'Man Getting Massage', '', 'man-getting-face-massage', 'people', 'U+1F486U+200DU+2642U+FE0F', 4, 1, 0, 1, 0, 0);
INSERT INTO emoji_codepoints (emoji_codepoint_id,emoji_id,codepoint_id,sequence_index) VALUES (4551, 2212, 618, 1),(4552, 2212, 1183, 2),(4553, 2212, 76, 3),(4554, 2212, 1185, 4);

INSERT INTO emoji (emoji_id,emoji_version_id,emoji_name,emoji_character,emojipedia_url_ext,emojipedia_category,codepoint_string,num_codepoints,hasComponent,hasModifier,hasModifierBase,appearance_differs_flag,unicode_not_recommended) VALUES (2213, 4, 'Man Getting Massage: Light Skin Tone', '', 'man-getting-face-massage-type-1-2', NULL, 'U+1F486U+1F3FBU+200DU+2642U+FE0F', 5, 1, 1, 1, 0, 0);
INSERT INTO emoji_codepoints (emoji_codepoint_id,emoji_id,codepoint_id,sequence_index) VALUES (4555, 2213, 618, 1),(4556, 2213, 479, 2),(4557, 2213, 1183, 3),(4558, 2213, 76, 4),(4559, 2213, 1185, 5);

INSERT INTO emoji (emoji_id,emoji_version_id,emoji_name,emoji_character,emojipedia_url_ext,emojipedia_category,codepoint_string,num_codepoints,hasComponent,hasModifier,hasModifierBase,appearance_differs_flag,unicode_not_recommended) VALUES (2214, 4, 'Man Getting Massage: Medium-Light Skin Tone', '', 'man-getting-face-massage-type-3', NULL, 'U+1F486U+1F3FCU+200DU+2642U+FE0F', 5, 1, 1, 1, 0, 0);
INSERT INTO emoji_codepoints (emoji_codepoint_id,emoji_id,codepoint_id,sequence_index) VALUES (4560, 2214, 618, 1),(4561, 2214, 480, 2),(4562, 2214, 1183, 3),(4563, 2214, 76, 4),(4564, 2214, 1185, 5);

INSERT INTO emoji (emoji_id,emoji_version_id,emoji_name,emoji_character,emojipedia_url_ext,emojipedia_category,codepoint_string,num_codepoints,hasComponent,hasModifier,hasModifierBase,appearance_differs_flag,unicode_not_recommended) VALUES (2215, 4, 'Man Getting Massage: Medium Skin Tone', '', 'man-getting-face-massage-type-4', NULL, 'U+1F486U+1F3FDU+200DU+2642U+FE0F', 5, 1, 1, 1, 0, 0);
INSERT INTO emoji_codepoints (emoji_codepoint_id,emoji_id,codepoint_id,sequence_index) VALUES (4565, 2215, 618, 1),(4566, 2215, 481, 2),(4567, 2215, 1183, 3),(4568, 2215, 76, 4),(4569, 2215, 1185, 5);

INSERT INTO emoji (emoji_id,emoji_version_id,emoji_name,emoji_character,emojipedia_url_ext,emojipedia_category,codepoint_string,num_codepoints,hasComponent,hasModifier,hasModifierBase,appearance_differs_flag,unicode_not_recommended) VALUES (2216, 4, 'Man Getting Massage: Medium-Dark Skin Tone', '', 'man-getting-face-massage-type-5', NULL, 'U+1F486U+1F3FEU+200DU+2642U+FE0F', 5, 1, 1, 1, 0, 0);
INSERT INTO emoji_codepoints (emoji_codepoint_id,emoji_id,codepoint_id,sequence_index) VALUES (4570, 2216, 618, 1),(4571, 2216, 482, 2),(4572, 2216, 1183, 3),(4573, 2216, 76, 4),(4574, 2216, 1185, 5);

INSERT INTO emoji (emoji_id,emoji_version_id,emoji_name,emoji_character,emojipedia_url_ext,emojipedia_category,codepoint_string,num_codepoints,hasComponent,hasModifier,hasModifierBase,appearance_differs_flag,unicode_not_recommended) VALUES (2217, 4, 'Man Getting Massage: Dark Skin Tone', '', 'man-getting-face-massage-type-6', NULL, 'U+1F486U+1F3FFU+200DU+2642U+FE0F', 5, 1, 1, 1, 0, 0);
INSERT INTO emoji_codepoints (emoji_codepoint_id,emoji_id,codepoint_id,sequence_index) VALUES (4575, 2217, 618, 1),(4576, 2217, 483, 2),(4577, 2217, 1183, 3),(4578, 2217, 76, 4),(4579, 2217, 1185, 5);

INSERT INTO emoji (emoji_id,emoji_version_id,emoji_name,emoji_character,emojipedia_url_ext,emojipedia_category,codepoint_string,num_codepoints,hasComponent,hasModifier,hasModifierBase,appearance_differs_flag,unicode_not_recommended) VALUES (2218, 4, 'Woman Getting Massage', '', 'woman-getting-face-massage', 'people', 'U+1F486U+200DU+2640U+FE0F', 4, 1, 0, 1, 0, 0);
INSERT INTO emoji_codepoints (emoji_codepoint_id,emoji_id,codepoint_id,sequence_index) VALUES (4580, 2218, 618, 1),(4581, 2218, 1183, 2),(4582, 2218, 75, 3),(4583, 2218, 1185, 4);

INSERT INTO emoji (emoji_id,emoji_version_id,emoji_name,emoji_character,emojipedia_url_ext,emojipedia_category,codepoint_string,num_codepoints,hasComponent,hasModifier,hasModifierBase,appearance_differs_flag,unicode_not_recommended) VALUES (2219, 4, 'Woman Getting Massage: Light Skin Tone', '', 'woman-getting-face-massage-type-1-2', NULL, 'U+1F486U+1F3FBU+200DU+2640U+FE0F', 5, 1, 1, 1, 0, 0);
INSERT INTO emoji_codepoints (emoji_codepoint_id,emoji_id,codepoint_id,sequence_index) VALUES (4584, 2219, 618, 1),(4585, 2219, 479, 2),(4586, 2219, 1183, 3),(4587, 2219, 75, 4),(4588, 2219, 1185, 5);

INSERT INTO emoji (emoji_id,emoji_version_id,emoji_name,emoji_character,emojipedia_url_ext,emojipedia_category,codepoint_string,num_codepoints,hasComponent,hasModifier,hasModifierBase,appearance_differs_flag,unicode_not_recommended) VALUES (2220, 4, 'Woman Getting Massage: Medium-Light Skin Tone', '', 'woman-getting-face-massage-type-3', NULL, 'U+1F486U+1F3FCU+200DU+2640U+FE0F', 5, 1, 1, 1, 0, 0);
INSERT INTO emoji_codepoints (emoji_codepoint_id,emoji_id,codepoint_id,sequence_index) VALUES (4589, 2220, 618, 1),(4590, 2220, 480, 2),(4591, 2220, 1183, 3),(4592, 2220, 75, 4),(4593, 2220, 1185, 5);

INSERT INTO emoji (emoji_id,emoji_version_id,emoji_name,emoji_character,emojipedia_url_ext,emojipedia_category,codepoint_string,num_codepoints,hasComponent,hasModifier,hasModifierBase,appearance_differs_flag,unicode_not_recommended) VALUES (2221, 4, 'Woman Getting Massage: Medium Skin Tone', '', 'woman-getting-face-massage-type-4', NULL, 'U+1F486U+1F3FDU+200DU+2640U+FE0F', 5, 1, 1, 1, 0, 0);
INSERT INTO emoji_codepoints (emoji_codepoint_id,emoji_id,codepoint_id,sequence_index) VALUES (4594, 2221, 618, 1),(4595, 2221, 481, 2),(4596, 2221, 1183, 3),(4597, 2221, 75, 4),(4598, 2221, 1185, 5);

INSERT INTO emoji (emoji_id,emoji_version_id,emoji_name,emoji_character,emojipedia_url_ext,emojipedia_category,codepoint_string,num_codepoints,hasComponent,hasModifier,hasModifierBase,appearance_differs_flag,unicode_not_recommended) VALUES (2222, 4, 'Woman Getting Massage: Medium-Dark Skin Tone', '', 'woman-getting-face-massage-type-5', NULL, 'U+1F486U+1F3FEU+200DU+2640U+FE0F', 5, 1, 1, 1, 0, 0);
INSERT INTO emoji_codepoints (emoji_codepoint_id,emoji_id,codepoint_id,sequence_index) VALUES (4599, 2222, 618, 1),(4600, 2222, 482, 2),(4601, 2222, 1183, 3),(4602, 2222, 75, 4),(4603, 2222, 1185, 5);

INSERT INTO emoji (emoji_id,emoji_version_id,emoji_name,emoji_character,emojipedia_url_ext,emojipedia_category,codepoint_string,num_codepoints,hasComponent,hasModifier,hasModifierBase,appearance_differs_flag,unicode_not_recommended) VALUES (2223, 4, 'Woman Getting Massage: Dark Skin Tone', '', 'woman-getting-face-massage-type-6', NULL, 'U+1F486U+1F3FFU+200DU+2640U+FE0F', 5, 1, 1, 1, 0, 0);
INSERT INTO emoji_codepoints (emoji_codepoint_id,emoji_id,codepoint_id,sequence_index) VALUES (4604, 2223, 618, 1),(4605, 2223, 483, 2),(4606, 2223, 1183, 3),(4607, 2223, 75, 4),(4608, 2223, 1185, 5);

INSERT INTO emoji (emoji_id,emoji_version_id,emoji_name,emoji_character,emojipedia_url_ext,emojipedia_category,codepoint_string,num_codepoints,hasComponent,hasModifier,hasModifierBase,appearance_differs_flag,unicode_not_recommended) VALUES (2224, 4, 'Man Getting Haircut', '', 'man-getting-haircut', 'people', 'U+1F487U+200DU+2642U+FE0F', 4, 1, 0, 1, 0, 0);
INSERT INTO emoji_codepoints (emoji_codepoint_id,emoji_id,codepoint_id,sequence_index) VALUES (4609, 2224, 619, 1),(4610, 2224, 1183, 2),(4611, 2224, 76, 3),(4612, 2224, 1185, 4);

INSERT INTO emoji (emoji_id,emoji_version_id,emoji_name,emoji_character,emojipedia_url_ext,emojipedia_category,codepoint_string,num_codepoints,hasComponent,hasModifier,hasModifierBase,appearance_differs_flag,unicode_not_recommended) VALUES (2225, 4, 'Man Getting Haircut: Light Skin Tone', '', 'man-getting-haircut-type-1-2', NULL, 'U+1F487U+1F3FBU+200DU+2642U+FE0F', 5, 1, 1, 1, 0, 0);
INSERT INTO emoji_codepoints (emoji_codepoint_id,emoji_id,codepoint_id,sequence_index) VALUES (4613, 2225, 619, 1),(4614, 2225, 479, 2),(4615, 2225, 1183, 3),(4616, 2225, 76, 4),(4617, 2225, 1185, 5);

INSERT INTO emoji (emoji_id,emoji_version_id,emoji_name,emoji_character,emojipedia_url_ext,emojipedia_category,codepoint_string,num_codepoints,hasComponent,hasModifier,hasModifierBase,appearance_differs_flag,unicode_not_recommended) VALUES (2226, 4, 'Man Getting Haircut: Medium-Light Skin Tone', '', 'man-getting-haircut-type-3', NULL, 'U+1F487U+1F3FCU+200DU+2642U+FE0F', 5, 1, 1, 1, 0, 0);
INSERT INTO emoji_codepoints (emoji_codepoint_id,emoji_id,codepoint_id,sequence_index) VALUES (4618, 2226, 619, 1),(4619, 2226, 480, 2),(4620, 2226, 1183, 3),(4621, 2226, 76, 4),(4622, 2226, 1185, 5);

INSERT INTO emoji (emoji_id,emoji_version_id,emoji_name,emoji_character,emojipedia_url_ext,emojipedia_category,codepoint_string,num_codepoints,hasComponent,hasModifier,hasModifierBase,appearance_differs_flag,unicode_not_recommended) VALUES (2227, 4, 'Man Getting Haircut: Medium Skin Tone', '', 'man-getting-haircut-type-4', NULL, 'U+1F487U+1F3FDU+200DU+2642U+FE0F', 5, 1, 1, 1, 0, 0);
INSERT INTO emoji_codepoints (emoji_codepoint_id,emoji_id,codepoint_id,sequence_index) VALUES (4623, 2227, 619, 1),(4624, 2227, 481, 2),(4625, 2227, 1183, 3),(4626, 2227, 76, 4),(4627, 2227, 1185, 5);

INSERT INTO emoji (emoji_id,emoji_version_id,emoji_name,emoji_character,emojipedia_url_ext,emojipedia_category,codepoint_string,num_codepoints,hasComponent,hasModifier,hasModifierBase,appearance_differs_flag,unicode_not_recommended) VALUES (2228, 4, 'Man Getting Haircut: Medium-Dark Skin Tone', '', 'man-getting-haircut-type-5', NULL, 'U+1F487U+1F3FEU+200DU+2642U+FE0F', 5, 1, 1, 1, 0, 0);
INSERT INTO emoji_codepoints (emoji_codepoint_id,emoji_id,codepoint_id,sequence_index) VALUES (4628, 2228, 619, 1),(4629, 2228, 482, 2),(4630, 2228, 1183, 3),(4631, 2228, 76, 4),(4632, 2228, 1185, 5);

INSERT INTO emoji (emoji_id,emoji_version_id,emoji_name,emoji_character,emojipedia_url_ext,emojipedia_category,codepoint_string,num_codepoints,hasComponent,hasModifier,hasModifierBase,appearance_differs_flag,unicode_not_recommended) VALUES (2229, 4, 'Man Getting Haircut: Dark Skin Tone', '', 'man-getting-haircut-type-6', NULL, 'U+1F487U+1F3FFU+200DU+2642U+FE0F', 5, 1, 1, 1, 0, 0);
INSERT INTO emoji_codepoints (emoji_codepoint_id,emoji_id,codepoint_id,sequence_index) VALUES (4633, 2229, 619, 1),(4634, 2229, 483, 2),(4635, 2229, 1183, 3),(4636, 2229, 76, 4),(4637, 2229, 1185, 5);

INSERT INTO emoji (emoji_id,emoji_version_id,emoji_name,emoji_character,emojipedia_url_ext,emojipedia_category,codepoint_string,num_codepoints,hasComponent,hasModifier,hasModifierBase,appearance_differs_flag,unicode_not_recommended) VALUES (2230, 4, 'Woman Getting Haircut', '', 'woman-getting-haircut', 'people', 'U+1F487U+200DU+2640U+FE0F', 4, 1, 0, 1, 0, 0);
INSERT INTO emoji_codepoints (emoji_codepoint_id,emoji_id,codepoint_id,sequence_index) VALUES (4638, 2230, 619, 1),(4639, 2230, 1183, 2),(4640, 2230, 75, 3),(4641, 2230, 1185, 4);

INSERT INTO emoji (emoji_id,emoji_version_id,emoji_name,emoji_character,emojipedia_url_ext,emojipedia_category,codepoint_string,num_codepoints,hasComponent,hasModifier,hasModifierBase,appearance_differs_flag,unicode_not_recommended) VALUES (2231, 4, 'Woman Getting Haircut: Light Skin Tone', '', 'woman-getting-haircut-type-1-2', NULL, 'U+1F487U+1F3FBU+200DU+2640U+FE0F', 5, 1, 1, 1, 0, 0);
INSERT INTO emoji_codepoints (emoji_codepoint_id,emoji_id,codepoint_id,sequence_index) VALUES (4642, 2231, 619, 1),(4643, 2231, 479, 2),(4644, 2231, 1183, 3),(4645, 2231, 75, 4),(4646, 2231, 1185, 5);

INSERT INTO emoji (emoji_id,emoji_version_id,emoji_name,emoji_character,emojipedia_url_ext,emojipedia_category,codepoint_string,num_codepoints,hasComponent,hasModifier,hasModifierBase,appearance_differs_flag,unicode_not_recommended) VALUES (2232, 4, 'Woman Getting Haircut: Medium-Light Skin Tone', '', 'woman-getting-haircut-type-3', NULL, 'U+1F487U+1F3FCU+200DU+2640U+FE0F', 5, 1, 1, 1, 0, 0);
INSERT INTO emoji_codepoints (emoji_codepoint_id,emoji_id,codepoint_id,sequence_index) VALUES (4647, 2232, 619, 1),(4648, 2232, 480, 2),(4649, 2232, 1183, 3),(4650, 2232, 75, 4),(4651, 2232, 1185, 5);

INSERT INTO emoji (emoji_id,emoji_version_id,emoji_name,emoji_character,emojipedia_url_ext,emojipedia_category,codepoint_string,num_codepoints,hasComponent,hasModifier,hasModifierBase,appearance_differs_flag,unicode_not_recommended) VALUES (2233, 4, 'Woman Getting Haircut: Medium Skin Tone', '', 'woman-getting-haircut-type-4', NULL, 'U+1F487U+1F3FDU+200DU+2640U+FE0F', 5, 1, 1, 1, 0, 0);
INSERT INTO emoji_codepoints (emoji_codepoint_id,emoji_id,codepoint_id,sequence_index) VALUES (4652, 2233, 619, 1),(4653, 2233, 481, 2),(4654, 2233, 1183, 3),(4655, 2233, 75, 4),(4656, 2233, 1185, 5);

INSERT INTO emoji (emoji_id,emoji_version_id,emoji_name,emoji_character,emojipedia_url_ext,emojipedia_category,codepoint_string,num_codepoints,hasComponent,hasModifier,hasModifierBase,appearance_differs_flag,unicode_not_recommended) VALUES (2234, 4, 'Woman Getting Haircut: Medium-Dark Skin Tone', '', 'woman-getting-haircut-type-5', NULL, 'U+1F487U+1F3FEU+200DU+2640U+FE0F', 5, 1, 1, 1, 0, 0);
INSERT INTO emoji_codepoints (emoji_codepoint_id,emoji_id,codepoint_id,sequence_index) VALUES (4657, 2234, 619, 1),(4658, 2234, 482, 2),(4659, 2234, 1183, 3),(4660, 2234, 75, 4),(4661, 2234, 1185, 5);

INSERT INTO emoji (emoji_id,emoji_version_id,emoji_name,emoji_character,emojipedia_url_ext,emojipedia_category,codepoint_string,num_codepoints,hasComponent,hasModifier,hasModifierBase,appearance_differs_flag,unicode_not_recommended) VALUES (2235, 4, 'Woman Getting Haircut: Dark Skin Tone', '', 'woman-getting-haircut-type-6', NULL, 'U+1F487U+1F3FFU+200DU+2640U+FE0F', 5, 1, 1, 1, 0, 0);
INSERT INTO emoji_codepoints (emoji_codepoint_id,emoji_id,codepoint_id,sequence_index) VALUES (4662, 2235, 619, 1),(4663, 2235, 483, 2),(4664, 2235, 1183, 3),(4665, 2235, 75, 4),(4666, 2235, 1185, 5);

INSERT INTO emoji (emoji_id,emoji_version_id,emoji_name,emoji_character,emojipedia_url_ext,emojipedia_category,codepoint_string,num_codepoints,hasComponent,hasModifier,hasModifierBase,appearance_differs_flag,unicode_not_recommended) VALUES (2236, 4, 'Man Walking', '', 'man-walking', 'people', 'U+1F6B6U+200DU+2642U+FE0F', 4, 1, 0, 1, 0, 0);
INSERT INTO emoji_codepoints (emoji_codepoint_id,emoji_id,codepoint_id,sequence_index) VALUES (4667, 2236, 1009, 1),(4668, 2236, 1183, 2),(4669, 2236, 76, 3),(4670, 2236, 1185, 4);

INSERT INTO emoji (emoji_id,emoji_version_id,emoji_name,emoji_character,emojipedia_url_ext,emojipedia_category,codepoint_string,num_codepoints,hasComponent,hasModifier,hasModifierBase,appearance_differs_flag,unicode_not_recommended) VALUES (2237, 4, 'Man Walking: Light Skin Tone', '', 'man-walking-type-1-2', NULL, 'U+1F6B6U+1F3FBU+200DU+2642U+FE0F', 5, 1, 1, 1, 0, 0);
INSERT INTO emoji_codepoints (emoji_codepoint_id,emoji_id,codepoint_id,sequence_index) VALUES (4671, 2237, 1009, 1),(4672, 2237, 479, 2),(4673, 2237, 1183, 3),(4674, 2237, 76, 4),(4675, 2237, 1185, 5);

INSERT INTO emoji (emoji_id,emoji_version_id,emoji_name,emoji_character,emojipedia_url_ext,emojipedia_category,codepoint_string,num_codepoints,hasComponent,hasModifier,hasModifierBase,appearance_differs_flag,unicode_not_recommended) VALUES (2238, 4, 'Man Walking: Medium-Light Skin Tone', '', 'man-walking-type-3', NULL, 'U+1F6B6U+1F3FCU+200DU+2642U+FE0F', 5, 1, 1, 1, 0, 0);
INSERT INTO emoji_codepoints (emoji_codepoint_id,emoji_id,codepoint_id,sequence_index) VALUES (4676, 2238, 1009, 1),(4677, 2238, 480, 2),(4678, 2238, 1183, 3),(4679, 2238, 76, 4),(4680, 2238, 1185, 5);

INSERT INTO emoji (emoji_id,emoji_version_id,emoji_name,emoji_character,emojipedia_url_ext,emojipedia_category,codepoint_string,num_codepoints,hasComponent,hasModifier,hasModifierBase,appearance_differs_flag,unicode_not_recommended) VALUES (2239, 4, 'Man Walking: Medium Skin Tone', '', 'man-walking-type-4', NULL, 'U+1F6B6U+1F3FDU+200DU+2642U+FE0F', 5, 1, 1, 1, 0, 0);
INSERT INTO emoji_codepoints (emoji_codepoint_id,emoji_id,codepoint_id,sequence_index) VALUES (4681, 2239, 1009, 1),(4682, 2239, 481, 2),(4683, 2239, 1183, 3),(4684, 2239, 76, 4),(4685, 2239, 1185, 5);

INSERT INTO emoji (emoji_id,emoji_version_id,emoji_name,emoji_character,emojipedia_url_ext,emojipedia_category,codepoint_string,num_codepoints,hasComponent,hasModifier,hasModifierBase,appearance_differs_flag,unicode_not_recommended) VALUES (2240, 4, 'Man Walking: Medium-Dark Skin Tone', '', 'man-walking-type-5', NULL, 'U+1F6B6U+1F3FEU+200DU+2642U+FE0F', 5, 1, 1, 1, 0, 0);
INSERT INTO emoji_codepoints (emoji_codepoint_id,emoji_id,codepoint_id,sequence_index) VALUES (4686, 2240, 1009, 1),(4687, 2240, 482, 2),(4688, 2240, 1183, 3),(4689, 2240, 76, 4),(4690, 2240, 1185, 5);

INSERT INTO emoji (emoji_id,emoji_version_id,emoji_name,emoji_character,emojipedia_url_ext,emojipedia_category,codepoint_string,num_codepoints,hasComponent,hasModifier,hasModifierBase,appearance_differs_flag,unicode_not_recommended) VALUES (2241, 4, 'Man Walking: Dark Skin Tone', '', 'man-walking-type-6', NULL, 'U+1F6B6U+1F3FFU+200DU+2642U+FE0F', 5, 1, 1, 1, 0, 0);
INSERT INTO emoji_codepoints (emoji_codepoint_id,emoji_id,codepoint_id,sequence_index) VALUES (4691, 2241, 1009, 1),(4692, 2241, 483, 2),(4693, 2241, 1183, 3),(4694, 2241, 76, 4),(4695, 2241, 1185, 5);

INSERT INTO emoji (emoji_id,emoji_version_id,emoji_name,emoji_character,emojipedia_url_ext,emojipedia_category,codepoint_string,num_codepoints,hasComponent,hasModifier,hasModifierBase,appearance_differs_flag,unicode_not_recommended) VALUES (2242, 4, 'Woman Walking', '', 'woman-walking', 'people', 'U+1F6B6U+200DU+2640U+FE0F', 4, 1, 0, 1, 0, 0);
INSERT INTO emoji_codepoints (emoji_codepoint_id,emoji_id,codepoint_id,sequence_index) VALUES (4696, 2242, 1009, 1),(4697, 2242, 1183, 2),(4698, 2242, 75, 3),(4699, 2242, 1185, 4);

INSERT INTO emoji (emoji_id,emoji_version_id,emoji_name,emoji_character,emojipedia_url_ext,emojipedia_category,codepoint_string,num_codepoints,hasComponent,hasModifier,hasModifierBase,appearance_differs_flag,unicode_not_recommended) VALUES (2243, 4, 'Woman Walking: Light Skin Tone', '', 'woman-walking-type-1-2', NULL, 'U+1F6B6U+1F3FBU+200DU+2640U+FE0F', 5, 1, 1, 1, 0, 0);
INSERT INTO emoji_codepoints (emoji_codepoint_id,emoji_id,codepoint_id,sequence_index) VALUES (4700, 2243, 1009, 1),(4701, 2243, 479, 2),(4702, 2243, 1183, 3),(4703, 2243, 75, 4),(4704, 2243, 1185, 5);

INSERT INTO emoji (emoji_id,emoji_version_id,emoji_name,emoji_character,emojipedia_url_ext,emojipedia_category,codepoint_string,num_codepoints,hasComponent,hasModifier,hasModifierBase,appearance_differs_flag,unicode_not_recommended) VALUES (2244, 4, 'Woman Walking: Medium-Light Skin Tone', '', 'woman-walking-type-3', NULL, 'U+1F6B6U+1F3FCU+200DU+2640U+FE0F', 5, 1, 1, 1, 0, 0);
INSERT INTO emoji_codepoints (emoji_codepoint_id,emoji_id,codepoint_id,sequence_index) VALUES (4705, 2244, 1009, 1),(4706, 2244, 480, 2),(4707, 2244, 1183, 3),(4708, 2244, 75, 4),(4709, 2244, 1185, 5);

INSERT INTO emoji (emoji_id,emoji_version_id,emoji_name,emoji_character,emojipedia_url_ext,emojipedia_category,codepoint_string,num_codepoints,hasComponent,hasModifier,hasModifierBase,appearance_differs_flag,unicode_not_recommended) VALUES (2245, 4, 'Woman Walking: Medium Skin Tone', '', 'woman-walking-type-4', NULL, 'U+1F6B6U+1F3FDU+200DU+2640U+FE0F', 5, 1, 1, 1, 0, 0);
INSERT INTO emoji_codepoints (emoji_codepoint_id,emoji_id,codepoint_id,sequence_index) VALUES (4710, 2245, 1009, 1),(4711, 2245, 481, 2),(4712, 2245, 1183, 3),(4713, 2245, 75, 4),(4714, 2245, 1185, 5);

INSERT INTO emoji (emoji_id,emoji_version_id,emoji_name,emoji_character,emojipedia_url_ext,emojipedia_category,codepoint_string,num_codepoints,hasComponent,hasModifier,hasModifierBase,appearance_differs_flag,unicode_not_recommended) VALUES (2246, 4, 'Woman Walking: Medium-Dark Skin Tone', '', 'woman-walking-type-5', NULL, 'U+1F6B6U+1F3FEU+200DU+2640U+FE0F', 5, 1, 1, 1, 0, 0);
INSERT INTO emoji_codepoints (emoji_codepoint_id,emoji_id,codepoint_id,sequence_index) VALUES (4715, 2246, 1009, 1),(4716, 2246, 482, 2),(4717, 2246, 1183, 3),(4718, 2246, 75, 4),(4719, 2246, 1185, 5);

INSERT INTO emoji (emoji_id,emoji_version_id,emoji_name,emoji_character,emojipedia_url_ext,emojipedia_category,codepoint_string,num_codepoints,hasComponent,hasModifier,hasModifierBase,appearance_differs_flag,unicode_not_recommended) VALUES (2247, 4, 'Woman Walking: Dark Skin Tone', '', 'woman-walking-type-6', NULL, 'U+1F6B6U+1F3FFU+200DU+2640U+FE0F', 5, 1, 1, 1, 0, 0);
INSERT INTO emoji_codepoints (emoji_codepoint_id,emoji_id,codepoint_id,sequence_index) VALUES (4720, 2247, 1009, 1),(4721, 2247, 483, 2),(4722, 2247, 1183, 3),(4723, 2247, 75, 4),(4724, 2247, 1185, 5);

INSERT INTO emoji (emoji_id,emoji_version_id,emoji_name,emoji_character,emojipedia_url_ext,emojipedia_category,codepoint_string,num_codepoints,hasComponent,hasModifier,hasModifierBase,appearance_differs_flag,unicode_not_recommended) VALUES (2248, 4, 'Man Running', '', 'man-running', 'people', 'U+1F3C3U+200DU+2642U+FE0F', 4, 1, 0, 1, 0, 0);
INSERT INTO emoji_codepoints (emoji_codepoint_id,emoji_id,codepoint_id,sequence_index) VALUES (4725, 2248, 426, 1),(4726, 2248, 1183, 2),(4727, 2248, 76, 3),(4728, 2248, 1185, 4);

INSERT INTO emoji (emoji_id,emoji_version_id,emoji_name,emoji_character,emojipedia_url_ext,emojipedia_category,codepoint_string,num_codepoints,hasComponent,hasModifier,hasModifierBase,appearance_differs_flag,unicode_not_recommended) VALUES (2249, 4, 'Man Running: Light Skin Tone', '', 'man-running-type-1-2', NULL, 'U+1F3C3U+1F3FBU+200DU+2642U+FE0F', 5, 1, 1, 1, 0, 0);
INSERT INTO emoji_codepoints (emoji_codepoint_id,emoji_id,codepoint_id,sequence_index) VALUES (4729, 2249, 426, 1),(4730, 2249, 479, 2),(4731, 2249, 1183, 3),(4732, 2249, 76, 4),(4733, 2249, 1185, 5);

INSERT INTO emoji (emoji_id,emoji_version_id,emoji_name,emoji_character,emojipedia_url_ext,emojipedia_category,codepoint_string,num_codepoints,hasComponent,hasModifier,hasModifierBase,appearance_differs_flag,unicode_not_recommended) VALUES (2250, 4, 'Man Running: Medium-Light Skin Tone', '', 'man-running-type-3', NULL, 'U+1F3C3U+1F3FCU+200DU+2642U+FE0F', 5, 1, 1, 1, 0, 0);
INSERT INTO emoji_codepoints (emoji_codepoint_id,emoji_id,codepoint_id,sequence_index) VALUES (4734, 2250, 426, 1),(4735, 2250, 480, 2),(4736, 2250, 1183, 3),(4737, 2250, 76, 4),(4738, 2250, 1185, 5);

INSERT INTO emoji (emoji_id,emoji_version_id,emoji_name,emoji_character,emojipedia_url_ext,emojipedia_category,codepoint_string,num_codepoints,hasComponent,hasModifier,hasModifierBase,appearance_differs_flag,unicode_not_recommended) VALUES (2251, 4, 'Man Running: Medium Skin Tone', '', 'man-running-type-4', NULL, 'U+1F3C3U+1F3FDU+200DU+2642U+FE0F', 5, 1, 1, 1, 0, 0);
INSERT INTO emoji_codepoints (emoji_codepoint_id,emoji_id,codepoint_id,sequence_index) VALUES (4739, 2251, 426, 1),(4740, 2251, 481, 2),(4741, 2251, 1183, 3),(4742, 2251, 76, 4),(4743, 2251, 1185, 5);

INSERT INTO emoji (emoji_id,emoji_version_id,emoji_name,emoji_character,emojipedia_url_ext,emojipedia_category,codepoint_string,num_codepoints,hasComponent,hasModifier,hasModifierBase,appearance_differs_flag,unicode_not_recommended) VALUES (2252, 4, 'Man Running: Medium-Dark Skin Tone', '', 'man-running-type-5', NULL, 'U+1F3C3U+1F3FEU+200DU+2642U+FE0F', 5, 1, 1, 1, 0, 0);
INSERT INTO emoji_codepoints (emoji_codepoint_id,emoji_id,codepoint_id,sequence_index) VALUES (4744, 2252, 426, 1),(4745, 2252, 482, 2),(4746, 2252, 1183, 3),(4747, 2252, 76, 4),(4748, 2252, 1185, 5);

INSERT INTO emoji (emoji_id,emoji_version_id,emoji_name,emoji_character,emojipedia_url_ext,emojipedia_category,codepoint_string,num_codepoints,hasComponent,hasModifier,hasModifierBase,appearance_differs_flag,unicode_not_recommended) VALUES (2253, 4, 'Man Running: Dark Skin Tone', '', 'man-running-type-6', NULL, 'U+1F3C3U+1F3FFU+200DU+2642U+FE0F', 5, 1, 1, 1, 0, 0);
INSERT INTO emoji_codepoints (emoji_codepoint_id,emoji_id,codepoint_id,sequence_index) VALUES (4749, 2253, 426, 1),(4750, 2253, 483, 2),(4751, 2253, 1183, 3),(4752, 2253, 76, 4),(4753, 2253, 1185, 5);

INSERT INTO emoji (emoji_id,emoji_version_id,emoji_name,emoji_character,emojipedia_url_ext,emojipedia_category,codepoint_string,num_codepoints,hasComponent,hasModifier,hasModifierBase,appearance_differs_flag,unicode_not_recommended) VALUES (2254, 4, 'Woman Running', '', 'woman-running', 'people', 'U+1F3C3U+200DU+2640U+FE0F', 4, 1, 0, 1, 0, 0);
INSERT INTO emoji_codepoints (emoji_codepoint_id,emoji_id,codepoint_id,sequence_index) VALUES (4754, 2254, 426, 1),(4755, 2254, 1183, 2),(4756, 2254, 75, 3),(4757, 2254, 1185, 4);

INSERT INTO emoji (emoji_id,emoji_version_id,emoji_name,emoji_character,emojipedia_url_ext,emojipedia_category,codepoint_string,num_codepoints,hasComponent,hasModifier,hasModifierBase,appearance_differs_flag,unicode_not_recommended) VALUES (2255, 4, 'Woman Running: Light Skin Tone', '', 'woman-running-type-1-2', NULL, 'U+1F3C3U+1F3FBU+200DU+2640U+FE0F', 5, 1, 1, 1, 0, 0);
INSERT INTO emoji_codepoints (emoji_codepoint_id,emoji_id,codepoint_id,sequence_index) VALUES (4758, 2255, 426, 1),(4759, 2255, 479, 2),(4760, 2255, 1183, 3),(4761, 2255, 75, 4),(4762, 2255, 1185, 5);

INSERT INTO emoji (emoji_id,emoji_version_id,emoji_name,emoji_character,emojipedia_url_ext,emojipedia_category,codepoint_string,num_codepoints,hasComponent,hasModifier,hasModifierBase,appearance_differs_flag,unicode_not_recommended) VALUES (2256, 4, 'Woman Running: Medium-Light Skin Tone', '', 'woman-running-type-3', NULL, 'U+1F3C3U+1F3FCU+200DU+2640U+FE0F', 5, 1, 1, 1, 0, 0);
INSERT INTO emoji_codepoints (emoji_codepoint_id,emoji_id,codepoint_id,sequence_index) VALUES (4763, 2256, 426, 1),(4764, 2256, 480, 2),(4765, 2256, 1183, 3),(4766, 2256, 75, 4),(4767, 2256, 1185, 5);

INSERT INTO emoji (emoji_id,emoji_version_id,emoji_name,emoji_character,emojipedia_url_ext,emojipedia_category,codepoint_string,num_codepoints,hasComponent,hasModifier,hasModifierBase,appearance_differs_flag,unicode_not_recommended) VALUES (2257, 4, 'Woman Running: Medium Skin Tone', '', 'woman-running-type-4', NULL, 'U+1F3C3U+1F3FDU+200DU+2640U+FE0F', 5, 1, 1, 1, 0, 0);
INSERT INTO emoji_codepoints (emoji_codepoint_id,emoji_id,codepoint_id,sequence_index) VALUES (4768, 2257, 426, 1),(4769, 2257, 481, 2),(4770, 2257, 1183, 3),(4771, 2257, 75, 4),(4772, 2257, 1185, 5);

INSERT INTO emoji (emoji_id,emoji_version_id,emoji_name,emoji_character,emojipedia_url_ext,emojipedia_category,codepoint_string,num_codepoints,hasComponent,hasModifier,hasModifierBase,appearance_differs_flag,unicode_not_recommended) VALUES (2258, 4, 'Woman Running: Medium-Dark Skin Tone', '', 'woman-running-type-5', NULL, 'U+1F3C3U+1F3FEU+200DU+2640U+FE0F', 5, 1, 1, 1, 0, 0);
INSERT INTO emoji_codepoints (emoji_codepoint_id,emoji_id,codepoint_id,sequence_index) VALUES (4773, 2258, 426, 1),(4774, 2258, 482, 2),(4775, 2258, 1183, 3),(4776, 2258, 75, 4),(4777, 2258, 1185, 5);

INSERT INTO emoji (emoji_id,emoji_version_id,emoji_name,emoji_character,emojipedia_url_ext,emojipedia_category,codepoint_string,num_codepoints,hasComponent,hasModifier,hasModifierBase,appearance_differs_flag,unicode_not_recommended) VALUES (2259, 4, 'Woman Running: Dark Skin Tone', '', 'woman-running-type-6', NULL, 'U+1F3C3U+1F3FFU+200DU+2640U+FE0F', 5, 1, 1, 1, 0, 0);
INSERT INTO emoji_codepoints (emoji_codepoint_id,emoji_id,codepoint_id,sequence_index) VALUES (4778, 2259, 426, 1),(4779, 2259, 483, 2),(4780, 2259, 1183, 3),(4781, 2259, 75, 4),(4782, 2259, 1185, 5);

INSERT INTO emoji (emoji_id,emoji_version_id,emoji_name,emoji_character,emojipedia_url_ext,emojipedia_category,codepoint_string,num_codepoints,hasComponent,hasModifier,hasModifierBase,appearance_differs_flag,unicode_not_recommended) VALUES (2260, 4, 'Men With Bunny Ears', '', 'men-with-bunny-ears-partying', 'people', 'U+1F46FU+200DU+2642U+FE0F', 4, 1, 0, 0, 0, 0);
INSERT INTO emoji_codepoints (emoji_codepoint_id,emoji_id,codepoint_id,sequence_index) VALUES (4783, 2260, 595, 1),(4784, 2260, 1183, 2),(4785, 2260, 76, 3),(4786, 2260, 1185, 4);

INSERT INTO emoji (emoji_id,emoji_version_id,emoji_name,emoji_character,emojipedia_url_ext,emojipedia_category,codepoint_string,num_codepoints,hasComponent,hasModifier,hasModifierBase,appearance_differs_flag,unicode_not_recommended) VALUES (2261, 4, 'Women With Bunny Ears', '', 'women-with-bunny-ears-partying', 'people', 'U+1F46FU+200DU+2640U+FE0F', 4, 1, 0, 0, 0, 0);
INSERT INTO emoji_codepoints (emoji_codepoint_id,emoji_id,codepoint_id,sequence_index) VALUES (4787, 2261, 595, 1),(4788, 2261, 1183, 2),(4789, 2261, 75, 3),(4790, 2261, 1185, 4);

INSERT INTO emoji (emoji_id,emoji_version_id,emoji_name,emoji_character,emojipedia_url_ext,emojipedia_category,codepoint_string,num_codepoints,hasComponent,hasModifier,hasModifierBase,appearance_differs_flag,unicode_not_recommended) VALUES (2262, 4, 'Person in Bed: Light Skin Tone', '', 'sleeping-accommodation-type-1-2', NULL, 'U+1F6CCU+1F3FB', 2, 1, 1, 1, 0, 0);
INSERT INTO emoji_codepoints (emoji_codepoint_id,emoji_id,codepoint_id,sequence_index) VALUES (4791, 2262, 1026, 1),(4792, 2262, 479, 2);

INSERT INTO emoji (emoji_id,emoji_version_id,emoji_name,emoji_character,emojipedia_url_ext,emojipedia_category,codepoint_string,num_codepoints,hasComponent,hasModifier,hasModifierBase,appearance_differs_flag,unicode_not_recommended) VALUES (2263, 4, 'Person in Bed: Medium-Light Skin Tone', '', 'sleeping-accommodation-type-3', NULL, 'U+1F6CCU+1F3FC', 2, 1, 1, 1, 0, 0);
INSERT INTO emoji_codepoints (emoji_codepoint_id,emoji_id,codepoint_id,sequence_index) VALUES (4793, 2263, 1026, 1),(4794, 2263, 480, 2);

INSERT INTO emoji (emoji_id,emoji_version_id,emoji_name,emoji_character,emojipedia_url_ext,emojipedia_category,codepoint_string,num_codepoints,hasComponent,hasModifier,hasModifierBase,appearance_differs_flag,unicode_not_recommended) VALUES (2264, 4, 'Person in Bed: Medium Skin Tone', '', 'sleeping-accommodation-type-4', NULL, 'U+1F6CCU+1F3FD', 2, 1, 1, 1, 0, 0);
INSERT INTO emoji_codepoints (emoji_codepoint_id,emoji_id,codepoint_id,sequence_index) VALUES (4795, 2264, 1026, 1),(4796, 2264, 481, 2);

INSERT INTO emoji (emoji_id,emoji_version_id,emoji_name,emoji_character,emojipedia_url_ext,emojipedia_category,codepoint_string,num_codepoints,hasComponent,hasModifier,hasModifierBase,appearance_differs_flag,unicode_not_recommended) VALUES (2265, 4, 'Person in Bed: Medium-Dark Skin Tone', '', 'sleeping-accommodation-type-5', NULL, 'U+1F6CCU+1F3FE', 2, 1, 1, 1, 0, 0);
INSERT INTO emoji_codepoints (emoji_codepoint_id,emoji_id,codepoint_id,sequence_index) VALUES (4797, 2265, 1026, 1),(4798, 2265, 482, 2);

INSERT INTO emoji (emoji_id,emoji_version_id,emoji_name,emoji_character,emojipedia_url_ext,emojipedia_category,codepoint_string,num_codepoints,hasComponent,hasModifier,hasModifierBase,appearance_differs_flag,unicode_not_recommended) VALUES (2266, 4, 'Person in Bed: Dark Skin Tone', '', 'sleeping-accommodation-type-6', NULL, 'U+1F6CCU+1F3FF', 2, 1, 1, 1, 0, 0);
INSERT INTO emoji_codepoints (emoji_codepoint_id,emoji_id,codepoint_id,sequence_index) VALUES (4799, 2266, 1026, 1),(4800, 2266, 483, 2);

INSERT INTO emoji (emoji_id,emoji_version_id,emoji_name,emoji_character,emojipedia_url_ext,emojipedia_category,codepoint_string,num_codepoints,hasComponent,hasModifier,hasModifierBase,appearance_differs_flag,unicode_not_recommended) VALUES (2267, 4, 'Man in Suit Levitating: Light Skin Tone', '', 'man-in-business-suit-levitating-type-1-2', NULL, 'U+1F574U+1F3FB', 2, 1, 1, 1, 0, 0);
INSERT INTO emoji_codepoints (emoji_codepoint_id,emoji_id,codepoint_id,sequence_index) VALUES (4801, 2267, 834, 1),(4802, 2267, 479, 2);

INSERT INTO emoji (emoji_id,emoji_version_id,emoji_name,emoji_character,emojipedia_url_ext,emojipedia_category,codepoint_string,num_codepoints,hasComponent,hasModifier,hasModifierBase,appearance_differs_flag,unicode_not_recommended) VALUES (2268, 4, 'Man in Suit Levitating: Medium-Light Skin Tone', '', 'man-in-business-suit-levitating-type-3', NULL, 'U+1F574U+1F3FC', 2, 1, 1, 1, 0, 0);
INSERT INTO emoji_codepoints (emoji_codepoint_id,emoji_id,codepoint_id,sequence_index) VALUES (4803, 2268, 834, 1),(4804, 2268, 480, 2);

INSERT INTO emoji (emoji_id,emoji_version_id,emoji_name,emoji_character,emojipedia_url_ext,emojipedia_category,codepoint_string,num_codepoints,hasComponent,hasModifier,hasModifierBase,appearance_differs_flag,unicode_not_recommended) VALUES (2269, 4, 'Man in Suit Levitating: Medium Skin Tone', '', 'man-in-business-suit-levitating-type-4', NULL, 'U+1F574U+1F3FD', 2, 1, 1, 1, 0, 0);
INSERT INTO emoji_codepoints (emoji_codepoint_id,emoji_id,codepoint_id,sequence_index) VALUES (4805, 2269, 834, 1),(4806, 2269, 481, 2);

INSERT INTO emoji (emoji_id,emoji_version_id,emoji_name,emoji_character,emojipedia_url_ext,emojipedia_category,codepoint_string,num_codepoints,hasComponent,hasModifier,hasModifierBase,appearance_differs_flag,unicode_not_recommended) VALUES (2270, 4, 'Man in Suit Levitating: Medium-Dark Skin Tone', '', 'man-in-business-suit-levitating-type-5', NULL, 'U+1F574U+1F3FE', 2, 1, 1, 1, 0, 0);
INSERT INTO emoji_codepoints (emoji_codepoint_id,emoji_id,codepoint_id,sequence_index) VALUES (4807, 2270, 834, 1),(4808, 2270, 482, 2);

INSERT INTO emoji (emoji_id,emoji_version_id,emoji_name,emoji_character,emojipedia_url_ext,emojipedia_category,codepoint_string,num_codepoints,hasComponent,hasModifier,hasModifierBase,appearance_differs_flag,unicode_not_recommended) VALUES (2271, 4, 'Man in Suit Levitating: Dark Skin Tone', '', 'man-in-business-suit-levitating-type-6', NULL, 'U+1F574U+1F3FF', 2, 1, 1, 1, 0, 0);
INSERT INTO emoji_codepoints (emoji_codepoint_id,emoji_id,codepoint_id,sequence_index) VALUES (4809, 2271, 834, 1),(4810, 2271, 483, 2);

INSERT INTO emoji (emoji_id,emoji_version_id,emoji_name,emoji_character,emojipedia_url_ext,emojipedia_category,codepoint_string,num_codepoints,hasComponent,hasModifier,hasModifierBase,appearance_differs_flag,unicode_not_recommended) VALUES (2272, 4, 'Horse Racing: Light Skin Tone', '', 'horse-racing-type-1-2', NULL, 'U+1F3C7U+1F3FB', 2, 1, 1, 1, 0, 0);
INSERT INTO emoji_codepoints (emoji_codepoint_id,emoji_id,codepoint_id,sequence_index) VALUES (4811, 2272, 430, 1),(4812, 2272, 479, 2);

INSERT INTO emoji (emoji_id,emoji_version_id,emoji_name,emoji_character,emojipedia_url_ext,emojipedia_category,codepoint_string,num_codepoints,hasComponent,hasModifier,hasModifierBase,appearance_differs_flag,unicode_not_recommended) VALUES (2273, 4, 'Horse Racing: Medium-Light Skin Tone', '', 'horse-racing-type-3', NULL, 'U+1F3C7U+1F3FC', 2, 1, 1, 1, 0, 0);
INSERT INTO emoji_codepoints (emoji_codepoint_id,emoji_id,codepoint_id,sequence_index) VALUES (4813, 2273, 430, 1),(4814, 2273, 480, 2);

INSERT INTO emoji (emoji_id,emoji_version_id,emoji_name,emoji_character,emojipedia_url_ext,emojipedia_category,codepoint_string,num_codepoints,hasComponent,hasModifier,hasModifierBase,appearance_differs_flag,unicode_not_recommended) VALUES (2274, 4, 'Horse Racing: Medium Skin Tone', '', 'horse-racing-type-4', NULL, 'U+1F3C7U+1F3FD', 2, 1, 1, 1, 0, 0);
INSERT INTO emoji_codepoints (emoji_codepoint_id,emoji_id,codepoint_id,sequence_index) VALUES (4815, 2274, 430, 1),(4816, 2274, 481, 2);

INSERT INTO emoji (emoji_id,emoji_version_id,emoji_name,emoji_character,emojipedia_url_ext,emojipedia_category,codepoint_string,num_codepoints,hasComponent,hasModifier,hasModifierBase,appearance_differs_flag,unicode_not_recommended) VALUES (2275, 4, 'Horse Racing: Medium-Dark Skin Tone', '', 'horse-racing-type-5', NULL, 'U+1F3C7U+1F3FE', 2, 1, 1, 1, 0, 0);
INSERT INTO emoji_codepoints (emoji_codepoint_id,emoji_id,codepoint_id,sequence_index) VALUES (4817, 2275, 430, 1),(4818, 2275, 482, 2);

INSERT INTO emoji (emoji_id,emoji_version_id,emoji_name,emoji_character,emojipedia_url_ext,emojipedia_category,codepoint_string,num_codepoints,hasComponent,hasModifier,hasModifierBase,appearance_differs_flag,unicode_not_recommended) VALUES (2276, 4, 'Horse Racing: Dark Skin Tone', '', 'horse-racing-type-6', NULL, 'U+1F3C7U+1F3FF', 2, 1, 1, 1, 0, 0);
INSERT INTO emoji_codepoints (emoji_codepoint_id,emoji_id,codepoint_id,sequence_index) VALUES (4819, 2276, 430, 1),(4820, 2276, 483, 2);

INSERT INTO emoji (emoji_id,emoji_version_id,emoji_name,emoji_character,emojipedia_url_ext,emojipedia_category,codepoint_string,num_codepoints,hasComponent,hasModifier,hasModifierBase,appearance_differs_flag,unicode_not_recommended) VALUES (2277, 4, 'Snowboarder: Light Skin Tone', '', 'snowboarder-type-1-2', NULL, 'U+1F3C2U+1F3FB', 2, 1, 1, 1, 0, 0);
INSERT INTO emoji_codepoints (emoji_codepoint_id,emoji_id,codepoint_id,sequence_index) VALUES (4821, 2277, 425, 1),(4822, 2277, 479, 2);

INSERT INTO emoji (emoji_id,emoji_version_id,emoji_name,emoji_character,emojipedia_url_ext,emojipedia_category,codepoint_string,num_codepoints,hasComponent,hasModifier,hasModifierBase,appearance_differs_flag,unicode_not_recommended) VALUES (2278, 4, 'Snowboarder: Medium-Light Skin Tone', '', 'snowboarder-type-3', NULL, 'U+1F3C2U+1F3FC', 2, 1, 1, 1, 0, 0);
INSERT INTO emoji_codepoints (emoji_codepoint_id,emoji_id,codepoint_id,sequence_index) VALUES (4823, 2278, 425, 1),(4824, 2278, 480, 2);

INSERT INTO emoji (emoji_id,emoji_version_id,emoji_name,emoji_character,emojipedia_url_ext,emojipedia_category,codepoint_string,num_codepoints,hasComponent,hasModifier,hasModifierBase,appearance_differs_flag,unicode_not_recommended) VALUES (2279, 4, 'Snowboarder: Medium Skin Tone', '', 'snowboarder-type-4', NULL, 'U+1F3C2U+1F3FD', 2, 1, 1, 1, 0, 0);
INSERT INTO emoji_codepoints (emoji_codepoint_id,emoji_id,codepoint_id,sequence_index) VALUES (4825, 2279, 425, 1),(4826, 2279, 481, 2);

INSERT INTO emoji (emoji_id,emoji_version_id,emoji_name,emoji_character,emojipedia_url_ext,emojipedia_category,codepoint_string,num_codepoints,hasComponent,hasModifier,hasModifierBase,appearance_differs_flag,unicode_not_recommended) VALUES (2280, 4, 'Snowboarder: Medium-Dark Skin Tone', '', 'snowboarder-type-5', NULL, 'U+1F3C2U+1F3FE', 2, 1, 1, 1, 0, 0);
INSERT INTO emoji_codepoints (emoji_codepoint_id,emoji_id,codepoint_id,sequence_index) VALUES (4827, 2280, 425, 1),(4828, 2280, 482, 2);

INSERT INTO emoji (emoji_id,emoji_version_id,emoji_name,emoji_character,emojipedia_url_ext,emojipedia_category,codepoint_string,num_codepoints,hasComponent,hasModifier,hasModifierBase,appearance_differs_flag,unicode_not_recommended) VALUES (2281, 4, 'Snowboarder: Dark Skin Tone', '', 'snowboarder-type-6', NULL, 'U+1F3C2U+1F3FF', 2, 1, 1, 1, 0, 0);
INSERT INTO emoji_codepoints (emoji_codepoint_id,emoji_id,codepoint_id,sequence_index) VALUES (4829, 2281, 425, 1),(4830, 2281, 483, 2);

INSERT INTO emoji (emoji_id,emoji_version_id,emoji_name,emoji_character,emojipedia_url_ext,emojipedia_category,codepoint_string,num_codepoints,hasComponent,hasModifier,hasModifierBase,appearance_differs_flag,unicode_not_recommended) VALUES (2282, 4, 'Person Golfing: Light Skin Tone', '', 'golfer-type-1-2', NULL, 'U+1F3CCU+1F3FB', 2, 1, 1, 1, 0, 0);
INSERT INTO emoji_codepoints (emoji_codepoint_id,emoji_id,codepoint_id,sequence_index) VALUES (4831, 2282, 435, 1),(4832, 2282, 479, 2);

INSERT INTO emoji (emoji_id,emoji_version_id,emoji_name,emoji_character,emojipedia_url_ext,emojipedia_category,codepoint_string,num_codepoints,hasComponent,hasModifier,hasModifierBase,appearance_differs_flag,unicode_not_recommended) VALUES (2283, 4, 'Person Golfing: Medium-Light Skin Tone', '', 'golfer-type-3', NULL, 'U+1F3CCU+1F3FC', 2, 1, 1, 1, 0, 0);
INSERT INTO emoji_codepoints (emoji_codepoint_id,emoji_id,codepoint_id,sequence_index) VALUES (4833, 2283, 435, 1),(4834, 2283, 480, 2);

INSERT INTO emoji (emoji_id,emoji_version_id,emoji_name,emoji_character,emojipedia_url_ext,emojipedia_category,codepoint_string,num_codepoints,hasComponent,hasModifier,hasModifierBase,appearance_differs_flag,unicode_not_recommended) VALUES (2284, 4, 'Person Golfing: Medium Skin Tone', '', 'golfer-type-4', NULL, 'U+1F3CCU+1F3FD', 2, 1, 1, 1, 0, 0);
INSERT INTO emoji_codepoints (emoji_codepoint_id,emoji_id,codepoint_id,sequence_index) VALUES (4835, 2284, 435, 1),(4836, 2284, 481, 2);

INSERT INTO emoji (emoji_id,emoji_version_id,emoji_name,emoji_character,emojipedia_url_ext,emojipedia_category,codepoint_string,num_codepoints,hasComponent,hasModifier,hasModifierBase,appearance_differs_flag,unicode_not_recommended) VALUES (2285, 4, 'Person Golfing: Medium-Dark Skin Tone', '', 'golfer-type-5', NULL, 'U+1F3CCU+1F3FE', 2, 1, 1, 1, 0, 0);
INSERT INTO emoji_codepoints (emoji_codepoint_id,emoji_id,codepoint_id,sequence_index) VALUES (4837, 2285, 435, 1),(4838, 2285, 482, 2);

INSERT INTO emoji (emoji_id,emoji_version_id,emoji_name,emoji_character,emojipedia_url_ext,emojipedia_category,codepoint_string,num_codepoints,hasComponent,hasModifier,hasModifierBase,appearance_differs_flag,unicode_not_recommended) VALUES (2286, 4, 'Person Golfing: Dark Skin Tone', '', 'golfer-type-6', NULL, 'U+1F3CCU+1F3FF', 2, 1, 1, 1, 0, 0);
INSERT INTO emoji_codepoints (emoji_codepoint_id,emoji_id,codepoint_id,sequence_index) VALUES (4839, 2286, 435, 1),(4840, 2286, 483, 2);

INSERT INTO emoji (emoji_id,emoji_version_id,emoji_name,emoji_character,emojipedia_url_ext,emojipedia_category,codepoint_string,num_codepoints,hasComponent,hasModifier,hasModifierBase,appearance_differs_flag,unicode_not_recommended) VALUES (2287, 4, 'Man Golfing', '', 'man-golfing', 'activity', 'U+1F3CCU+FE0FU+200DU+2642U+FE0F', 5, 1, 0, 1, 0, 0);
INSERT INTO emoji_codepoints (emoji_codepoint_id,emoji_id,codepoint_id,sequence_index) VALUES (4841, 2287, 435, 1),(4842, 2287, 1185, 2),(4843, 2287, 1183, 3),(4844, 2287, 76, 4),(4845, 2287, 1185, 5);

INSERT INTO emoji (emoji_id,emoji_version_id,emoji_name,emoji_character,emojipedia_url_ext,emojipedia_category,codepoint_string,num_codepoints,hasComponent,hasModifier,hasModifierBase,appearance_differs_flag,unicode_not_recommended) VALUES (2288, 4, 'Man Golfing: Light Skin Tone', '', 'man-golfing-type-1-2', NULL, 'U+1F3CCU+1F3FBU+200DU+2642U+FE0F', 5, 1, 1, 1, 0, 0);
INSERT INTO emoji_codepoints (emoji_codepoint_id,emoji_id,codepoint_id,sequence_index) VALUES (4846, 2288, 435, 1),(4847, 2288, 479, 2),(4848, 2288, 1183, 3),(4849, 2288, 76, 4),(4850, 2288, 1185, 5);

INSERT INTO emoji (emoji_id,emoji_version_id,emoji_name,emoji_character,emojipedia_url_ext,emojipedia_category,codepoint_string,num_codepoints,hasComponent,hasModifier,hasModifierBase,appearance_differs_flag,unicode_not_recommended) VALUES (2289, 4, 'Man Golfing: Medium-Light Skin Tone', '', 'man-golfing-type-3', NULL, 'U+1F3CCU+1F3FCU+200DU+2642U+FE0F', 5, 1, 1, 1, 0, 0);
INSERT INTO emoji_codepoints (emoji_codepoint_id,emoji_id,codepoint_id,sequence_index) VALUES (4851, 2289, 435, 1),(4852, 2289, 480, 2),(4853, 2289, 1183, 3),(4854, 2289, 76, 4),(4855, 2289, 1185, 5);

INSERT INTO emoji (emoji_id,emoji_version_id,emoji_name,emoji_character,emojipedia_url_ext,emojipedia_category,codepoint_string,num_codepoints,hasComponent,hasModifier,hasModifierBase,appearance_differs_flag,unicode_not_recommended) VALUES (2290, 4, 'Man Golfing: Medium Skin Tone', '', 'man-golfing-type-4', NULL, 'U+1F3CCU+1F3FDU+200DU+2642U+FE0F', 5, 1, 1, 1, 0, 0);
INSERT INTO emoji_codepoints (emoji_codepoint_id,emoji_id,codepoint_id,sequence_index) VALUES (4856, 2290, 435, 1),(4857, 2290, 481, 2),(4858, 2290, 1183, 3),(4859, 2290, 76, 4),(4860, 2290, 1185, 5);

INSERT INTO emoji (emoji_id,emoji_version_id,emoji_name,emoji_character,emojipedia_url_ext,emojipedia_category,codepoint_string,num_codepoints,hasComponent,hasModifier,hasModifierBase,appearance_differs_flag,unicode_not_recommended) VALUES (2291, 4, 'Man Golfing: Medium-Dark Skin Tone', '', 'man-golfing-type-5', NULL, 'U+1F3CCU+1F3FEU+200DU+2642U+FE0F', 5, 1, 1, 1, 0, 0);
INSERT INTO emoji_codepoints (emoji_codepoint_id,emoji_id,codepoint_id,sequence_index) VALUES (4861, 2291, 435, 1),(4862, 2291, 482, 2),(4863, 2291, 1183, 3),(4864, 2291, 76, 4),(4865, 2291, 1185, 5);

INSERT INTO emoji (emoji_id,emoji_version_id,emoji_name,emoji_character,emojipedia_url_ext,emojipedia_category,codepoint_string,num_codepoints,hasComponent,hasModifier,hasModifierBase,appearance_differs_flag,unicode_not_recommended) VALUES (2292, 4, 'Man Golfing: Dark Skin Tone', '', 'man-golfing-type-6', NULL, 'U+1F3CCU+1F3FFU+200DU+2642U+FE0F', 5, 1, 1, 1, 0, 0);
INSERT INTO emoji_codepoints (emoji_codepoint_id,emoji_id,codepoint_id,sequence_index) VALUES (4866, 2292, 435, 1),(4867, 2292, 483, 2),(4868, 2292, 1183, 3),(4869, 2292, 76, 4),(4870, 2292, 1185, 5);

INSERT INTO emoji (emoji_id,emoji_version_id,emoji_name,emoji_character,emojipedia_url_ext,emojipedia_category,codepoint_string,num_codepoints,hasComponent,hasModifier,hasModifierBase,appearance_differs_flag,unicode_not_recommended) VALUES (2293, 4, 'Woman Golfing', '', 'woman-golfing', 'activity', 'U+1F3CCU+FE0FU+200DU+2640U+FE0F', 5, 1, 0, 1, 0, 0);
INSERT INTO emoji_codepoints (emoji_codepoint_id,emoji_id,codepoint_id,sequence_index) VALUES (4871, 2293, 435, 1),(4872, 2293, 1185, 2),(4873, 2293, 1183, 3),(4874, 2293, 75, 4),(4875, 2293, 1185, 5);

INSERT INTO emoji (emoji_id,emoji_version_id,emoji_name,emoji_character,emojipedia_url_ext,emojipedia_category,codepoint_string,num_codepoints,hasComponent,hasModifier,hasModifierBase,appearance_differs_flag,unicode_not_recommended) VALUES (2294, 4, 'Woman Golfing: Light Skin Tone', '', 'woman-golfing-type-1-2', NULL, 'U+1F3CCU+1F3FBU+200DU+2640U+FE0F', 5, 1, 1, 1, 0, 0);
INSERT INTO emoji_codepoints (emoji_codepoint_id,emoji_id,codepoint_id,sequence_index) VALUES (4876, 2294, 435, 1),(4877, 2294, 479, 2),(4878, 2294, 1183, 3),(4879, 2294, 75, 4),(4880, 2294, 1185, 5);

INSERT INTO emoji (emoji_id,emoji_version_id,emoji_name,emoji_character,emojipedia_url_ext,emojipedia_category,codepoint_string,num_codepoints,hasComponent,hasModifier,hasModifierBase,appearance_differs_flag,unicode_not_recommended) VALUES (2295, 4, 'Woman Golfing: Medium-Light Skin Tone', '', 'woman-golfing-type-3', NULL, 'U+1F3CCU+1F3FCU+200DU+2640U+FE0F', 5, 1, 1, 1, 0, 0);
INSERT INTO emoji_codepoints (emoji_codepoint_id,emoji_id,codepoint_id,sequence_index) VALUES (4881, 2295, 435, 1),(4882, 2295, 480, 2),(4883, 2295, 1183, 3),(4884, 2295, 75, 4),(4885, 2295, 1185, 5);

INSERT INTO emoji (emoji_id,emoji_version_id,emoji_name,emoji_character,emojipedia_url_ext,emojipedia_category,codepoint_string,num_codepoints,hasComponent,hasModifier,hasModifierBase,appearance_differs_flag,unicode_not_recommended) VALUES (2296, 4, 'Woman Golfing: Medium Skin Tone', '', 'woman-golfing-type-4', NULL, 'U+1F3CCU+1F3FDU+200DU+2640U+FE0F', 5, 1, 1, 1, 0, 0);
INSERT INTO emoji_codepoints (emoji_codepoint_id,emoji_id,codepoint_id,sequence_index) VALUES (4886, 2296, 435, 1),(4887, 2296, 481, 2),(4888, 2296, 1183, 3),(4889, 2296, 75, 4),(4890, 2296, 1185, 5);

INSERT INTO emoji (emoji_id,emoji_version_id,emoji_name,emoji_character,emojipedia_url_ext,emojipedia_category,codepoint_string,num_codepoints,hasComponent,hasModifier,hasModifierBase,appearance_differs_flag,unicode_not_recommended) VALUES (2297, 4, 'Woman Golfing: Medium-Dark Skin Tone', '', 'woman-golfing-type-5', NULL, 'U+1F3CCU+1F3FEU+200DU+2640U+FE0F', 5, 1, 1, 1, 0, 0);
INSERT INTO emoji_codepoints (emoji_codepoint_id,emoji_id,codepoint_id,sequence_index) VALUES (4891, 2297, 435, 1),(4892, 2297, 482, 2),(4893, 2297, 1183, 3),(4894, 2297, 75, 4),(4895, 2297, 1185, 5);

INSERT INTO emoji (emoji_id,emoji_version_id,emoji_name,emoji_character,emojipedia_url_ext,emojipedia_category,codepoint_string,num_codepoints,hasComponent,hasModifier,hasModifierBase,appearance_differs_flag,unicode_not_recommended) VALUES (2298, 4, 'Woman Golfing: Dark Skin Tone', '', 'woman-golfing-type-6', NULL, 'U+1F3CCU+1F3FFU+200DU+2640U+FE0F', 5, 1, 1, 1, 0, 0);
INSERT INTO emoji_codepoints (emoji_codepoint_id,emoji_id,codepoint_id,sequence_index) VALUES (4896, 2298, 435, 1),(4897, 2298, 483, 2),(4898, 2298, 1183, 3),(4899, 2298, 75, 4),(4900, 2298, 1185, 5);

INSERT INTO emoji (emoji_id,emoji_version_id,emoji_name,emoji_character,emojipedia_url_ext,emojipedia_category,codepoint_string,num_codepoints,hasComponent,hasModifier,hasModifierBase,appearance_differs_flag,unicode_not_recommended) VALUES (2299, 4, 'Man Surfing', '', 'man-surfing', 'activity', 'U+1F3C4U+200DU+2642U+FE0F', 4, 1, 0, 1, 0, 0);
INSERT INTO emoji_codepoints (emoji_codepoint_id,emoji_id,codepoint_id,sequence_index) VALUES (4901, 2299, 427, 1),(4902, 2299, 1183, 2),(4903, 2299, 76, 3),(4904, 2299, 1185, 4);

INSERT INTO emoji (emoji_id,emoji_version_id,emoji_name,emoji_character,emojipedia_url_ext,emojipedia_category,codepoint_string,num_codepoints,hasComponent,hasModifier,hasModifierBase,appearance_differs_flag,unicode_not_recommended) VALUES (2300, 4, 'Man Surfing: Light Skin Tone', '', 'man-surfing-type-1-2', NULL, 'U+1F3C4U+1F3FBU+200DU+2642U+FE0F', 5, 1, 1, 1, 0, 0);
INSERT INTO emoji_codepoints (emoji_codepoint_id,emoji_id,codepoint_id,sequence_index) VALUES (4905, 2300, 427, 1),(4906, 2300, 479, 2),(4907, 2300, 1183, 3),(4908, 2300, 76, 4),(4909, 2300, 1185, 5);

INSERT INTO emoji (emoji_id,emoji_version_id,emoji_name,emoji_character,emojipedia_url_ext,emojipedia_category,codepoint_string,num_codepoints,hasComponent,hasModifier,hasModifierBase,appearance_differs_flag,unicode_not_recommended) VALUES (2301, 4, 'Man Surfing: Medium-Light Skin Tone', '', 'man-surfing-type-3', NULL, 'U+1F3C4U+1F3FCU+200DU+2642U+FE0F', 5, 1, 1, 1, 0, 0);
INSERT INTO emoji_codepoints (emoji_codepoint_id,emoji_id,codepoint_id,sequence_index) VALUES (4910, 2301, 427, 1),(4911, 2301, 480, 2),(4912, 2301, 1183, 3),(4913, 2301, 76, 4),(4914, 2301, 1185, 5);

INSERT INTO emoji (emoji_id,emoji_version_id,emoji_name,emoji_character,emojipedia_url_ext,emojipedia_category,codepoint_string,num_codepoints,hasComponent,hasModifier,hasModifierBase,appearance_differs_flag,unicode_not_recommended) VALUES (2302, 4, 'Man Surfing: Medium Skin Tone', '', 'man-surfing-type-4', NULL, 'U+1F3C4U+1F3FDU+200DU+2642U+FE0F', 5, 1, 1, 1, 0, 0);
INSERT INTO emoji_codepoints (emoji_codepoint_id,emoji_id,codepoint_id,sequence_index) VALUES (4915, 2302, 427, 1),(4916, 2302, 481, 2),(4917, 2302, 1183, 3),(4918, 2302, 76, 4),(4919, 2302, 1185, 5);

INSERT INTO emoji (emoji_id,emoji_version_id,emoji_name,emoji_character,emojipedia_url_ext,emojipedia_category,codepoint_string,num_codepoints,hasComponent,hasModifier,hasModifierBase,appearance_differs_flag,unicode_not_recommended) VALUES (2303, 4, 'Man Surfing: Medium-Dark Skin Tone', '', 'man-surfing-type-5', NULL, 'U+1F3C4U+1F3FEU+200DU+2642U+FE0F', 5, 1, 1, 1, 0, 0);
INSERT INTO emoji_codepoints (emoji_codepoint_id,emoji_id,codepoint_id,sequence_index) VALUES (4920, 2303, 427, 1),(4921, 2303, 482, 2),(4922, 2303, 1183, 3),(4923, 2303, 76, 4),(4924, 2303, 1185, 5);

INSERT INTO emoji (emoji_id,emoji_version_id,emoji_name,emoji_character,emojipedia_url_ext,emojipedia_category,codepoint_string,num_codepoints,hasComponent,hasModifier,hasModifierBase,appearance_differs_flag,unicode_not_recommended) VALUES (2304, 4, 'Man Surfing: Dark Skin Tone', '', 'man-surfing-type-6', NULL, 'U+1F3C4U+1F3FFU+200DU+2642U+FE0F', 5, 1, 1, 1, 0, 0);
INSERT INTO emoji_codepoints (emoji_codepoint_id,emoji_id,codepoint_id,sequence_index) VALUES (4925, 2304, 427, 1),(4926, 2304, 483, 2),(4927, 2304, 1183, 3),(4928, 2304, 76, 4),(4929, 2304, 1185, 5);

INSERT INTO emoji (emoji_id,emoji_version_id,emoji_name,emoji_character,emojipedia_url_ext,emojipedia_category,codepoint_string,num_codepoints,hasComponent,hasModifier,hasModifierBase,appearance_differs_flag,unicode_not_recommended) VALUES (2305, 4, 'Woman Surfing', '', 'woman-surfing', 'activity', 'U+1F3C4U+200DU+2640U+FE0F', 4, 1, 0, 1, 0, 0);
INSERT INTO emoji_codepoints (emoji_codepoint_id,emoji_id,codepoint_id,sequence_index) VALUES (4930, 2305, 427, 1),(4931, 2305, 1183, 2),(4932, 2305, 75, 3),(4933, 2305, 1185, 4);

INSERT INTO emoji (emoji_id,emoji_version_id,emoji_name,emoji_character,emojipedia_url_ext,emojipedia_category,codepoint_string,num_codepoints,hasComponent,hasModifier,hasModifierBase,appearance_differs_flag,unicode_not_recommended) VALUES (2306, 4, 'Woman Surfing: Light Skin Tone', '', 'woman-surfing-type-1-2', NULL, 'U+1F3C4U+1F3FBU+200DU+2640U+FE0F', 5, 1, 1, 1, 0, 0);
INSERT INTO emoji_codepoints (emoji_codepoint_id,emoji_id,codepoint_id,sequence_index) VALUES (4934, 2306, 427, 1),(4935, 2306, 479, 2),(4936, 2306, 1183, 3),(4937, 2306, 75, 4),(4938, 2306, 1185, 5);

INSERT INTO emoji (emoji_id,emoji_version_id,emoji_name,emoji_character,emojipedia_url_ext,emojipedia_category,codepoint_string,num_codepoints,hasComponent,hasModifier,hasModifierBase,appearance_differs_flag,unicode_not_recommended) VALUES (2307, 4, 'Woman Surfing: Medium-Light Skin Tone', '', 'woman-surfing-type-3', NULL, 'U+1F3C4U+1F3FCU+200DU+2640U+FE0F', 5, 1, 1, 1, 0, 0);
INSERT INTO emoji_codepoints (emoji_codepoint_id,emoji_id,codepoint_id,sequence_index) VALUES (4939, 2307, 427, 1),(4940, 2307, 480, 2),(4941, 2307, 1183, 3),(4942, 2307, 75, 4),(4943, 2307, 1185, 5);

INSERT INTO emoji (emoji_id,emoji_version_id,emoji_name,emoji_character,emojipedia_url_ext,emojipedia_category,codepoint_string,num_codepoints,hasComponent,hasModifier,hasModifierBase,appearance_differs_flag,unicode_not_recommended) VALUES (2308, 4, 'Woman Surfing: Medium Skin Tone', '', 'woman-surfing-type-4', NULL, 'U+1F3C4U+1F3FDU+200DU+2640U+FE0F', 5, 1, 1, 1, 0, 0);
INSERT INTO emoji_codepoints (emoji_codepoint_id,emoji_id,codepoint_id,sequence_index) VALUES (4944, 2308, 427, 1),(4945, 2308, 481, 2),(4946, 2308, 1183, 3),(4947, 2308, 75, 4),(4948, 2308, 1185, 5);

INSERT INTO emoji (emoji_id,emoji_version_id,emoji_name,emoji_character,emojipedia_url_ext,emojipedia_category,codepoint_string,num_codepoints,hasComponent,hasModifier,hasModifierBase,appearance_differs_flag,unicode_not_recommended) VALUES (2309, 4, 'Woman Surfing: Medium-Dark Skin Tone', '', 'woman-surfing-type-5', NULL, 'U+1F3C4U+1F3FEU+200DU+2640U+FE0F', 5, 1, 1, 1, 0, 0);
INSERT INTO emoji_codepoints (emoji_codepoint_id,emoji_id,codepoint_id,sequence_index) VALUES (4949, 2309, 427, 1),(4950, 2309, 482, 2),(4951, 2309, 1183, 3),(4952, 2309, 75, 4),(4953, 2309, 1185, 5);

INSERT INTO emoji (emoji_id,emoji_version_id,emoji_name,emoji_character,emojipedia_url_ext,emojipedia_category,codepoint_string,num_codepoints,hasComponent,hasModifier,hasModifierBase,appearance_differs_flag,unicode_not_recommended) VALUES (2310, 4, 'Woman Surfing: Dark Skin Tone', '', 'woman-surfing-type-6', NULL, 'U+1F3C4U+1F3FFU+200DU+2640U+FE0F', 5, 1, 1, 1, 0, 0);
INSERT INTO emoji_codepoints (emoji_codepoint_id,emoji_id,codepoint_id,sequence_index) VALUES (4954, 2310, 427, 1),(4955, 2310, 483, 2),(4956, 2310, 1183, 3),(4957, 2310, 75, 4),(4958, 2310, 1185, 5);

INSERT INTO emoji (emoji_id,emoji_version_id,emoji_name,emoji_character,emojipedia_url_ext,emojipedia_category,codepoint_string,num_codepoints,hasComponent,hasModifier,hasModifierBase,appearance_differs_flag,unicode_not_recommended) VALUES (2311, 4, 'Man Rowing Boat', '', 'man-rowing-boat', 'activity', 'U+1F6A3U+200DU+2642U+FE0F', 4, 1, 0, 1, 0, 0);
INSERT INTO emoji_codepoints (emoji_codepoint_id,emoji_id,codepoint_id,sequence_index) VALUES (4959, 2311, 990, 1),(4960, 2311, 1183, 2),(4961, 2311, 76, 3),(4962, 2311, 1185, 4);

INSERT INTO emoji (emoji_id,emoji_version_id,emoji_name,emoji_character,emojipedia_url_ext,emojipedia_category,codepoint_string,num_codepoints,hasComponent,hasModifier,hasModifierBase,appearance_differs_flag,unicode_not_recommended) VALUES (2312, 4, 'Man Rowing Boat: Light Skin Tone', '', 'man-rowing-boat-type-1-2', NULL, 'U+1F6A3U+1F3FBU+200DU+2642U+FE0F', 5, 1, 1, 1, 0, 0);
INSERT INTO emoji_codepoints (emoji_codepoint_id,emoji_id,codepoint_id,sequence_index) VALUES (4963, 2312, 990, 1),(4964, 2312, 479, 2),(4965, 2312, 1183, 3),(4966, 2312, 76, 4),(4967, 2312, 1185, 5);

INSERT INTO emoji (emoji_id,emoji_version_id,emoji_name,emoji_character,emojipedia_url_ext,emojipedia_category,codepoint_string,num_codepoints,hasComponent,hasModifier,hasModifierBase,appearance_differs_flag,unicode_not_recommended) VALUES (2313, 4, 'Man Rowing Boat: Medium-Light Skin Tone', '', 'man-rowing-boat-type-3', NULL, 'U+1F6A3U+1F3FCU+200DU+2642U+FE0F', 5, 1, 1, 1, 0, 0);
INSERT INTO emoji_codepoints (emoji_codepoint_id,emoji_id,codepoint_id,sequence_index) VALUES (4968, 2313, 990, 1),(4969, 2313, 480, 2),(4970, 2313, 1183, 3),(4971, 2313, 76, 4),(4972, 2313, 1185, 5);

INSERT INTO emoji (emoji_id,emoji_version_id,emoji_name,emoji_character,emojipedia_url_ext,emojipedia_category,codepoint_string,num_codepoints,hasComponent,hasModifier,hasModifierBase,appearance_differs_flag,unicode_not_recommended) VALUES (2314, 4, 'Man Rowing Boat: Medium Skin Tone', '', 'man-rowing-boat-type-4', NULL, 'U+1F6A3U+1F3FDU+200DU+2642U+FE0F', 5, 1, 1, 1, 0, 0);
INSERT INTO emoji_codepoints (emoji_codepoint_id,emoji_id,codepoint_id,sequence_index) VALUES (4973, 2314, 990, 1),(4974, 2314, 481, 2),(4975, 2314, 1183, 3),(4976, 2314, 76, 4),(4977, 2314, 1185, 5);

INSERT INTO emoji (emoji_id,emoji_version_id,emoji_name,emoji_character,emojipedia_url_ext,emojipedia_category,codepoint_string,num_codepoints,hasComponent,hasModifier,hasModifierBase,appearance_differs_flag,unicode_not_recommended) VALUES (2315, 4, 'Man Rowing Boat: Medium-Dark Skin Tone', '', 'man-rowing-boat-type-5', NULL, 'U+1F6A3U+1F3FEU+200DU+2642U+FE0F', 5, 1, 1, 1, 0, 0);
INSERT INTO emoji_codepoints (emoji_codepoint_id,emoji_id,codepoint_id,sequence_index) VALUES (4978, 2315, 990, 1),(4979, 2315, 482, 2),(4980, 2315, 1183, 3),(4981, 2315, 76, 4),(4982, 2315, 1185, 5);

INSERT INTO emoji (emoji_id,emoji_version_id,emoji_name,emoji_character,emojipedia_url_ext,emojipedia_category,codepoint_string,num_codepoints,hasComponent,hasModifier,hasModifierBase,appearance_differs_flag,unicode_not_recommended) VALUES (2316, 4, 'Man Rowing Boat: Dark Skin Tone', '', 'man-rowing-boat-type-6', NULL, 'U+1F6A3U+1F3FFU+200DU+2642U+FE0F', 5, 1, 1, 1, 0, 0);
INSERT INTO emoji_codepoints (emoji_codepoint_id,emoji_id,codepoint_id,sequence_index) VALUES (4983, 2316, 990, 1),(4984, 2316, 483, 2),(4985, 2316, 1183, 3),(4986, 2316, 76, 4),(4987, 2316, 1185, 5);

INSERT INTO emoji (emoji_id,emoji_version_id,emoji_name,emoji_character,emojipedia_url_ext,emojipedia_category,codepoint_string,num_codepoints,hasComponent,hasModifier,hasModifierBase,appearance_differs_flag,unicode_not_recommended) VALUES (2317, 4, 'Woman Rowing Boat', '', 'woman-rowing-boat', 'activity', 'U+1F6A3U+200DU+2640U+FE0F', 4, 1, 0, 1, 0, 0);
INSERT INTO emoji_codepoints (emoji_codepoint_id,emoji_id,codepoint_id,sequence_index) VALUES (4988, 2317, 990, 1),(4989, 2317, 1183, 2),(4990, 2317, 75, 3),(4991, 2317, 1185, 4);

INSERT INTO emoji (emoji_id,emoji_version_id,emoji_name,emoji_character,emojipedia_url_ext,emojipedia_category,codepoint_string,num_codepoints,hasComponent,hasModifier,hasModifierBase,appearance_differs_flag,unicode_not_recommended) VALUES (2318, 4, 'Woman Rowing Boat: Light Skin Tone', '', 'woman-rowing-boat-type-1-2', NULL, 'U+1F6A3U+1F3FBU+200DU+2640U+FE0F', 5, 1, 1, 1, 0, 0);
INSERT INTO emoji_codepoints (emoji_codepoint_id,emoji_id,codepoint_id,sequence_index) VALUES (4992, 2318, 990, 1),(4993, 2318, 479, 2),(4994, 2318, 1183, 3),(4995, 2318, 75, 4),(4996, 2318, 1185, 5);

INSERT INTO emoji (emoji_id,emoji_version_id,emoji_name,emoji_character,emojipedia_url_ext,emojipedia_category,codepoint_string,num_codepoints,hasComponent,hasModifier,hasModifierBase,appearance_differs_flag,unicode_not_recommended) VALUES (2319, 4, 'Woman Rowing Boat: Medium-Light Skin Tone', '', 'woman-rowing-boat-type-3', NULL, 'U+1F6A3U+1F3FCU+200DU+2640U+FE0F', 5, 1, 1, 1, 0, 0);
INSERT INTO emoji_codepoints (emoji_codepoint_id,emoji_id,codepoint_id,sequence_index) VALUES (4997, 2319, 990, 1),(4998, 2319, 480, 2),(4999, 2319, 1183, 3),(5000, 2319, 75, 4),(5001, 2319, 1185, 5);

INSERT INTO emoji (emoji_id,emoji_version_id,emoji_name,emoji_character,emojipedia_url_ext,emojipedia_category,codepoint_string,num_codepoints,hasComponent,hasModifier,hasModifierBase,appearance_differs_flag,unicode_not_recommended) VALUES (2320, 4, 'Woman Rowing Boat: Medium Skin Tone', '', 'woman-rowing-boat-type-4', NULL, 'U+1F6A3U+1F3FDU+200DU+2640U+FE0F', 5, 1, 1, 1, 0, 0);
INSERT INTO emoji_codepoints (emoji_codepoint_id,emoji_id,codepoint_id,sequence_index) VALUES (5002, 2320, 990, 1),(5003, 2320, 481, 2),(5004, 2320, 1183, 3),(5005, 2320, 75, 4),(5006, 2320, 1185, 5);

INSERT INTO emoji (emoji_id,emoji_version_id,emoji_name,emoji_character,emojipedia_url_ext,emojipedia_category,codepoint_string,num_codepoints,hasComponent,hasModifier,hasModifierBase,appearance_differs_flag,unicode_not_recommended) VALUES (2321, 4, 'Woman Rowing Boat: Medium-Dark Skin Tone', '', 'woman-rowing-boat-type-5', NULL, 'U+1F6A3U+1F3FEU+200DU+2640U+FE0F', 5, 1, 1, 1, 0, 0);
INSERT INTO emoji_codepoints (emoji_codepoint_id,emoji_id,codepoint_id,sequence_index) VALUES (5007, 2321, 990, 1),(5008, 2321, 482, 2),(5009, 2321, 1183, 3),(5010, 2321, 75, 4),(5011, 2321, 1185, 5);

INSERT INTO emoji (emoji_id,emoji_version_id,emoji_name,emoji_character,emojipedia_url_ext,emojipedia_category,codepoint_string,num_codepoints,hasComponent,hasModifier,hasModifierBase,appearance_differs_flag,unicode_not_recommended) VALUES (2322, 4, 'Woman Rowing Boat: Dark Skin Tone', '', 'woman-rowing-boat-type-6', NULL, 'U+1F6A3U+1F3FFU+200DU+2640U+FE0F', 5, 1, 1, 1, 0, 0);
INSERT INTO emoji_codepoints (emoji_codepoint_id,emoji_id,codepoint_id,sequence_index) VALUES (5012, 2322, 990, 1),(5013, 2322, 483, 2),(5014, 2322, 1183, 3),(5015, 2322, 75, 4),(5016, 2322, 1185, 5);

INSERT INTO emoji (emoji_id,emoji_version_id,emoji_name,emoji_character,emojipedia_url_ext,emojipedia_category,codepoint_string,num_codepoints,hasComponent,hasModifier,hasModifierBase,appearance_differs_flag,unicode_not_recommended) VALUES (2323, 4, 'Man Swimming', '', 'man-swimming', 'activity', 'U+1F3CAU+200DU+2642U+FE0F', 4, 1, 0, 1, 0, 0);
INSERT INTO emoji_codepoints (emoji_codepoint_id,emoji_id,codepoint_id,sequence_index) VALUES (5017, 2323, 433, 1),(5018, 2323, 1183, 2),(5019, 2323, 76, 3),(5020, 2323, 1185, 4);

INSERT INTO emoji (emoji_id,emoji_version_id,emoji_name,emoji_character,emojipedia_url_ext,emojipedia_category,codepoint_string,num_codepoints,hasComponent,hasModifier,hasModifierBase,appearance_differs_flag,unicode_not_recommended) VALUES (2324, 4, 'Man Swimming: Light Skin Tone', '', 'man-swimming-type-1-2', NULL, 'U+1F3CAU+1F3FBU+200DU+2642U+FE0F', 5, 1, 1, 1, 0, 0);
INSERT INTO emoji_codepoints (emoji_codepoint_id,emoji_id,codepoint_id,sequence_index) VALUES (5021, 2324, 433, 1),(5022, 2324, 479, 2),(5023, 2324, 1183, 3),(5024, 2324, 76, 4),(5025, 2324, 1185, 5);

INSERT INTO emoji (emoji_id,emoji_version_id,emoji_name,emoji_character,emojipedia_url_ext,emojipedia_category,codepoint_string,num_codepoints,hasComponent,hasModifier,hasModifierBase,appearance_differs_flag,unicode_not_recommended) VALUES (2325, 4, 'Man Swimming: Medium-Light Skin Tone', '', 'man-swimming-type-3', NULL, 'U+1F3CAU+1F3FCU+200DU+2642U+FE0F', 5, 1, 1, 1, 0, 0);
INSERT INTO emoji_codepoints (emoji_codepoint_id,emoji_id,codepoint_id,sequence_index) VALUES (5026, 2325, 433, 1),(5027, 2325, 480, 2),(5028, 2325, 1183, 3),(5029, 2325, 76, 4),(5030, 2325, 1185, 5);

INSERT INTO emoji (emoji_id,emoji_version_id,emoji_name,emoji_character,emojipedia_url_ext,emojipedia_category,codepoint_string,num_codepoints,hasComponent,hasModifier,hasModifierBase,appearance_differs_flag,unicode_not_recommended) VALUES (2326, 4, 'Man Swimming: Medium Skin Tone', '', 'man-swimming-type-4', NULL, 'U+1F3CAU+1F3FDU+200DU+2642U+FE0F', 5, 1, 1, 1, 0, 0);
INSERT INTO emoji_codepoints (emoji_codepoint_id,emoji_id,codepoint_id,sequence_index) VALUES (5031, 2326, 433, 1),(5032, 2326, 481, 2),(5033, 2326, 1183, 3),(5034, 2326, 76, 4),(5035, 2326, 1185, 5);

INSERT INTO emoji (emoji_id,emoji_version_id,emoji_name,emoji_character,emojipedia_url_ext,emojipedia_category,codepoint_string,num_codepoints,hasComponent,hasModifier,hasModifierBase,appearance_differs_flag,unicode_not_recommended) VALUES (2327, 4, 'Man Swimming: Medium-Dark Skin Tone', '', 'man-swimming-type-5', NULL, 'U+1F3CAU+1F3FEU+200DU+2642U+FE0F', 5, 1, 1, 1, 0, 0);
INSERT INTO emoji_codepoints (emoji_codepoint_id,emoji_id,codepoint_id,sequence_index) VALUES (5036, 2327, 433, 1),(5037, 2327, 482, 2),(5038, 2327, 1183, 3),(5039, 2327, 76, 4),(5040, 2327, 1185, 5);

INSERT INTO emoji (emoji_id,emoji_version_id,emoji_name,emoji_character,emojipedia_url_ext,emojipedia_category,codepoint_string,num_codepoints,hasComponent,hasModifier,hasModifierBase,appearance_differs_flag,unicode_not_recommended) VALUES (2328, 4, 'Man Swimming: Dark Skin Tone', '', 'man-swimming-type-6', NULL, 'U+1F3CAU+1F3FFU+200DU+2642U+FE0F', 5, 1, 1, 1, 0, 0);
INSERT INTO emoji_codepoints (emoji_codepoint_id,emoji_id,codepoint_id,sequence_index) VALUES (5041, 2328, 433, 1),(5042, 2328, 483, 2),(5043, 2328, 1183, 3),(5044, 2328, 76, 4),(5045, 2328, 1185, 5);

INSERT INTO emoji (emoji_id,emoji_version_id,emoji_name,emoji_character,emojipedia_url_ext,emojipedia_category,codepoint_string,num_codepoints,hasComponent,hasModifier,hasModifierBase,appearance_differs_flag,unicode_not_recommended) VALUES (2329, 4, 'Woman Swimming', '', 'woman-swimming', 'activity', 'U+1F3CAU+200DU+2640U+FE0F', 4, 1, 0, 1, 0, 0);
INSERT INTO emoji_codepoints (emoji_codepoint_id,emoji_id,codepoint_id,sequence_index) VALUES (5046, 2329, 433, 1),(5047, 2329, 1183, 2),(5048, 2329, 75, 3),(5049, 2329, 1185, 4);

INSERT INTO emoji (emoji_id,emoji_version_id,emoji_name,emoji_character,emojipedia_url_ext,emojipedia_category,codepoint_string,num_codepoints,hasComponent,hasModifier,hasModifierBase,appearance_differs_flag,unicode_not_recommended) VALUES (2330, 4, 'Woman Swimming: Light Skin Tone', '', 'woman-swimming-type-1-2', NULL, 'U+1F3CAU+1F3FBU+200DU+2640U+FE0F', 5, 1, 1, 1, 0, 0);
INSERT INTO emoji_codepoints (emoji_codepoint_id,emoji_id,codepoint_id,sequence_index) VALUES (5050, 2330, 433, 1),(5051, 2330, 479, 2),(5052, 2330, 1183, 3),(5053, 2330, 75, 4),(5054, 2330, 1185, 5);

INSERT INTO emoji (emoji_id,emoji_version_id,emoji_name,emoji_character,emojipedia_url_ext,emojipedia_category,codepoint_string,num_codepoints,hasComponent,hasModifier,hasModifierBase,appearance_differs_flag,unicode_not_recommended) VALUES (2331, 4, 'Woman Swimming: Medium-Light Skin Tone', '', 'woman-swimming-type-3', NULL, 'U+1F3CAU+1F3FCU+200DU+2640U+FE0F', 5, 1, 1, 1, 0, 0);
INSERT INTO emoji_codepoints (emoji_codepoint_id,emoji_id,codepoint_id,sequence_index) VALUES (5055, 2331, 433, 1),(5056, 2331, 480, 2),(5057, 2331, 1183, 3),(5058, 2331, 75, 4),(5059, 2331, 1185, 5);

INSERT INTO emoji (emoji_id,emoji_version_id,emoji_name,emoji_character,emojipedia_url_ext,emojipedia_category,codepoint_string,num_codepoints,hasComponent,hasModifier,hasModifierBase,appearance_differs_flag,unicode_not_recommended) VALUES (2332, 4, 'Woman Swimming: Medium Skin Tone', '', 'woman-swimming-type-4', NULL, 'U+1F3CAU+1F3FDU+200DU+2640U+FE0F', 5, 1, 1, 1, 0, 0);
INSERT INTO emoji_codepoints (emoji_codepoint_id,emoji_id,codepoint_id,sequence_index) VALUES (5060, 2332, 433, 1),(5061, 2332, 481, 2),(5062, 2332, 1183, 3),(5063, 2332, 75, 4),(5064, 2332, 1185, 5);

INSERT INTO emoji (emoji_id,emoji_version_id,emoji_name,emoji_character,emojipedia_url_ext,emojipedia_category,codepoint_string,num_codepoints,hasComponent,hasModifier,hasModifierBase,appearance_differs_flag,unicode_not_recommended) VALUES (2333, 4, 'Woman Swimming: Medium-Dark Skin Tone', '', 'woman-swimming-type-5', NULL, 'U+1F3CAU+1F3FEU+200DU+2640U+FE0F', 5, 1, 1, 1, 0, 0);
INSERT INTO emoji_codepoints (emoji_codepoint_id,emoji_id,codepoint_id,sequence_index) VALUES (5065, 2333, 433, 1),(5066, 2333, 482, 2),(5067, 2333, 1183, 3),(5068, 2333, 75, 4),(5069, 2333, 1185, 5);

INSERT INTO emoji (emoji_id,emoji_version_id,emoji_name,emoji_character,emojipedia_url_ext,emojipedia_category,codepoint_string,num_codepoints,hasComponent,hasModifier,hasModifierBase,appearance_differs_flag,unicode_not_recommended) VALUES (2334, 4, 'Woman Swimming: Dark Skin Tone', '', 'woman-swimming-type-6', NULL, 'U+1F3CAU+1F3FFU+200DU+2640U+FE0F', 5, 1, 1, 1, 0, 0);
INSERT INTO emoji_codepoints (emoji_codepoint_id,emoji_id,codepoint_id,sequence_index) VALUES (5070, 2334, 433, 1),(5071, 2334, 483, 2),(5072, 2334, 1183, 3),(5073, 2334, 75, 4),(5074, 2334, 1185, 5);

INSERT INTO emoji (emoji_id,emoji_version_id,emoji_name,emoji_character,emojipedia_url_ext,emojipedia_category,codepoint_string,num_codepoints,hasComponent,hasModifier,hasModifierBase,appearance_differs_flag,unicode_not_recommended) VALUES (2335, 4, 'Man Bouncing Ball', '', 'man-with-ball', 'activity', 'U+26F9U+FE0FU+200DU+2642U+FE0F', 5, 1, 0, 1, 0, 0);
INSERT INTO emoji_codepoints (emoji_codepoint_id,emoji_id,codepoint_id,sequence_index) VALUES (5075, 2335, 131, 1),(5076, 2335, 1185, 2),(5077, 2335, 1183, 3),(5078, 2335, 76, 4),(5079, 2335, 1185, 5);

INSERT INTO emoji (emoji_id,emoji_version_id,emoji_name,emoji_character,emojipedia_url_ext,emojipedia_category,codepoint_string,num_codepoints,hasComponent,hasModifier,hasModifierBase,appearance_differs_flag,unicode_not_recommended) VALUES (2336, 4, 'Man Bouncing Ball: Light Skin Tone', '', 'man-with-ball-type-1-2', NULL, 'U+26F9U+1F3FBU+200DU+2642U+FE0F', 5, 1, 1, 1, 0, 0);
INSERT INTO emoji_codepoints (emoji_codepoint_id,emoji_id,codepoint_id,sequence_index) VALUES (5080, 2336, 131, 1),(5081, 2336, 479, 2),(5082, 2336, 1183, 3),(5083, 2336, 76, 4),(5084, 2336, 1185, 5);

INSERT INTO emoji (emoji_id,emoji_version_id,emoji_name,emoji_character,emojipedia_url_ext,emojipedia_category,codepoint_string,num_codepoints,hasComponent,hasModifier,hasModifierBase,appearance_differs_flag,unicode_not_recommended) VALUES (2337, 4, 'Man Bouncing Ball: Medium-Light Skin Tone', '', 'man-with-ball-type-3', NULL, 'U+26F9U+1F3FCU+200DU+2642U+FE0F', 5, 1, 1, 1, 0, 0);
INSERT INTO emoji_codepoints (emoji_codepoint_id,emoji_id,codepoint_id,sequence_index) VALUES (5085, 2337, 131, 1),(5086, 2337, 480, 2),(5087, 2337, 1183, 3),(5088, 2337, 76, 4),(5089, 2337, 1185, 5);

INSERT INTO emoji (emoji_id,emoji_version_id,emoji_name,emoji_character,emojipedia_url_ext,emojipedia_category,codepoint_string,num_codepoints,hasComponent,hasModifier,hasModifierBase,appearance_differs_flag,unicode_not_recommended) VALUES (2338, 4, 'Man Bouncing Ball: Medium Skin Tone', '', 'man-with-ball-type-4', NULL, 'U+26F9U+1F3FDU+200DU+2642U+FE0F', 5, 1, 1, 1, 0, 0);
INSERT INTO emoji_codepoints (emoji_codepoint_id,emoji_id,codepoint_id,sequence_index) VALUES (5090, 2338, 131, 1),(5091, 2338, 481, 2),(5092, 2338, 1183, 3),(5093, 2338, 76, 4),(5094, 2338, 1185, 5);

INSERT INTO emoji (emoji_id,emoji_version_id,emoji_name,emoji_character,emojipedia_url_ext,emojipedia_category,codepoint_string,num_codepoints,hasComponent,hasModifier,hasModifierBase,appearance_differs_flag,unicode_not_recommended) VALUES (2339, 4, 'Man Bouncing Ball: Medium-Dark Skin Tone', '', 'man-with-ball-type-5', NULL, 'U+26F9U+1F3FEU+200DU+2642U+FE0F', 5, 1, 1, 1, 0, 0);
INSERT INTO emoji_codepoints (emoji_codepoint_id,emoji_id,codepoint_id,sequence_index) VALUES (5095, 2339, 131, 1),(5096, 2339, 482, 2),(5097, 2339, 1183, 3),(5098, 2339, 76, 4),(5099, 2339, 1185, 5);

INSERT INTO emoji (emoji_id,emoji_version_id,emoji_name,emoji_character,emojipedia_url_ext,emojipedia_category,codepoint_string,num_codepoints,hasComponent,hasModifier,hasModifierBase,appearance_differs_flag,unicode_not_recommended) VALUES (2340, 4, 'Man Bouncing Ball: Dark Skin Tone', '', 'man-with-ball-type-6', NULL, 'U+26F9U+1F3FFU+200DU+2642U+FE0F', 5, 1, 1, 1, 0, 0);
INSERT INTO emoji_codepoints (emoji_codepoint_id,emoji_id,codepoint_id,sequence_index) VALUES (5100, 2340, 131, 1),(5101, 2340, 483, 2),(5102, 2340, 1183, 3),(5103, 2340, 76, 4),(5104, 2340, 1185, 5);

INSERT INTO emoji (emoji_id,emoji_version_id,emoji_name,emoji_character,emojipedia_url_ext,emojipedia_category,codepoint_string,num_codepoints,hasComponent,hasModifier,hasModifierBase,appearance_differs_flag,unicode_not_recommended) VALUES (2341, 4, 'Woman Bouncing Ball', '', 'woman-with-ball', 'activity', 'U+26F9U+FE0FU+200DU+2640U+FE0F', 5, 1, 0, 1, 0, 0);
INSERT INTO emoji_codepoints (emoji_codepoint_id,emoji_id,codepoint_id,sequence_index) VALUES (5105, 2341, 131, 1),(5106, 2341, 1185, 2),(5107, 2341, 1183, 3),(5108, 2341, 75, 4),(5109, 2341, 1185, 5);

INSERT INTO emoji (emoji_id,emoji_version_id,emoji_name,emoji_character,emojipedia_url_ext,emojipedia_category,codepoint_string,num_codepoints,hasComponent,hasModifier,hasModifierBase,appearance_differs_flag,unicode_not_recommended) VALUES (2342, 4, 'Woman Bouncing Ball: Light Skin Tone', '', 'woman-with-ball-type-1-2', NULL, 'U+26F9U+1F3FBU+200DU+2640U+FE0F', 5, 1, 1, 1, 0, 0);
INSERT INTO emoji_codepoints (emoji_codepoint_id,emoji_id,codepoint_id,sequence_index) VALUES (5110, 2342, 131, 1),(5111, 2342, 479, 2),(5112, 2342, 1183, 3),(5113, 2342, 75, 4),(5114, 2342, 1185, 5);

INSERT INTO emoji (emoji_id,emoji_version_id,emoji_name,emoji_character,emojipedia_url_ext,emojipedia_category,codepoint_string,num_codepoints,hasComponent,hasModifier,hasModifierBase,appearance_differs_flag,unicode_not_recommended) VALUES (2343, 4, 'Woman Bouncing Ball: Medium-Light Skin Tone', '', 'woman-with-ball-type-3', NULL, 'U+26F9U+1F3FCU+200DU+2640U+FE0F', 5, 1, 1, 1, 0, 0);
INSERT INTO emoji_codepoints (emoji_codepoint_id,emoji_id,codepoint_id,sequence_index) VALUES (5115, 2343, 131, 1),(5116, 2343, 480, 2),(5117, 2343, 1183, 3),(5118, 2343, 75, 4),(5119, 2343, 1185, 5);

INSERT INTO emoji (emoji_id,emoji_version_id,emoji_name,emoji_character,emojipedia_url_ext,emojipedia_category,codepoint_string,num_codepoints,hasComponent,hasModifier,hasModifierBase,appearance_differs_flag,unicode_not_recommended) VALUES (2344, 4, 'Woman Bouncing Ball: Medium Skin Tone', '', 'woman-with-ball-type-4', NULL, 'U+26F9U+1F3FDU+200DU+2640U+FE0F', 5, 1, 1, 1, 0, 0);
INSERT INTO emoji_codepoints (emoji_codepoint_id,emoji_id,codepoint_id,sequence_index) VALUES (5120, 2344, 131, 1),(5121, 2344, 481, 2),(5122, 2344, 1183, 3),(5123, 2344, 75, 4),(5124, 2344, 1185, 5);

INSERT INTO emoji (emoji_id,emoji_version_id,emoji_name,emoji_character,emojipedia_url_ext,emojipedia_category,codepoint_string,num_codepoints,hasComponent,hasModifier,hasModifierBase,appearance_differs_flag,unicode_not_recommended) VALUES (2345, 4, 'Woman Bouncing Ball: Medium-Dark Skin Tone', '', 'woman-with-ball-type-5', NULL, 'U+26F9U+1F3FEU+200DU+2640U+FE0F', 5, 1, 1, 1, 0, 0);
INSERT INTO emoji_codepoints (emoji_codepoint_id,emoji_id,codepoint_id,sequence_index) VALUES (5125, 2345, 131, 1),(5126, 2345, 482, 2),(5127, 2345, 1183, 3),(5128, 2345, 75, 4),(5129, 2345, 1185, 5);

INSERT INTO emoji (emoji_id,emoji_version_id,emoji_name,emoji_character,emojipedia_url_ext,emojipedia_category,codepoint_string,num_codepoints,hasComponent,hasModifier,hasModifierBase,appearance_differs_flag,unicode_not_recommended) VALUES (2346, 4, 'Woman Bouncing Ball: Dark Skin Tone', '', 'woman-with-ball-type-6', NULL, 'U+26F9U+1F3FFU+200DU+2640U+FE0F', 5, 1, 1, 1, 0, 0);
INSERT INTO emoji_codepoints (emoji_codepoint_id,emoji_id,codepoint_id,sequence_index) VALUES (5130, 2346, 131, 1),(5131, 2346, 483, 2),(5132, 2346, 1183, 3),(5133, 2346, 75, 4),(5134, 2346, 1185, 5);

INSERT INTO emoji (emoji_id,emoji_version_id,emoji_name,emoji_character,emojipedia_url_ext,emojipedia_category,codepoint_string,num_codepoints,hasComponent,hasModifier,hasModifierBase,appearance_differs_flag,unicode_not_recommended) VALUES (2347, 4, 'Man Lifting Weights', '', 'man-weight-lifting', 'activity', 'U+1F3CBU+FE0FU+200DU+2642U+FE0F', 5, 1, 0, 1, 0, 0);
INSERT INTO emoji_codepoints (emoji_codepoint_id,emoji_id,codepoint_id,sequence_index) VALUES (5135, 2347, 434, 1),(5136, 2347, 1185, 2),(5137, 2347, 1183, 3),(5138, 2347, 76, 4),(5139, 2347, 1185, 5);

INSERT INTO emoji (emoji_id,emoji_version_id,emoji_name,emoji_character,emojipedia_url_ext,emojipedia_category,codepoint_string,num_codepoints,hasComponent,hasModifier,hasModifierBase,appearance_differs_flag,unicode_not_recommended) VALUES (2348, 4, 'Man Lifting Weights: Light Skin Tone', '', 'man-weight-lifting-type-1-2', NULL, 'U+1F3CBU+1F3FBU+200DU+2642U+FE0F', 5, 1, 1, 1, 0, 0);
INSERT INTO emoji_codepoints (emoji_codepoint_id,emoji_id,codepoint_id,sequence_index) VALUES (5140, 2348, 434, 1),(5141, 2348, 479, 2),(5142, 2348, 1183, 3),(5143, 2348, 76, 4),(5144, 2348, 1185, 5);

INSERT INTO emoji (emoji_id,emoji_version_id,emoji_name,emoji_character,emojipedia_url_ext,emojipedia_category,codepoint_string,num_codepoints,hasComponent,hasModifier,hasModifierBase,appearance_differs_flag,unicode_not_recommended) VALUES (2349, 4, 'Man Lifting Weights: Medium-Light Skin Tone', '', 'man-weight-lifting-type-3', NULL, 'U+1F3CBU+1F3FCU+200DU+2642U+FE0F', 5, 1, 1, 1, 0, 0);
INSERT INTO emoji_codepoints (emoji_codepoint_id,emoji_id,codepoint_id,sequence_index) VALUES (5145, 2349, 434, 1),(5146, 2349, 480, 2),(5147, 2349, 1183, 3),(5148, 2349, 76, 4),(5149, 2349, 1185, 5);

INSERT INTO emoji (emoji_id,emoji_version_id,emoji_name,emoji_character,emojipedia_url_ext,emojipedia_category,codepoint_string,num_codepoints,hasComponent,hasModifier,hasModifierBase,appearance_differs_flag,unicode_not_recommended) VALUES (2350, 4, 'Man Lifting Weights: Medium Skin Tone', '', 'man-weight-lifting-type-4', NULL, 'U+1F3CBU+1F3FDU+200DU+2642U+FE0F', 5, 1, 1, 1, 0, 0);
INSERT INTO emoji_codepoints (emoji_codepoint_id,emoji_id,codepoint_id,sequence_index) VALUES (5150, 2350, 434, 1),(5151, 2350, 481, 2),(5152, 2350, 1183, 3),(5153, 2350, 76, 4),(5154, 2350, 1185, 5);

INSERT INTO emoji (emoji_id,emoji_version_id,emoji_name,emoji_character,emojipedia_url_ext,emojipedia_category,codepoint_string,num_codepoints,hasComponent,hasModifier,hasModifierBase,appearance_differs_flag,unicode_not_recommended) VALUES (2351, 4, 'Man Lifting Weights: Medium-Dark Skin Tone', '', 'man-weight-lifting-type-5', NULL, 'U+1F3CBU+1F3FEU+200DU+2642U+FE0F', 5, 1, 1, 1, 0, 0);
INSERT INTO emoji_codepoints (emoji_codepoint_id,emoji_id,codepoint_id,sequence_index) VALUES (5155, 2351, 434, 1),(5156, 2351, 482, 2),(5157, 2351, 1183, 3),(5158, 2351, 76, 4),(5159, 2351, 1185, 5);

INSERT INTO emoji (emoji_id,emoji_version_id,emoji_name,emoji_character,emojipedia_url_ext,emojipedia_category,codepoint_string,num_codepoints,hasComponent,hasModifier,hasModifierBase,appearance_differs_flag,unicode_not_recommended) VALUES (2352, 4, 'Man Lifting Weights: Dark Skin Tone', '', 'man-weight-lifting-type-6', NULL, 'U+1F3CBU+1F3FFU+200DU+2642U+FE0F', 5, 1, 1, 1, 0, 0);
INSERT INTO emoji_codepoints (emoji_codepoint_id,emoji_id,codepoint_id,sequence_index) VALUES (5160, 2352, 434, 1),(5161, 2352, 483, 2),(5162, 2352, 1183, 3),(5163, 2352, 76, 4),(5164, 2352, 1185, 5);

INSERT INTO emoji (emoji_id,emoji_version_id,emoji_name,emoji_character,emojipedia_url_ext,emojipedia_category,codepoint_string,num_codepoints,hasComponent,hasModifier,hasModifierBase,appearance_differs_flag,unicode_not_recommended) VALUES (2353, 4, 'Woman Lifting Weights', '', 'woman-weight-lifting', 'activity', 'U+1F3CBU+FE0FU+200DU+2640U+FE0F', 5, 1, 0, 1, 0, 0);
INSERT INTO emoji_codepoints (emoji_codepoint_id,emoji_id,codepoint_id,sequence_index) VALUES (5165, 2353, 434, 1),(5166, 2353, 1185, 2),(5167, 2353, 1183, 3),(5168, 2353, 75, 4),(5169, 2353, 1185, 5);

INSERT INTO emoji (emoji_id,emoji_version_id,emoji_name,emoji_character,emojipedia_url_ext,emojipedia_category,codepoint_string,num_codepoints,hasComponent,hasModifier,hasModifierBase,appearance_differs_flag,unicode_not_recommended) VALUES (2354, 4, 'Woman Lifting Weights: Light Skin Tone', '', 'woman-weight-lifting-type-1-2', NULL, 'U+1F3CBU+1F3FBU+200DU+2640U+FE0F', 5, 1, 1, 1, 0, 0);
INSERT INTO emoji_codepoints (emoji_codepoint_id,emoji_id,codepoint_id,sequence_index) VALUES (5170, 2354, 434, 1),(5171, 2354, 479, 2),(5172, 2354, 1183, 3),(5173, 2354, 75, 4),(5174, 2354, 1185, 5);

INSERT INTO emoji (emoji_id,emoji_version_id,emoji_name,emoji_character,emojipedia_url_ext,emojipedia_category,codepoint_string,num_codepoints,hasComponent,hasModifier,hasModifierBase,appearance_differs_flag,unicode_not_recommended) VALUES (2355, 4, 'Woman Lifting Weights: Medium-Light Skin Tone', '', 'woman-weight-lifting-type-3', NULL, 'U+1F3CBU+1F3FCU+200DU+2640U+FE0F', 5, 1, 1, 1, 0, 0);
INSERT INTO emoji_codepoints (emoji_codepoint_id,emoji_id,codepoint_id,sequence_index) VALUES (5175, 2355, 434, 1),(5176, 2355, 480, 2),(5177, 2355, 1183, 3),(5178, 2355, 75, 4),(5179, 2355, 1185, 5);

INSERT INTO emoji (emoji_id,emoji_version_id,emoji_name,emoji_character,emojipedia_url_ext,emojipedia_category,codepoint_string,num_codepoints,hasComponent,hasModifier,hasModifierBase,appearance_differs_flag,unicode_not_recommended) VALUES (2356, 4, 'Woman Lifting Weights: Medium Skin Tone', '', 'woman-weight-lifting-type-4', NULL, 'U+1F3CBU+1F3FDU+200DU+2640U+FE0F', 5, 1, 1, 1, 0, 0);
INSERT INTO emoji_codepoints (emoji_codepoint_id,emoji_id,codepoint_id,sequence_index) VALUES (5180, 2356, 434, 1),(5181, 2356, 481, 2),(5182, 2356, 1183, 3),(5183, 2356, 75, 4),(5184, 2356, 1185, 5);

INSERT INTO emoji (emoji_id,emoji_version_id,emoji_name,emoji_character,emojipedia_url_ext,emojipedia_category,codepoint_string,num_codepoints,hasComponent,hasModifier,hasModifierBase,appearance_differs_flag,unicode_not_recommended) VALUES (2357, 4, 'Woman Lifting Weights: Medium-Dark Skin Tone', '', 'woman-weight-lifting-type-5', NULL, 'U+1F3CBU+1F3FEU+200DU+2640U+FE0F', 5, 1, 1, 1, 0, 0);
INSERT INTO emoji_codepoints (emoji_codepoint_id,emoji_id,codepoint_id,sequence_index) VALUES (5185, 2357, 434, 1),(5186, 2357, 482, 2),(5187, 2357, 1183, 3),(5188, 2357, 75, 4),(5189, 2357, 1185, 5);

INSERT INTO emoji (emoji_id,emoji_version_id,emoji_name,emoji_character,emojipedia_url_ext,emojipedia_category,codepoint_string,num_codepoints,hasComponent,hasModifier,hasModifierBase,appearance_differs_flag,unicode_not_recommended) VALUES (2358, 4, 'Woman Lifting Weights: Dark Skin Tone', '', 'woman-weight-lifting-type-6', NULL, 'U+1F3CBU+1F3FFU+200DU+2640U+FE0F', 5, 1, 1, 1, 0, 0);
INSERT INTO emoji_codepoints (emoji_codepoint_id,emoji_id,codepoint_id,sequence_index) VALUES (5190, 2358, 434, 1),(5191, 2358, 483, 2),(5192, 2358, 1183, 3),(5193, 2358, 75, 4),(5194, 2358, 1185, 5);

INSERT INTO emoji (emoji_id,emoji_version_id,emoji_name,emoji_character,emojipedia_url_ext,emojipedia_category,codepoint_string,num_codepoints,hasComponent,hasModifier,hasModifierBase,appearance_differs_flag,unicode_not_recommended) VALUES (2359, 4, 'Man Biking', '', 'man-biking', 'activity', 'U+1F6B4U+200DU+2642U+FE0F', 4, 1, 0, 1, 0, 0);
INSERT INTO emoji_codepoints (emoji_codepoint_id,emoji_id,codepoint_id,sequence_index) VALUES (5195, 2359, 1007, 1),(5196, 2359, 1183, 2),(5197, 2359, 76, 3),(5198, 2359, 1185, 4);

INSERT INTO emoji (emoji_id,emoji_version_id,emoji_name,emoji_character,emojipedia_url_ext,emojipedia_category,codepoint_string,num_codepoints,hasComponent,hasModifier,hasModifierBase,appearance_differs_flag,unicode_not_recommended) VALUES (2360, 4, 'Man Biking: Light Skin Tone', '', 'man-biking-type-1-2', NULL, 'U+1F6B4U+1F3FBU+200DU+2642U+FE0F', 5, 1, 1, 1, 0, 0);
INSERT INTO emoji_codepoints (emoji_codepoint_id,emoji_id,codepoint_id,sequence_index) VALUES (5199, 2360, 1007, 1),(5200, 2360, 479, 2),(5201, 2360, 1183, 3),(5202, 2360, 76, 4),(5203, 2360, 1185, 5);

INSERT INTO emoji (emoji_id,emoji_version_id,emoji_name,emoji_character,emojipedia_url_ext,emojipedia_category,codepoint_string,num_codepoints,hasComponent,hasModifier,hasModifierBase,appearance_differs_flag,unicode_not_recommended) VALUES (2361, 4, 'Man Biking: Medium-Light Skin Tone', '', 'man-biking-type-3', NULL, 'U+1F6B4U+1F3FCU+200DU+2642U+FE0F', 5, 1, 1, 1, 0, 0);
INSERT INTO emoji_codepoints (emoji_codepoint_id,emoji_id,codepoint_id,sequence_index) VALUES (5204, 2361, 1007, 1),(5205, 2361, 480, 2),(5206, 2361, 1183, 3),(5207, 2361, 76, 4),(5208, 2361, 1185, 5);

INSERT INTO emoji (emoji_id,emoji_version_id,emoji_name,emoji_character,emojipedia_url_ext,emojipedia_category,codepoint_string,num_codepoints,hasComponent,hasModifier,hasModifierBase,appearance_differs_flag,unicode_not_recommended) VALUES (2362, 4, 'Man Biking: Medium Skin Tone', '', 'man-biking-type-4', NULL, 'U+1F6B4U+1F3FDU+200DU+2642U+FE0F', 5, 1, 1, 1, 0, 0);
INSERT INTO emoji_codepoints (emoji_codepoint_id,emoji_id,codepoint_id,sequence_index) VALUES (5209, 2362, 1007, 1),(5210, 2362, 481, 2),(5211, 2362, 1183, 3),(5212, 2362, 76, 4),(5213, 2362, 1185, 5);

INSERT INTO emoji (emoji_id,emoji_version_id,emoji_name,emoji_character,emojipedia_url_ext,emojipedia_category,codepoint_string,num_codepoints,hasComponent,hasModifier,hasModifierBase,appearance_differs_flag,unicode_not_recommended) VALUES (2363, 4, 'Man Biking: Medium-Dark Skin Tone', '', 'man-biking-type-5', NULL, 'U+1F6B4U+1F3FEU+200DU+2642U+FE0F', 5, 1, 1, 1, 0, 0);
INSERT INTO emoji_codepoints (emoji_codepoint_id,emoji_id,codepoint_id,sequence_index) VALUES (5214, 2363, 1007, 1),(5215, 2363, 482, 2),(5216, 2363, 1183, 3),(5217, 2363, 76, 4),(5218, 2363, 1185, 5);

INSERT INTO emoji (emoji_id,emoji_version_id,emoji_name,emoji_character,emojipedia_url_ext,emojipedia_category,codepoint_string,num_codepoints,hasComponent,hasModifier,hasModifierBase,appearance_differs_flag,unicode_not_recommended) VALUES (2364, 4, 'Man Biking: Dark Skin Tone', '', 'man-biking-type-6', NULL, 'U+1F6B4U+1F3FFU+200DU+2642U+FE0F', 5, 1, 1, 1, 0, 0);
INSERT INTO emoji_codepoints (emoji_codepoint_id,emoji_id,codepoint_id,sequence_index) VALUES (5219, 2364, 1007, 1),(5220, 2364, 483, 2),(5221, 2364, 1183, 3),(5222, 2364, 76, 4),(5223, 2364, 1185, 5);

INSERT INTO emoji (emoji_id,emoji_version_id,emoji_name,emoji_character,emojipedia_url_ext,emojipedia_category,codepoint_string,num_codepoints,hasComponent,hasModifier,hasModifierBase,appearance_differs_flag,unicode_not_recommended) VALUES (2365, 4, 'Woman Biking', '', 'woman-biking', 'activity', 'U+1F6B4U+200DU+2640U+FE0F', 4, 1, 0, 1, 0, 0);
INSERT INTO emoji_codepoints (emoji_codepoint_id,emoji_id,codepoint_id,sequence_index) VALUES (5224, 2365, 1007, 1),(5225, 2365, 1183, 2),(5226, 2365, 75, 3),(5227, 2365, 1185, 4);

INSERT INTO emoji (emoji_id,emoji_version_id,emoji_name,emoji_character,emojipedia_url_ext,emojipedia_category,codepoint_string,num_codepoints,hasComponent,hasModifier,hasModifierBase,appearance_differs_flag,unicode_not_recommended) VALUES (2366, 4, 'Woman Biking: Light Skin Tone', '', 'woman-biking-type-1-2', NULL, 'U+1F6B4U+1F3FBU+200DU+2640U+FE0F', 5, 1, 1, 1, 0, 0);
INSERT INTO emoji_codepoints (emoji_codepoint_id,emoji_id,codepoint_id,sequence_index) VALUES (5228, 2366, 1007, 1),(5229, 2366, 479, 2),(5230, 2366, 1183, 3),(5231, 2366, 75, 4),(5232, 2366, 1185, 5);

INSERT INTO emoji (emoji_id,emoji_version_id,emoji_name,emoji_character,emojipedia_url_ext,emojipedia_category,codepoint_string,num_codepoints,hasComponent,hasModifier,hasModifierBase,appearance_differs_flag,unicode_not_recommended) VALUES (2367, 4, 'Woman Biking: Medium-Light Skin Tone', '', 'woman-biking-type-3', NULL, 'U+1F6B4U+1F3FCU+200DU+2640U+FE0F', 5, 1, 1, 1, 0, 0);
INSERT INTO emoji_codepoints (emoji_codepoint_id,emoji_id,codepoint_id,sequence_index) VALUES (5233, 2367, 1007, 1),(5234, 2367, 480, 2),(5235, 2367, 1183, 3),(5236, 2367, 75, 4),(5237, 2367, 1185, 5);

INSERT INTO emoji (emoji_id,emoji_version_id,emoji_name,emoji_character,emojipedia_url_ext,emojipedia_category,codepoint_string,num_codepoints,hasComponent,hasModifier,hasModifierBase,appearance_differs_flag,unicode_not_recommended) VALUES (2368, 4, 'Woman Biking: Medium Skin Tone', '', 'woman-biking-type-4', NULL, 'U+1F6B4U+1F3FDU+200DU+2640U+FE0F', 5, 1, 1, 1, 0, 0);
INSERT INTO emoji_codepoints (emoji_codepoint_id,emoji_id,codepoint_id,sequence_index) VALUES (5238, 2368, 1007, 1),(5239, 2368, 481, 2),(5240, 2368, 1183, 3),(5241, 2368, 75, 4),(5242, 2368, 1185, 5);

INSERT INTO emoji (emoji_id,emoji_version_id,emoji_name,emoji_character,emojipedia_url_ext,emojipedia_category,codepoint_string,num_codepoints,hasComponent,hasModifier,hasModifierBase,appearance_differs_flag,unicode_not_recommended) VALUES (2369, 4, 'Woman Biking: Medium-Dark Skin Tone', '', 'woman-biking-type-5', NULL, 'U+1F6B4U+1F3FEU+200DU+2640U+FE0F', 5, 1, 1, 1, 0, 0);
INSERT INTO emoji_codepoints (emoji_codepoint_id,emoji_id,codepoint_id,sequence_index) VALUES (5243, 2369, 1007, 1),(5244, 2369, 482, 2),(5245, 2369, 1183, 3),(5246, 2369, 75, 4),(5247, 2369, 1185, 5);

INSERT INTO emoji (emoji_id,emoji_version_id,emoji_name,emoji_character,emojipedia_url_ext,emojipedia_category,codepoint_string,num_codepoints,hasComponent,hasModifier,hasModifierBase,appearance_differs_flag,unicode_not_recommended) VALUES (2370, 4, 'Woman Biking: Dark Skin Tone', '', 'woman-biking-type-6', NULL, 'U+1F6B4U+1F3FFU+200DU+2640U+FE0F', 5, 1, 1, 1, 0, 0);
INSERT INTO emoji_codepoints (emoji_codepoint_id,emoji_id,codepoint_id,sequence_index) VALUES (5248, 2370, 1007, 1),(5249, 2370, 483, 2),(5250, 2370, 1183, 3),(5251, 2370, 75, 4),(5252, 2370, 1185, 5);

INSERT INTO emoji (emoji_id,emoji_version_id,emoji_name,emoji_character,emojipedia_url_ext,emojipedia_category,codepoint_string,num_codepoints,hasComponent,hasModifier,hasModifierBase,appearance_differs_flag,unicode_not_recommended) VALUES (2371, 4, 'Man Mountain Biking', '', 'man-mountain-biking', 'activity', 'U+1F6B5U+200DU+2642U+FE0F', 4, 1, 0, 1, 0, 0);
INSERT INTO emoji_codepoints (emoji_codepoint_id,emoji_id,codepoint_id,sequence_index) VALUES (5253, 2371, 1008, 1),(5254, 2371, 1183, 2),(5255, 2371, 76, 3),(5256, 2371, 1185, 4);

INSERT INTO emoji (emoji_id,emoji_version_id,emoji_name,emoji_character,emojipedia_url_ext,emojipedia_category,codepoint_string,num_codepoints,hasComponent,hasModifier,hasModifierBase,appearance_differs_flag,unicode_not_recommended) VALUES (2372, 4, 'Man Mountain Biking: Light Skin Tone', '', 'man-mountain-biking-type-1-2', NULL, 'U+1F6B5U+1F3FBU+200DU+2642U+FE0F', 5, 1, 1, 1, 0, 0);
INSERT INTO emoji_codepoints (emoji_codepoint_id,emoji_id,codepoint_id,sequence_index) VALUES (5257, 2372, 1008, 1),(5258, 2372, 479, 2),(5259, 2372, 1183, 3),(5260, 2372, 76, 4),(5261, 2372, 1185, 5);

INSERT INTO emoji (emoji_id,emoji_version_id,emoji_name,emoji_character,emojipedia_url_ext,emojipedia_category,codepoint_string,num_codepoints,hasComponent,hasModifier,hasModifierBase,appearance_differs_flag,unicode_not_recommended) VALUES (2373, 4, 'Man Mountain Biking: Medium-Light Skin Tone', '', 'man-mountain-biking-type-3', NULL, 'U+1F6B5U+1F3FCU+200DU+2642U+FE0F', 5, 1, 1, 1, 0, 0);
INSERT INTO emoji_codepoints (emoji_codepoint_id,emoji_id,codepoint_id,sequence_index) VALUES (5262, 2373, 1008, 1),(5263, 2373, 480, 2),(5264, 2373, 1183, 3),(5265, 2373, 76, 4),(5266, 2373, 1185, 5);

INSERT INTO emoji (emoji_id,emoji_version_id,emoji_name,emoji_character,emojipedia_url_ext,emojipedia_category,codepoint_string,num_codepoints,hasComponent,hasModifier,hasModifierBase,appearance_differs_flag,unicode_not_recommended) VALUES (2374, 4, 'Man Mountain Biking: Medium Skin Tone', '', 'man-mountain-biking-type-4', NULL, 'U+1F6B5U+1F3FDU+200DU+2642U+FE0F', 5, 1, 1, 1, 0, 0);
INSERT INTO emoji_codepoints (emoji_codepoint_id,emoji_id,codepoint_id,sequence_index) VALUES (5267, 2374, 1008, 1),(5268, 2374, 481, 2),(5269, 2374, 1183, 3),(5270, 2374, 76, 4),(5271, 2374, 1185, 5);

INSERT INTO emoji (emoji_id,emoji_version_id,emoji_name,emoji_character,emojipedia_url_ext,emojipedia_category,codepoint_string,num_codepoints,hasComponent,hasModifier,hasModifierBase,appearance_differs_flag,unicode_not_recommended) VALUES (2375, 4, 'Man Mountain Biking: Medium-Dark Skin Tone', '', 'man-mountain-biking-type-5', NULL, 'U+1F6B5U+1F3FEU+200DU+2642U+FE0F', 5, 1, 1, 1, 0, 0);
INSERT INTO emoji_codepoints (emoji_codepoint_id,emoji_id,codepoint_id,sequence_index) VALUES (5272, 2375, 1008, 1),(5273, 2375, 482, 2),(5274, 2375, 1183, 3),(5275, 2375, 76, 4),(5276, 2375, 1185, 5);

INSERT INTO emoji (emoji_id,emoji_version_id,emoji_name,emoji_character,emojipedia_url_ext,emojipedia_category,codepoint_string,num_codepoints,hasComponent,hasModifier,hasModifierBase,appearance_differs_flag,unicode_not_recommended) VALUES (2376, 4, 'Man Mountain Biking: Dark Skin Tone', '', 'man-mountain-biking-type-6', NULL, 'U+1F6B5U+1F3FFU+200DU+2642U+FE0F', 5, 1, 1, 1, 0, 0);
INSERT INTO emoji_codepoints (emoji_codepoint_id,emoji_id,codepoint_id,sequence_index) VALUES (5277, 2376, 1008, 1),(5278, 2376, 483, 2),(5279, 2376, 1183, 3),(5280, 2376, 76, 4),(5281, 2376, 1185, 5);

INSERT INTO emoji (emoji_id,emoji_version_id,emoji_name,emoji_character,emojipedia_url_ext,emojipedia_category,codepoint_string,num_codepoints,hasComponent,hasModifier,hasModifierBase,appearance_differs_flag,unicode_not_recommended) VALUES (2377, 4, 'Woman Mountain Biking', '', 'woman-mountain-biking', 'activity', 'U+1F6B5U+200DU+2640U+FE0F', 4, 1, 0, 1, 0, 0);
INSERT INTO emoji_codepoints (emoji_codepoint_id,emoji_id,codepoint_id,sequence_index) VALUES (5282, 2377, 1008, 1),(5283, 2377, 1183, 2),(5284, 2377, 75, 3),(5285, 2377, 1185, 4);

INSERT INTO emoji (emoji_id,emoji_version_id,emoji_name,emoji_character,emojipedia_url_ext,emojipedia_category,codepoint_string,num_codepoints,hasComponent,hasModifier,hasModifierBase,appearance_differs_flag,unicode_not_recommended) VALUES (2378, 4, 'Woman Mountain Biking: Light Skin Tone', '', 'woman-mountain-biking-type-1-2', NULL, 'U+1F6B5U+1F3FBU+200DU+2640U+FE0F', 5, 1, 1, 1, 0, 0);
INSERT INTO emoji_codepoints (emoji_codepoint_id,emoji_id,codepoint_id,sequence_index) VALUES (5286, 2378, 1008, 1),(5287, 2378, 479, 2),(5288, 2378, 1183, 3),(5289, 2378, 75, 4),(5290, 2378, 1185, 5);

INSERT INTO emoji (emoji_id,emoji_version_id,emoji_name,emoji_character,emojipedia_url_ext,emojipedia_category,codepoint_string,num_codepoints,hasComponent,hasModifier,hasModifierBase,appearance_differs_flag,unicode_not_recommended) VALUES (2379, 4, 'Woman Mountain Biking: Medium-Light Skin Tone', '', 'woman-mountain-biking-type-3', NULL, 'U+1F6B5U+1F3FCU+200DU+2640U+FE0F', 5, 1, 1, 1, 0, 0);
INSERT INTO emoji_codepoints (emoji_codepoint_id,emoji_id,codepoint_id,sequence_index) VALUES (5291, 2379, 1008, 1),(5292, 2379, 480, 2),(5293, 2379, 1183, 3),(5294, 2379, 75, 4),(5295, 2379, 1185, 5);

INSERT INTO emoji (emoji_id,emoji_version_id,emoji_name,emoji_character,emojipedia_url_ext,emojipedia_category,codepoint_string,num_codepoints,hasComponent,hasModifier,hasModifierBase,appearance_differs_flag,unicode_not_recommended) VALUES (2380, 4, 'Woman Mountain Biking: Medium Skin Tone', '', 'woman-mountain-biking-type-4', NULL, 'U+1F6B5U+1F3FDU+200DU+2640U+FE0F', 5, 1, 1, 1, 0, 0);
INSERT INTO emoji_codepoints (emoji_codepoint_id,emoji_id,codepoint_id,sequence_index) VALUES (5296, 2380, 1008, 1),(5297, 2380, 481, 2),(5298, 2380, 1183, 3),(5299, 2380, 75, 4),(5300, 2380, 1185, 5);

INSERT INTO emoji (emoji_id,emoji_version_id,emoji_name,emoji_character,emojipedia_url_ext,emojipedia_category,codepoint_string,num_codepoints,hasComponent,hasModifier,hasModifierBase,appearance_differs_flag,unicode_not_recommended) VALUES (2381, 4, 'Woman Mountain Biking: Medium-Dark Skin Tone', '', 'woman-mountain-biking-type-5', NULL, 'U+1F6B5U+1F3FEU+200DU+2640U+FE0F', 5, 1, 1, 1, 0, 0);
INSERT INTO emoji_codepoints (emoji_codepoint_id,emoji_id,codepoint_id,sequence_index) VALUES (5301, 2381, 1008, 1),(5302, 2381, 482, 2),(5303, 2381, 1183, 3),(5304, 2381, 75, 4),(5305, 2381, 1185, 5);

INSERT INTO emoji (emoji_id,emoji_version_id,emoji_name,emoji_character,emojipedia_url_ext,emojipedia_category,codepoint_string,num_codepoints,hasComponent,hasModifier,hasModifierBase,appearance_differs_flag,unicode_not_recommended) VALUES (2382, 4, 'Woman Mountain Biking: Dark Skin Tone', '', 'woman-mountain-biking-type-6', NULL, 'U+1F6B5U+1F3FFU+200DU+2640U+FE0F', 5, 1, 1, 1, 0, 0);
INSERT INTO emoji_codepoints (emoji_codepoint_id,emoji_id,codepoint_id,sequence_index) VALUES (5306, 2382, 1008, 1),(5307, 2382, 483, 2),(5308, 2382, 1183, 3),(5309, 2382, 75, 4),(5310, 2382, 1185, 5);

INSERT INTO emoji (emoji_id,emoji_version_id,emoji_name,emoji_character,emojipedia_url_ext,emojipedia_category,codepoint_string,num_codepoints,hasComponent,hasModifier,hasModifierBase,appearance_differs_flag,unicode_not_recommended) VALUES (2383, 4, 'Man Cartwheeling', '', 'man-doing-cartwheel', 'activity', 'U+1F938U+200DU+2642U+FE0F', 4, 1, 0, 1, 0, 0);
INSERT INTO emoji_codepoints (emoji_codepoint_id,emoji_id,codepoint_id,sequence_index) VALUES (5311, 2383, 1089, 1),(5312, 2383, 1183, 2),(5313, 2383, 76, 3),(5314, 2383, 1185, 4);

INSERT INTO emoji (emoji_id,emoji_version_id,emoji_name,emoji_character,emojipedia_url_ext,emojipedia_category,codepoint_string,num_codepoints,hasComponent,hasModifier,hasModifierBase,appearance_differs_flag,unicode_not_recommended) VALUES (2384, 4, 'Man Cartwheeling: Light Skin Tone', '', 'man-doing-cartwheel-type-1-2', NULL, 'U+1F938U+1F3FBU+200DU+2642U+FE0F', 5, 1, 1, 1, 0, 0);
INSERT INTO emoji_codepoints (emoji_codepoint_id,emoji_id,codepoint_id,sequence_index) VALUES (5315, 2384, 1089, 1),(5316, 2384, 479, 2),(5317, 2384, 1183, 3),(5318, 2384, 76, 4),(5319, 2384, 1185, 5);

INSERT INTO emoji (emoji_id,emoji_version_id,emoji_name,emoji_character,emojipedia_url_ext,emojipedia_category,codepoint_string,num_codepoints,hasComponent,hasModifier,hasModifierBase,appearance_differs_flag,unicode_not_recommended) VALUES (2385, 4, 'Man Cartwheeling: Medium-Light Skin Tone', '', 'man-doing-cartwheel-type-3', NULL, 'U+1F938U+1F3FCU+200DU+2642U+FE0F', 5, 1, 1, 1, 0, 0);
INSERT INTO emoji_codepoints (emoji_codepoint_id,emoji_id,codepoint_id,sequence_index) VALUES (5320, 2385, 1089, 1),(5321, 2385, 480, 2),(5322, 2385, 1183, 3),(5323, 2385, 76, 4),(5324, 2385, 1185, 5);

INSERT INTO emoji (emoji_id,emoji_version_id,emoji_name,emoji_character,emojipedia_url_ext,emojipedia_category,codepoint_string,num_codepoints,hasComponent,hasModifier,hasModifierBase,appearance_differs_flag,unicode_not_recommended) VALUES (2386, 4, 'Men Wrestling, Type-1-2', '', 'men-wrestling-type-1-2', NULL, 'U+1F93CU+1F3FBU+200DU+2642U+FE0F', 5, 1, 1, 0, 0, 0);
INSERT INTO emoji_codepoints (emoji_codepoint_id,emoji_id,codepoint_id,sequence_index) VALUES (5325, 2386, 1092, 1),(5326, 2386, 479, 2),(5327, 2386, 1183, 3),(5328, 2386, 76, 4),(5329, 2386, 1185, 5);

INSERT INTO emoji (emoji_id,emoji_version_id,emoji_name,emoji_character,emojipedia_url_ext,emojipedia_category,codepoint_string,num_codepoints,hasComponent,hasModifier,hasModifierBase,appearance_differs_flag,unicode_not_recommended) VALUES (2387, 4, 'Men Wrestling, Type-3', '', 'men-wrestling-type-3', NULL, 'U+1F93CU+1F3FCU+200DU+2642U+FE0F', 5, 1, 1, 0, 0, 0);
INSERT INTO emoji_codepoints (emoji_codepoint_id,emoji_id,codepoint_id,sequence_index) VALUES (5330, 2387, 1092, 1),(5331, 2387, 480, 2),(5332, 2387, 1183, 3),(5333, 2387, 76, 4),(5334, 2387, 1185, 5);

INSERT INTO emoji (emoji_id,emoji_version_id,emoji_name,emoji_character,emojipedia_url_ext,emojipedia_category,codepoint_string,num_codepoints,hasComponent,hasModifier,hasModifierBase,appearance_differs_flag,unicode_not_recommended) VALUES (2388, 4, 'Men Wrestling, Type-4', '', 'men-wrestling-type-4', NULL, 'U+1F93CU+1F3FDU+200DU+2642U+FE0F', 5, 1, 1, 0, 0, 0);
INSERT INTO emoji_codepoints (emoji_codepoint_id,emoji_id,codepoint_id,sequence_index) VALUES (5335, 2388, 1092, 1),(5336, 2388, 481, 2),(5337, 2388, 1183, 3),(5338, 2388, 76, 4),(5339, 2388, 1185, 5);

INSERT INTO emoji (emoji_id,emoji_version_id,emoji_name,emoji_character,emojipedia_url_ext,emojipedia_category,codepoint_string,num_codepoints,hasComponent,hasModifier,hasModifierBase,appearance_differs_flag,unicode_not_recommended) VALUES (2389, 4, 'Man Cartwheeling: Medium Skin Tone', '', 'man-doing-cartwheel-type-4', NULL, 'U+1F938U+1F3FDU+200DU+2642U+FE0F', 5, 1, 1, 1, 0, 0);
INSERT INTO emoji_codepoints (emoji_codepoint_id,emoji_id,codepoint_id,sequence_index) VALUES (5340, 2389, 1089, 1),(5341, 2389, 481, 2),(5342, 2389, 1183, 3),(5343, 2389, 76, 4),(5344, 2389, 1185, 5);

INSERT INTO emoji (emoji_id,emoji_version_id,emoji_name,emoji_character,emojipedia_url_ext,emojipedia_category,codepoint_string,num_codepoints,hasComponent,hasModifier,hasModifierBase,appearance_differs_flag,unicode_not_recommended) VALUES (2390, 4, 'Men Wrestling, Type-5', '', 'men-wrestling-type-5', NULL, 'U+1F93CU+1F3FEU+200DU+2642U+FE0F', 5, 1, 1, 0, 0, 0);
INSERT INTO emoji_codepoints (emoji_codepoint_id,emoji_id,codepoint_id,sequence_index) VALUES (5345, 2390, 1092, 1),(5346, 2390, 482, 2),(5347, 2390, 1183, 3),(5348, 2390, 76, 4),(5349, 2390, 1185, 5);

INSERT INTO emoji (emoji_id,emoji_version_id,emoji_name,emoji_character,emojipedia_url_ext,emojipedia_category,codepoint_string,num_codepoints,hasComponent,hasModifier,hasModifierBase,appearance_differs_flag,unicode_not_recommended) VALUES (2391, 4, 'Men Wrestling, Type-6', '', 'men-wrestling-type-6', NULL, 'U+1F93CU+1F3FFU+200DU+2642U+FE0F', 5, 1, 1, 0, 0, 0);
INSERT INTO emoji_codepoints (emoji_codepoint_id,emoji_id,codepoint_id,sequence_index) VALUES (5350, 2391, 1092, 1),(5351, 2391, 483, 2),(5352, 2391, 1183, 3),(5353, 2391, 76, 4),(5354, 2391, 1185, 5);

INSERT INTO emoji (emoji_id,emoji_version_id,emoji_name,emoji_character,emojipedia_url_ext,emojipedia_category,codepoint_string,num_codepoints,hasComponent,hasModifier,hasModifierBase,appearance_differs_flag,unicode_not_recommended) VALUES (2392, 4, 'Man Cartwheeling: Medium-Dark Skin Tone', '', 'man-doing-cartwheel-type-5', NULL, 'U+1F938U+1F3FEU+200DU+2642U+FE0F', 5, 1, 1, 1, 0, 0);
INSERT INTO emoji_codepoints (emoji_codepoint_id,emoji_id,codepoint_id,sequence_index) VALUES (5355, 2392, 1089, 1),(5356, 2392, 482, 2),(5357, 2392, 1183, 3),(5358, 2392, 76, 4),(5359, 2392, 1185, 5);

INSERT INTO emoji (emoji_id,emoji_version_id,emoji_name,emoji_character,emojipedia_url_ext,emojipedia_category,codepoint_string,num_codepoints,hasComponent,hasModifier,hasModifierBase,appearance_differs_flag,unicode_not_recommended) VALUES (2393, 4, 'Women Wrestling, Type-1-2', '', 'women-wrestling-type-1-2', NULL, 'U+1F93CU+1F3FBU+200DU+2640U+FE0F', 5, 1, 1, 0, 0, 0);
INSERT INTO emoji_codepoints (emoji_codepoint_id,emoji_id,codepoint_id,sequence_index) VALUES (5360, 2393, 1092, 1),(5361, 2393, 479, 2),(5362, 2393, 1183, 3),(5363, 2393, 75, 4),(5364, 2393, 1185, 5);

INSERT INTO emoji (emoji_id,emoji_version_id,emoji_name,emoji_character,emojipedia_url_ext,emojipedia_category,codepoint_string,num_codepoints,hasComponent,hasModifier,hasModifierBase,appearance_differs_flag,unicode_not_recommended) VALUES (2394, 4, 'Man Cartwheeling: Dark Skin Tone', '', 'man-doing-cartwheel-type-6', NULL, 'U+1F938U+1F3FFU+200DU+2642U+FE0F', 5, 1, 1, 1, 0, 0);
INSERT INTO emoji_codepoints (emoji_codepoint_id,emoji_id,codepoint_id,sequence_index) VALUES (5365, 2394, 1089, 1),(5366, 2394, 483, 2),(5367, 2394, 1183, 3),(5368, 2394, 76, 4),(5369, 2394, 1185, 5);

INSERT INTO emoji (emoji_id,emoji_version_id,emoji_name,emoji_character,emojipedia_url_ext,emojipedia_category,codepoint_string,num_codepoints,hasComponent,hasModifier,hasModifierBase,appearance_differs_flag,unicode_not_recommended) VALUES (2395, 4, 'Women Wrestling, Type-3', '', 'women-wrestling-type-3', NULL, 'U+1F93CU+1F3FCU+200DU+2640U+FE0F', 5, 1, 1, 0, 0, 0);
INSERT INTO emoji_codepoints (emoji_codepoint_id,emoji_id,codepoint_id,sequence_index) VALUES (5370, 2395, 1092, 1),(5371, 2395, 480, 2),(5372, 2395, 1183, 3),(5373, 2395, 75, 4),(5374, 2395, 1185, 5);

INSERT INTO emoji (emoji_id,emoji_version_id,emoji_name,emoji_character,emojipedia_url_ext,emojipedia_category,codepoint_string,num_codepoints,hasComponent,hasModifier,hasModifierBase,appearance_differs_flag,unicode_not_recommended) VALUES (2396, 4, 'Woman Cartwheeling', '', 'woman-doing-cartwheel', 'activity', 'U+1F938U+200DU+2640U+FE0F', 4, 1, 0, 1, 0, 0);
INSERT INTO emoji_codepoints (emoji_codepoint_id,emoji_id,codepoint_id,sequence_index) VALUES (5375, 2396, 1089, 1),(5376, 2396, 1183, 2),(5377, 2396, 75, 3),(5378, 2396, 1185, 4);

INSERT INTO emoji (emoji_id,emoji_version_id,emoji_name,emoji_character,emojipedia_url_ext,emojipedia_category,codepoint_string,num_codepoints,hasComponent,hasModifier,hasModifierBase,appearance_differs_flag,unicode_not_recommended) VALUES (2397, 4, 'Women Wrestling, Type-4', '', 'women-wrestling-type-4', NULL, 'U+1F93CU+1F3FDU+200DU+2640U+FE0F', 5, 1, 1, 0, 0, 0);
INSERT INTO emoji_codepoints (emoji_codepoint_id,emoji_id,codepoint_id,sequence_index) VALUES (5379, 2397, 1092, 1),(5380, 2397, 481, 2),(5381, 2397, 1183, 3),(5382, 2397, 75, 4),(5383, 2397, 1185, 5);

INSERT INTO emoji (emoji_id,emoji_version_id,emoji_name,emoji_character,emojipedia_url_ext,emojipedia_category,codepoint_string,num_codepoints,hasComponent,hasModifier,hasModifierBase,appearance_differs_flag,unicode_not_recommended) VALUES (2398, 4, 'Women Wrestling, Type-5', '', 'women-wrestling-type-5', NULL, 'U+1F93CU+1F3FEU+200DU+2640U+FE0F', 5, 1, 1, 0, 0, 0);
INSERT INTO emoji_codepoints (emoji_codepoint_id,emoji_id,codepoint_id,sequence_index) VALUES (5384, 2398, 1092, 1),(5385, 2398, 482, 2),(5386, 2398, 1183, 3),(5387, 2398, 75, 4),(5388, 2398, 1185, 5);

INSERT INTO emoji (emoji_id,emoji_version_id,emoji_name,emoji_character,emojipedia_url_ext,emojipedia_category,codepoint_string,num_codepoints,hasComponent,hasModifier,hasModifierBase,appearance_differs_flag,unicode_not_recommended) VALUES (2399, 4, 'Woman Cartwheeling: Light Skin Tone', '', 'woman-doing-cartwheel-type-1-2', NULL, 'U+1F938U+1F3FBU+200DU+2640U+FE0F', 5, 1, 1, 1, 0, 0);
INSERT INTO emoji_codepoints (emoji_codepoint_id,emoji_id,codepoint_id,sequence_index) VALUES (5389, 2399, 1089, 1),(5390, 2399, 479, 2),(5391, 2399, 1183, 3),(5392, 2399, 75, 4),(5393, 2399, 1185, 5);

INSERT INTO emoji (emoji_id,emoji_version_id,emoji_name,emoji_character,emojipedia_url_ext,emojipedia_category,codepoint_string,num_codepoints,hasComponent,hasModifier,hasModifierBase,appearance_differs_flag,unicode_not_recommended) VALUES (2400, 4, 'Women Wrestling, Type-6', '', 'women-wrestling-type-6', NULL, 'U+1F93CU+1F3FFU+200DU+2640U+FE0F', 5, 1, 1, 0, 0, 0);
INSERT INTO emoji_codepoints (emoji_codepoint_id,emoji_id,codepoint_id,sequence_index) VALUES (5394, 2400, 1092, 1),(5395, 2400, 483, 2),(5396, 2400, 1183, 3),(5397, 2400, 75, 4),(5398, 2400, 1185, 5);

INSERT INTO emoji (emoji_id,emoji_version_id,emoji_name,emoji_character,emojipedia_url_ext,emojipedia_category,codepoint_string,num_codepoints,hasComponent,hasModifier,hasModifierBase,appearance_differs_flag,unicode_not_recommended) VALUES (2401, 4, 'Woman Cartwheeling: Medium-Light Skin Tone', '', 'woman-doing-cartwheel-type-3', NULL, 'U+1F938U+1F3FCU+200DU+2640U+FE0F', 5, 1, 1, 1, 0, 0);
INSERT INTO emoji_codepoints (emoji_codepoint_id,emoji_id,codepoint_id,sequence_index) VALUES (5399, 2401, 1089, 1),(5400, 2401, 480, 2),(5401, 2401, 1183, 3),(5402, 2401, 75, 4),(5403, 2401, 1185, 5);

INSERT INTO emoji (emoji_id,emoji_version_id,emoji_name,emoji_character,emojipedia_url_ext,emojipedia_category,codepoint_string,num_codepoints,hasComponent,hasModifier,hasModifierBase,appearance_differs_flag,unicode_not_recommended) VALUES (2402, 4, 'Woman Cartwheeling: Medium Skin Tone', '', 'woman-doing-cartwheel-type-4', NULL, 'U+1F938U+1F3FDU+200DU+2640U+FE0F', 5, 1, 1, 1, 0, 0);
INSERT INTO emoji_codepoints (emoji_codepoint_id,emoji_id,codepoint_id,sequence_index) VALUES (5404, 2402, 1089, 1),(5405, 2402, 481, 2),(5406, 2402, 1183, 3),(5407, 2402, 75, 4),(5408, 2402, 1185, 5);

INSERT INTO emoji (emoji_id,emoji_version_id,emoji_name,emoji_character,emojipedia_url_ext,emojipedia_category,codepoint_string,num_codepoints,hasComponent,hasModifier,hasModifierBase,appearance_differs_flag,unicode_not_recommended) VALUES (2403, 4, 'Woman Cartwheeling: Medium-Dark Skin Tone', '', 'woman-doing-cartwheel-type-5', NULL, 'U+1F938U+1F3FEU+200DU+2640U+FE0F', 5, 1, 1, 1, 0, 0);
INSERT INTO emoji_codepoints (emoji_codepoint_id,emoji_id,codepoint_id,sequence_index) VALUES (5409, 2403, 1089, 1),(5410, 2403, 482, 2),(5411, 2403, 1183, 3),(5412, 2403, 75, 4),(5413, 2403, 1185, 5);

INSERT INTO emoji (emoji_id,emoji_version_id,emoji_name,emoji_character,emojipedia_url_ext,emojipedia_category,codepoint_string,num_codepoints,hasComponent,hasModifier,hasModifierBase,appearance_differs_flag,unicode_not_recommended) VALUES (2404, 4, 'Woman Cartwheeling: Dark Skin Tone', '', 'woman-doing-cartwheel-type-6', NULL, 'U+1F938U+1F3FFU+200DU+2640U+FE0F', 5, 1, 1, 1, 0, 0);
INSERT INTO emoji_codepoints (emoji_codepoint_id,emoji_id,codepoint_id,sequence_index) VALUES (5414, 2404, 1089, 1),(5415, 2404, 483, 2),(5416, 2404, 1183, 3),(5417, 2404, 75, 4),(5418, 2404, 1185, 5);

INSERT INTO emoji (emoji_id,emoji_version_id,emoji_name,emoji_character,emojipedia_url_ext,emojipedia_category,codepoint_string,num_codepoints,hasComponent,hasModifier,hasModifierBase,appearance_differs_flag,unicode_not_recommended) VALUES (2405, 4, 'Men Wrestling', '', 'men-wrestling', 'activity', 'U+1F93CU+200DU+2642U+FE0F', 4, 1, 0, 0, 0, 0);
INSERT INTO emoji_codepoints (emoji_codepoint_id,emoji_id,codepoint_id,sequence_index) VALUES (5419, 2405, 1092, 1),(5420, 2405, 1183, 2),(5421, 2405, 76, 3),(5422, 2405, 1185, 4);

INSERT INTO emoji (emoji_id,emoji_version_id,emoji_name,emoji_character,emojipedia_url_ext,emojipedia_category,codepoint_string,num_codepoints,hasComponent,hasModifier,hasModifierBase,appearance_differs_flag,unicode_not_recommended) VALUES (2406, 4, 'Women Wrestling', '', 'women-wrestling', 'activity', 'U+1F93CU+200DU+2640U+FE0F', 4, 1, 0, 0, 0, 0);
INSERT INTO emoji_codepoints (emoji_codepoint_id,emoji_id,codepoint_id,sequence_index) VALUES (5423, 2406, 1092, 1),(5424, 2406, 1183, 2),(5425, 2406, 75, 3),(5426, 2406, 1185, 4);

INSERT INTO emoji (emoji_id,emoji_version_id,emoji_name,emoji_character,emojipedia_url_ext,emojipedia_category,codepoint_string,num_codepoints,hasComponent,hasModifier,hasModifierBase,appearance_differs_flag,unicode_not_recommended) VALUES (2407, 4, 'Man Playing Water Polo', '', 'man-playing-water-polo', 'activity', 'U+1F93DU+200DU+2642U+FE0F', 4, 1, 0, 1, 0, 0);
INSERT INTO emoji_codepoints (emoji_codepoint_id,emoji_id,codepoint_id,sequence_index) VALUES (5427, 2407, 1093, 1),(5428, 2407, 1183, 2),(5429, 2407, 76, 3),(5430, 2407, 1185, 4);

INSERT INTO emoji (emoji_id,emoji_version_id,emoji_name,emoji_character,emojipedia_url_ext,emojipedia_category,codepoint_string,num_codepoints,hasComponent,hasModifier,hasModifierBase,appearance_differs_flag,unicode_not_recommended) VALUES (2408, 4, 'Man Playing Water Polo: Light Skin Tone', '', 'man-playing-water-polo-type-1-2', NULL, 'U+1F93DU+1F3FBU+200DU+2642U+FE0F', 5, 1, 1, 1, 0, 0);
INSERT INTO emoji_codepoints (emoji_codepoint_id,emoji_id,codepoint_id,sequence_index) VALUES (5431, 2408, 1093, 1),(5432, 2408, 479, 2),(5433, 2408, 1183, 3),(5434, 2408, 76, 4),(5435, 2408, 1185, 5);

INSERT INTO emoji (emoji_id,emoji_version_id,emoji_name,emoji_character,emojipedia_url_ext,emojipedia_category,codepoint_string,num_codepoints,hasComponent,hasModifier,hasModifierBase,appearance_differs_flag,unicode_not_recommended) VALUES (2409, 4, 'Man Playing Water Polo: Medium-Light Skin Tone', '', 'man-playing-water-polo-type-3', NULL, 'U+1F93DU+1F3FCU+200DU+2642U+FE0F', 5, 1, 1, 1, 0, 0);
INSERT INTO emoji_codepoints (emoji_codepoint_id,emoji_id,codepoint_id,sequence_index) VALUES (5436, 2409, 1093, 1),(5437, 2409, 480, 2),(5438, 2409, 1183, 3),(5439, 2409, 76, 4),(5440, 2409, 1185, 5);

INSERT INTO emoji (emoji_id,emoji_version_id,emoji_name,emoji_character,emojipedia_url_ext,emojipedia_category,codepoint_string,num_codepoints,hasComponent,hasModifier,hasModifierBase,appearance_differs_flag,unicode_not_recommended) VALUES (2410, 4, 'Man Playing Water Polo: Medium Skin Tone', '', 'man-playing-water-polo-type-4', NULL, 'U+1F93DU+1F3FDU+200DU+2642U+FE0F', 5, 1, 1, 1, 0, 0);
INSERT INTO emoji_codepoints (emoji_codepoint_id,emoji_id,codepoint_id,sequence_index) VALUES (5441, 2410, 1093, 1),(5442, 2410, 481, 2),(5443, 2410, 1183, 3),(5444, 2410, 76, 4),(5445, 2410, 1185, 5);

INSERT INTO emoji (emoji_id,emoji_version_id,emoji_name,emoji_character,emojipedia_url_ext,emojipedia_category,codepoint_string,num_codepoints,hasComponent,hasModifier,hasModifierBase,appearance_differs_flag,unicode_not_recommended) VALUES (2411, 4, 'Man Playing Water Polo: Medium-Dark Skin Tone', '', 'man-playing-water-polo-type-5', NULL, 'U+1F93DU+1F3FEU+200DU+2642U+FE0F', 5, 1, 1, 1, 0, 0);
INSERT INTO emoji_codepoints (emoji_codepoint_id,emoji_id,codepoint_id,sequence_index) VALUES (5446, 2411, 1093, 1),(5447, 2411, 482, 2),(5448, 2411, 1183, 3),(5449, 2411, 76, 4),(5450, 2411, 1185, 5);

INSERT INTO emoji (emoji_id,emoji_version_id,emoji_name,emoji_character,emojipedia_url_ext,emojipedia_category,codepoint_string,num_codepoints,hasComponent,hasModifier,hasModifierBase,appearance_differs_flag,unicode_not_recommended) VALUES (2412, 4, 'Man Playing Water Polo: Dark Skin Tone', '', 'man-playing-water-polo-type-6', NULL, 'U+1F93DU+1F3FFU+200DU+2642U+FE0F', 5, 1, 1, 1, 0, 0);
INSERT INTO emoji_codepoints (emoji_codepoint_id,emoji_id,codepoint_id,sequence_index) VALUES (5451, 2412, 1093, 1),(5452, 2412, 483, 2),(5453, 2412, 1183, 3),(5454, 2412, 76, 4),(5455, 2412, 1185, 5);

INSERT INTO emoji (emoji_id,emoji_version_id,emoji_name,emoji_character,emojipedia_url_ext,emojipedia_category,codepoint_string,num_codepoints,hasComponent,hasModifier,hasModifierBase,appearance_differs_flag,unicode_not_recommended) VALUES (2413, 4, 'Woman Playing Water Polo', '', 'woman-playing-water-polo', 'activity', 'U+1F93DU+200DU+2640U+FE0F', 4, 1, 0, 1, 0, 0);
INSERT INTO emoji_codepoints (emoji_codepoint_id,emoji_id,codepoint_id,sequence_index) VALUES (5456, 2413, 1093, 1),(5457, 2413, 1183, 2),(5458, 2413, 75, 3),(5459, 2413, 1185, 4);

INSERT INTO emoji (emoji_id,emoji_version_id,emoji_name,emoji_character,emojipedia_url_ext,emojipedia_category,codepoint_string,num_codepoints,hasComponent,hasModifier,hasModifierBase,appearance_differs_flag,unicode_not_recommended) VALUES (2414, 4, 'Woman Playing Water Polo: Light Skin Tone', '', 'woman-playing-water-polo-type-1-2', NULL, 'U+1F93DU+1F3FBU+200DU+2640U+FE0F', 5, 1, 1, 1, 0, 0);
INSERT INTO emoji_codepoints (emoji_codepoint_id,emoji_id,codepoint_id,sequence_index) VALUES (5460, 2414, 1093, 1),(5461, 2414, 479, 2),(5462, 2414, 1183, 3),(5463, 2414, 75, 4),(5464, 2414, 1185, 5);

INSERT INTO emoji (emoji_id,emoji_version_id,emoji_name,emoji_character,emojipedia_url_ext,emojipedia_category,codepoint_string,num_codepoints,hasComponent,hasModifier,hasModifierBase,appearance_differs_flag,unicode_not_recommended) VALUES (2415, 4, 'Woman Playing Water Polo: Medium-Light Skin Tone', '', 'woman-playing-water-polo-type-3', NULL, 'U+1F93DU+1F3FCU+200DU+2640U+FE0F', 5, 1, 1, 1, 0, 0);
INSERT INTO emoji_codepoints (emoji_codepoint_id,emoji_id,codepoint_id,sequence_index) VALUES (5465, 2415, 1093, 1),(5466, 2415, 480, 2),(5467, 2415, 1183, 3),(5468, 2415, 75, 4),(5469, 2415, 1185, 5);

INSERT INTO emoji (emoji_id,emoji_version_id,emoji_name,emoji_character,emojipedia_url_ext,emojipedia_category,codepoint_string,num_codepoints,hasComponent,hasModifier,hasModifierBase,appearance_differs_flag,unicode_not_recommended) VALUES (2416, 4, 'Woman Playing Water Polo: Medium Skin Tone', '', 'woman-playing-water-polo-type-4', NULL, 'U+1F93DU+1F3FDU+200DU+2640U+FE0F', 5, 1, 1, 1, 0, 0);
INSERT INTO emoji_codepoints (emoji_codepoint_id,emoji_id,codepoint_id,sequence_index) VALUES (5470, 2416, 1093, 1),(5471, 2416, 481, 2),(5472, 2416, 1183, 3),(5473, 2416, 75, 4),(5474, 2416, 1185, 5);

INSERT INTO emoji (emoji_id,emoji_version_id,emoji_name,emoji_character,emojipedia_url_ext,emojipedia_category,codepoint_string,num_codepoints,hasComponent,hasModifier,hasModifierBase,appearance_differs_flag,unicode_not_recommended) VALUES (2417, 4, 'Woman Playing Water Polo: Medium-Dark Skin Tone', '', 'woman-playing-water-polo-type-5', NULL, 'U+1F93DU+1F3FEU+200DU+2640U+FE0F', 5, 1, 1, 1, 0, 0);
INSERT INTO emoji_codepoints (emoji_codepoint_id,emoji_id,codepoint_id,sequence_index) VALUES (5475, 2417, 1093, 1),(5476, 2417, 482, 2),(5477, 2417, 1183, 3),(5478, 2417, 75, 4),(5479, 2417, 1185, 5);

INSERT INTO emoji (emoji_id,emoji_version_id,emoji_name,emoji_character,emojipedia_url_ext,emojipedia_category,codepoint_string,num_codepoints,hasComponent,hasModifier,hasModifierBase,appearance_differs_flag,unicode_not_recommended) VALUES (2418, 4, 'Woman Playing Water Polo: Dark Skin Tone', '', 'woman-playing-water-polo-type-6', NULL, 'U+1F93DU+1F3FFU+200DU+2640U+FE0F', 5, 1, 1, 1, 0, 0);
INSERT INTO emoji_codepoints (emoji_codepoint_id,emoji_id,codepoint_id,sequence_index) VALUES (5480, 2418, 1093, 1),(5481, 2418, 483, 2),(5482, 2418, 1183, 3),(5483, 2418, 75, 4),(5484, 2418, 1185, 5);

INSERT INTO emoji (emoji_id,emoji_version_id,emoji_name,emoji_character,emojipedia_url_ext,emojipedia_category,codepoint_string,num_codepoints,hasComponent,hasModifier,hasModifierBase,appearance_differs_flag,unicode_not_recommended) VALUES (2419, 4, 'Man Playing Handball', '', 'man-playing-handball', 'activity', 'U+1F93EU+200DU+2642U+FE0F', 4, 1, 0, 1, 0, 0);
INSERT INTO emoji_codepoints (emoji_codepoint_id,emoji_id,codepoint_id,sequence_index) VALUES (5485, 2419, 1094, 1),(5486, 2419, 1183, 2),(5487, 2419, 76, 3),(5488, 2419, 1185, 4);

INSERT INTO emoji (emoji_id,emoji_version_id,emoji_name,emoji_character,emojipedia_url_ext,emojipedia_category,codepoint_string,num_codepoints,hasComponent,hasModifier,hasModifierBase,appearance_differs_flag,unicode_not_recommended) VALUES (2420, 4, 'Man Playing Handball: Light Skin Tone', '', 'man-playing-handball-type-1-2', NULL, 'U+1F93EU+1F3FBU+200DU+2642U+FE0F', 5, 1, 1, 1, 0, 0);
INSERT INTO emoji_codepoints (emoji_codepoint_id,emoji_id,codepoint_id,sequence_index) VALUES (5489, 2420, 1094, 1),(5490, 2420, 479, 2),(5491, 2420, 1183, 3),(5492, 2420, 76, 4),(5493, 2420, 1185, 5);

INSERT INTO emoji (emoji_id,emoji_version_id,emoji_name,emoji_character,emojipedia_url_ext,emojipedia_category,codepoint_string,num_codepoints,hasComponent,hasModifier,hasModifierBase,appearance_differs_flag,unicode_not_recommended) VALUES (2421, 4, 'Man Playing Handball: Medium-Light Skin Tone', '', 'man-playing-handball-type-3', NULL, 'U+1F93EU+1F3FCU+200DU+2642U+FE0F', 5, 1, 1, 1, 0, 0);
INSERT INTO emoji_codepoints (emoji_codepoint_id,emoji_id,codepoint_id,sequence_index) VALUES (5494, 2421, 1094, 1),(5495, 2421, 480, 2),(5496, 2421, 1183, 3),(5497, 2421, 76, 4),(5498, 2421, 1185, 5);

INSERT INTO emoji (emoji_id,emoji_version_id,emoji_name,emoji_character,emojipedia_url_ext,emojipedia_category,codepoint_string,num_codepoints,hasComponent,hasModifier,hasModifierBase,appearance_differs_flag,unicode_not_recommended) VALUES (2422, 4, 'Man Playing Handball: Medium Skin Tone', '', 'man-playing-handball-type-4', NULL, 'U+1F93EU+1F3FDU+200DU+2642U+FE0F', 5, 1, 1, 1, 0, 0);
INSERT INTO emoji_codepoints (emoji_codepoint_id,emoji_id,codepoint_id,sequence_index) VALUES (5499, 2422, 1094, 1),(5500, 2422, 481, 2),(5501, 2422, 1183, 3),(5502, 2422, 76, 4),(5503, 2422, 1185, 5);

INSERT INTO emoji (emoji_id,emoji_version_id,emoji_name,emoji_character,emojipedia_url_ext,emojipedia_category,codepoint_string,num_codepoints,hasComponent,hasModifier,hasModifierBase,appearance_differs_flag,unicode_not_recommended) VALUES (2423, 4, 'Man Playing Handball: Medium-Dark Skin Tone', '', 'man-playing-handball-type-5', NULL, 'U+1F93EU+1F3FEU+200DU+2642U+FE0F', 5, 1, 1, 1, 0, 0);
INSERT INTO emoji_codepoints (emoji_codepoint_id,emoji_id,codepoint_id,sequence_index) VALUES (5504, 2423, 1094, 1),(5505, 2423, 482, 2),(5506, 2423, 1183, 3),(5507, 2423, 76, 4),(5508, 2423, 1185, 5);

INSERT INTO emoji (emoji_id,emoji_version_id,emoji_name,emoji_character,emojipedia_url_ext,emojipedia_category,codepoint_string,num_codepoints,hasComponent,hasModifier,hasModifierBase,appearance_differs_flag,unicode_not_recommended) VALUES (2424, 4, 'Man Playing Handball: Dark Skin Tone', '', 'man-playing-handball-type-6', NULL, 'U+1F93EU+1F3FFU+200DU+2642U+FE0F', 5, 1, 1, 1, 0, 0);
INSERT INTO emoji_codepoints (emoji_codepoint_id,emoji_id,codepoint_id,sequence_index) VALUES (5509, 2424, 1094, 1),(5510, 2424, 483, 2),(5511, 2424, 1183, 3),(5512, 2424, 76, 4),(5513, 2424, 1185, 5);

INSERT INTO emoji (emoji_id,emoji_version_id,emoji_name,emoji_character,emojipedia_url_ext,emojipedia_category,codepoint_string,num_codepoints,hasComponent,hasModifier,hasModifierBase,appearance_differs_flag,unicode_not_recommended) VALUES (2425, 4, 'Woman Playing Handball', '', 'woman-playing-handball', 'activity', 'U+1F93EU+200DU+2640U+FE0F', 4, 1, 0, 1, 0, 0);
INSERT INTO emoji_codepoints (emoji_codepoint_id,emoji_id,codepoint_id,sequence_index) VALUES (5514, 2425, 1094, 1),(5515, 2425, 1183, 2),(5516, 2425, 75, 3),(5517, 2425, 1185, 4);

INSERT INTO emoji (emoji_id,emoji_version_id,emoji_name,emoji_character,emojipedia_url_ext,emojipedia_category,codepoint_string,num_codepoints,hasComponent,hasModifier,hasModifierBase,appearance_differs_flag,unicode_not_recommended) VALUES (2426, 4, 'Woman Playing Handball: Light Skin Tone', '', 'woman-playing-handball-type-1-2', NULL, 'U+1F93EU+1F3FBU+200DU+2640U+FE0F', 5, 1, 1, 1, 0, 0);
INSERT INTO emoji_codepoints (emoji_codepoint_id,emoji_id,codepoint_id,sequence_index) VALUES (5518, 2426, 1094, 1),(5519, 2426, 479, 2),(5520, 2426, 1183, 3),(5521, 2426, 75, 4),(5522, 2426, 1185, 5);

INSERT INTO emoji (emoji_id,emoji_version_id,emoji_name,emoji_character,emojipedia_url_ext,emojipedia_category,codepoint_string,num_codepoints,hasComponent,hasModifier,hasModifierBase,appearance_differs_flag,unicode_not_recommended) VALUES (2427, 4, 'Woman Playing Handball: Medium-Light Skin Tone', '', 'woman-playing-handball-type-3', NULL, 'U+1F93EU+1F3FCU+200DU+2640U+FE0F', 5, 1, 1, 1, 0, 0);
INSERT INTO emoji_codepoints (emoji_codepoint_id,emoji_id,codepoint_id,sequence_index) VALUES (5523, 2427, 1094, 1),(5524, 2427, 480, 2),(5525, 2427, 1183, 3),(5526, 2427, 75, 4),(5527, 2427, 1185, 5);

INSERT INTO emoji (emoji_id,emoji_version_id,emoji_name,emoji_character,emojipedia_url_ext,emojipedia_category,codepoint_string,num_codepoints,hasComponent,hasModifier,hasModifierBase,appearance_differs_flag,unicode_not_recommended) VALUES (2428, 4, 'Woman Playing Handball: Medium Skin Tone', '', 'woman-playing-handball-type-4', NULL, 'U+1F93EU+1F3FDU+200DU+2640U+FE0F', 5, 1, 1, 1, 0, 0);
INSERT INTO emoji_codepoints (emoji_codepoint_id,emoji_id,codepoint_id,sequence_index) VALUES (5528, 2428, 1094, 1),(5529, 2428, 481, 2),(5530, 2428, 1183, 3),(5531, 2428, 75, 4),(5532, 2428, 1185, 5);

INSERT INTO emoji (emoji_id,emoji_version_id,emoji_name,emoji_character,emojipedia_url_ext,emojipedia_category,codepoint_string,num_codepoints,hasComponent,hasModifier,hasModifierBase,appearance_differs_flag,unicode_not_recommended) VALUES (2429, 4, 'Woman Playing Handball: Medium-Dark Skin Tone', '', 'woman-playing-handball-type-5', NULL, 'U+1F93EU+1F3FEU+200DU+2640U+FE0F', 5, 1, 1, 1, 0, 0);
INSERT INTO emoji_codepoints (emoji_codepoint_id,emoji_id,codepoint_id,sequence_index) VALUES (5533, 2429, 1094, 1),(5534, 2429, 482, 2),(5535, 2429, 1183, 3),(5536, 2429, 75, 4),(5537, 2429, 1185, 5);

INSERT INTO emoji (emoji_id,emoji_version_id,emoji_name,emoji_character,emojipedia_url_ext,emojipedia_category,codepoint_string,num_codepoints,hasComponent,hasModifier,hasModifierBase,appearance_differs_flag,unicode_not_recommended) VALUES (2430, 4, 'Woman Playing Handball: Dark Skin Tone', '', 'woman-playing-handball-type-6', NULL, 'U+1F93EU+1F3FFU+200DU+2640U+FE0F', 5, 1, 1, 1, 0, 0);
INSERT INTO emoji_codepoints (emoji_codepoint_id,emoji_id,codepoint_id,sequence_index) VALUES (5538, 2430, 1094, 1),(5539, 2430, 483, 2),(5540, 2430, 1183, 3),(5541, 2430, 75, 4),(5542, 2430, 1185, 5);

INSERT INTO emoji (emoji_id,emoji_version_id,emoji_name,emoji_character,emojipedia_url_ext,emojipedia_category,codepoint_string,num_codepoints,hasComponent,hasModifier,hasModifierBase,appearance_differs_flag,unicode_not_recommended) VALUES (2431, 4, 'Man Juggling', '', 'man-juggling', 'activity', 'U+1F939U+200DU+2642U+FE0F', 4, 1, 0, 1, 0, 0);
INSERT INTO emoji_codepoints (emoji_codepoint_id,emoji_id,codepoint_id,sequence_index) VALUES (5543, 2431, 1090, 1),(5544, 2431, 1183, 2),(5545, 2431, 76, 3),(5546, 2431, 1185, 4);

INSERT INTO emoji (emoji_id,emoji_version_id,emoji_name,emoji_character,emojipedia_url_ext,emojipedia_category,codepoint_string,num_codepoints,hasComponent,hasModifier,hasModifierBase,appearance_differs_flag,unicode_not_recommended) VALUES (2432, 4, 'Man Juggling: Light Skin Tone', '', 'man-juggling-type-1-2', NULL, 'U+1F939U+1F3FBU+200DU+2642U+FE0F', 5, 1, 1, 1, 0, 0);
INSERT INTO emoji_codepoints (emoji_codepoint_id,emoji_id,codepoint_id,sequence_index) VALUES (5547, 2432, 1090, 1),(5548, 2432, 479, 2),(5549, 2432, 1183, 3),(5550, 2432, 76, 4),(5551, 2432, 1185, 5);

INSERT INTO emoji (emoji_id,emoji_version_id,emoji_name,emoji_character,emojipedia_url_ext,emojipedia_category,codepoint_string,num_codepoints,hasComponent,hasModifier,hasModifierBase,appearance_differs_flag,unicode_not_recommended) VALUES (2433, 4, 'Man Juggling: Medium-Light Skin Tone', '', 'man-juggling-type-3', NULL, 'U+1F939U+1F3FCU+200DU+2642U+FE0F', 5, 1, 1, 1, 0, 0);
INSERT INTO emoji_codepoints (emoji_codepoint_id,emoji_id,codepoint_id,sequence_index) VALUES (5552, 2433, 1090, 1),(5553, 2433, 480, 2),(5554, 2433, 1183, 3),(5555, 2433, 76, 4),(5556, 2433, 1185, 5);

INSERT INTO emoji (emoji_id,emoji_version_id,emoji_name,emoji_character,emojipedia_url_ext,emojipedia_category,codepoint_string,num_codepoints,hasComponent,hasModifier,hasModifierBase,appearance_differs_flag,unicode_not_recommended) VALUES (2434, 4, 'Man Juggling: Medium Skin Tone', '', 'man-juggling-type-4', NULL, 'U+1F939U+1F3FDU+200DU+2642U+FE0F', 5, 1, 1, 1, 0, 0);
INSERT INTO emoji_codepoints (emoji_codepoint_id,emoji_id,codepoint_id,sequence_index) VALUES (5557, 2434, 1090, 1),(5558, 2434, 481, 2),(5559, 2434, 1183, 3),(5560, 2434, 76, 4),(5561, 2434, 1185, 5);

INSERT INTO emoji (emoji_id,emoji_version_id,emoji_name,emoji_character,emojipedia_url_ext,emojipedia_category,codepoint_string,num_codepoints,hasComponent,hasModifier,hasModifierBase,appearance_differs_flag,unicode_not_recommended) VALUES (2435, 4, 'Man Juggling: Medium-Dark Skin Tone', '', 'man-juggling-type-5', NULL, 'U+1F939U+1F3FEU+200DU+2642U+FE0F', 5, 1, 1, 1, 0, 0);
INSERT INTO emoji_codepoints (emoji_codepoint_id,emoji_id,codepoint_id,sequence_index) VALUES (5562, 2435, 1090, 1),(5563, 2435, 482, 2),(5564, 2435, 1183, 3),(5565, 2435, 76, 4),(5566, 2435, 1185, 5);

INSERT INTO emoji (emoji_id,emoji_version_id,emoji_name,emoji_character,emojipedia_url_ext,emojipedia_category,codepoint_string,num_codepoints,hasComponent,hasModifier,hasModifierBase,appearance_differs_flag,unicode_not_recommended) VALUES (2436, 4, 'Man Juggling: Dark Skin Tone', '', 'man-juggling-type-6', NULL, 'U+1F939U+1F3FFU+200DU+2642U+FE0F', 5, 1, 1, 1, 0, 0);
INSERT INTO emoji_codepoints (emoji_codepoint_id,emoji_id,codepoint_id,sequence_index) VALUES (5567, 2436, 1090, 1),(5568, 2436, 483, 2),(5569, 2436, 1183, 3),(5570, 2436, 76, 4),(5571, 2436, 1185, 5);

INSERT INTO emoji (emoji_id,emoji_version_id,emoji_name,emoji_character,emojipedia_url_ext,emojipedia_category,codepoint_string,num_codepoints,hasComponent,hasModifier,hasModifierBase,appearance_differs_flag,unicode_not_recommended) VALUES (2437, 4, 'Woman Juggling', '', 'woman-juggling', 'activity', 'U+1F939U+200DU+2640U+FE0F', 4, 1, 0, 1, 0, 0);
INSERT INTO emoji_codepoints (emoji_codepoint_id,emoji_id,codepoint_id,sequence_index) VALUES (5572, 2437, 1090, 1),(5573, 2437, 1183, 2),(5574, 2437, 75, 3),(5575, 2437, 1185, 4);

INSERT INTO emoji (emoji_id,emoji_version_id,emoji_name,emoji_character,emojipedia_url_ext,emojipedia_category,codepoint_string,num_codepoints,hasComponent,hasModifier,hasModifierBase,appearance_differs_flag,unicode_not_recommended) VALUES (2438, 4, 'Woman Juggling: Light Skin Tone', '', 'woman-juggling-type-1-2', NULL, 'U+1F939U+1F3FBU+200DU+2640U+FE0F', 5, 1, 1, 1, 0, 0);
INSERT INTO emoji_codepoints (emoji_codepoint_id,emoji_id,codepoint_id,sequence_index) VALUES (5576, 2438, 1090, 1),(5577, 2438, 479, 2),(5578, 2438, 1183, 3),(5579, 2438, 75, 4),(5580, 2438, 1185, 5);

INSERT INTO emoji (emoji_id,emoji_version_id,emoji_name,emoji_character,emojipedia_url_ext,emojipedia_category,codepoint_string,num_codepoints,hasComponent,hasModifier,hasModifierBase,appearance_differs_flag,unicode_not_recommended) VALUES (2439, 4, 'Woman Juggling: Medium-Light Skin Tone', '', 'woman-juggling-type-3', NULL, 'U+1F939U+1F3FCU+200DU+2640U+FE0F', 5, 1, 1, 1, 0, 0);
INSERT INTO emoji_codepoints (emoji_codepoint_id,emoji_id,codepoint_id,sequence_index) VALUES (5581, 2439, 1090, 1),(5582, 2439, 480, 2),(5583, 2439, 1183, 3),(5584, 2439, 75, 4),(5585, 2439, 1185, 5);

INSERT INTO emoji (emoji_id,emoji_version_id,emoji_name,emoji_character,emojipedia_url_ext,emojipedia_category,codepoint_string,num_codepoints,hasComponent,hasModifier,hasModifierBase,appearance_differs_flag,unicode_not_recommended) VALUES (2440, 4, 'Woman Juggling: Medium Skin Tone', '', 'woman-juggling-type-4', NULL, 'U+1F939U+1F3FDU+200DU+2640U+FE0F', 5, 1, 1, 1, 0, 0);
INSERT INTO emoji_codepoints (emoji_codepoint_id,emoji_id,codepoint_id,sequence_index) VALUES (5586, 2440, 1090, 1),(5587, 2440, 481, 2),(5588, 2440, 1183, 3),(5589, 2440, 75, 4),(5590, 2440, 1185, 5);

INSERT INTO emoji (emoji_id,emoji_version_id,emoji_name,emoji_character,emojipedia_url_ext,emojipedia_category,codepoint_string,num_codepoints,hasComponent,hasModifier,hasModifierBase,appearance_differs_flag,unicode_not_recommended) VALUES (2441, 4, 'Woman Juggling: Medium-Dark Skin Tone', '', 'woman-juggling-type-5', NULL, 'U+1F939U+1F3FEU+200DU+2640U+FE0F', 5, 1, 1, 1, 0, 0);
INSERT INTO emoji_codepoints (emoji_codepoint_id,emoji_id,codepoint_id,sequence_index) VALUES (5591, 2441, 1090, 1),(5592, 2441, 482, 2),(5593, 2441, 1183, 3),(5594, 2441, 75, 4),(5595, 2441, 1185, 5);

INSERT INTO emoji (emoji_id,emoji_version_id,emoji_name,emoji_character,emojipedia_url_ext,emojipedia_category,codepoint_string,num_codepoints,hasComponent,hasModifier,hasModifierBase,appearance_differs_flag,unicode_not_recommended) VALUES (2442, 4, 'Woman Juggling: Dark Skin Tone', '', 'woman-juggling-type-6', NULL, 'U+1F939U+1F3FFU+200DU+2640U+FE0F', 5, 1, 1, 1, 0, 0);
INSERT INTO emoji_codepoints (emoji_codepoint_id,emoji_id,codepoint_id,sequence_index) VALUES (5596, 2442, 1090, 1),(5597, 2442, 483, 2),(5598, 2442, 1183, 3),(5599, 2442, 75, 4),(5600, 2442, 1185, 5);

INSERT INTO emoji (emoji_id,emoji_version_id,emoji_name,emoji_character,emojipedia_url_ext,emojipedia_category,codepoint_string,num_codepoints,hasComponent,hasModifier,hasModifierBase,appearance_differs_flag,unicode_not_recommended) VALUES (2443, 4, 'Family: Man, Boy', '', 'family-man-boy', 'people', 'U+1F468U+200DU+1F466', 3, 1, 0, 1, 0, 0);
INSERT INTO emoji_codepoints (emoji_codepoint_id,emoji_id,codepoint_id,sequence_index) VALUES (5601, 2443, 588, 1),(5602, 2443, 1183, 2),(5603, 2443, 586, 3);

INSERT INTO emoji (emoji_id,emoji_version_id,emoji_name,emoji_character,emojipedia_url_ext,emojipedia_category,codepoint_string,num_codepoints,hasComponent,hasModifier,hasModifierBase,appearance_differs_flag,unicode_not_recommended) VALUES (2444, 4, 'Family: Man, Boy, Boy', '', 'family-man-boy-boy', 'people', 'U+1F468U+200DU+1F466U+200DU+1F466', 5, 1, 0, 1, 0, 0);
INSERT INTO emoji_codepoints (emoji_codepoint_id,emoji_id,codepoint_id,sequence_index) VALUES (5604, 2444, 588, 1),(5605, 2444, 1183, 2),(5606, 2444, 586, 3),(5607, 2444, 1183, 4),(5608, 2444, 586, 5);

INSERT INTO emoji (emoji_id,emoji_version_id,emoji_name,emoji_character,emojipedia_url_ext,emojipedia_category,codepoint_string,num_codepoints,hasComponent,hasModifier,hasModifierBase,appearance_differs_flag,unicode_not_recommended) VALUES (2445, 4, 'Family: Man, Girl', '', 'family-man-girl', 'people', 'U+1F468U+200DU+1F467', 3, 1, 0, 1, 0, 0);
INSERT INTO emoji_codepoints (emoji_codepoint_id,emoji_id,codepoint_id,sequence_index) VALUES (5609, 2445, 588, 1),(5610, 2445, 1183, 2),(5611, 2445, 587, 3);

INSERT INTO emoji (emoji_id,emoji_version_id,emoji_name,emoji_character,emojipedia_url_ext,emojipedia_category,codepoint_string,num_codepoints,hasComponent,hasModifier,hasModifierBase,appearance_differs_flag,unicode_not_recommended) VALUES (2446, 4, 'Family: Man, Girl, Boy', '', 'family-man-girl-boy', 'people', 'U+1F468U+200DU+1F467U+200DU+1F466', 5, 1, 0, 1, 0, 0);
INSERT INTO emoji_codepoints (emoji_codepoint_id,emoji_id,codepoint_id,sequence_index) VALUES (5612, 2446, 588, 1),(5613, 2446, 1183, 2),(5614, 2446, 587, 3),(5615, 2446, 1183, 4),(5616, 2446, 586, 5);

INSERT INTO emoji (emoji_id,emoji_version_id,emoji_name,emoji_character,emojipedia_url_ext,emojipedia_category,codepoint_string,num_codepoints,hasComponent,hasModifier,hasModifierBase,appearance_differs_flag,unicode_not_recommended) VALUES (2447, 4, 'Family: Man, Girl, Girl', '', 'family-man-girl-girl', 'people', 'U+1F468U+200DU+1F467U+200DU+1F467', 5, 1, 0, 1, 0, 0);
INSERT INTO emoji_codepoints (emoji_codepoint_id,emoji_id,codepoint_id,sequence_index) VALUES (5617, 2447, 588, 1),(5618, 2447, 1183, 2),(5619, 2447, 587, 3),(5620, 2447, 1183, 4),(5621, 2447, 587, 5);

INSERT INTO emoji (emoji_id,emoji_version_id,emoji_name,emoji_character,emojipedia_url_ext,emojipedia_category,codepoint_string,num_codepoints,hasComponent,hasModifier,hasModifierBase,appearance_differs_flag,unicode_not_recommended) VALUES (2448, 4, 'Family: Woman, Boy', '', 'family-woman-boy', 'people', 'U+1F469U+200DU+1F466', 3, 1, 0, 1, 0, 0);
INSERT INTO emoji_codepoints (emoji_codepoint_id,emoji_id,codepoint_id,sequence_index) VALUES (5622, 2448, 589, 1),(5623, 2448, 1183, 2),(5624, 2448, 586, 3);

INSERT INTO emoji (emoji_id,emoji_version_id,emoji_name,emoji_character,emojipedia_url_ext,emojipedia_category,codepoint_string,num_codepoints,hasComponent,hasModifier,hasModifierBase,appearance_differs_flag,unicode_not_recommended) VALUES (2449, 4, 'Family: Woman, Boy, Boy', '', 'family-woman-boy-boy', 'people', 'U+1F469U+200DU+1F466U+200DU+1F466', 5, 1, 0, 1, 0, 0);
INSERT INTO emoji_codepoints (emoji_codepoint_id,emoji_id,codepoint_id,sequence_index) VALUES (5625, 2449, 589, 1),(5626, 2449, 1183, 2),(5627, 2449, 586, 3),(5628, 2449, 1183, 4),(5629, 2449, 586, 5);

INSERT INTO emoji (emoji_id,emoji_version_id,emoji_name,emoji_character,emojipedia_url_ext,emojipedia_category,codepoint_string,num_codepoints,hasComponent,hasModifier,hasModifierBase,appearance_differs_flag,unicode_not_recommended) VALUES (2450, 4, 'Family: Woman, Girl', '', 'family-woman-girl', 'people', 'U+1F469U+200DU+1F467', 3, 1, 0, 1, 0, 0);
INSERT INTO emoji_codepoints (emoji_codepoint_id,emoji_id,codepoint_id,sequence_index) VALUES (5630, 2450, 589, 1),(5631, 2450, 1183, 2),(5632, 2450, 587, 3);

INSERT INTO emoji (emoji_id,emoji_version_id,emoji_name,emoji_character,emojipedia_url_ext,emojipedia_category,codepoint_string,num_codepoints,hasComponent,hasModifier,hasModifierBase,appearance_differs_flag,unicode_not_recommended) VALUES (2451, 4, 'Family: Woman, Girl, Boy', '', 'family-woman-girl-boy', 'people', 'U+1F469U+200DU+1F467U+200DU+1F466', 5, 1, 0, 1, 0, 0);
INSERT INTO emoji_codepoints (emoji_codepoint_id,emoji_id,codepoint_id,sequence_index) VALUES (5633, 2451, 589, 1),(5634, 2451, 1183, 2),(5635, 2451, 587, 3),(5636, 2451, 1183, 4),(5637, 2451, 586, 5);

INSERT INTO emoji (emoji_id,emoji_version_id,emoji_name,emoji_character,emojipedia_url_ext,emojipedia_category,codepoint_string,num_codepoints,hasComponent,hasModifier,hasModifierBase,appearance_differs_flag,unicode_not_recommended) VALUES (2452, 4, 'Family: Woman, Girl, Girl', '', 'family-woman-girl-girl', 'people', 'U+1F469U+200DU+1F467U+200DU+1F467', 5, 1, 0, 1, 0, 0);
INSERT INTO emoji_codepoints (emoji_codepoint_id,emoji_id,codepoint_id,sequence_index) VALUES (5638, 2452, 589, 1),(5639, 2452, 1183, 2),(5640, 2452, 587, 3),(5641, 2452, 1183, 4),(5642, 2452, 587, 5);

INSERT INTO emoji (emoji_id,emoji_version_id,emoji_name,emoji_character,emojipedia_url_ext,emojipedia_category,codepoint_string,num_codepoints,hasComponent,hasModifier,hasModifierBase,appearance_differs_flag,unicode_not_recommended) VALUES (2453, 4, 'Female Sign', '', 'female-sign', NULL, 'U+2640U+FE0F', 2, 1, 0, 0, 0, 0);
INSERT INTO emoji_codepoints (emoji_codepoint_id,emoji_id,codepoint_id,sequence_index) VALUES (5643, 2453, 75, 1),(5644, 2453, 1185, 2);

INSERT INTO emoji (emoji_id,emoji_version_id,emoji_name,emoji_character,emojipedia_url_ext,emojipedia_category,codepoint_string,num_codepoints,hasComponent,hasModifier,hasModifierBase,appearance_differs_flag,unicode_not_recommended) VALUES (2454, 4, 'Male Sign', '', 'male-sign', NULL, 'U+2642U+FE0F', 2, 1, 0, 0, 0, 0);
INSERT INTO emoji_codepoints (emoji_codepoint_id,emoji_id,codepoint_id,sequence_index) VALUES (5645, 2454, 76, 1),(5646, 2454, 1185, 2);

INSERT INTO emoji (emoji_id,emoji_version_id,emoji_name,emoji_character,emojipedia_url_ext,emojipedia_category,codepoint_string,num_codepoints,hasComponent,hasModifier,hasModifierBase,appearance_differs_flag,unicode_not_recommended) VALUES (2455, 4, 'Medical Symbol', '', 'staff-of-aesculapius', NULL, 'U+2695U+FE0F', 2, 1, 0, 0, 0, 0);
INSERT INTO emoji_codepoints (emoji_codepoint_id,emoji_id,codepoint_id,sequence_index) VALUES (5647, 2455, 99, 1),(5648, 2455, 1185, 2);

INSERT INTO emoji (emoji_id,emoji_version_id,emoji_name,emoji_character,emojipedia_url_ext,emojipedia_category,codepoint_string,num_codepoints,hasComponent,hasModifier,hasModifierBase,appearance_differs_flag,unicode_not_recommended) VALUES (2456, 4, 'Rainbow Flag', '', 'rainbow-flag', 'flags', 'U+1F3F3U+FE0FU+200DU+1F308', 4, 1, 0, 0, 0, 0);
INSERT INTO emoji_codepoints (emoji_codepoint_id,emoji_id,codepoint_id,sequence_index) VALUES (5649, 2456, 472, 1),(5650, 2456, 1185, 2),(5651, 2456, 1183, 3),(5652, 2456, 246, 4);

INSERT INTO emoji (emoji_id,emoji_version_id,emoji_name,emoji_character,emojipedia_url_ext,emojipedia_category,codepoint_string,num_codepoints,hasComponent,hasModifier,hasModifierBase,appearance_differs_flag,unicode_not_recommended) VALUES (2457, 4, 'United Nations', '', 'flag-for-united-nations', 'flags', 'U+1F1FAU+1F1F3', 2, 1, 0, 0, 0, 0);
INSERT INTO emoji_codepoints (emoji_codepoint_id,emoji_id,codepoint_id,sequence_index) VALUES (5653, 2457, 217, 1),(5654, 2457, 210, 2);

INSERT INTO emoji (emoji_id,emoji_version_id,emoji_name,emoji_character,emojipedia_url_ext,emojipedia_category,codepoint_string,num_codepoints,hasComponent,hasModifier,hasModifierBase,appearance_differs_flag,unicode_not_recommended) VALUES (2458, 5, 'Star-Struck', '', 'grinning-face-with-star-eyes', 'people', 'U+1F929', 1, 0, 0, 0, 0, 0);
INSERT INTO emoji_codepoints (emoji_codepoint_id,emoji_id,codepoint_id,sequence_index) VALUES (5655, 2458, 1074, 1);

INSERT INTO emoji (emoji_id,emoji_version_id,emoji_name,emoji_character,emojipedia_url_ext,emojipedia_category,codepoint_string,num_codepoints,hasComponent,hasModifier,hasModifierBase,appearance_differs_flag,unicode_not_recommended) VALUES (2459, 5, 'Face With Raised Eyebrow', '', 'face-with-one-eyebrow-raised', 'people', 'U+1F928', 1, 0, 0, 0, 0, 0);
INSERT INTO emoji_codepoints (emoji_codepoint_id,emoji_id,codepoint_id,sequence_index) VALUES (5656, 2459, 1073, 1);

INSERT INTO emoji (emoji_id,emoji_version_id,emoji_name,emoji_character,emojipedia_url_ext,emojipedia_category,codepoint_string,num_codepoints,hasComponent,hasModifier,hasModifierBase,appearance_differs_flag,unicode_not_recommended) VALUES (2460, 5, 'Exploding Head', '', 'shocked-face-with-exploding-head', 'people', 'U+1F92F', 1, 0, 0, 0, 0, 0);
INSERT INTO emoji_codepoints (emoji_codepoint_id,emoji_id,codepoint_id,sequence_index) VALUES (5657, 2460, 1080, 1);

INSERT INTO emoji (emoji_id,emoji_version_id,emoji_name,emoji_character,emojipedia_url_ext,emojipedia_category,codepoint_string,num_codepoints,hasComponent,hasModifier,hasModifierBase,appearance_differs_flag,unicode_not_recommended) VALUES (2461, 5, 'Zany Face', '', 'grinning-face-with-one-large-and-one-small-eye', 'people', 'U+1F92A', 1, 0, 0, 0, 0, 0);
INSERT INTO emoji_codepoints (emoji_codepoint_id,emoji_id,codepoint_id,sequence_index) VALUES (5658, 2461, 1075, 1);

INSERT INTO emoji (emoji_id,emoji_version_id,emoji_name,emoji_character,emojipedia_url_ext,emojipedia_category,codepoint_string,num_codepoints,hasComponent,hasModifier,hasModifierBase,appearance_differs_flag,unicode_not_recommended) VALUES (2462, 5, 'Face With Symbols on Mouth', '', 'serious-face-with-symbols-covering-mouth', 'people', 'U+1F92C', 1, 0, 0, 0, 0, 0);
INSERT INTO emoji_codepoints (emoji_codepoint_id,emoji_id,codepoint_id,sequence_index) VALUES (5659, 2462, 1077, 1);

INSERT INTO emoji (emoji_id,emoji_version_id,emoji_name,emoji_character,emojipedia_url_ext,emojipedia_category,codepoint_string,num_codepoints,hasComponent,hasModifier,hasModifierBase,appearance_differs_flag,unicode_not_recommended) VALUES (2463, 5, 'Face Vomiting', '', 'face-with-open-mouth-vomiting', 'people', 'U+1F92E', 1, 0, 0, 0, 0, 0);
INSERT INTO emoji_codepoints (emoji_codepoint_id,emoji_id,codepoint_id,sequence_index) VALUES (5660, 2463, 1079, 1);

INSERT INTO emoji (emoji_id,emoji_version_id,emoji_name,emoji_character,emojipedia_url_ext,emojipedia_category,codepoint_string,num_codepoints,hasComponent,hasModifier,hasModifierBase,appearance_differs_flag,unicode_not_recommended) VALUES (2464, 5, 'Shushing Face', '', 'face-with-finger-covering-closed-lips', 'people', 'U+1F92B', 1, 0, 0, 0, 0, 0);
INSERT INTO emoji_codepoints (emoji_codepoint_id,emoji_id,codepoint_id,sequence_index) VALUES (5661, 2464, 1076, 1);

INSERT INTO emoji (emoji_id,emoji_version_id,emoji_name,emoji_character,emojipedia_url_ext,emojipedia_category,codepoint_string,num_codepoints,hasComponent,hasModifier,hasModifierBase,appearance_differs_flag,unicode_not_recommended) VALUES (2465, 5, 'Face With Hand Over Mouth', '', 'smiling-face-with-smiling-eyes-and-hand-covering-mouth', 'people', 'U+1F92D', 1, 0, 0, 0, 0, 0);
INSERT INTO emoji_codepoints (emoji_codepoint_id,emoji_id,codepoint_id,sequence_index) VALUES (5662, 2465, 1078, 1);

INSERT INTO emoji (emoji_id,emoji_version_id,emoji_name,emoji_character,emojipedia_url_ext,emojipedia_category,codepoint_string,num_codepoints,hasComponent,hasModifier,hasModifierBase,appearance_differs_flag,unicode_not_recommended) VALUES (2466, 5, 'Face With Monocle', '', 'face-with-monocle', 'people', 'U+1F9D0', 1, 0, 0, 0, 0, 0);
INSERT INTO emoji_codepoints (emoji_codepoint_id,emoji_id,codepoint_id,sequence_index) VALUES (5663, 2466, 1160, 1);

INSERT INTO emoji (emoji_id,emoji_version_id,emoji_name,emoji_character,emojipedia_url_ext,emojipedia_category,codepoint_string,num_codepoints,hasComponent,hasModifier,hasModifierBase,appearance_differs_flag,unicode_not_recommended) VALUES (2467, 5, 'Child', '', 'child', NULL, 'U+1F9D2', 1, 0, 0, 1, 0, 0);
INSERT INTO emoji_codepoints (emoji_codepoint_id,emoji_id,codepoint_id,sequence_index) VALUES (5664, 2467, 1162, 1);

INSERT INTO emoji (emoji_id,emoji_version_id,emoji_name,emoji_character,emojipedia_url_ext,emojipedia_category,codepoint_string,num_codepoints,hasComponent,hasModifier,hasModifierBase,appearance_differs_flag,unicode_not_recommended) VALUES (2468, 5, 'Child: Light Skin Tone', '', 'child-light-skin-tone', NULL, 'U+1F9D2U+1F3FB', 2, 1, 1, 1, 0, 0);
INSERT INTO emoji_codepoints (emoji_codepoint_id,emoji_id,codepoint_id,sequence_index) VALUES (5665, 2468, 1162, 1),(5666, 2468, 479, 2);

INSERT INTO emoji (emoji_id,emoji_version_id,emoji_name,emoji_character,emojipedia_url_ext,emojipedia_category,codepoint_string,num_codepoints,hasComponent,hasModifier,hasModifierBase,appearance_differs_flag,unicode_not_recommended) VALUES (2469, 5, 'Child: Medium-Light Skin Tone', '', 'child-medium-light-skin-tone', NULL, 'U+1F9D2U+1F3FC', 2, 1, 1, 1, 0, 0);
INSERT INTO emoji_codepoints (emoji_codepoint_id,emoji_id,codepoint_id,sequence_index) VALUES (5667, 2469, 1162, 1),(5668, 2469, 480, 2);

INSERT INTO emoji (emoji_id,emoji_version_id,emoji_name,emoji_character,emojipedia_url_ext,emojipedia_category,codepoint_string,num_codepoints,hasComponent,hasModifier,hasModifierBase,appearance_differs_flag,unicode_not_recommended) VALUES (2470, 5, 'Child: Medium Skin Tone', '', 'child-medium-skin-tone', NULL, 'U+1F9D2U+1F3FD', 2, 1, 1, 1, 0, 0);
INSERT INTO emoji_codepoints (emoji_codepoint_id,emoji_id,codepoint_id,sequence_index) VALUES (5669, 2470, 1162, 1),(5670, 2470, 481, 2);

INSERT INTO emoji (emoji_id,emoji_version_id,emoji_name,emoji_character,emojipedia_url_ext,emojipedia_category,codepoint_string,num_codepoints,hasComponent,hasModifier,hasModifierBase,appearance_differs_flag,unicode_not_recommended) VALUES (2471, 5, 'Child: Medium-Dark Skin Tone', '', 'child-medium-dark-skin-tone', NULL, 'U+1F9D2U+1F3FE', 2, 1, 1, 1, 0, 0);
INSERT INTO emoji_codepoints (emoji_codepoint_id,emoji_id,codepoint_id,sequence_index) VALUES (5671, 2471, 1162, 1),(5672, 2471, 482, 2);

INSERT INTO emoji (emoji_id,emoji_version_id,emoji_name,emoji_character,emojipedia_url_ext,emojipedia_category,codepoint_string,num_codepoints,hasComponent,hasModifier,hasModifierBase,appearance_differs_flag,unicode_not_recommended) VALUES (2472, 5, 'Child: Dark Skin Tone', '', 'child-dark-skin-tone', NULL, 'U+1F9D2U+1F3FF', 2, 1, 1, 1, 0, 0);
INSERT INTO emoji_codepoints (emoji_codepoint_id,emoji_id,codepoint_id,sequence_index) VALUES (5673, 2472, 1162, 1),(5674, 2472, 483, 2);

INSERT INTO emoji (emoji_id,emoji_version_id,emoji_name,emoji_character,emojipedia_url_ext,emojipedia_category,codepoint_string,num_codepoints,hasComponent,hasModifier,hasModifierBase,appearance_differs_flag,unicode_not_recommended) VALUES (2473, 5, 'Adult', '', 'adult', NULL, 'U+1F9D1', 1, 0, 0, 1, 0, 0);
INSERT INTO emoji_codepoints (emoji_codepoint_id,emoji_id,codepoint_id,sequence_index) VALUES (5675, 2473, 1161, 1);

INSERT INTO emoji (emoji_id,emoji_version_id,emoji_name,emoji_character,emojipedia_url_ext,emojipedia_category,codepoint_string,num_codepoints,hasComponent,hasModifier,hasModifierBase,appearance_differs_flag,unicode_not_recommended) VALUES (2474, 5, 'Adult: Light Skin Tone', '', 'adult-light-skin-tone', NULL, 'U+1F9D1U+1F3FB', 2, 1, 1, 1, 0, 0);
INSERT INTO emoji_codepoints (emoji_codepoint_id,emoji_id,codepoint_id,sequence_index) VALUES (5676, 2474, 1161, 1),(5677, 2474, 479, 2);

INSERT INTO emoji (emoji_id,emoji_version_id,emoji_name,emoji_character,emojipedia_url_ext,emojipedia_category,codepoint_string,num_codepoints,hasComponent,hasModifier,hasModifierBase,appearance_differs_flag,unicode_not_recommended) VALUES (2475, 5, 'Adult: Medium-Light Skin Tone', '', 'adult-medium-light-skin-tone', NULL, 'U+1F9D1U+1F3FC', 2, 1, 1, 1, 0, 0);
INSERT INTO emoji_codepoints (emoji_codepoint_id,emoji_id,codepoint_id,sequence_index) VALUES (5678, 2475, 1161, 1),(5679, 2475, 480, 2);

INSERT INTO emoji (emoji_id,emoji_version_id,emoji_name,emoji_character,emojipedia_url_ext,emojipedia_category,codepoint_string,num_codepoints,hasComponent,hasModifier,hasModifierBase,appearance_differs_flag,unicode_not_recommended) VALUES (2476, 5, 'Adult: Medium Skin Tone', '', 'adult-medium-skin-tone', NULL, 'U+1F9D1U+1F3FD', 2, 1, 1, 1, 0, 0);
INSERT INTO emoji_codepoints (emoji_codepoint_id,emoji_id,codepoint_id,sequence_index) VALUES (5680, 2476, 1161, 1),(5681, 2476, 481, 2);

INSERT INTO emoji (emoji_id,emoji_version_id,emoji_name,emoji_character,emojipedia_url_ext,emojipedia_category,codepoint_string,num_codepoints,hasComponent,hasModifier,hasModifierBase,appearance_differs_flag,unicode_not_recommended) VALUES (2477, 5, 'Adult: Medium-Dark Skin Tone', '', 'adult-medium-dark-skin-tone', NULL, 'U+1F9D1U+1F3FE', 2, 1, 1, 1, 0, 0);
INSERT INTO emoji_codepoints (emoji_codepoint_id,emoji_id,codepoint_id,sequence_index) VALUES (5682, 2477, 1161, 1),(5683, 2477, 482, 2);

INSERT INTO emoji (emoji_id,emoji_version_id,emoji_name,emoji_character,emojipedia_url_ext,emojipedia_category,codepoint_string,num_codepoints,hasComponent,hasModifier,hasModifierBase,appearance_differs_flag,unicode_not_recommended) VALUES (2478, 5, 'Adult: Dark Skin Tone', '', 'adult-dark-skin-tone', NULL, 'U+1F9D1U+1F3FF', 2, 1, 1, 1, 0, 0);
INSERT INTO emoji_codepoints (emoji_codepoint_id,emoji_id,codepoint_id,sequence_index) VALUES (5684, 2478, 1161, 1),(5685, 2478, 483, 2);

INSERT INTO emoji (emoji_id,emoji_version_id,emoji_name,emoji_character,emojipedia_url_ext,emojipedia_category,codepoint_string,num_codepoints,hasComponent,hasModifier,hasModifierBase,appearance_differs_flag,unicode_not_recommended) VALUES (2479, 5, 'Older Adult', '', 'older-adult', NULL, 'U+1F9D3', 1, 0, 0, 1, 0, 0);
INSERT INTO emoji_codepoints (emoji_codepoint_id,emoji_id,codepoint_id,sequence_index) VALUES (5686, 2479, 1163, 1);

INSERT INTO emoji (emoji_id,emoji_version_id,emoji_name,emoji_character,emojipedia_url_ext,emojipedia_category,codepoint_string,num_codepoints,hasComponent,hasModifier,hasModifierBase,appearance_differs_flag,unicode_not_recommended) VALUES (2480, 5, 'Older Adult: Light Skin Tone', '', 'older-adult-light-skin-tone', NULL, 'U+1F9D3U+1F3FB', 2, 1, 1, 1, 0, 0);
INSERT INTO emoji_codepoints (emoji_codepoint_id,emoji_id,codepoint_id,sequence_index) VALUES (5687, 2480, 1163, 1),(5688, 2480, 479, 2);

INSERT INTO emoji (emoji_id,emoji_version_id,emoji_name,emoji_character,emojipedia_url_ext,emojipedia_category,codepoint_string,num_codepoints,hasComponent,hasModifier,hasModifierBase,appearance_differs_flag,unicode_not_recommended) VALUES (2481, 5, 'Older Adult: Medium-Light Skin Tone', '', 'older-adult-medium-light-skin-tone', NULL, 'U+1F9D3U+1F3FC', 2, 1, 1, 1, 0, 0);
INSERT INTO emoji_codepoints (emoji_codepoint_id,emoji_id,codepoint_id,sequence_index) VALUES (5689, 2481, 1163, 1),(5690, 2481, 480, 2);

INSERT INTO emoji (emoji_id,emoji_version_id,emoji_name,emoji_character,emojipedia_url_ext,emojipedia_category,codepoint_string,num_codepoints,hasComponent,hasModifier,hasModifierBase,appearance_differs_flag,unicode_not_recommended) VALUES (2482, 5, 'Older Adult: Medium Skin Tone', '', 'older-adult-medium-skin-tone', NULL, 'U+1F9D3U+1F3FD', 2, 1, 1, 1, 0, 0);
INSERT INTO emoji_codepoints (emoji_codepoint_id,emoji_id,codepoint_id,sequence_index) VALUES (5691, 2482, 1163, 1),(5692, 2482, 481, 2);

INSERT INTO emoji (emoji_id,emoji_version_id,emoji_name,emoji_character,emojipedia_url_ext,emojipedia_category,codepoint_string,num_codepoints,hasComponent,hasModifier,hasModifierBase,appearance_differs_flag,unicode_not_recommended) VALUES (2483, 5, 'Older Adult: Medium-Dark Skin Tone', '', 'older-adult-medium-dark-skin-tone', NULL, 'U+1F9D3U+1F3FE', 2, 1, 1, 1, 0, 0);
INSERT INTO emoji_codepoints (emoji_codepoint_id,emoji_id,codepoint_id,sequence_index) VALUES (5693, 2483, 1163, 1),(5694, 2483, 482, 2);

INSERT INTO emoji (emoji_id,emoji_version_id,emoji_name,emoji_character,emojipedia_url_ext,emojipedia_category,codepoint_string,num_codepoints,hasComponent,hasModifier,hasModifierBase,appearance_differs_flag,unicode_not_recommended) VALUES (2484, 5, 'Older Adult: Dark Skin Tone', '', 'older-adult-dark-skin-tone', NULL, 'U+1F9D3U+1F3FF', 2, 1, 1, 1, 0, 0);
INSERT INTO emoji_codepoints (emoji_codepoint_id,emoji_id,codepoint_id,sequence_index) VALUES (5695, 2484, 1163, 1),(5696, 2484, 483, 2);

INSERT INTO emoji (emoji_id,emoji_version_id,emoji_name,emoji_character,emojipedia_url_ext,emojipedia_category,codepoint_string,num_codepoints,hasComponent,hasModifier,hasModifierBase,appearance_differs_flag,unicode_not_recommended) VALUES (2485, 5, 'Woman With Headscarf', '', 'person-with-headscarf', 'people', 'U+1F9D5', 1, 0, 0, 1, 0, 0);
INSERT INTO emoji_codepoints (emoji_codepoint_id,emoji_id,codepoint_id,sequence_index) VALUES (5697, 2485, 1165, 1);

INSERT INTO emoji (emoji_id,emoji_version_id,emoji_name,emoji_character,emojipedia_url_ext,emojipedia_category,codepoint_string,num_codepoints,hasComponent,hasModifier,hasModifierBase,appearance_differs_flag,unicode_not_recommended) VALUES (2486, 5, 'Person With Headscarf: Light Skin Tone', '', 'person-with-headscarf-light-skin-tone', NULL, 'U+1F9D5U+1F3FB', 2, 1, 1, 1, 0, 0);
INSERT INTO emoji_codepoints (emoji_codepoint_id,emoji_id,codepoint_id,sequence_index) VALUES (5698, 2486, 1165, 1),(5699, 2486, 479, 2);

INSERT INTO emoji (emoji_id,emoji_version_id,emoji_name,emoji_character,emojipedia_url_ext,emojipedia_category,codepoint_string,num_codepoints,hasComponent,hasModifier,hasModifierBase,appearance_differs_flag,unicode_not_recommended) VALUES (2487, 5, 'Person With Headscarf: Medium-Light Skin Tone', '', 'person-with-headscarf-medium-light-skin-tone', NULL, 'U+1F9D5U+1F3FC', 2, 1, 1, 1, 0, 0);
INSERT INTO emoji_codepoints (emoji_codepoint_id,emoji_id,codepoint_id,sequence_index) VALUES (5700, 2487, 1165, 1),(5701, 2487, 480, 2);

INSERT INTO emoji (emoji_id,emoji_version_id,emoji_name,emoji_character,emojipedia_url_ext,emojipedia_category,codepoint_string,num_codepoints,hasComponent,hasModifier,hasModifierBase,appearance_differs_flag,unicode_not_recommended) VALUES (2488, 5, 'Person With Headscarf: Medium Skin Tone', '', 'person-with-headscarf-medium-skin-tone', NULL, 'U+1F9D5U+1F3FD', 2, 1, 1, 1, 0, 0);
INSERT INTO emoji_codepoints (emoji_codepoint_id,emoji_id,codepoint_id,sequence_index) VALUES (5702, 2488, 1165, 1),(5703, 2488, 481, 2);

INSERT INTO emoji (emoji_id,emoji_version_id,emoji_name,emoji_character,emojipedia_url_ext,emojipedia_category,codepoint_string,num_codepoints,hasComponent,hasModifier,hasModifierBase,appearance_differs_flag,unicode_not_recommended) VALUES (2489, 5, 'Person With Headscarf: Medium-Dark Skin Tone', '', 'person-with-headscarf-medium-dark-skin-tone', NULL, 'U+1F9D5U+1F3FE', 2, 1, 1, 1, 0, 0);
INSERT INTO emoji_codepoints (emoji_codepoint_id,emoji_id,codepoint_id,sequence_index) VALUES (5704, 2489, 1165, 1),(5705, 2489, 482, 2);

INSERT INTO emoji (emoji_id,emoji_version_id,emoji_name,emoji_character,emojipedia_url_ext,emojipedia_category,codepoint_string,num_codepoints,hasComponent,hasModifier,hasModifierBase,appearance_differs_flag,unicode_not_recommended) VALUES (2490, 5, 'Person With Headscarf: Dark Skin Tone', '', 'person-with-headscarf-dark-skin-tone', NULL, 'U+1F9D5U+1F3FF', 2, 1, 1, 1, 0, 0);
INSERT INTO emoji_codepoints (emoji_codepoint_id,emoji_id,codepoint_id,sequence_index) VALUES (5706, 2490, 1165, 1),(5707, 2490, 483, 2);

INSERT INTO emoji (emoji_id,emoji_version_id,emoji_name,emoji_character,emojipedia_url_ext,emojipedia_category,codepoint_string,num_codepoints,hasComponent,hasModifier,hasModifierBase,appearance_differs_flag,unicode_not_recommended) VALUES (2491, 5, 'Bearded Person', '', 'bearded-person', 'people', 'U+1F9D4', 1, 0, 0, 1, 0, 0);
INSERT INTO emoji_codepoints (emoji_codepoint_id,emoji_id,codepoint_id,sequence_index) VALUES (5708, 2491, 1164, 1);

INSERT INTO emoji (emoji_id,emoji_version_id,emoji_name,emoji_character,emojipedia_url_ext,emojipedia_category,codepoint_string,num_codepoints,hasComponent,hasModifier,hasModifierBase,appearance_differs_flag,unicode_not_recommended) VALUES (2492, 5, 'Bearded Person: Light Skin Tone', '', 'bearded-person-light-skin-tone', NULL, 'U+1F9D4U+1F3FB', 2, 1, 1, 1, 0, 0);
INSERT INTO emoji_codepoints (emoji_codepoint_id,emoji_id,codepoint_id,sequence_index) VALUES (5709, 2492, 1164, 1),(5710, 2492, 479, 2);

INSERT INTO emoji (emoji_id,emoji_version_id,emoji_name,emoji_character,emojipedia_url_ext,emojipedia_category,codepoint_string,num_codepoints,hasComponent,hasModifier,hasModifierBase,appearance_differs_flag,unicode_not_recommended) VALUES (2493, 5, 'Bearded Person: Medium-Light Skin Tone', '', 'bearded-person-medium-light-skin-tone', NULL, 'U+1F9D4U+1F3FC', 2, 1, 1, 1, 0, 0);
INSERT INTO emoji_codepoints (emoji_codepoint_id,emoji_id,codepoint_id,sequence_index) VALUES (5711, 2493, 1164, 1),(5712, 2493, 480, 2);

INSERT INTO emoji (emoji_id,emoji_version_id,emoji_name,emoji_character,emojipedia_url_ext,emojipedia_category,codepoint_string,num_codepoints,hasComponent,hasModifier,hasModifierBase,appearance_differs_flag,unicode_not_recommended) VALUES (2494, 5, 'Bearded Person: Medium Skin Tone', '', 'bearded-person-medium-skin-tone', NULL, 'U+1F9D4U+1F3FD', 2, 1, 1, 1, 0, 0);
INSERT INTO emoji_codepoints (emoji_codepoint_id,emoji_id,codepoint_id,sequence_index) VALUES (5713, 2494, 1164, 1),(5714, 2494, 481, 2);

INSERT INTO emoji (emoji_id,emoji_version_id,emoji_name,emoji_character,emojipedia_url_ext,emojipedia_category,codepoint_string,num_codepoints,hasComponent,hasModifier,hasModifierBase,appearance_differs_flag,unicode_not_recommended) VALUES (2495, 5, 'Bearded Person: Medium-Dark Skin Tone', '', 'bearded-person-medium-dark-skin-tone', NULL, 'U+1F9D4U+1F3FE', 2, 1, 1, 1, 0, 0);
INSERT INTO emoji_codepoints (emoji_codepoint_id,emoji_id,codepoint_id,sequence_index) VALUES (5715, 2495, 1164, 1),(5716, 2495, 482, 2);

INSERT INTO emoji (emoji_id,emoji_version_id,emoji_name,emoji_character,emojipedia_url_ext,emojipedia_category,codepoint_string,num_codepoints,hasComponent,hasModifier,hasModifierBase,appearance_differs_flag,unicode_not_recommended) VALUES (2496, 5, 'Bearded Person: Dark Skin Tone', '', 'bearded-person-dark-skin-tone', NULL, 'U+1F9D4U+1F3FF', 2, 1, 1, 1, 0, 0);
INSERT INTO emoji_codepoints (emoji_codepoint_id,emoji_id,codepoint_id,sequence_index) VALUES (5717, 2496, 1164, 1),(5718, 2496, 483, 2);

INSERT INTO emoji (emoji_id,emoji_version_id,emoji_name,emoji_character,emojipedia_url_ext,emojipedia_category,codepoint_string,num_codepoints,hasComponent,hasModifier,hasModifierBase,appearance_differs_flag,unicode_not_recommended) VALUES (2497, 5, 'Breast-Feeding', '', 'breast-feeding', 'people', 'U+1F931', 1, 0, 0, 1, 0, 0);
INSERT INTO emoji_codepoints (emoji_codepoint_id,emoji_id,codepoint_id,sequence_index) VALUES (5719, 2497, 1082, 1);

INSERT INTO emoji (emoji_id,emoji_version_id,emoji_name,emoji_character,emojipedia_url_ext,emojipedia_category,codepoint_string,num_codepoints,hasComponent,hasModifier,hasModifierBase,appearance_differs_flag,unicode_not_recommended) VALUES (2498, 5, 'Breast-Feeding: Light Skin Tone', '', 'breast-feeding-light-skin-tone', NULL, 'U+1F931U+1F3FB', 2, 1, 1, 1, 0, 0);
INSERT INTO emoji_codepoints (emoji_codepoint_id,emoji_id,codepoint_id,sequence_index) VALUES (5720, 2498, 1082, 1),(5721, 2498, 479, 2);

INSERT INTO emoji (emoji_id,emoji_version_id,emoji_name,emoji_character,emojipedia_url_ext,emojipedia_category,codepoint_string,num_codepoints,hasComponent,hasModifier,hasModifierBase,appearance_differs_flag,unicode_not_recommended) VALUES (2499, 5, 'Breast-Feeding: Medium-Light Skin Tone', '', 'breast-feeding-medium-light-skin-tone', NULL, 'U+1F931U+1F3FC', 2, 1, 1, 1, 0, 0);
INSERT INTO emoji_codepoints (emoji_codepoint_id,emoji_id,codepoint_id,sequence_index) VALUES (5722, 2499, 1082, 1),(5723, 2499, 480, 2);

INSERT INTO emoji (emoji_id,emoji_version_id,emoji_name,emoji_character,emojipedia_url_ext,emojipedia_category,codepoint_string,num_codepoints,hasComponent,hasModifier,hasModifierBase,appearance_differs_flag,unicode_not_recommended) VALUES (2500, 5, 'Breast-Feeding: Medium Skin Tone', '', 'breast-feeding-medium-skin-tone', NULL, 'U+1F931U+1F3FD', 2, 1, 1, 1, 0, 0);
INSERT INTO emoji_codepoints (emoji_codepoint_id,emoji_id,codepoint_id,sequence_index) VALUES (5724, 2500, 1082, 1),(5725, 2500, 481, 2);

INSERT INTO emoji (emoji_id,emoji_version_id,emoji_name,emoji_character,emojipedia_url_ext,emojipedia_category,codepoint_string,num_codepoints,hasComponent,hasModifier,hasModifierBase,appearance_differs_flag,unicode_not_recommended) VALUES (2501, 5, 'Breast-Feeding: Medium-Dark Skin Tone', '', 'breast-feeding-medium-dark-skin-tone', NULL, 'U+1F931U+1F3FE', 2, 1, 1, 1, 0, 0);
INSERT INTO emoji_codepoints (emoji_codepoint_id,emoji_id,codepoint_id,sequence_index) VALUES (5726, 2501, 1082, 1),(5727, 2501, 482, 2);

INSERT INTO emoji (emoji_id,emoji_version_id,emoji_name,emoji_character,emojipedia_url_ext,emojipedia_category,codepoint_string,num_codepoints,hasComponent,hasModifier,hasModifierBase,appearance_differs_flag,unicode_not_recommended) VALUES (2502, 5, 'Breast-Feeding: Dark Skin Tone', '', 'breast-feeding-dark-skin-tone', NULL, 'U+1F931U+1F3FF', 2, 1, 1, 1, 0, 0);
INSERT INTO emoji_codepoints (emoji_codepoint_id,emoji_id,codepoint_id,sequence_index) VALUES (5728, 2502, 1082, 1),(5729, 2502, 483, 2);

INSERT INTO emoji (emoji_id,emoji_version_id,emoji_name,emoji_character,emojipedia_url_ext,emojipedia_category,codepoint_string,num_codepoints,hasComponent,hasModifier,hasModifierBase,appearance_differs_flag,unicode_not_recommended) VALUES (2503, 5, 'Mage', '', 'mage', NULL, 'U+1F9D9', 1, 0, 0, 1, 0, 0);
INSERT INTO emoji_codepoints (emoji_codepoint_id,emoji_id,codepoint_id,sequence_index) VALUES (5730, 2503, 1169, 1);

INSERT INTO emoji (emoji_id,emoji_version_id,emoji_name,emoji_character,emojipedia_url_ext,emojipedia_category,codepoint_string,num_codepoints,hasComponent,hasModifier,hasModifierBase,appearance_differs_flag,unicode_not_recommended) VALUES (2504, 5, 'Mage: Light Skin Tone', '', 'mage-light-skin-tone', NULL, 'U+1F9D9U+1F3FB', 2, 1, 1, 1, 0, 0);
INSERT INTO emoji_codepoints (emoji_codepoint_id,emoji_id,codepoint_id,sequence_index) VALUES (5731, 2504, 1169, 1),(5732, 2504, 479, 2);

INSERT INTO emoji (emoji_id,emoji_version_id,emoji_name,emoji_character,emojipedia_url_ext,emojipedia_category,codepoint_string,num_codepoints,hasComponent,hasModifier,hasModifierBase,appearance_differs_flag,unicode_not_recommended) VALUES (2505, 5, 'Mage: Medium-Light Skin Tone', '', 'mage-medium-light-skin-tone', NULL, 'U+1F9D9U+1F3FC', 2, 1, 1, 1, 0, 0);
INSERT INTO emoji_codepoints (emoji_codepoint_id,emoji_id,codepoint_id,sequence_index) VALUES (5733, 2505, 1169, 1),(5734, 2505, 480, 2);

INSERT INTO emoji (emoji_id,emoji_version_id,emoji_name,emoji_character,emojipedia_url_ext,emojipedia_category,codepoint_string,num_codepoints,hasComponent,hasModifier,hasModifierBase,appearance_differs_flag,unicode_not_recommended) VALUES (2506, 5, 'Mage: Medium Skin Tone', '', 'mage-medium-skin-tone', NULL, 'U+1F9D9U+1F3FD', 2, 1, 1, 1, 0, 0);
INSERT INTO emoji_codepoints (emoji_codepoint_id,emoji_id,codepoint_id,sequence_index) VALUES (5735, 2506, 1169, 1),(5736, 2506, 481, 2);

INSERT INTO emoji (emoji_id,emoji_version_id,emoji_name,emoji_character,emojipedia_url_ext,emojipedia_category,codepoint_string,num_codepoints,hasComponent,hasModifier,hasModifierBase,appearance_differs_flag,unicode_not_recommended) VALUES (2507, 5, 'Mage: Medium-Dark Skin Tone', '', 'mage-medium-dark-skin-tone', NULL, 'U+1F9D9U+1F3FE', 2, 1, 1, 1, 0, 0);
INSERT INTO emoji_codepoints (emoji_codepoint_id,emoji_id,codepoint_id,sequence_index) VALUES (5737, 2507, 1169, 1),(5738, 2507, 482, 2);

INSERT INTO emoji (emoji_id,emoji_version_id,emoji_name,emoji_character,emojipedia_url_ext,emojipedia_category,codepoint_string,num_codepoints,hasComponent,hasModifier,hasModifierBase,appearance_differs_flag,unicode_not_recommended) VALUES (2508, 5, 'Mage: Dark Skin Tone', '', 'mage-dark-skin-tone', NULL, 'U+1F9D9U+1F3FF', 2, 1, 1, 1, 0, 0);
INSERT INTO emoji_codepoints (emoji_codepoint_id,emoji_id,codepoint_id,sequence_index) VALUES (5739, 2508, 1169, 1),(5740, 2508, 483, 2);

INSERT INTO emoji (emoji_id,emoji_version_id,emoji_name,emoji_character,emojipedia_url_ext,emojipedia_category,codepoint_string,num_codepoints,hasComponent,hasModifier,hasModifierBase,appearance_differs_flag,unicode_not_recommended) VALUES (2509, 5, 'Woman Mage', '', 'woman-mage', 'people', 'U+1F9D9U+200DU+2640U+FE0F', 4, 1, 0, 1, 0, 0);
INSERT INTO emoji_codepoints (emoji_codepoint_id,emoji_id,codepoint_id,sequence_index) VALUES (5741, 2509, 1169, 1),(5742, 2509, 1183, 2),(5743, 2509, 75, 3),(5744, 2509, 1185, 4);

INSERT INTO emoji (emoji_id,emoji_version_id,emoji_name,emoji_character,emojipedia_url_ext,emojipedia_category,codepoint_string,num_codepoints,hasComponent,hasModifier,hasModifierBase,appearance_differs_flag,unicode_not_recommended) VALUES (2510, 5, 'Woman Mage: Light Skin Tone', '', 'woman-mage-light-skin-tone', NULL, 'U+1F9D9U+1F3FBU+200DU+2640U+FE0F', 5, 1, 1, 1, 0, 0);
INSERT INTO emoji_codepoints (emoji_codepoint_id,emoji_id,codepoint_id,sequence_index) VALUES (5745, 2510, 1169, 1),(5746, 2510, 479, 2),(5747, 2510, 1183, 3),(5748, 2510, 75, 4),(5749, 2510, 1185, 5);

INSERT INTO emoji (emoji_id,emoji_version_id,emoji_name,emoji_character,emojipedia_url_ext,emojipedia_category,codepoint_string,num_codepoints,hasComponent,hasModifier,hasModifierBase,appearance_differs_flag,unicode_not_recommended) VALUES (2511, 5, 'Woman Mage: Medium-Light Skin Tone', '', 'woman-mage-medium-light-skin-tone', NULL, 'U+1F9D9U+1F3FCU+200DU+2640U+FE0F', 5, 1, 1, 1, 0, 0);
INSERT INTO emoji_codepoints (emoji_codepoint_id,emoji_id,codepoint_id,sequence_index) VALUES (5750, 2511, 1169, 1),(5751, 2511, 480, 2),(5752, 2511, 1183, 3),(5753, 2511, 75, 4),(5754, 2511, 1185, 5);

INSERT INTO emoji (emoji_id,emoji_version_id,emoji_name,emoji_character,emojipedia_url_ext,emojipedia_category,codepoint_string,num_codepoints,hasComponent,hasModifier,hasModifierBase,appearance_differs_flag,unicode_not_recommended) VALUES (2512, 5, 'Woman Mage: Medium Skin Tone', '', 'woman-mage-medium-skin-tone', NULL, 'U+1F9D9U+1F3FDU+200DU+2640U+FE0F', 5, 1, 1, 1, 0, 0);
INSERT INTO emoji_codepoints (emoji_codepoint_id,emoji_id,codepoint_id,sequence_index) VALUES (5755, 2512, 1169, 1),(5756, 2512, 481, 2),(5757, 2512, 1183, 3),(5758, 2512, 75, 4),(5759, 2512, 1185, 5);

INSERT INTO emoji (emoji_id,emoji_version_id,emoji_name,emoji_character,emojipedia_url_ext,emojipedia_category,codepoint_string,num_codepoints,hasComponent,hasModifier,hasModifierBase,appearance_differs_flag,unicode_not_recommended) VALUES (2513, 5, 'Woman Mage: Medium-Dark Skin Tone', '', 'woman-mage-medium-dark-skin-tone', NULL, 'U+1F9D9U+1F3FEU+200DU+2640U+FE0F', 5, 1, 1, 1, 0, 0);
INSERT INTO emoji_codepoints (emoji_codepoint_id,emoji_id,codepoint_id,sequence_index) VALUES (5760, 2513, 1169, 1),(5761, 2513, 482, 2),(5762, 2513, 1183, 3),(5763, 2513, 75, 4),(5764, 2513, 1185, 5);

INSERT INTO emoji (emoji_id,emoji_version_id,emoji_name,emoji_character,emojipedia_url_ext,emojipedia_category,codepoint_string,num_codepoints,hasComponent,hasModifier,hasModifierBase,appearance_differs_flag,unicode_not_recommended) VALUES (2514, 5, 'Woman Mage: Dark Skin Tone', '', 'woman-mage-dark-skin-tone', NULL, 'U+1F9D9U+1F3FFU+200DU+2640U+FE0F', 5, 1, 1, 1, 0, 0);
INSERT INTO emoji_codepoints (emoji_codepoint_id,emoji_id,codepoint_id,sequence_index) VALUES (5765, 2514, 1169, 1),(5766, 2514, 483, 2),(5767, 2514, 1183, 3),(5768, 2514, 75, 4),(5769, 2514, 1185, 5);

INSERT INTO emoji (emoji_id,emoji_version_id,emoji_name,emoji_character,emojipedia_url_ext,emojipedia_category,codepoint_string,num_codepoints,hasComponent,hasModifier,hasModifierBase,appearance_differs_flag,unicode_not_recommended) VALUES (2515, 5, 'Man Mage', '', 'man-mage', 'people', 'U+1F9D9U+200DU+2642U+FE0F', 4, 1, 0, 1, 0, 0);
INSERT INTO emoji_codepoints (emoji_codepoint_id,emoji_id,codepoint_id,sequence_index) VALUES (5770, 2515, 1169, 1),(5771, 2515, 1183, 2),(5772, 2515, 76, 3),(5773, 2515, 1185, 4);

INSERT INTO emoji (emoji_id,emoji_version_id,emoji_name,emoji_character,emojipedia_url_ext,emojipedia_category,codepoint_string,num_codepoints,hasComponent,hasModifier,hasModifierBase,appearance_differs_flag,unicode_not_recommended) VALUES (2516, 5, 'Man Mage: Light Skin Tone', '', 'man-mage-light-skin-tone', NULL, 'U+1F9D9U+1F3FBU+200DU+2642U+FE0F', 5, 1, 1, 1, 0, 0);
INSERT INTO emoji_codepoints (emoji_codepoint_id,emoji_id,codepoint_id,sequence_index) VALUES (5774, 2516, 1169, 1),(5775, 2516, 479, 2),(5776, 2516, 1183, 3),(5777, 2516, 76, 4),(5778, 2516, 1185, 5);

INSERT INTO emoji (emoji_id,emoji_version_id,emoji_name,emoji_character,emojipedia_url_ext,emojipedia_category,codepoint_string,num_codepoints,hasComponent,hasModifier,hasModifierBase,appearance_differs_flag,unicode_not_recommended) VALUES (2517, 5, 'Man Mage: Medium-Light Skin Tone', '', 'man-mage-medium-light-skin-tone', NULL, 'U+1F9D9U+1F3FCU+200DU+2642U+FE0F', 5, 1, 1, 1, 0, 0);
INSERT INTO emoji_codepoints (emoji_codepoint_id,emoji_id,codepoint_id,sequence_index) VALUES (5779, 2517, 1169, 1),(5780, 2517, 480, 2),(5781, 2517, 1183, 3),(5782, 2517, 76, 4),(5783, 2517, 1185, 5);

INSERT INTO emoji (emoji_id,emoji_version_id,emoji_name,emoji_character,emojipedia_url_ext,emojipedia_category,codepoint_string,num_codepoints,hasComponent,hasModifier,hasModifierBase,appearance_differs_flag,unicode_not_recommended) VALUES (2518, 5, 'Man Mage: Medium Skin Tone', '', 'man-mage-medium-skin-tone', NULL, 'U+1F9D9U+1F3FDU+200DU+2642U+FE0F', 5, 1, 1, 1, 0, 0);
INSERT INTO emoji_codepoints (emoji_codepoint_id,emoji_id,codepoint_id,sequence_index) VALUES (5784, 2518, 1169, 1),(5785, 2518, 481, 2),(5786, 2518, 1183, 3),(5787, 2518, 76, 4),(5788, 2518, 1185, 5);

INSERT INTO emoji (emoji_id,emoji_version_id,emoji_name,emoji_character,emojipedia_url_ext,emojipedia_category,codepoint_string,num_codepoints,hasComponent,hasModifier,hasModifierBase,appearance_differs_flag,unicode_not_recommended) VALUES (2519, 5, 'Man Mage: Medium-Dark Skin Tone', '', 'man-mage-medium-dark-skin-tone', NULL, 'U+1F9D9U+1F3FEU+200DU+2642U+FE0F', 5, 1, 1, 1, 0, 0);
INSERT INTO emoji_codepoints (emoji_codepoint_id,emoji_id,codepoint_id,sequence_index) VALUES (5789, 2519, 1169, 1),(5790, 2519, 482, 2),(5791, 2519, 1183, 3),(5792, 2519, 76, 4),(5793, 2519, 1185, 5);

INSERT INTO emoji (emoji_id,emoji_version_id,emoji_name,emoji_character,emojipedia_url_ext,emojipedia_category,codepoint_string,num_codepoints,hasComponent,hasModifier,hasModifierBase,appearance_differs_flag,unicode_not_recommended) VALUES (2520, 5, 'Man Mage: Dark Skin Tone', '', 'man-mage-dark-skin-tone', NULL, 'U+1F9D9U+1F3FFU+200DU+2642U+FE0F', 5, 1, 1, 1, 0, 0);
INSERT INTO emoji_codepoints (emoji_codepoint_id,emoji_id,codepoint_id,sequence_index) VALUES (5794, 2520, 1169, 1),(5795, 2520, 483, 2),(5796, 2520, 1183, 3),(5797, 2520, 76, 4),(5798, 2520, 1185, 5);

INSERT INTO emoji (emoji_id,emoji_version_id,emoji_name,emoji_character,emojipedia_url_ext,emojipedia_category,codepoint_string,num_codepoints,hasComponent,hasModifier,hasModifierBase,appearance_differs_flag,unicode_not_recommended) VALUES (2521, 5, 'Fairy', '', 'fairy', NULL, 'U+1F9DA', 1, 0, 0, 1, 0, 0);
INSERT INTO emoji_codepoints (emoji_codepoint_id,emoji_id,codepoint_id,sequence_index) VALUES (5799, 2521, 1170, 1);

INSERT INTO emoji (emoji_id,emoji_version_id,emoji_name,emoji_character,emojipedia_url_ext,emojipedia_category,codepoint_string,num_codepoints,hasComponent,hasModifier,hasModifierBase,appearance_differs_flag,unicode_not_recommended) VALUES (2522, 5, 'Fairy: Light Skin Tone', '', 'fairy-light-skin-tone', NULL, 'U+1F9DAU+1F3FB', 2, 1, 1, 1, 0, 0);
INSERT INTO emoji_codepoints (emoji_codepoint_id,emoji_id,codepoint_id,sequence_index) VALUES (5800, 2522, 1170, 1),(5801, 2522, 479, 2);

INSERT INTO emoji (emoji_id,emoji_version_id,emoji_name,emoji_character,emojipedia_url_ext,emojipedia_category,codepoint_string,num_codepoints,hasComponent,hasModifier,hasModifierBase,appearance_differs_flag,unicode_not_recommended) VALUES (2523, 5, 'Fairy: Medium-Light Skin Tone', '', 'fairy-medium-light-skin-tone', NULL, 'U+1F9DAU+1F3FC', 2, 1, 1, 1, 0, 0);
INSERT INTO emoji_codepoints (emoji_codepoint_id,emoji_id,codepoint_id,sequence_index) VALUES (5802, 2523, 1170, 1),(5803, 2523, 480, 2);

INSERT INTO emoji (emoji_id,emoji_version_id,emoji_name,emoji_character,emojipedia_url_ext,emojipedia_category,codepoint_string,num_codepoints,hasComponent,hasModifier,hasModifierBase,appearance_differs_flag,unicode_not_recommended) VALUES (2524, 5, 'Fairy: Medium Skin Tone', '', 'fairy-medium-skin-tone', NULL, 'U+1F9DAU+1F3FD', 2, 1, 1, 1, 0, 0);
INSERT INTO emoji_codepoints (emoji_codepoint_id,emoji_id,codepoint_id,sequence_index) VALUES (5804, 2524, 1170, 1),(5805, 2524, 481, 2);

INSERT INTO emoji (emoji_id,emoji_version_id,emoji_name,emoji_character,emojipedia_url_ext,emojipedia_category,codepoint_string,num_codepoints,hasComponent,hasModifier,hasModifierBase,appearance_differs_flag,unicode_not_recommended) VALUES (2525, 5, 'Fairy: Medium-Dark Skin Tone', '', 'fairy-medium-dark-skin-tone', NULL, 'U+1F9DAU+1F3FE', 2, 1, 1, 1, 0, 0);
INSERT INTO emoji_codepoints (emoji_codepoint_id,emoji_id,codepoint_id,sequence_index) VALUES (5806, 2525, 1170, 1),(5807, 2525, 482, 2);

INSERT INTO emoji (emoji_id,emoji_version_id,emoji_name,emoji_character,emojipedia_url_ext,emojipedia_category,codepoint_string,num_codepoints,hasComponent,hasModifier,hasModifierBase,appearance_differs_flag,unicode_not_recommended) VALUES (2526, 5, 'Fairy: Dark Skin Tone', '', 'fairy-dark-skin-tone', NULL, 'U+1F9DAU+1F3FF', 2, 1, 1, 1, 0, 0);
INSERT INTO emoji_codepoints (emoji_codepoint_id,emoji_id,codepoint_id,sequence_index) VALUES (5808, 2526, 1170, 1),(5809, 2526, 483, 2);

INSERT INTO emoji (emoji_id,emoji_version_id,emoji_name,emoji_character,emojipedia_url_ext,emojipedia_category,codepoint_string,num_codepoints,hasComponent,hasModifier,hasModifierBase,appearance_differs_flag,unicode_not_recommended) VALUES (2527, 5, 'Woman Fairy', '', 'woman-fairy', 'people', 'U+1F9DAU+200DU+2640U+FE0F', 4, 1, 0, 1, 0, 0);
INSERT INTO emoji_codepoints (emoji_codepoint_id,emoji_id,codepoint_id,sequence_index) VALUES (5810, 2527, 1170, 1),(5811, 2527, 1183, 2),(5812, 2527, 75, 3),(5813, 2527, 1185, 4);

INSERT INTO emoji (emoji_id,emoji_version_id,emoji_name,emoji_character,emojipedia_url_ext,emojipedia_category,codepoint_string,num_codepoints,hasComponent,hasModifier,hasModifierBase,appearance_differs_flag,unicode_not_recommended) VALUES (2528, 5, 'Woman Fairy: Light Skin Tone', '', 'woman-fairy-light-skin-tone', NULL, 'U+1F9DAU+1F3FBU+200DU+2640U+FE0F', 5, 1, 1, 1, 0, 0);
INSERT INTO emoji_codepoints (emoji_codepoint_id,emoji_id,codepoint_id,sequence_index) VALUES (5814, 2528, 1170, 1),(5815, 2528, 479, 2),(5816, 2528, 1183, 3),(5817, 2528, 75, 4),(5818, 2528, 1185, 5);

INSERT INTO emoji (emoji_id,emoji_version_id,emoji_name,emoji_character,emojipedia_url_ext,emojipedia_category,codepoint_string,num_codepoints,hasComponent,hasModifier,hasModifierBase,appearance_differs_flag,unicode_not_recommended) VALUES (2529, 5, 'Woman Fairy: Medium-Light Skin Tone', '', 'woman-fairy-medium-light-skin-tone', NULL, 'U+1F9DAU+1F3FCU+200DU+2640U+FE0F', 5, 1, 1, 1, 0, 0);
INSERT INTO emoji_codepoints (emoji_codepoint_id,emoji_id,codepoint_id,sequence_index) VALUES (5819, 2529, 1170, 1),(5820, 2529, 480, 2),(5821, 2529, 1183, 3),(5822, 2529, 75, 4),(5823, 2529, 1185, 5);

INSERT INTO emoji (emoji_id,emoji_version_id,emoji_name,emoji_character,emojipedia_url_ext,emojipedia_category,codepoint_string,num_codepoints,hasComponent,hasModifier,hasModifierBase,appearance_differs_flag,unicode_not_recommended) VALUES (2530, 5, 'Woman Fairy: Medium Skin Tone', '', 'woman-fairy-medium-skin-tone', NULL, 'U+1F9DAU+1F3FDU+200DU+2640U+FE0F', 5, 1, 1, 1, 0, 0);
INSERT INTO emoji_codepoints (emoji_codepoint_id,emoji_id,codepoint_id,sequence_index) VALUES (5824, 2530, 1170, 1),(5825, 2530, 481, 2),(5826, 2530, 1183, 3),(5827, 2530, 75, 4),(5828, 2530, 1185, 5);

INSERT INTO emoji (emoji_id,emoji_version_id,emoji_name,emoji_character,emojipedia_url_ext,emojipedia_category,codepoint_string,num_codepoints,hasComponent,hasModifier,hasModifierBase,appearance_differs_flag,unicode_not_recommended) VALUES (2531, 5, 'Woman Fairy: Medium-Dark Skin Tone', '', 'woman-fairy-medium-dark-skin-tone', NULL, 'U+1F9DAU+1F3FEU+200DU+2640U+FE0F', 5, 1, 1, 1, 0, 0);
INSERT INTO emoji_codepoints (emoji_codepoint_id,emoji_id,codepoint_id,sequence_index) VALUES (5829, 2531, 1170, 1),(5830, 2531, 482, 2),(5831, 2531, 1183, 3),(5832, 2531, 75, 4),(5833, 2531, 1185, 5);

INSERT INTO emoji (emoji_id,emoji_version_id,emoji_name,emoji_character,emojipedia_url_ext,emojipedia_category,codepoint_string,num_codepoints,hasComponent,hasModifier,hasModifierBase,appearance_differs_flag,unicode_not_recommended) VALUES (2532, 5, 'Woman Fairy: Dark Skin Tone', '', 'woman-fairy-dark-skin-tone', NULL, 'U+1F9DAU+1F3FFU+200DU+2640U+FE0F', 5, 1, 1, 1, 0, 0);
INSERT INTO emoji_codepoints (emoji_codepoint_id,emoji_id,codepoint_id,sequence_index) VALUES (5834, 2532, 1170, 1),(5835, 2532, 483, 2),(5836, 2532, 1183, 3),(5837, 2532, 75, 4),(5838, 2532, 1185, 5);

INSERT INTO emoji (emoji_id,emoji_version_id,emoji_name,emoji_character,emojipedia_url_ext,emojipedia_category,codepoint_string,num_codepoints,hasComponent,hasModifier,hasModifierBase,appearance_differs_flag,unicode_not_recommended) VALUES (2533, 5, 'Man Fairy', '', 'man-fairy', 'people', 'U+1F9DAU+200DU+2642U+FE0F', 4, 1, 0, 1, 0, 0);
INSERT INTO emoji_codepoints (emoji_codepoint_id,emoji_id,codepoint_id,sequence_index) VALUES (5839, 2533, 1170, 1),(5840, 2533, 1183, 2),(5841, 2533, 76, 3),(5842, 2533, 1185, 4);

INSERT INTO emoji (emoji_id,emoji_version_id,emoji_name,emoji_character,emojipedia_url_ext,emojipedia_category,codepoint_string,num_codepoints,hasComponent,hasModifier,hasModifierBase,appearance_differs_flag,unicode_not_recommended) VALUES (2534, 5, 'Man Fairy: Light Skin Tone', '', 'man-fairy-light-skin-tone', NULL, 'U+1F9DAU+1F3FBU+200DU+2642U+FE0F', 5, 1, 1, 1, 0, 0);
INSERT INTO emoji_codepoints (emoji_codepoint_id,emoji_id,codepoint_id,sequence_index) VALUES (5843, 2534, 1170, 1),(5844, 2534, 479, 2),(5845, 2534, 1183, 3),(5846, 2534, 76, 4),(5847, 2534, 1185, 5);

INSERT INTO emoji (emoji_id,emoji_version_id,emoji_name,emoji_character,emojipedia_url_ext,emojipedia_category,codepoint_string,num_codepoints,hasComponent,hasModifier,hasModifierBase,appearance_differs_flag,unicode_not_recommended) VALUES (2535, 5, 'Man Fairy: Medium-Light Skin Tone', '', 'man-fairy-medium-light-skin-tone', NULL, 'U+1F9DAU+1F3FCU+200DU+2642U+FE0F', 5, 1, 1, 1, 0, 0);
INSERT INTO emoji_codepoints (emoji_codepoint_id,emoji_id,codepoint_id,sequence_index) VALUES (5848, 2535, 1170, 1),(5849, 2535, 480, 2),(5850, 2535, 1183, 3),(5851, 2535, 76, 4),(5852, 2535, 1185, 5);

INSERT INTO emoji (emoji_id,emoji_version_id,emoji_name,emoji_character,emojipedia_url_ext,emojipedia_category,codepoint_string,num_codepoints,hasComponent,hasModifier,hasModifierBase,appearance_differs_flag,unicode_not_recommended) VALUES (2536, 5, 'Man Fairy: Medium Skin Tone', '', 'man-fairy-medium-skin-tone', NULL, 'U+1F9DAU+1F3FDU+200DU+2642U+FE0F', 5, 1, 1, 1, 0, 0);
INSERT INTO emoji_codepoints (emoji_codepoint_id,emoji_id,codepoint_id,sequence_index) VALUES (5853, 2536, 1170, 1),(5854, 2536, 481, 2),(5855, 2536, 1183, 3),(5856, 2536, 76, 4),(5857, 2536, 1185, 5);

INSERT INTO emoji (emoji_id,emoji_version_id,emoji_name,emoji_character,emojipedia_url_ext,emojipedia_category,codepoint_string,num_codepoints,hasComponent,hasModifier,hasModifierBase,appearance_differs_flag,unicode_not_recommended) VALUES (2537, 5, 'Man Fairy: Medium-Dark Skin Tone', '', 'man-fairy-medium-dark-skin-tone', NULL, 'U+1F9DAU+1F3FEU+200DU+2642U+FE0F', 5, 1, 1, 1, 0, 0);
INSERT INTO emoji_codepoints (emoji_codepoint_id,emoji_id,codepoint_id,sequence_index) VALUES (5858, 2537, 1170, 1),(5859, 2537, 482, 2),(5860, 2537, 1183, 3),(5861, 2537, 76, 4),(5862, 2537, 1185, 5);

INSERT INTO emoji (emoji_id,emoji_version_id,emoji_name,emoji_character,emojipedia_url_ext,emojipedia_category,codepoint_string,num_codepoints,hasComponent,hasModifier,hasModifierBase,appearance_differs_flag,unicode_not_recommended) VALUES (2538, 5, 'Man Fairy: Dark Skin Tone', '', 'man-fairy-dark-skin-tone', NULL, 'U+1F9DAU+1F3FFU+200DU+2642U+FE0F', 5, 1, 1, 1, 0, 0);
INSERT INTO emoji_codepoints (emoji_codepoint_id,emoji_id,codepoint_id,sequence_index) VALUES (5863, 2538, 1170, 1),(5864, 2538, 483, 2),(5865, 2538, 1183, 3),(5866, 2538, 76, 4),(5867, 2538, 1185, 5);

INSERT INTO emoji (emoji_id,emoji_version_id,emoji_name,emoji_character,emojipedia_url_ext,emojipedia_category,codepoint_string,num_codepoints,hasComponent,hasModifier,hasModifierBase,appearance_differs_flag,unicode_not_recommended) VALUES (2539, 5, 'Vampire', '', 'vampire', NULL, 'U+1F9DB', 1, 0, 0, 1, 0, 0);
INSERT INTO emoji_codepoints (emoji_codepoint_id,emoji_id,codepoint_id,sequence_index) VALUES (5868, 2539, 1171, 1);

INSERT INTO emoji (emoji_id,emoji_version_id,emoji_name,emoji_character,emojipedia_url_ext,emojipedia_category,codepoint_string,num_codepoints,hasComponent,hasModifier,hasModifierBase,appearance_differs_flag,unicode_not_recommended) VALUES (2540, 5, 'Vampire: Light Skin Tone', '', 'vampire-light-skin-tone', NULL, 'U+1F9DBU+1F3FB', 2, 1, 1, 1, 0, 0);
INSERT INTO emoji_codepoints (emoji_codepoint_id,emoji_id,codepoint_id,sequence_index) VALUES (5869, 2540, 1171, 1),(5870, 2540, 479, 2);

INSERT INTO emoji (emoji_id,emoji_version_id,emoji_name,emoji_character,emojipedia_url_ext,emojipedia_category,codepoint_string,num_codepoints,hasComponent,hasModifier,hasModifierBase,appearance_differs_flag,unicode_not_recommended) VALUES (2541, 5, 'Vampire: Medium-Light Skin Tone', '', 'vampire-medium-light-skin-tone', NULL, 'U+1F9DBU+1F3FC', 2, 1, 1, 1, 0, 0);
INSERT INTO emoji_codepoints (emoji_codepoint_id,emoji_id,codepoint_id,sequence_index) VALUES (5871, 2541, 1171, 1),(5872, 2541, 480, 2);

INSERT INTO emoji (emoji_id,emoji_version_id,emoji_name,emoji_character,emojipedia_url_ext,emojipedia_category,codepoint_string,num_codepoints,hasComponent,hasModifier,hasModifierBase,appearance_differs_flag,unicode_not_recommended) VALUES (2542, 5, 'Vampire: Medium Skin Tone', '', 'vampire-medium-skin-tone', NULL, 'U+1F9DBU+1F3FD', 2, 1, 1, 1, 0, 0);
INSERT INTO emoji_codepoints (emoji_codepoint_id,emoji_id,codepoint_id,sequence_index) VALUES (5873, 2542, 1171, 1),(5874, 2542, 481, 2);

INSERT INTO emoji (emoji_id,emoji_version_id,emoji_name,emoji_character,emojipedia_url_ext,emojipedia_category,codepoint_string,num_codepoints,hasComponent,hasModifier,hasModifierBase,appearance_differs_flag,unicode_not_recommended) VALUES (2543, 5, 'Vampire: Medium-Dark Skin Tone', '', 'vampire-medium-dark-skin-tone', NULL, 'U+1F9DBU+1F3FE', 2, 1, 1, 1, 0, 0);
INSERT INTO emoji_codepoints (emoji_codepoint_id,emoji_id,codepoint_id,sequence_index) VALUES (5875, 2543, 1171, 1),(5876, 2543, 482, 2);

INSERT INTO emoji (emoji_id,emoji_version_id,emoji_name,emoji_character,emojipedia_url_ext,emojipedia_category,codepoint_string,num_codepoints,hasComponent,hasModifier,hasModifierBase,appearance_differs_flag,unicode_not_recommended) VALUES (2544, 5, 'Vampire: Dark Skin Tone', '', 'vampire-dark-skin-tone', NULL, 'U+1F9DBU+1F3FF', 2, 1, 1, 1, 0, 0);
INSERT INTO emoji_codepoints (emoji_codepoint_id,emoji_id,codepoint_id,sequence_index) VALUES (5877, 2544, 1171, 1),(5878, 2544, 483, 2);

INSERT INTO emoji (emoji_id,emoji_version_id,emoji_name,emoji_character,emojipedia_url_ext,emojipedia_category,codepoint_string,num_codepoints,hasComponent,hasModifier,hasModifierBase,appearance_differs_flag,unicode_not_recommended) VALUES (2545, 5, 'Woman Vampire', '', 'woman-vampire', 'people', 'U+1F9DBU+200DU+2640U+FE0F', 4, 1, 0, 1, 0, 0);
INSERT INTO emoji_codepoints (emoji_codepoint_id,emoji_id,codepoint_id,sequence_index) VALUES (5879, 2545, 1171, 1),(5880, 2545, 1183, 2),(5881, 2545, 75, 3),(5882, 2545, 1185, 4);

INSERT INTO emoji (emoji_id,emoji_version_id,emoji_name,emoji_character,emojipedia_url_ext,emojipedia_category,codepoint_string,num_codepoints,hasComponent,hasModifier,hasModifierBase,appearance_differs_flag,unicode_not_recommended) VALUES (2546, 5, 'Woman Vampire: Light Skin Tone', '', 'woman-vampire-light-skin-tone', NULL, 'U+1F9DBU+1F3FBU+200DU+2640U+FE0F', 5, 1, 1, 1, 0, 0);
INSERT INTO emoji_codepoints (emoji_codepoint_id,emoji_id,codepoint_id,sequence_index) VALUES (5883, 2546, 1171, 1),(5884, 2546, 479, 2),(5885, 2546, 1183, 3),(5886, 2546, 75, 4),(5887, 2546, 1185, 5);

INSERT INTO emoji (emoji_id,emoji_version_id,emoji_name,emoji_character,emojipedia_url_ext,emojipedia_category,codepoint_string,num_codepoints,hasComponent,hasModifier,hasModifierBase,appearance_differs_flag,unicode_not_recommended) VALUES (2547, 5, 'Woman Vampire: Medium-Light Skin Tone', '', 'woman-vampire-medium-light-skin-tone', NULL, 'U+1F9DBU+1F3FCU+200DU+2640U+FE0F', 5, 1, 1, 1, 0, 0);
INSERT INTO emoji_codepoints (emoji_codepoint_id,emoji_id,codepoint_id,sequence_index) VALUES (5888, 2547, 1171, 1),(5889, 2547, 480, 2),(5890, 2547, 1183, 3),(5891, 2547, 75, 4),(5892, 2547, 1185, 5);

INSERT INTO emoji (emoji_id,emoji_version_id,emoji_name,emoji_character,emojipedia_url_ext,emojipedia_category,codepoint_string,num_codepoints,hasComponent,hasModifier,hasModifierBase,appearance_differs_flag,unicode_not_recommended) VALUES (2548, 5, 'Woman Vampire: Medium Skin Tone', '', 'woman-vampire-medium-skin-tone', NULL, 'U+1F9DBU+1F3FDU+200DU+2640U+FE0F', 5, 1, 1, 1, 0, 0);
INSERT INTO emoji_codepoints (emoji_codepoint_id,emoji_id,codepoint_id,sequence_index) VALUES (5893, 2548, 1171, 1),(5894, 2548, 481, 2),(5895, 2548, 1183, 3),(5896, 2548, 75, 4),(5897, 2548, 1185, 5);

INSERT INTO emoji (emoji_id,emoji_version_id,emoji_name,emoji_character,emojipedia_url_ext,emojipedia_category,codepoint_string,num_codepoints,hasComponent,hasModifier,hasModifierBase,appearance_differs_flag,unicode_not_recommended) VALUES (2549, 5, 'Woman Vampire: Medium-Dark Skin Tone', '', 'woman-vampire-medium-dark-skin-tone', NULL, 'U+1F9DBU+1F3FEU+200DU+2640U+FE0F', 5, 1, 1, 1, 0, 0);
INSERT INTO emoji_codepoints (emoji_codepoint_id,emoji_id,codepoint_id,sequence_index) VALUES (5898, 2549, 1171, 1),(5899, 2549, 482, 2),(5900, 2549, 1183, 3),(5901, 2549, 75, 4),(5902, 2549, 1185, 5);

INSERT INTO emoji (emoji_id,emoji_version_id,emoji_name,emoji_character,emojipedia_url_ext,emojipedia_category,codepoint_string,num_codepoints,hasComponent,hasModifier,hasModifierBase,appearance_differs_flag,unicode_not_recommended) VALUES (2550, 5, 'Woman Vampire: Dark Skin Tone', '', 'woman-vampire-dark-skin-tone', NULL, 'U+1F9DBU+1F3FFU+200DU+2640U+FE0F', 5, 1, 1, 1, 0, 0);
INSERT INTO emoji_codepoints (emoji_codepoint_id,emoji_id,codepoint_id,sequence_index) VALUES (5903, 2550, 1171, 1),(5904, 2550, 483, 2),(5905, 2550, 1183, 3),(5906, 2550, 75, 4),(5907, 2550, 1185, 5);

INSERT INTO emoji (emoji_id,emoji_version_id,emoji_name,emoji_character,emojipedia_url_ext,emojipedia_category,codepoint_string,num_codepoints,hasComponent,hasModifier,hasModifierBase,appearance_differs_flag,unicode_not_recommended) VALUES (2551, 5, 'Man Vampire', '', 'man-vampire', 'people', 'U+1F9DBU+200DU+2642U+FE0F', 4, 1, 0, 1, 0, 0);
INSERT INTO emoji_codepoints (emoji_codepoint_id,emoji_id,codepoint_id,sequence_index) VALUES (5908, 2551, 1171, 1),(5909, 2551, 1183, 2),(5910, 2551, 76, 3),(5911, 2551, 1185, 4);

INSERT INTO emoji (emoji_id,emoji_version_id,emoji_name,emoji_character,emojipedia_url_ext,emojipedia_category,codepoint_string,num_codepoints,hasComponent,hasModifier,hasModifierBase,appearance_differs_flag,unicode_not_recommended) VALUES (2552, 5, 'Man Vampire: Light Skin Tone', '', 'man-vampire-light-skin-tone', NULL, 'U+1F9DBU+1F3FBU+200DU+2642U+FE0F', 5, 1, 1, 1, 0, 0);
INSERT INTO emoji_codepoints (emoji_codepoint_id,emoji_id,codepoint_id,sequence_index) VALUES (5912, 2552, 1171, 1),(5913, 2552, 479, 2),(5914, 2552, 1183, 3),(5915, 2552, 76, 4),(5916, 2552, 1185, 5);

INSERT INTO emoji (emoji_id,emoji_version_id,emoji_name,emoji_character,emojipedia_url_ext,emojipedia_category,codepoint_string,num_codepoints,hasComponent,hasModifier,hasModifierBase,appearance_differs_flag,unicode_not_recommended) VALUES (2553, 5, 'Man Vampire: Medium-Light Skin Tone', '', 'man-vampire-medium-light-skin-tone', NULL, 'U+1F9DBU+1F3FCU+200DU+2642U+FE0F', 5, 1, 1, 1, 0, 0);
INSERT INTO emoji_codepoints (emoji_codepoint_id,emoji_id,codepoint_id,sequence_index) VALUES (5917, 2553, 1171, 1),(5918, 2553, 480, 2),(5919, 2553, 1183, 3),(5920, 2553, 76, 4),(5921, 2553, 1185, 5);

INSERT INTO emoji (emoji_id,emoji_version_id,emoji_name,emoji_character,emojipedia_url_ext,emojipedia_category,codepoint_string,num_codepoints,hasComponent,hasModifier,hasModifierBase,appearance_differs_flag,unicode_not_recommended) VALUES (2554, 5, 'Man Vampire: Medium Skin Tone', '', 'man-vampire-medium-skin-tone', NULL, 'U+1F9DBU+1F3FDU+200DU+2642U+FE0F', 5, 1, 1, 1, 0, 0);
INSERT INTO emoji_codepoints (emoji_codepoint_id,emoji_id,codepoint_id,sequence_index) VALUES (5922, 2554, 1171, 1),(5923, 2554, 481, 2),(5924, 2554, 1183, 3),(5925, 2554, 76, 4),(5926, 2554, 1185, 5);

INSERT INTO emoji (emoji_id,emoji_version_id,emoji_name,emoji_character,emojipedia_url_ext,emojipedia_category,codepoint_string,num_codepoints,hasComponent,hasModifier,hasModifierBase,appearance_differs_flag,unicode_not_recommended) VALUES (2555, 5, 'Man Vampire: Medium-Dark Skin Tone', '', 'man-vampire-medium-dark-skin-tone', NULL, 'U+1F9DBU+1F3FEU+200DU+2642U+FE0F', 5, 1, 1, 1, 0, 0);
INSERT INTO emoji_codepoints (emoji_codepoint_id,emoji_id,codepoint_id,sequence_index) VALUES (5927, 2555, 1171, 1),(5928, 2555, 482, 2),(5929, 2555, 1183, 3),(5930, 2555, 76, 4),(5931, 2555, 1185, 5);

INSERT INTO emoji (emoji_id,emoji_version_id,emoji_name,emoji_character,emojipedia_url_ext,emojipedia_category,codepoint_string,num_codepoints,hasComponent,hasModifier,hasModifierBase,appearance_differs_flag,unicode_not_recommended) VALUES (2556, 5, 'Man Vampire: Dark Skin Tone', '', 'man-vampire-dark-skin-tone', NULL, 'U+1F9DBU+1F3FFU+200DU+2642U+FE0F', 5, 1, 1, 1, 0, 0);
INSERT INTO emoji_codepoints (emoji_codepoint_id,emoji_id,codepoint_id,sequence_index) VALUES (5932, 2556, 1171, 1),(5933, 2556, 483, 2),(5934, 2556, 1183, 3),(5935, 2556, 76, 4),(5936, 2556, 1185, 5);

INSERT INTO emoji (emoji_id,emoji_version_id,emoji_name,emoji_character,emojipedia_url_ext,emojipedia_category,codepoint_string,num_codepoints,hasComponent,hasModifier,hasModifierBase,appearance_differs_flag,unicode_not_recommended) VALUES (2557, 5, 'Merperson', '', 'merperson', NULL, 'U+1F9DC', 1, 0, 0, 1, 0, 0);
INSERT INTO emoji_codepoints (emoji_codepoint_id,emoji_id,codepoint_id,sequence_index) VALUES (5937, 2557, 1172, 1);

INSERT INTO emoji (emoji_id,emoji_version_id,emoji_name,emoji_character,emojipedia_url_ext,emojipedia_category,codepoint_string,num_codepoints,hasComponent,hasModifier,hasModifierBase,appearance_differs_flag,unicode_not_recommended) VALUES (2558, 5, 'Merperson: Light Skin Tone', '', 'merperson-light-skin-tone', NULL, 'U+1F9DCU+1F3FB', 2, 1, 1, 1, 0, 0);
INSERT INTO emoji_codepoints (emoji_codepoint_id,emoji_id,codepoint_id,sequence_index) VALUES (5938, 2558, 1172, 1),(5939, 2558, 479, 2);

INSERT INTO emoji (emoji_id,emoji_version_id,emoji_name,emoji_character,emojipedia_url_ext,emojipedia_category,codepoint_string,num_codepoints,hasComponent,hasModifier,hasModifierBase,appearance_differs_flag,unicode_not_recommended) VALUES (2559, 5, 'Merperson: Medium-Light Skin Tone', '', 'merperson-medium-light-skin-tone', NULL, 'U+1F9DCU+1F3FC', 2, 1, 1, 1, 0, 0);
INSERT INTO emoji_codepoints (emoji_codepoint_id,emoji_id,codepoint_id,sequence_index) VALUES (5940, 2559, 1172, 1),(5941, 2559, 480, 2);

INSERT INTO emoji (emoji_id,emoji_version_id,emoji_name,emoji_character,emojipedia_url_ext,emojipedia_category,codepoint_string,num_codepoints,hasComponent,hasModifier,hasModifierBase,appearance_differs_flag,unicode_not_recommended) VALUES (2560, 5, 'Merperson: Medium Skin Tone', '', 'merperson-medium-skin-tone', NULL, 'U+1F9DCU+1F3FD', 2, 1, 1, 1, 0, 0);
INSERT INTO emoji_codepoints (emoji_codepoint_id,emoji_id,codepoint_id,sequence_index) VALUES (5942, 2560, 1172, 1),(5943, 2560, 481, 2);

INSERT INTO emoji (emoji_id,emoji_version_id,emoji_name,emoji_character,emojipedia_url_ext,emojipedia_category,codepoint_string,num_codepoints,hasComponent,hasModifier,hasModifierBase,appearance_differs_flag,unicode_not_recommended) VALUES (2561, 5, 'Merperson: Medium-Dark Skin Tone', '', 'merperson-medium-dark-skin-tone', NULL, 'U+1F9DCU+1F3FE', 2, 1, 1, 1, 0, 0);
INSERT INTO emoji_codepoints (emoji_codepoint_id,emoji_id,codepoint_id,sequence_index) VALUES (5944, 2561, 1172, 1),(5945, 2561, 482, 2);

INSERT INTO emoji (emoji_id,emoji_version_id,emoji_name,emoji_character,emojipedia_url_ext,emojipedia_category,codepoint_string,num_codepoints,hasComponent,hasModifier,hasModifierBase,appearance_differs_flag,unicode_not_recommended) VALUES (2562, 5, 'Merperson: Dark Skin Tone', '', 'merperson-dark-skin-tone', NULL, 'U+1F9DCU+1F3FF', 2, 1, 1, 1, 0, 0);
INSERT INTO emoji_codepoints (emoji_codepoint_id,emoji_id,codepoint_id,sequence_index) VALUES (5946, 2562, 1172, 1),(5947, 2562, 483, 2);

INSERT INTO emoji (emoji_id,emoji_version_id,emoji_name,emoji_character,emojipedia_url_ext,emojipedia_category,codepoint_string,num_codepoints,hasComponent,hasModifier,hasModifierBase,appearance_differs_flag,unicode_not_recommended) VALUES (2563, 5, 'Mermaid', '', 'merwoman', 'people', 'U+1F9DCU+200DU+2640U+FE0F', 4, 1, 0, 1, 0, 0);
INSERT INTO emoji_codepoints (emoji_codepoint_id,emoji_id,codepoint_id,sequence_index) VALUES (5948, 2563, 1172, 1),(5949, 2563, 1183, 2),(5950, 2563, 75, 3),(5951, 2563, 1185, 4);

INSERT INTO emoji (emoji_id,emoji_version_id,emoji_name,emoji_character,emojipedia_url_ext,emojipedia_category,codepoint_string,num_codepoints,hasComponent,hasModifier,hasModifierBase,appearance_differs_flag,unicode_not_recommended) VALUES (2564, 5, 'Mermaid: Light Skin Tone', '', 'merwoman-light-skin-tone', NULL, 'U+1F9DCU+1F3FBU+200DU+2640U+FE0F', 5, 1, 1, 1, 0, 0);
INSERT INTO emoji_codepoints (emoji_codepoint_id,emoji_id,codepoint_id,sequence_index) VALUES (5952, 2564, 1172, 1),(5953, 2564, 479, 2),(5954, 2564, 1183, 3),(5955, 2564, 75, 4),(5956, 2564, 1185, 5);

INSERT INTO emoji (emoji_id,emoji_version_id,emoji_name,emoji_character,emojipedia_url_ext,emojipedia_category,codepoint_string,num_codepoints,hasComponent,hasModifier,hasModifierBase,appearance_differs_flag,unicode_not_recommended) VALUES (2565, 5, 'Mermaid: Medium-Light Skin Tone', '', 'merwoman-medium-light-skin-tone', NULL, 'U+1F9DCU+1F3FCU+200DU+2640U+FE0F', 5, 1, 1, 1, 0, 0);
INSERT INTO emoji_codepoints (emoji_codepoint_id,emoji_id,codepoint_id,sequence_index) VALUES (5957, 2565, 1172, 1),(5958, 2565, 480, 2),(5959, 2565, 1183, 3),(5960, 2565, 75, 4),(5961, 2565, 1185, 5);

INSERT INTO emoji (emoji_id,emoji_version_id,emoji_name,emoji_character,emojipedia_url_ext,emojipedia_category,codepoint_string,num_codepoints,hasComponent,hasModifier,hasModifierBase,appearance_differs_flag,unicode_not_recommended) VALUES (2566, 5, 'Mermaid: Medium Skin Tone', '', 'merwoman-medium-skin-tone', NULL, 'U+1F9DCU+1F3FDU+200DU+2640U+FE0F', 5, 1, 1, 1, 0, 0);
INSERT INTO emoji_codepoints (emoji_codepoint_id,emoji_id,codepoint_id,sequence_index) VALUES (5962, 2566, 1172, 1),(5963, 2566, 481, 2),(5964, 2566, 1183, 3),(5965, 2566, 75, 4),(5966, 2566, 1185, 5);

INSERT INTO emoji (emoji_id,emoji_version_id,emoji_name,emoji_character,emojipedia_url_ext,emojipedia_category,codepoint_string,num_codepoints,hasComponent,hasModifier,hasModifierBase,appearance_differs_flag,unicode_not_recommended) VALUES (2567, 5, 'Mermaid: Medium-Dark Skin Tone', '', 'merwoman-medium-dark-skin-tone', NULL, 'U+1F9DCU+1F3FEU+200DU+2640U+FE0F', 5, 1, 1, 1, 0, 0);
INSERT INTO emoji_codepoints (emoji_codepoint_id,emoji_id,codepoint_id,sequence_index) VALUES (5967, 2567, 1172, 1),(5968, 2567, 482, 2),(5969, 2567, 1183, 3),(5970, 2567, 75, 4),(5971, 2567, 1185, 5);

INSERT INTO emoji (emoji_id,emoji_version_id,emoji_name,emoji_character,emojipedia_url_ext,emojipedia_category,codepoint_string,num_codepoints,hasComponent,hasModifier,hasModifierBase,appearance_differs_flag,unicode_not_recommended) VALUES (2568, 5, 'Mermaid: Dark Skin Tone', '', 'merwoman-dark-skin-tone', NULL, 'U+1F9DCU+1F3FFU+200DU+2640U+FE0F', 5, 1, 1, 1, 0, 0);
INSERT INTO emoji_codepoints (emoji_codepoint_id,emoji_id,codepoint_id,sequence_index) VALUES (5972, 2568, 1172, 1),(5973, 2568, 483, 2),(5974, 2568, 1183, 3),(5975, 2568, 75, 4),(5976, 2568, 1185, 5);

INSERT INTO emoji (emoji_id,emoji_version_id,emoji_name,emoji_character,emojipedia_url_ext,emojipedia_category,codepoint_string,num_codepoints,hasComponent,hasModifier,hasModifierBase,appearance_differs_flag,unicode_not_recommended) VALUES (2569, 5, 'Merman', '', 'merman', 'people', 'U+1F9DCU+200DU+2642U+FE0F', 4, 1, 0, 1, 0, 0);
INSERT INTO emoji_codepoints (emoji_codepoint_id,emoji_id,codepoint_id,sequence_index) VALUES (5977, 2569, 1172, 1),(5978, 2569, 1183, 2),(5979, 2569, 76, 3),(5980, 2569, 1185, 4);

INSERT INTO emoji (emoji_id,emoji_version_id,emoji_name,emoji_character,emojipedia_url_ext,emojipedia_category,codepoint_string,num_codepoints,hasComponent,hasModifier,hasModifierBase,appearance_differs_flag,unicode_not_recommended) VALUES (2570, 5, 'Merman: Light Skin Tone', '', 'merman-light-skin-tone', NULL, 'U+1F9DCU+1F3FBU+200DU+2642U+FE0F', 5, 1, 1, 1, 0, 0);
INSERT INTO emoji_codepoints (emoji_codepoint_id,emoji_id,codepoint_id,sequence_index) VALUES (5981, 2570, 1172, 1),(5982, 2570, 479, 2),(5983, 2570, 1183, 3),(5984, 2570, 76, 4),(5985, 2570, 1185, 5);

INSERT INTO emoji (emoji_id,emoji_version_id,emoji_name,emoji_character,emojipedia_url_ext,emojipedia_category,codepoint_string,num_codepoints,hasComponent,hasModifier,hasModifierBase,appearance_differs_flag,unicode_not_recommended) VALUES (2571, 5, 'Merman: Medium-Light Skin Tone', '', 'merman-medium-light-skin-tone', NULL, 'U+1F9DCU+1F3FCU+200DU+2642U+FE0F', 5, 1, 1, 1, 0, 0);
INSERT INTO emoji_codepoints (emoji_codepoint_id,emoji_id,codepoint_id,sequence_index) VALUES (5986, 2571, 1172, 1),(5987, 2571, 480, 2),(5988, 2571, 1183, 3),(5989, 2571, 76, 4),(5990, 2571, 1185, 5);

INSERT INTO emoji (emoji_id,emoji_version_id,emoji_name,emoji_character,emojipedia_url_ext,emojipedia_category,codepoint_string,num_codepoints,hasComponent,hasModifier,hasModifierBase,appearance_differs_flag,unicode_not_recommended) VALUES (2572, 5, 'Merman: Medium Skin Tone', '', 'merman-medium-skin-tone', NULL, 'U+1F9DCU+1F3FDU+200DU+2642U+FE0F', 5, 1, 1, 1, 0, 0);
INSERT INTO emoji_codepoints (emoji_codepoint_id,emoji_id,codepoint_id,sequence_index) VALUES (5991, 2572, 1172, 1),(5992, 2572, 481, 2),(5993, 2572, 1183, 3),(5994, 2572, 76, 4),(5995, 2572, 1185, 5);

INSERT INTO emoji (emoji_id,emoji_version_id,emoji_name,emoji_character,emojipedia_url_ext,emojipedia_category,codepoint_string,num_codepoints,hasComponent,hasModifier,hasModifierBase,appearance_differs_flag,unicode_not_recommended) VALUES (2573, 5, 'Merman: Medium-Dark Skin Tone', '', 'merman-medium-dark-skin-tone', NULL, 'U+1F9DCU+1F3FEU+200DU+2642U+FE0F', 5, 1, 1, 1, 0, 0);
INSERT INTO emoji_codepoints (emoji_codepoint_id,emoji_id,codepoint_id,sequence_index) VALUES (5996, 2573, 1172, 1),(5997, 2573, 482, 2),(5998, 2573, 1183, 3),(5999, 2573, 76, 4),(6000, 2573, 1185, 5);

INSERT INTO emoji (emoji_id,emoji_version_id,emoji_name,emoji_character,emojipedia_url_ext,emojipedia_category,codepoint_string,num_codepoints,hasComponent,hasModifier,hasModifierBase,appearance_differs_flag,unicode_not_recommended) VALUES (2574, 5, 'Merman: Dark Skin Tone', '', 'merman-dark-skin-tone', NULL, 'U+1F9DCU+1F3FFU+200DU+2642U+FE0F', 5, 1, 1, 1, 0, 0);
INSERT INTO emoji_codepoints (emoji_codepoint_id,emoji_id,codepoint_id,sequence_index) VALUES (6001, 2574, 1172, 1),(6002, 2574, 483, 2),(6003, 2574, 1183, 3),(6004, 2574, 76, 4),(6005, 2574, 1185, 5);

INSERT INTO emoji (emoji_id,emoji_version_id,emoji_name,emoji_character,emojipedia_url_ext,emojipedia_category,codepoint_string,num_codepoints,hasComponent,hasModifier,hasModifierBase,appearance_differs_flag,unicode_not_recommended) VALUES (2575, 5, 'Elf', '', 'elf', NULL, 'U+1F9DD', 1, 0, 0, 1, 0, 0);
INSERT INTO emoji_codepoints (emoji_codepoint_id,emoji_id,codepoint_id,sequence_index) VALUES (6006, 2575, 1173, 1);

INSERT INTO emoji (emoji_id,emoji_version_id,emoji_name,emoji_character,emojipedia_url_ext,emojipedia_category,codepoint_string,num_codepoints,hasComponent,hasModifier,hasModifierBase,appearance_differs_flag,unicode_not_recommended) VALUES (2576, 5, 'Elf: Light Skin Tone', '', 'elf-light-skin-tone', NULL, 'U+1F9DDU+1F3FB', 2, 1, 1, 1, 0, 0);
INSERT INTO emoji_codepoints (emoji_codepoint_id,emoji_id,codepoint_id,sequence_index) VALUES (6007, 2576, 1173, 1),(6008, 2576, 479, 2);

INSERT INTO emoji (emoji_id,emoji_version_id,emoji_name,emoji_character,emojipedia_url_ext,emojipedia_category,codepoint_string,num_codepoints,hasComponent,hasModifier,hasModifierBase,appearance_differs_flag,unicode_not_recommended) VALUES (2577, 5, 'Elf: Medium-Light Skin Tone', '', 'elf-medium-light-skin-tone', NULL, 'U+1F9DDU+1F3FC', 2, 1, 1, 1, 0, 0);
INSERT INTO emoji_codepoints (emoji_codepoint_id,emoji_id,codepoint_id,sequence_index) VALUES (6009, 2577, 1173, 1),(6010, 2577, 480, 2);

INSERT INTO emoji (emoji_id,emoji_version_id,emoji_name,emoji_character,emojipedia_url_ext,emojipedia_category,codepoint_string,num_codepoints,hasComponent,hasModifier,hasModifierBase,appearance_differs_flag,unicode_not_recommended) VALUES (2578, 5, 'Elf: Medium Skin Tone', '', 'elf-medium-skin-tone', NULL, 'U+1F9DDU+1F3FD', 2, 1, 1, 1, 0, 0);
INSERT INTO emoji_codepoints (emoji_codepoint_id,emoji_id,codepoint_id,sequence_index) VALUES (6011, 2578, 1173, 1),(6012, 2578, 481, 2);

INSERT INTO emoji (emoji_id,emoji_version_id,emoji_name,emoji_character,emojipedia_url_ext,emojipedia_category,codepoint_string,num_codepoints,hasComponent,hasModifier,hasModifierBase,appearance_differs_flag,unicode_not_recommended) VALUES (2579, 5, 'Elf: Medium-Dark Skin Tone', '', 'elf-medium-dark-skin-tone', NULL, 'U+1F9DDU+1F3FE', 2, 1, 1, 1, 0, 0);
INSERT INTO emoji_codepoints (emoji_codepoint_id,emoji_id,codepoint_id,sequence_index) VALUES (6013, 2579, 1173, 1),(6014, 2579, 482, 2);

INSERT INTO emoji (emoji_id,emoji_version_id,emoji_name,emoji_character,emojipedia_url_ext,emojipedia_category,codepoint_string,num_codepoints,hasComponent,hasModifier,hasModifierBase,appearance_differs_flag,unicode_not_recommended) VALUES (2580, 5, 'Elf: Dark Skin Tone', '', 'elf-dark-skin-tone', NULL, 'U+1F9DDU+1F3FF', 2, 1, 1, 1, 0, 0);
INSERT INTO emoji_codepoints (emoji_codepoint_id,emoji_id,codepoint_id,sequence_index) VALUES (6015, 2580, 1173, 1),(6016, 2580, 483, 2);

INSERT INTO emoji (emoji_id,emoji_version_id,emoji_name,emoji_character,emojipedia_url_ext,emojipedia_category,codepoint_string,num_codepoints,hasComponent,hasModifier,hasModifierBase,appearance_differs_flag,unicode_not_recommended) VALUES (2581, 5, 'Woman Elf', '', 'woman-elf', 'people', 'U+1F9DDU+200DU+2640U+FE0F', 4, 1, 0, 1, 0, 0);
INSERT INTO emoji_codepoints (emoji_codepoint_id,emoji_id,codepoint_id,sequence_index) VALUES (6017, 2581, 1173, 1),(6018, 2581, 1183, 2),(6019, 2581, 75, 3),(6020, 2581, 1185, 4);

INSERT INTO emoji (emoji_id,emoji_version_id,emoji_name,emoji_character,emojipedia_url_ext,emojipedia_category,codepoint_string,num_codepoints,hasComponent,hasModifier,hasModifierBase,appearance_differs_flag,unicode_not_recommended) VALUES (2582, 5, 'Woman Elf: Light Skin Tone', '', 'woman-elf-light-skin-tone', NULL, 'U+1F9DDU+1F3FBU+200DU+2640U+FE0F', 5, 1, 1, 1, 0, 0);
INSERT INTO emoji_codepoints (emoji_codepoint_id,emoji_id,codepoint_id,sequence_index) VALUES (6021, 2582, 1173, 1),(6022, 2582, 479, 2),(6023, 2582, 1183, 3),(6024, 2582, 75, 4),(6025, 2582, 1185, 5);

INSERT INTO emoji (emoji_id,emoji_version_id,emoji_name,emoji_character,emojipedia_url_ext,emojipedia_category,codepoint_string,num_codepoints,hasComponent,hasModifier,hasModifierBase,appearance_differs_flag,unicode_not_recommended) VALUES (2583, 5, 'Woman Elf: Medium-Light Skin Tone', '', 'woman-elf-medium-light-skin-tone', NULL, 'U+1F9DDU+1F3FCU+200DU+2640U+FE0F', 5, 1, 1, 1, 0, 0);
INSERT INTO emoji_codepoints (emoji_codepoint_id,emoji_id,codepoint_id,sequence_index) VALUES (6026, 2583, 1173, 1),(6027, 2583, 480, 2),(6028, 2583, 1183, 3),(6029, 2583, 75, 4),(6030, 2583, 1185, 5);

INSERT INTO emoji (emoji_id,emoji_version_id,emoji_name,emoji_character,emojipedia_url_ext,emojipedia_category,codepoint_string,num_codepoints,hasComponent,hasModifier,hasModifierBase,appearance_differs_flag,unicode_not_recommended) VALUES (2584, 5, 'Woman Elf: Medium Skin Tone', '', 'woman-elf-medium-skin-tone', NULL, 'U+1F9DDU+1F3FDU+200DU+2640U+FE0F', 5, 1, 1, 1, 0, 0);
INSERT INTO emoji_codepoints (emoji_codepoint_id,emoji_id,codepoint_id,sequence_index) VALUES (6031, 2584, 1173, 1),(6032, 2584, 481, 2),(6033, 2584, 1183, 3),(6034, 2584, 75, 4),(6035, 2584, 1185, 5);

INSERT INTO emoji (emoji_id,emoji_version_id,emoji_name,emoji_character,emojipedia_url_ext,emojipedia_category,codepoint_string,num_codepoints,hasComponent,hasModifier,hasModifierBase,appearance_differs_flag,unicode_not_recommended) VALUES (2585, 5, 'Woman Elf: Medium-Dark Skin Tone', '', 'woman-elf-medium-dark-skin-tone', NULL, 'U+1F9DDU+1F3FEU+200DU+2640U+FE0F', 5, 1, 1, 1, 0, 0);
INSERT INTO emoji_codepoints (emoji_codepoint_id,emoji_id,codepoint_id,sequence_index) VALUES (6036, 2585, 1173, 1),(6037, 2585, 482, 2),(6038, 2585, 1183, 3),(6039, 2585, 75, 4),(6040, 2585, 1185, 5);

INSERT INTO emoji (emoji_id,emoji_version_id,emoji_name,emoji_character,emojipedia_url_ext,emojipedia_category,codepoint_string,num_codepoints,hasComponent,hasModifier,hasModifierBase,appearance_differs_flag,unicode_not_recommended) VALUES (2586, 5, 'Woman Elf: Dark Skin Tone', '', 'woman-elf-dark-skin-tone', NULL, 'U+1F9DDU+1F3FFU+200DU+2640U+FE0F', 5, 1, 1, 1, 0, 0);
INSERT INTO emoji_codepoints (emoji_codepoint_id,emoji_id,codepoint_id,sequence_index) VALUES (6041, 2586, 1173, 1),(6042, 2586, 483, 2),(6043, 2586, 1183, 3),(6044, 2586, 75, 4),(6045, 2586, 1185, 5);

INSERT INTO emoji (emoji_id,emoji_version_id,emoji_name,emoji_character,emojipedia_url_ext,emojipedia_category,codepoint_string,num_codepoints,hasComponent,hasModifier,hasModifierBase,appearance_differs_flag,unicode_not_recommended) VALUES (2587, 5, 'Man Elf', '', 'man-elf', 'people', 'U+1F9DDU+200DU+2642U+FE0F', 4, 1, 0, 1, 0, 0);
INSERT INTO emoji_codepoints (emoji_codepoint_id,emoji_id,codepoint_id,sequence_index) VALUES (6046, 2587, 1173, 1),(6047, 2587, 1183, 2),(6048, 2587, 76, 3),(6049, 2587, 1185, 4);

INSERT INTO emoji (emoji_id,emoji_version_id,emoji_name,emoji_character,emojipedia_url_ext,emojipedia_category,codepoint_string,num_codepoints,hasComponent,hasModifier,hasModifierBase,appearance_differs_flag,unicode_not_recommended) VALUES (2588, 5, 'Man Elf: Light Skin Tone', '', 'man-elf-light-skin-tone', NULL, 'U+1F9DDU+1F3FBU+200DU+2642U+FE0F', 5, 1, 1, 1, 0, 0);
INSERT INTO emoji_codepoints (emoji_codepoint_id,emoji_id,codepoint_id,sequence_index) VALUES (6050, 2588, 1173, 1),(6051, 2588, 479, 2),(6052, 2588, 1183, 3),(6053, 2588, 76, 4),(6054, 2588, 1185, 5);

INSERT INTO emoji (emoji_id,emoji_version_id,emoji_name,emoji_character,emojipedia_url_ext,emojipedia_category,codepoint_string,num_codepoints,hasComponent,hasModifier,hasModifierBase,appearance_differs_flag,unicode_not_recommended) VALUES (2589, 5, 'Man Elf: Medium-Light Skin Tone', '', 'man-elf-medium-light-skin-tone', NULL, 'U+1F9DDU+1F3FCU+200DU+2642U+FE0F', 5, 1, 1, 1, 0, 0);
INSERT INTO emoji_codepoints (emoji_codepoint_id,emoji_id,codepoint_id,sequence_index) VALUES (6055, 2589, 1173, 1),(6056, 2589, 480, 2),(6057, 2589, 1183, 3),(6058, 2589, 76, 4),(6059, 2589, 1185, 5);

INSERT INTO emoji (emoji_id,emoji_version_id,emoji_name,emoji_character,emojipedia_url_ext,emojipedia_category,codepoint_string,num_codepoints,hasComponent,hasModifier,hasModifierBase,appearance_differs_flag,unicode_not_recommended) VALUES (2590, 5, 'Man Elf: Medium Skin Tone', '', 'man-elf-medium-skin-tone', NULL, 'U+1F9DDU+1F3FDU+200DU+2642U+FE0F', 5, 1, 1, 1, 0, 0);
INSERT INTO emoji_codepoints (emoji_codepoint_id,emoji_id,codepoint_id,sequence_index) VALUES (6060, 2590, 1173, 1),(6061, 2590, 481, 2),(6062, 2590, 1183, 3),(6063, 2590, 76, 4),(6064, 2590, 1185, 5);

INSERT INTO emoji (emoji_id,emoji_version_id,emoji_name,emoji_character,emojipedia_url_ext,emojipedia_category,codepoint_string,num_codepoints,hasComponent,hasModifier,hasModifierBase,appearance_differs_flag,unicode_not_recommended) VALUES (2591, 5, 'Man Elf: Medium-Dark Skin Tone', '', 'man-elf-medium-dark-skin-tone', NULL, 'U+1F9DDU+1F3FEU+200DU+2642U+FE0F', 5, 1, 1, 1, 0, 0);
INSERT INTO emoji_codepoints (emoji_codepoint_id,emoji_id,codepoint_id,sequence_index) VALUES (6065, 2591, 1173, 1),(6066, 2591, 482, 2),(6067, 2591, 1183, 3),(6068, 2591, 76, 4),(6069, 2591, 1185, 5);

INSERT INTO emoji (emoji_id,emoji_version_id,emoji_name,emoji_character,emojipedia_url_ext,emojipedia_category,codepoint_string,num_codepoints,hasComponent,hasModifier,hasModifierBase,appearance_differs_flag,unicode_not_recommended) VALUES (2592, 5, 'Man Elf: Dark Skin Tone', '', 'man-elf-dark-skin-tone', NULL, 'U+1F9DDU+1F3FFU+200DU+2642U+FE0F', 5, 1, 1, 1, 0, 0);
INSERT INTO emoji_codepoints (emoji_codepoint_id,emoji_id,codepoint_id,sequence_index) VALUES (6070, 2592, 1173, 1),(6071, 2592, 483, 2),(6072, 2592, 1183, 3),(6073, 2592, 76, 4),(6074, 2592, 1185, 5);

INSERT INTO emoji (emoji_id,emoji_version_id,emoji_name,emoji_character,emojipedia_url_ext,emojipedia_category,codepoint_string,num_codepoints,hasComponent,hasModifier,hasModifierBase,appearance_differs_flag,unicode_not_recommended) VALUES (2593, 5, 'Genie', '', 'genie', NULL, 'U+1F9DE', 1, 0, 0, 0, 0, 0);
INSERT INTO emoji_codepoints (emoji_codepoint_id,emoji_id,codepoint_id,sequence_index) VALUES (6075, 2593, 1174, 1);

INSERT INTO emoji (emoji_id,emoji_version_id,emoji_name,emoji_character,emojipedia_url_ext,emojipedia_category,codepoint_string,num_codepoints,hasComponent,hasModifier,hasModifierBase,appearance_differs_flag,unicode_not_recommended) VALUES (2594, 5, 'Woman Genie', '', 'woman-genie', 'people', 'U+1F9DEU+200DU+2640U+FE0F', 4, 1, 0, 0, 0, 0);
INSERT INTO emoji_codepoints (emoji_codepoint_id,emoji_id,codepoint_id,sequence_index) VALUES (6076, 2594, 1174, 1),(6077, 2594, 1183, 2),(6078, 2594, 75, 3),(6079, 2594, 1185, 4);

INSERT INTO emoji (emoji_id,emoji_version_id,emoji_name,emoji_character,emojipedia_url_ext,emojipedia_category,codepoint_string,num_codepoints,hasComponent,hasModifier,hasModifierBase,appearance_differs_flag,unicode_not_recommended) VALUES (2595, 5, 'Man Genie', '', 'man-genie', 'people', 'U+1F9DEU+200DU+2642U+FE0F', 4, 1, 0, 0, 0, 0);
INSERT INTO emoji_codepoints (emoji_codepoint_id,emoji_id,codepoint_id,sequence_index) VALUES (6080, 2595, 1174, 1),(6081, 2595, 1183, 2),(6082, 2595, 76, 3),(6083, 2595, 1185, 4);

INSERT INTO emoji (emoji_id,emoji_version_id,emoji_name,emoji_character,emojipedia_url_ext,emojipedia_category,codepoint_string,num_codepoints,hasComponent,hasModifier,hasModifierBase,appearance_differs_flag,unicode_not_recommended) VALUES (2596, 5, 'Zombie', '', 'zombie', NULL, 'U+1F9DF', 1, 0, 0, 0, 0, 0);
INSERT INTO emoji_codepoints (emoji_codepoint_id,emoji_id,codepoint_id,sequence_index) VALUES (6084, 2596, 1175, 1);

INSERT INTO emoji (emoji_id,emoji_version_id,emoji_name,emoji_character,emojipedia_url_ext,emojipedia_category,codepoint_string,num_codepoints,hasComponent,hasModifier,hasModifierBase,appearance_differs_flag,unicode_not_recommended) VALUES (2597, 5, 'Woman Zombie', '', 'woman-zombie', 'people', 'U+1F9DFU+200DU+2640U+FE0F', 4, 1, 0, 0, 0, 0);
INSERT INTO emoji_codepoints (emoji_codepoint_id,emoji_id,codepoint_id,sequence_index) VALUES (6085, 2597, 1175, 1),(6086, 2597, 1183, 2),(6087, 2597, 75, 3),(6088, 2597, 1185, 4);

INSERT INTO emoji (emoji_id,emoji_version_id,emoji_name,emoji_character,emojipedia_url_ext,emojipedia_category,codepoint_string,num_codepoints,hasComponent,hasModifier,hasModifierBase,appearance_differs_flag,unicode_not_recommended) VALUES (2598, 5, 'Man Zombie', '', 'man-zombie', 'people', 'U+1F9DFU+200DU+2642U+FE0F', 4, 1, 0, 0, 0, 0);
INSERT INTO emoji_codepoints (emoji_codepoint_id,emoji_id,codepoint_id,sequence_index) VALUES (6089, 2598, 1175, 1),(6090, 2598, 1183, 2),(6091, 2598, 76, 3),(6092, 2598, 1185, 4);

INSERT INTO emoji (emoji_id,emoji_version_id,emoji_name,emoji_character,emojipedia_url_ext,emojipedia_category,codepoint_string,num_codepoints,hasComponent,hasModifier,hasModifierBase,appearance_differs_flag,unicode_not_recommended) VALUES (2599, 5, 'Person in Steamy Room', '', 'person-in-steamy-room', NULL, 'U+1F9D6', 1, 0, 0, 1, 0, 0);
INSERT INTO emoji_codepoints (emoji_codepoint_id,emoji_id,codepoint_id,sequence_index) VALUES (6093, 2599, 1166, 1);

INSERT INTO emoji (emoji_id,emoji_version_id,emoji_name,emoji_character,emojipedia_url_ext,emojipedia_category,codepoint_string,num_codepoints,hasComponent,hasModifier,hasModifierBase,appearance_differs_flag,unicode_not_recommended) VALUES (2600, 5, 'Person in Steamy Room: Light Skin Tone', '', 'person-in-steamy-room-light-skin-tone', NULL, 'U+1F9D6U+1F3FB', 2, 1, 1, 1, 0, 0);
INSERT INTO emoji_codepoints (emoji_codepoint_id,emoji_id,codepoint_id,sequence_index) VALUES (6094, 2600, 1166, 1),(6095, 2600, 479, 2);

INSERT INTO emoji (emoji_id,emoji_version_id,emoji_name,emoji_character,emojipedia_url_ext,emojipedia_category,codepoint_string,num_codepoints,hasComponent,hasModifier,hasModifierBase,appearance_differs_flag,unicode_not_recommended) VALUES (2601, 5, 'Person in Steamy Room: Medium-Light Skin Tone', '', 'person-in-steamy-room-medium-light-skin-tone', NULL, 'U+1F9D6U+1F3FC', 2, 1, 1, 1, 0, 0);
INSERT INTO emoji_codepoints (emoji_codepoint_id,emoji_id,codepoint_id,sequence_index) VALUES (6096, 2601, 1166, 1),(6097, 2601, 480, 2);

INSERT INTO emoji (emoji_id,emoji_version_id,emoji_name,emoji_character,emojipedia_url_ext,emojipedia_category,codepoint_string,num_codepoints,hasComponent,hasModifier,hasModifierBase,appearance_differs_flag,unicode_not_recommended) VALUES (2602, 5, 'Person in Steamy Room: Medium Skin Tone', '', 'person-in-steamy-room-medium-skin-tone', NULL, 'U+1F9D6U+1F3FD', 2, 1, 1, 1, 0, 0);
INSERT INTO emoji_codepoints (emoji_codepoint_id,emoji_id,codepoint_id,sequence_index) VALUES (6098, 2602, 1166, 1),(6099, 2602, 481, 2);

INSERT INTO emoji (emoji_id,emoji_version_id,emoji_name,emoji_character,emojipedia_url_ext,emojipedia_category,codepoint_string,num_codepoints,hasComponent,hasModifier,hasModifierBase,appearance_differs_flag,unicode_not_recommended) VALUES (2603, 5, 'Person in Steamy Room: Medium-Dark Skin Tone', '', 'person-in-steamy-room-medium-dark-skin-tone', NULL, 'U+1F9D6U+1F3FE', 2, 1, 1, 1, 0, 0);
INSERT INTO emoji_codepoints (emoji_codepoint_id,emoji_id,codepoint_id,sequence_index) VALUES (6100, 2603, 1166, 1),(6101, 2603, 482, 2);

INSERT INTO emoji (emoji_id,emoji_version_id,emoji_name,emoji_character,emojipedia_url_ext,emojipedia_category,codepoint_string,num_codepoints,hasComponent,hasModifier,hasModifierBase,appearance_differs_flag,unicode_not_recommended) VALUES (2604, 5, 'Person in Steamy Room: Dark Skin Tone', '', 'person-in-steamy-room-dark-skin-tone', NULL, 'U+1F9D6U+1F3FF', 2, 1, 1, 1, 0, 0);
INSERT INTO emoji_codepoints (emoji_codepoint_id,emoji_id,codepoint_id,sequence_index) VALUES (6102, 2604, 1166, 1),(6103, 2604, 483, 2);

INSERT INTO emoji (emoji_id,emoji_version_id,emoji_name,emoji_character,emojipedia_url_ext,emojipedia_category,codepoint_string,num_codepoints,hasComponent,hasModifier,hasModifierBase,appearance_differs_flag,unicode_not_recommended) VALUES (2605, 5, 'Woman in Steamy Room', '', 'woman-in-steamy-room', 'people', 'U+1F9D6U+200DU+2640U+FE0F', 4, 1, 0, 1, 0, 0);
INSERT INTO emoji_codepoints (emoji_codepoint_id,emoji_id,codepoint_id,sequence_index) VALUES (6104, 2605, 1166, 1),(6105, 2605, 1183, 2),(6106, 2605, 75, 3),(6107, 2605, 1185, 4);

INSERT INTO emoji (emoji_id,emoji_version_id,emoji_name,emoji_character,emojipedia_url_ext,emojipedia_category,codepoint_string,num_codepoints,hasComponent,hasModifier,hasModifierBase,appearance_differs_flag,unicode_not_recommended) VALUES (2606, 5, 'Woman in Steamy Room: Light Skin Tone', '', 'woman-in-steamy-room-light-skin-tone', NULL, 'U+1F9D6U+1F3FBU+200DU+2640U+FE0F', 5, 1, 1, 1, 0, 0);
INSERT INTO emoji_codepoints (emoji_codepoint_id,emoji_id,codepoint_id,sequence_index) VALUES (6108, 2606, 1166, 1),(6109, 2606, 479, 2),(6110, 2606, 1183, 3),(6111, 2606, 75, 4),(6112, 2606, 1185, 5);

INSERT INTO emoji (emoji_id,emoji_version_id,emoji_name,emoji_character,emojipedia_url_ext,emojipedia_category,codepoint_string,num_codepoints,hasComponent,hasModifier,hasModifierBase,appearance_differs_flag,unicode_not_recommended) VALUES (2607, 5, 'Woman in Steamy Room: Medium-Light Skin Tone', '', 'woman-in-steamy-room-medium-light-skin-tone', NULL, 'U+1F9D6U+1F3FCU+200DU+2640U+FE0F', 5, 1, 1, 1, 0, 0);
INSERT INTO emoji_codepoints (emoji_codepoint_id,emoji_id,codepoint_id,sequence_index) VALUES (6113, 2607, 1166, 1),(6114, 2607, 480, 2),(6115, 2607, 1183, 3),(6116, 2607, 75, 4),(6117, 2607, 1185, 5);

INSERT INTO emoji (emoji_id,emoji_version_id,emoji_name,emoji_character,emojipedia_url_ext,emojipedia_category,codepoint_string,num_codepoints,hasComponent,hasModifier,hasModifierBase,appearance_differs_flag,unicode_not_recommended) VALUES (2608, 5, 'Woman in Steamy Room: Medium Skin Tone', '', 'woman-in-steamy-room-medium-skin-tone', NULL, 'U+1F9D6U+1F3FDU+200DU+2640U+FE0F', 5, 1, 1, 1, 0, 0);
INSERT INTO emoji_codepoints (emoji_codepoint_id,emoji_id,codepoint_id,sequence_index) VALUES (6118, 2608, 1166, 1),(6119, 2608, 481, 2),(6120, 2608, 1183, 3),(6121, 2608, 75, 4),(6122, 2608, 1185, 5);

INSERT INTO emoji (emoji_id,emoji_version_id,emoji_name,emoji_character,emojipedia_url_ext,emojipedia_category,codepoint_string,num_codepoints,hasComponent,hasModifier,hasModifierBase,appearance_differs_flag,unicode_not_recommended) VALUES (2609, 5, 'Woman in Steamy Room: Medium-Dark Skin Tone', '', 'woman-in-steamy-room-medium-dark-skin-tone', NULL, 'U+1F9D6U+1F3FEU+200DU+2640U+FE0F', 5, 1, 1, 1, 0, 0);
INSERT INTO emoji_codepoints (emoji_codepoint_id,emoji_id,codepoint_id,sequence_index) VALUES (6123, 2609, 1166, 1),(6124, 2609, 482, 2),(6125, 2609, 1183, 3),(6126, 2609, 75, 4),(6127, 2609, 1185, 5);

INSERT INTO emoji (emoji_id,emoji_version_id,emoji_name,emoji_character,emojipedia_url_ext,emojipedia_category,codepoint_string,num_codepoints,hasComponent,hasModifier,hasModifierBase,appearance_differs_flag,unicode_not_recommended) VALUES (2610, 5, 'Woman in Steamy Room: Dark Skin Tone', '', 'woman-in-steamy-room-dark-skin-tone', NULL, 'U+1F9D6U+1F3FFU+200DU+2640U+FE0F', 5, 1, 1, 1, 0, 0);
INSERT INTO emoji_codepoints (emoji_codepoint_id,emoji_id,codepoint_id,sequence_index) VALUES (6128, 2610, 1166, 1),(6129, 2610, 483, 2),(6130, 2610, 1183, 3),(6131, 2610, 75, 4),(6132, 2610, 1185, 5);

INSERT INTO emoji (emoji_id,emoji_version_id,emoji_name,emoji_character,emojipedia_url_ext,emojipedia_category,codepoint_string,num_codepoints,hasComponent,hasModifier,hasModifierBase,appearance_differs_flag,unicode_not_recommended) VALUES (2611, 5, 'Man in Steamy Room', '', 'man-in-steamy-room', 'people', 'U+1F9D6U+200DU+2642U+FE0F', 4, 1, 0, 1, 0, 0);
INSERT INTO emoji_codepoints (emoji_codepoint_id,emoji_id,codepoint_id,sequence_index) VALUES (6133, 2611, 1166, 1),(6134, 2611, 1183, 2),(6135, 2611, 76, 3),(6136, 2611, 1185, 4);

INSERT INTO emoji (emoji_id,emoji_version_id,emoji_name,emoji_character,emojipedia_url_ext,emojipedia_category,codepoint_string,num_codepoints,hasComponent,hasModifier,hasModifierBase,appearance_differs_flag,unicode_not_recommended) VALUES (2612, 5, 'Man in Steamy Room: Light Skin Tone', '', 'man-in-steamy-room-light-skin-tone', NULL, 'U+1F9D6U+1F3FBU+200DU+2642U+FE0F', 5, 1, 1, 1, 0, 0);
INSERT INTO emoji_codepoints (emoji_codepoint_id,emoji_id,codepoint_id,sequence_index) VALUES (6137, 2612, 1166, 1),(6138, 2612, 479, 2),(6139, 2612, 1183, 3),(6140, 2612, 76, 4),(6141, 2612, 1185, 5);

INSERT INTO emoji (emoji_id,emoji_version_id,emoji_name,emoji_character,emojipedia_url_ext,emojipedia_category,codepoint_string,num_codepoints,hasComponent,hasModifier,hasModifierBase,appearance_differs_flag,unicode_not_recommended) VALUES (2613, 5, 'Man in Steamy Room: Medium-Light Skin Tone', '', 'man-in-steamy-room-medium-light-skin-tone', NULL, 'U+1F9D6U+1F3FCU+200DU+2642U+FE0F', 5, 1, 1, 1, 0, 0);
INSERT INTO emoji_codepoints (emoji_codepoint_id,emoji_id,codepoint_id,sequence_index) VALUES (6142, 2613, 1166, 1),(6143, 2613, 480, 2),(6144, 2613, 1183, 3),(6145, 2613, 76, 4),(6146, 2613, 1185, 5);

INSERT INTO emoji (emoji_id,emoji_version_id,emoji_name,emoji_character,emojipedia_url_ext,emojipedia_category,codepoint_string,num_codepoints,hasComponent,hasModifier,hasModifierBase,appearance_differs_flag,unicode_not_recommended) VALUES (2614, 5, 'Man in Steamy Room: Medium Skin Tone', '', 'man-in-steamy-room-medium-skin-tone', NULL, 'U+1F9D6U+1F3FDU+200DU+2642U+FE0F', 5, 1, 1, 1, 0, 0);
INSERT INTO emoji_codepoints (emoji_codepoint_id,emoji_id,codepoint_id,sequence_index) VALUES (6147, 2614, 1166, 1),(6148, 2614, 481, 2),(6149, 2614, 1183, 3),(6150, 2614, 76, 4),(6151, 2614, 1185, 5);

INSERT INTO emoji (emoji_id,emoji_version_id,emoji_name,emoji_character,emojipedia_url_ext,emojipedia_category,codepoint_string,num_codepoints,hasComponent,hasModifier,hasModifierBase,appearance_differs_flag,unicode_not_recommended) VALUES (2615, 5, 'Man in Steamy Room: Medium-Dark Skin Tone', '', 'man-in-steamy-room-medium-dark-skin-tone', NULL, 'U+1F9D6U+1F3FEU+200DU+2642U+FE0F', 5, 1, 1, 1, 0, 0);
INSERT INTO emoji_codepoints (emoji_codepoint_id,emoji_id,codepoint_id,sequence_index) VALUES (6152, 2615, 1166, 1),(6153, 2615, 482, 2),(6154, 2615, 1183, 3),(6155, 2615, 76, 4),(6156, 2615, 1185, 5);

INSERT INTO emoji (emoji_id,emoji_version_id,emoji_name,emoji_character,emojipedia_url_ext,emojipedia_category,codepoint_string,num_codepoints,hasComponent,hasModifier,hasModifierBase,appearance_differs_flag,unicode_not_recommended) VALUES (2616, 5, 'Man in Steamy Room: Dark Skin Tone', '', 'man-in-steamy-room-dark-skin-tone', NULL, 'U+1F9D6U+1F3FFU+200DU+2642U+FE0F', 5, 1, 1, 1, 0, 0);
INSERT INTO emoji_codepoints (emoji_codepoint_id,emoji_id,codepoint_id,sequence_index) VALUES (6157, 2616, 1166, 1),(6158, 2616, 483, 2),(6159, 2616, 1183, 3),(6160, 2616, 76, 4),(6161, 2616, 1185, 5);

INSERT INTO emoji (emoji_id,emoji_version_id,emoji_name,emoji_character,emojipedia_url_ext,emojipedia_category,codepoint_string,num_codepoints,hasComponent,hasModifier,hasModifierBase,appearance_differs_flag,unicode_not_recommended) VALUES (2617, 5, 'Person Climbing', '', 'person-climbing', NULL, 'U+1F9D7', 1, 0, 0, 1, 0, 0);
INSERT INTO emoji_codepoints (emoji_codepoint_id,emoji_id,codepoint_id,sequence_index) VALUES (6162, 2617, 1167, 1);

INSERT INTO emoji (emoji_id,emoji_version_id,emoji_name,emoji_character,emojipedia_url_ext,emojipedia_category,codepoint_string,num_codepoints,hasComponent,hasModifier,hasModifierBase,appearance_differs_flag,unicode_not_recommended) VALUES (2618, 5, 'Person Climbing: Light Skin Tone', '', 'person-climbing-light-skin-tone', NULL, 'U+1F9D7U+1F3FB', 2, 1, 1, 1, 0, 0);
INSERT INTO emoji_codepoints (emoji_codepoint_id,emoji_id,codepoint_id,sequence_index) VALUES (6163, 2618, 1167, 1),(6164, 2618, 479, 2);

INSERT INTO emoji (emoji_id,emoji_version_id,emoji_name,emoji_character,emojipedia_url_ext,emojipedia_category,codepoint_string,num_codepoints,hasComponent,hasModifier,hasModifierBase,appearance_differs_flag,unicode_not_recommended) VALUES (2619, 5, 'Person Climbing: Medium-Light Skin Tone', '', 'person-climbing-medium-light-skin-tone', NULL, 'U+1F9D7U+1F3FC', 2, 1, 1, 1, 0, 0);
INSERT INTO emoji_codepoints (emoji_codepoint_id,emoji_id,codepoint_id,sequence_index) VALUES (6165, 2619, 1167, 1),(6166, 2619, 480, 2);

INSERT INTO emoji (emoji_id,emoji_version_id,emoji_name,emoji_character,emojipedia_url_ext,emojipedia_category,codepoint_string,num_codepoints,hasComponent,hasModifier,hasModifierBase,appearance_differs_flag,unicode_not_recommended) VALUES (2620, 5, 'Person Climbing: Medium Skin Tone', '', 'person-climbing-medium-skin-tone', NULL, 'U+1F9D7U+1F3FD', 2, 1, 1, 1, 0, 0);
INSERT INTO emoji_codepoints (emoji_codepoint_id,emoji_id,codepoint_id,sequence_index) VALUES (6167, 2620, 1167, 1),(6168, 2620, 481, 2);

INSERT INTO emoji (emoji_id,emoji_version_id,emoji_name,emoji_character,emojipedia_url_ext,emojipedia_category,codepoint_string,num_codepoints,hasComponent,hasModifier,hasModifierBase,appearance_differs_flag,unicode_not_recommended) VALUES (2621, 5, 'Person Climbing: Medium-Dark Skin Tone', '', 'person-climbing-medium-dark-skin-tone', NULL, 'U+1F9D7U+1F3FE', 2, 1, 1, 1, 0, 0);
INSERT INTO emoji_codepoints (emoji_codepoint_id,emoji_id,codepoint_id,sequence_index) VALUES (6169, 2621, 1167, 1),(6170, 2621, 482, 2);

INSERT INTO emoji (emoji_id,emoji_version_id,emoji_name,emoji_character,emojipedia_url_ext,emojipedia_category,codepoint_string,num_codepoints,hasComponent,hasModifier,hasModifierBase,appearance_differs_flag,unicode_not_recommended) VALUES (2622, 5, 'Person Climbing: Dark Skin Tone', '', 'person-climbing-dark-skin-tone', NULL, 'U+1F9D7U+1F3FF', 2, 1, 1, 1, 0, 0);
INSERT INTO emoji_codepoints (emoji_codepoint_id,emoji_id,codepoint_id,sequence_index) VALUES (6171, 2622, 1167, 1),(6172, 2622, 483, 2);

INSERT INTO emoji (emoji_id,emoji_version_id,emoji_name,emoji_character,emojipedia_url_ext,emojipedia_category,codepoint_string,num_codepoints,hasComponent,hasModifier,hasModifierBase,appearance_differs_flag,unicode_not_recommended) VALUES (2623, 5, 'Woman Climbing', '', 'woman-climbing', 'activity', 'U+1F9D7U+200DU+2640U+FE0F', 4, 1, 0, 1, 0, 0);
INSERT INTO emoji_codepoints (emoji_codepoint_id,emoji_id,codepoint_id,sequence_index) VALUES (6173, 2623, 1167, 1),(6174, 2623, 1183, 2),(6175, 2623, 75, 3),(6176, 2623, 1185, 4);

INSERT INTO emoji (emoji_id,emoji_version_id,emoji_name,emoji_character,emojipedia_url_ext,emojipedia_category,codepoint_string,num_codepoints,hasComponent,hasModifier,hasModifierBase,appearance_differs_flag,unicode_not_recommended) VALUES (2624, 5, 'Woman Climbing: Light Skin Tone', '', 'woman-climbing-light-skin-tone', NULL, 'U+1F9D7U+1F3FBU+200DU+2640U+FE0F', 5, 1, 1, 1, 0, 0);
INSERT INTO emoji_codepoints (emoji_codepoint_id,emoji_id,codepoint_id,sequence_index) VALUES (6177, 2624, 1167, 1),(6178, 2624, 479, 2),(6179, 2624, 1183, 3),(6180, 2624, 75, 4),(6181, 2624, 1185, 5);

INSERT INTO emoji (emoji_id,emoji_version_id,emoji_name,emoji_character,emojipedia_url_ext,emojipedia_category,codepoint_string,num_codepoints,hasComponent,hasModifier,hasModifierBase,appearance_differs_flag,unicode_not_recommended) VALUES (2625, 5, 'Woman Climbing: Medium-Light Skin Tone', '', 'woman-climbing-medium-light-skin-tone', NULL, 'U+1F9D7U+1F3FCU+200DU+2640U+FE0F', 5, 1, 1, 1, 0, 0);
INSERT INTO emoji_codepoints (emoji_codepoint_id,emoji_id,codepoint_id,sequence_index) VALUES (6182, 2625, 1167, 1),(6183, 2625, 480, 2),(6184, 2625, 1183, 3),(6185, 2625, 75, 4),(6186, 2625, 1185, 5);

INSERT INTO emoji (emoji_id,emoji_version_id,emoji_name,emoji_character,emojipedia_url_ext,emojipedia_category,codepoint_string,num_codepoints,hasComponent,hasModifier,hasModifierBase,appearance_differs_flag,unicode_not_recommended) VALUES (2626, 5, 'Woman Climbing: Medium Skin Tone', '', 'woman-climbing-medium-skin-tone', NULL, 'U+1F9D7U+1F3FDU+200DU+2640U+FE0F', 5, 1, 1, 1, 0, 0);
INSERT INTO emoji_codepoints (emoji_codepoint_id,emoji_id,codepoint_id,sequence_index) VALUES (6187, 2626, 1167, 1),(6188, 2626, 481, 2),(6189, 2626, 1183, 3),(6190, 2626, 75, 4),(6191, 2626, 1185, 5);

INSERT INTO emoji (emoji_id,emoji_version_id,emoji_name,emoji_character,emojipedia_url_ext,emojipedia_category,codepoint_string,num_codepoints,hasComponent,hasModifier,hasModifierBase,appearance_differs_flag,unicode_not_recommended) VALUES (2627, 5, 'Woman Climbing: Medium-Dark Skin Tone', '', 'woman-climbing-medium-dark-skin-tone', NULL, 'U+1F9D7U+1F3FEU+200DU+2640U+FE0F', 5, 1, 1, 1, 0, 0);
INSERT INTO emoji_codepoints (emoji_codepoint_id,emoji_id,codepoint_id,sequence_index) VALUES (6192, 2627, 1167, 1),(6193, 2627, 482, 2),(6194, 2627, 1183, 3),(6195, 2627, 75, 4),(6196, 2627, 1185, 5);

INSERT INTO emoji (emoji_id,emoji_version_id,emoji_name,emoji_character,emojipedia_url_ext,emojipedia_category,codepoint_string,num_codepoints,hasComponent,hasModifier,hasModifierBase,appearance_differs_flag,unicode_not_recommended) VALUES (2628, 5, 'Woman Climbing: Dark Skin Tone', '', 'woman-climbing-dark-skin-tone', NULL, 'U+1F9D7U+1F3FFU+200DU+2640U+FE0F', 5, 1, 1, 1, 0, 0);
INSERT INTO emoji_codepoints (emoji_codepoint_id,emoji_id,codepoint_id,sequence_index) VALUES (6197, 2628, 1167, 1),(6198, 2628, 483, 2),(6199, 2628, 1183, 3),(6200, 2628, 75, 4),(6201, 2628, 1185, 5);

INSERT INTO emoji (emoji_id,emoji_version_id,emoji_name,emoji_character,emojipedia_url_ext,emojipedia_category,codepoint_string,num_codepoints,hasComponent,hasModifier,hasModifierBase,appearance_differs_flag,unicode_not_recommended) VALUES (2629, 5, 'Man Climbing', '', 'man-climbing', 'activity', 'U+1F9D7U+200DU+2642U+FE0F', 4, 1, 0, 1, 0, 0);
INSERT INTO emoji_codepoints (emoji_codepoint_id,emoji_id,codepoint_id,sequence_index) VALUES (6202, 2629, 1167, 1),(6203, 2629, 1183, 2),(6204, 2629, 76, 3),(6205, 2629, 1185, 4);

INSERT INTO emoji (emoji_id,emoji_version_id,emoji_name,emoji_character,emojipedia_url_ext,emojipedia_category,codepoint_string,num_codepoints,hasComponent,hasModifier,hasModifierBase,appearance_differs_flag,unicode_not_recommended) VALUES (2630, 5, 'Man Climbing: Light Skin Tone', '', 'man-climbing-light-skin-tone', NULL, 'U+1F9D7U+1F3FBU+200DU+2642U+FE0F', 5, 1, 1, 1, 0, 0);
INSERT INTO emoji_codepoints (emoji_codepoint_id,emoji_id,codepoint_id,sequence_index) VALUES (6206, 2630, 1167, 1),(6207, 2630, 479, 2),(6208, 2630, 1183, 3),(6209, 2630, 76, 4),(6210, 2630, 1185, 5);

INSERT INTO emoji (emoji_id,emoji_version_id,emoji_name,emoji_character,emojipedia_url_ext,emojipedia_category,codepoint_string,num_codepoints,hasComponent,hasModifier,hasModifierBase,appearance_differs_flag,unicode_not_recommended) VALUES (2631, 5, 'Man Climbing: Medium-Light Skin Tone', '', 'man-climbing-medium-light-skin-tone', NULL, 'U+1F9D7U+1F3FCU+200DU+2642U+FE0F', 5, 1, 1, 1, 0, 0);
INSERT INTO emoji_codepoints (emoji_codepoint_id,emoji_id,codepoint_id,sequence_index) VALUES (6211, 2631, 1167, 1),(6212, 2631, 480, 2),(6213, 2631, 1183, 3),(6214, 2631, 76, 4),(6215, 2631, 1185, 5);

INSERT INTO emoji (emoji_id,emoji_version_id,emoji_name,emoji_character,emojipedia_url_ext,emojipedia_category,codepoint_string,num_codepoints,hasComponent,hasModifier,hasModifierBase,appearance_differs_flag,unicode_not_recommended) VALUES (2632, 5, 'Man Climbing: Medium Skin Tone', '', 'man-climbing-medium-skin-tone', NULL, 'U+1F9D7U+1F3FDU+200DU+2642U+FE0F', 5, 1, 1, 1, 0, 0);
INSERT INTO emoji_codepoints (emoji_codepoint_id,emoji_id,codepoint_id,sequence_index) VALUES (6216, 2632, 1167, 1),(6217, 2632, 481, 2),(6218, 2632, 1183, 3),(6219, 2632, 76, 4),(6220, 2632, 1185, 5);

INSERT INTO emoji (emoji_id,emoji_version_id,emoji_name,emoji_character,emojipedia_url_ext,emojipedia_category,codepoint_string,num_codepoints,hasComponent,hasModifier,hasModifierBase,appearance_differs_flag,unicode_not_recommended) VALUES (2633, 5, 'Man Climbing: Medium-Dark Skin Tone', '', 'man-climbing-medium-dark-skin-tone', NULL, 'U+1F9D7U+1F3FEU+200DU+2642U+FE0F', 5, 1, 1, 1, 0, 0);
INSERT INTO emoji_codepoints (emoji_codepoint_id,emoji_id,codepoint_id,sequence_index) VALUES (6221, 2633, 1167, 1),(6222, 2633, 482, 2),(6223, 2633, 1183, 3),(6224, 2633, 76, 4),(6225, 2633, 1185, 5);

INSERT INTO emoji (emoji_id,emoji_version_id,emoji_name,emoji_character,emojipedia_url_ext,emojipedia_category,codepoint_string,num_codepoints,hasComponent,hasModifier,hasModifierBase,appearance_differs_flag,unicode_not_recommended) VALUES (2634, 5, 'Man Climbing: Dark Skin Tone', '', 'man-climbing-dark-skin-tone', NULL, 'U+1F9D7U+1F3FFU+200DU+2642U+FE0F', 5, 1, 1, 1, 0, 0);
INSERT INTO emoji_codepoints (emoji_codepoint_id,emoji_id,codepoint_id,sequence_index) VALUES (6226, 2634, 1167, 1),(6227, 2634, 483, 2),(6228, 2634, 1183, 3),(6229, 2634, 76, 4),(6230, 2634, 1185, 5);

INSERT INTO emoji (emoji_id,emoji_version_id,emoji_name,emoji_character,emojipedia_url_ext,emojipedia_category,codepoint_string,num_codepoints,hasComponent,hasModifier,hasModifierBase,appearance_differs_flag,unicode_not_recommended) VALUES (2635, 5, 'Person in Lotus Position', '', 'person-in-lotus-position', NULL, 'U+1F9D8', 1, 0, 0, 1, 0, 0);
INSERT INTO emoji_codepoints (emoji_codepoint_id,emoji_id,codepoint_id,sequence_index) VALUES (6231, 2635, 1168, 1);

INSERT INTO emoji (emoji_id,emoji_version_id,emoji_name,emoji_character,emojipedia_url_ext,emojipedia_category,codepoint_string,num_codepoints,hasComponent,hasModifier,hasModifierBase,appearance_differs_flag,unicode_not_recommended) VALUES (2636, 5, 'Person in Lotus Position: Light Skin Tone', '', 'person-in-lotus-position-light-skin-tone', NULL, 'U+1F9D8U+1F3FB', 2, 1, 1, 1, 0, 0);
INSERT INTO emoji_codepoints (emoji_codepoint_id,emoji_id,codepoint_id,sequence_index) VALUES (6232, 2636, 1168, 1),(6233, 2636, 479, 2);

INSERT INTO emoji (emoji_id,emoji_version_id,emoji_name,emoji_character,emojipedia_url_ext,emojipedia_category,codepoint_string,num_codepoints,hasComponent,hasModifier,hasModifierBase,appearance_differs_flag,unicode_not_recommended) VALUES (2637, 5, 'Person in Lotus Position: Medium-Light Skin Tone', '', 'person-in-lotus-position-medium-light-skin-tone', NULL, 'U+1F9D8U+1F3FC', 2, 1, 1, 1, 0, 0);
INSERT INTO emoji_codepoints (emoji_codepoint_id,emoji_id,codepoint_id,sequence_index) VALUES (6234, 2637, 1168, 1),(6235, 2637, 480, 2);

INSERT INTO emoji (emoji_id,emoji_version_id,emoji_name,emoji_character,emojipedia_url_ext,emojipedia_category,codepoint_string,num_codepoints,hasComponent,hasModifier,hasModifierBase,appearance_differs_flag,unicode_not_recommended) VALUES (2638, 5, 'Person in Lotus Position: Medium Skin Tone', '', 'person-in-lotus-position-medium-skin-tone', NULL, 'U+1F9D8U+1F3FD', 2, 1, 1, 1, 0, 0);
INSERT INTO emoji_codepoints (emoji_codepoint_id,emoji_id,codepoint_id,sequence_index) VALUES (6236, 2638, 1168, 1),(6237, 2638, 481, 2);

INSERT INTO emoji (emoji_id,emoji_version_id,emoji_name,emoji_character,emojipedia_url_ext,emojipedia_category,codepoint_string,num_codepoints,hasComponent,hasModifier,hasModifierBase,appearance_differs_flag,unicode_not_recommended) VALUES (2639, 5, 'Person in Lotus Position: Medium-Dark Skin Tone', '', 'person-in-lotus-position-medium-dark-skin-tone', NULL, 'U+1F9D8U+1F3FE', 2, 1, 1, 1, 0, 0);
INSERT INTO emoji_codepoints (emoji_codepoint_id,emoji_id,codepoint_id,sequence_index) VALUES (6238, 2639, 1168, 1),(6239, 2639, 482, 2);

INSERT INTO emoji (emoji_id,emoji_version_id,emoji_name,emoji_character,emojipedia_url_ext,emojipedia_category,codepoint_string,num_codepoints,hasComponent,hasModifier,hasModifierBase,appearance_differs_flag,unicode_not_recommended) VALUES (2640, 5, 'Person in Lotus Position: Dark Skin Tone', '', 'person-in-lotus-position-dark-skin-tone', NULL, 'U+1F9D8U+1F3FF', 2, 1, 1, 1, 0, 0);
INSERT INTO emoji_codepoints (emoji_codepoint_id,emoji_id,codepoint_id,sequence_index) VALUES (6240, 2640, 1168, 1),(6241, 2640, 483, 2);

INSERT INTO emoji (emoji_id,emoji_version_id,emoji_name,emoji_character,emojipedia_url_ext,emojipedia_category,codepoint_string,num_codepoints,hasComponent,hasModifier,hasModifierBase,appearance_differs_flag,unicode_not_recommended) VALUES (2641, 5, 'Woman in Lotus Position', '', 'woman-in-lotus-position', 'activity', 'U+1F9D8U+200DU+2640U+FE0F', 4, 1, 0, 1, 0, 0);
INSERT INTO emoji_codepoints (emoji_codepoint_id,emoji_id,codepoint_id,sequence_index) VALUES (6242, 2641, 1168, 1),(6243, 2641, 1183, 2),(6244, 2641, 75, 3),(6245, 2641, 1185, 4);

INSERT INTO emoji (emoji_id,emoji_version_id,emoji_name,emoji_character,emojipedia_url_ext,emojipedia_category,codepoint_string,num_codepoints,hasComponent,hasModifier,hasModifierBase,appearance_differs_flag,unicode_not_recommended) VALUES (2642, 5, 'Woman in Lotus Position: Light Skin Tone', '', 'woman-in-lotus-position-light-skin-tone', NULL, 'U+1F9D8U+1F3FBU+200DU+2640U+FE0F', 5, 1, 1, 1, 0, 0);
INSERT INTO emoji_codepoints (emoji_codepoint_id,emoji_id,codepoint_id,sequence_index) VALUES (6246, 2642, 1168, 1),(6247, 2642, 479, 2),(6248, 2642, 1183, 3),(6249, 2642, 75, 4),(6250, 2642, 1185, 5);

INSERT INTO emoji (emoji_id,emoji_version_id,emoji_name,emoji_character,emojipedia_url_ext,emojipedia_category,codepoint_string,num_codepoints,hasComponent,hasModifier,hasModifierBase,appearance_differs_flag,unicode_not_recommended) VALUES (2643, 5, 'Woman in Lotus Position: Medium-Light Skin Tone', '', 'woman-in-lotus-position-medium-light-skin-tone', NULL, 'U+1F9D8U+1F3FCU+200DU+2640U+FE0F', 5, 1, 1, 1, 0, 0);
INSERT INTO emoji_codepoints (emoji_codepoint_id,emoji_id,codepoint_id,sequence_index) VALUES (6251, 2643, 1168, 1),(6252, 2643, 480, 2),(6253, 2643, 1183, 3),(6254, 2643, 75, 4),(6255, 2643, 1185, 5);

INSERT INTO emoji (emoji_id,emoji_version_id,emoji_name,emoji_character,emojipedia_url_ext,emojipedia_category,codepoint_string,num_codepoints,hasComponent,hasModifier,hasModifierBase,appearance_differs_flag,unicode_not_recommended) VALUES (2644, 5, 'Woman in Lotus Position: Medium Skin Tone', '', 'woman-in-lotus-position-medium-skin-tone', NULL, 'U+1F9D8U+1F3FDU+200DU+2640U+FE0F', 5, 1, 1, 1, 0, 0);
INSERT INTO emoji_codepoints (emoji_codepoint_id,emoji_id,codepoint_id,sequence_index) VALUES (6256, 2644, 1168, 1),(6257, 2644, 481, 2),(6258, 2644, 1183, 3),(6259, 2644, 75, 4),(6260, 2644, 1185, 5);

INSERT INTO emoji (emoji_id,emoji_version_id,emoji_name,emoji_character,emojipedia_url_ext,emojipedia_category,codepoint_string,num_codepoints,hasComponent,hasModifier,hasModifierBase,appearance_differs_flag,unicode_not_recommended) VALUES (2645, 5, 'Woman in Lotus Position: Medium-Dark Skin Tone', '', 'woman-in-lotus-position-medium-dark-skin-tone', NULL, 'U+1F9D8U+1F3FEU+200DU+2640U+FE0F', 5, 1, 1, 1, 0, 0);
INSERT INTO emoji_codepoints (emoji_codepoint_id,emoji_id,codepoint_id,sequence_index) VALUES (6261, 2645, 1168, 1),(6262, 2645, 482, 2),(6263, 2645, 1183, 3),(6264, 2645, 75, 4),(6265, 2645, 1185, 5);

INSERT INTO emoji (emoji_id,emoji_version_id,emoji_name,emoji_character,emojipedia_url_ext,emojipedia_category,codepoint_string,num_codepoints,hasComponent,hasModifier,hasModifierBase,appearance_differs_flag,unicode_not_recommended) VALUES (2646, 5, 'Woman in Lotus Position: Dark Skin Tone', '', 'woman-in-lotus-position-dark-skin-tone', NULL, 'U+1F9D8U+1F3FFU+200DU+2640U+FE0F', 5, 1, 1, 1, 0, 0);
INSERT INTO emoji_codepoints (emoji_codepoint_id,emoji_id,codepoint_id,sequence_index) VALUES (6266, 2646, 1168, 1),(6267, 2646, 483, 2),(6268, 2646, 1183, 3),(6269, 2646, 75, 4),(6270, 2646, 1185, 5);

INSERT INTO emoji (emoji_id,emoji_version_id,emoji_name,emoji_character,emojipedia_url_ext,emojipedia_category,codepoint_string,num_codepoints,hasComponent,hasModifier,hasModifierBase,appearance_differs_flag,unicode_not_recommended) VALUES (2647, 5, 'Man in Lotus Position', '', 'man-in-lotus-position', 'activity', 'U+1F9D8U+200DU+2642U+FE0F', 4, 1, 0, 1, 0, 0);
INSERT INTO emoji_codepoints (emoji_codepoint_id,emoji_id,codepoint_id,sequence_index) VALUES (6271, 2647, 1168, 1),(6272, 2647, 1183, 2),(6273, 2647, 76, 3),(6274, 2647, 1185, 4);

INSERT INTO emoji (emoji_id,emoji_version_id,emoji_name,emoji_character,emojipedia_url_ext,emojipedia_category,codepoint_string,num_codepoints,hasComponent,hasModifier,hasModifierBase,appearance_differs_flag,unicode_not_recommended) VALUES (2648, 5, 'Man in Lotus Position: Light Skin Tone', '', 'man-in-lotus-position-light-skin-tone', NULL, 'U+1F9D8U+1F3FBU+200DU+2642U+FE0F', 5, 1, 1, 1, 0, 0);
INSERT INTO emoji_codepoints (emoji_codepoint_id,emoji_id,codepoint_id,sequence_index) VALUES (6275, 2648, 1168, 1),(6276, 2648, 479, 2),(6277, 2648, 1183, 3),(6278, 2648, 76, 4),(6279, 2648, 1185, 5);

INSERT INTO emoji (emoji_id,emoji_version_id,emoji_name,emoji_character,emojipedia_url_ext,emojipedia_category,codepoint_string,num_codepoints,hasComponent,hasModifier,hasModifierBase,appearance_differs_flag,unicode_not_recommended) VALUES (2649, 5, 'Man in Lotus Position: Medium-Light Skin Tone', '', 'man-in-lotus-position-medium-light-skin-tone', NULL, 'U+1F9D8U+1F3FCU+200DU+2642U+FE0F', 5, 1, 1, 1, 0, 0);
INSERT INTO emoji_codepoints (emoji_codepoint_id,emoji_id,codepoint_id,sequence_index) VALUES (6280, 2649, 1168, 1),(6281, 2649, 480, 2),(6282, 2649, 1183, 3),(6283, 2649, 76, 4),(6284, 2649, 1185, 5);

INSERT INTO emoji (emoji_id,emoji_version_id,emoji_name,emoji_character,emojipedia_url_ext,emojipedia_category,codepoint_string,num_codepoints,hasComponent,hasModifier,hasModifierBase,appearance_differs_flag,unicode_not_recommended) VALUES (2650, 5, 'Man in Lotus Position: Medium Skin Tone', '', 'man-in-lotus-position-medium-skin-tone', NULL, 'U+1F9D8U+1F3FDU+200DU+2642U+FE0F', 5, 1, 1, 1, 0, 0);
INSERT INTO emoji_codepoints (emoji_codepoint_id,emoji_id,codepoint_id,sequence_index) VALUES (6285, 2650, 1168, 1),(6286, 2650, 481, 2),(6287, 2650, 1183, 3),(6288, 2650, 76, 4),(6289, 2650, 1185, 5);

INSERT INTO emoji (emoji_id,emoji_version_id,emoji_name,emoji_character,emojipedia_url_ext,emojipedia_category,codepoint_string,num_codepoints,hasComponent,hasModifier,hasModifierBase,appearance_differs_flag,unicode_not_recommended) VALUES (2651, 5, 'Man in Lotus Position: Medium-Dark Skin Tone', '', 'man-in-lotus-position-medium-dark-skin-tone', NULL, 'U+1F9D8U+1F3FEU+200DU+2642U+FE0F', 5, 1, 1, 1, 0, 0);
INSERT INTO emoji_codepoints (emoji_codepoint_id,emoji_id,codepoint_id,sequence_index) VALUES (6290, 2651, 1168, 1),(6291, 2651, 482, 2),(6292, 2651, 1183, 3),(6293, 2651, 76, 4),(6294, 2651, 1185, 5);

INSERT INTO emoji (emoji_id,emoji_version_id,emoji_name,emoji_character,emojipedia_url_ext,emojipedia_category,codepoint_string,num_codepoints,hasComponent,hasModifier,hasModifierBase,appearance_differs_flag,unicode_not_recommended) VALUES (2652, 5, 'Man in Lotus Position: Dark Skin Tone', '', 'man-in-lotus-position-dark-skin-tone', NULL, 'U+1F9D8U+1F3FFU+200DU+2642U+FE0F', 5, 1, 1, 1, 0, 0);
INSERT INTO emoji_codepoints (emoji_codepoint_id,emoji_id,codepoint_id,sequence_index) VALUES (6295, 2652, 1168, 1),(6296, 2652, 483, 2),(6297, 2652, 1183, 3),(6298, 2652, 76, 4),(6299, 2652, 1185, 5);

INSERT INTO emoji (emoji_id,emoji_version_id,emoji_name,emoji_character,emojipedia_url_ext,emojipedia_category,codepoint_string,num_codepoints,hasComponent,hasModifier,hasModifierBase,appearance_differs_flag,unicode_not_recommended) VALUES (2653, 5, 'Love-You Gesture', '', 'i-love-you-hand-sign', 'people', 'U+1F91F', 1, 0, 0, 1, 0, 0);
INSERT INTO emoji_codepoints (emoji_codepoint_id,emoji_id,codepoint_id,sequence_index) VALUES (6300, 2653, 1064, 1);

INSERT INTO emoji (emoji_id,emoji_version_id,emoji_name,emoji_character,emojipedia_url_ext,emojipedia_category,codepoint_string,num_codepoints,hasComponent,hasModifier,hasModifierBase,appearance_differs_flag,unicode_not_recommended) VALUES (2654, 5, 'Love-You Gesture: Light Skin Tone', '', 'love-you-gesture-light-skin-tone', NULL, 'U+1F91FU+1F3FB', 2, 1, 1, 1, 0, 0);
INSERT INTO emoji_codepoints (emoji_codepoint_id,emoji_id,codepoint_id,sequence_index) VALUES (6301, 2654, 1064, 1),(6302, 2654, 479, 2);

INSERT INTO emoji (emoji_id,emoji_version_id,emoji_name,emoji_character,emojipedia_url_ext,emojipedia_category,codepoint_string,num_codepoints,hasComponent,hasModifier,hasModifierBase,appearance_differs_flag,unicode_not_recommended) VALUES (2655, 5, 'Love-You Gesture: Medium-Light Skin Tone', '', 'love-you-gesture-medium-light-skin-tone', NULL, 'U+1F91FU+1F3FC', 2, 1, 1, 1, 0, 0);
INSERT INTO emoji_codepoints (emoji_codepoint_id,emoji_id,codepoint_id,sequence_index) VALUES (6303, 2655, 1064, 1),(6304, 2655, 480, 2);

INSERT INTO emoji (emoji_id,emoji_version_id,emoji_name,emoji_character,emojipedia_url_ext,emojipedia_category,codepoint_string,num_codepoints,hasComponent,hasModifier,hasModifierBase,appearance_differs_flag,unicode_not_recommended) VALUES (2656, 5, 'Love-You Gesture: Medium Skin Tone', '', 'love-you-gesture-medium-skin-tone', NULL, 'U+1F91FU+1F3FD', 2, 1, 1, 1, 0, 0);
INSERT INTO emoji_codepoints (emoji_codepoint_id,emoji_id,codepoint_id,sequence_index) VALUES (6305, 2656, 1064, 1),(6306, 2656, 481, 2);

INSERT INTO emoji (emoji_id,emoji_version_id,emoji_name,emoji_character,emojipedia_url_ext,emojipedia_category,codepoint_string,num_codepoints,hasComponent,hasModifier,hasModifierBase,appearance_differs_flag,unicode_not_recommended) VALUES (2657, 5, 'Love-You Gesture: Medium-Dark Skin Tone', '', 'love-you-gesture-medium-dark-skin-tone', NULL, 'U+1F91FU+1F3FE', 2, 1, 1, 1, 0, 0);
INSERT INTO emoji_codepoints (emoji_codepoint_id,emoji_id,codepoint_id,sequence_index) VALUES (6307, 2657, 1064, 1),(6308, 2657, 482, 2);

INSERT INTO emoji (emoji_id,emoji_version_id,emoji_name,emoji_character,emojipedia_url_ext,emojipedia_category,codepoint_string,num_codepoints,hasComponent,hasModifier,hasModifierBase,appearance_differs_flag,unicode_not_recommended) VALUES (2658, 5, 'Love-You Gesture: Dark Skin Tone', '', 'love-you-gesture-dark-skin-tone', NULL, 'U+1F91FU+1F3FF', 2, 1, 1, 1, 0, 0);
INSERT INTO emoji_codepoints (emoji_codepoint_id,emoji_id,codepoint_id,sequence_index) VALUES (6309, 2658, 1064, 1),(6310, 2658, 483, 2);

INSERT INTO emoji (emoji_id,emoji_version_id,emoji_name,emoji_character,emojipedia_url_ext,emojipedia_category,codepoint_string,num_codepoints,hasComponent,hasModifier,hasModifierBase,appearance_differs_flag,unicode_not_recommended) VALUES (2659, 5, 'Palms Up Together', '', 'palms-up-together', 'people', 'U+1F932', 1, 0, 0, 1, 0, 0);
INSERT INTO emoji_codepoints (emoji_codepoint_id,emoji_id,codepoint_id,sequence_index) VALUES (6311, 2659, 1083, 1);

INSERT INTO emoji (emoji_id,emoji_version_id,emoji_name,emoji_character,emojipedia_url_ext,emojipedia_category,codepoint_string,num_codepoints,hasComponent,hasModifier,hasModifierBase,appearance_differs_flag,unicode_not_recommended) VALUES (2660, 5, 'Palms Up Together: Light Skin Tone', '', 'palms-up-together-light-skin-tone', NULL, 'U+1F932U+1F3FB', 2, 1, 1, 1, 0, 0);
INSERT INTO emoji_codepoints (emoji_codepoint_id,emoji_id,codepoint_id,sequence_index) VALUES (6312, 2660, 1083, 1),(6313, 2660, 479, 2);

INSERT INTO emoji (emoji_id,emoji_version_id,emoji_name,emoji_character,emojipedia_url_ext,emojipedia_category,codepoint_string,num_codepoints,hasComponent,hasModifier,hasModifierBase,appearance_differs_flag,unicode_not_recommended) VALUES (2661, 5, 'Palms Up Together: Medium-Light Skin Tone', '', 'palms-up-together-medium-light-skin-tone', NULL, 'U+1F932U+1F3FC', 2, 1, 1, 1, 0, 0);
INSERT INTO emoji_codepoints (emoji_codepoint_id,emoji_id,codepoint_id,sequence_index) VALUES (6314, 2661, 1083, 1),(6315, 2661, 480, 2);

INSERT INTO emoji (emoji_id,emoji_version_id,emoji_name,emoji_character,emojipedia_url_ext,emojipedia_category,codepoint_string,num_codepoints,hasComponent,hasModifier,hasModifierBase,appearance_differs_flag,unicode_not_recommended) VALUES (2662, 5, 'Palms Up Together: Medium Skin Tone', '', 'palms-up-together-medium-skin-tone', NULL, 'U+1F932U+1F3FD', 2, 1, 1, 1, 0, 0);
INSERT INTO emoji_codepoints (emoji_codepoint_id,emoji_id,codepoint_id,sequence_index) VALUES (6316, 2662, 1083, 1),(6317, 2662, 481, 2);

INSERT INTO emoji (emoji_id,emoji_version_id,emoji_name,emoji_character,emojipedia_url_ext,emojipedia_category,codepoint_string,num_codepoints,hasComponent,hasModifier,hasModifierBase,appearance_differs_flag,unicode_not_recommended) VALUES (2663, 5, 'Palms Up Together: Medium-Dark Skin Tone', '', 'palms-up-together-medium-dark-skin-tone', NULL, 'U+1F932U+1F3FE', 2, 1, 1, 1, 0, 0);
INSERT INTO emoji_codepoints (emoji_codepoint_id,emoji_id,codepoint_id,sequence_index) VALUES (6318, 2663, 1083, 1),(6319, 2663, 482, 2);

INSERT INTO emoji (emoji_id,emoji_version_id,emoji_name,emoji_character,emojipedia_url_ext,emojipedia_category,codepoint_string,num_codepoints,hasComponent,hasModifier,hasModifierBase,appearance_differs_flag,unicode_not_recommended) VALUES (2664, 5, 'Palms Up Together: Dark Skin Tone', '', 'palms-up-together-dark-skin-tone', NULL, 'U+1F932U+1F3FF', 2, 1, 1, 1, 0, 0);
INSERT INTO emoji_codepoints (emoji_codepoint_id,emoji_id,codepoint_id,sequence_index) VALUES (6320, 2664, 1083, 1),(6321, 2664, 483, 2);

INSERT INTO emoji (emoji_id,emoji_version_id,emoji_name,emoji_character,emojipedia_url_ext,emojipedia_category,codepoint_string,num_codepoints,hasComponent,hasModifier,hasModifierBase,appearance_differs_flag,unicode_not_recommended) VALUES (2665, 5, 'Brain', '', 'brain', 'people', 'U+1F9E0', 1, 0, 0, 0, 0, 0);
INSERT INTO emoji_codepoints (emoji_codepoint_id,emoji_id,codepoint_id,sequence_index) VALUES (6322, 2665, 1176, 1);

INSERT INTO emoji (emoji_id,emoji_version_id,emoji_name,emoji_character,emojipedia_url_ext,emojipedia_category,codepoint_string,num_codepoints,hasComponent,hasModifier,hasModifierBase,appearance_differs_flag,unicode_not_recommended) VALUES (2666, 5, 'Orange Heart', '', 'orange-heart', 'symbols', 'U+1F9E1', 1, 0, 0, 0, 0, 0);
INSERT INTO emoji_codepoints (emoji_codepoint_id,emoji_id,codepoint_id,sequence_index) VALUES (6323, 2666, 1177, 1);

INSERT INTO emoji (emoji_id,emoji_version_id,emoji_name,emoji_character,emojipedia_url_ext,emojipedia_category,codepoint_string,num_codepoints,hasComponent,hasModifier,hasModifierBase,appearance_differs_flag,unicode_not_recommended) VALUES (2667, 5, 'Scarf', '', 'scarf', 'people', 'U+1F9E3', 1, 0, 0, 0, 0, 0);
INSERT INTO emoji_codepoints (emoji_codepoint_id,emoji_id,codepoint_id,sequence_index) VALUES (6324, 2667, 1179, 1);

INSERT INTO emoji (emoji_id,emoji_version_id,emoji_name,emoji_character,emojipedia_url_ext,emojipedia_category,codepoint_string,num_codepoints,hasComponent,hasModifier,hasModifierBase,appearance_differs_flag,unicode_not_recommended) VALUES (2668, 5, 'Gloves', '', 'gloves', 'people', 'U+1F9E4', 1, 0, 0, 0, 0, 0);
INSERT INTO emoji_codepoints (emoji_codepoint_id,emoji_id,codepoint_id,sequence_index) VALUES (6325, 2668, 1180, 1);

INSERT INTO emoji (emoji_id,emoji_version_id,emoji_name,emoji_character,emojipedia_url_ext,emojipedia_category,codepoint_string,num_codepoints,hasComponent,hasModifier,hasModifierBase,appearance_differs_flag,unicode_not_recommended) VALUES (2669, 5, 'Coat', '', 'coat', 'people', 'U+1F9E5', 1, 0, 0, 0, 0, 0);
INSERT INTO emoji_codepoints (emoji_codepoint_id,emoji_id,codepoint_id,sequence_index) VALUES (6326, 2669, 1181, 1);

INSERT INTO emoji (emoji_id,emoji_version_id,emoji_name,emoji_character,emojipedia_url_ext,emojipedia_category,codepoint_string,num_codepoints,hasComponent,hasModifier,hasModifierBase,appearance_differs_flag,unicode_not_recommended) VALUES (2670, 5, 'Socks', '', 'socks', 'people', 'U+1F9E6', 1, 0, 0, 0, 0, 0);
INSERT INTO emoji_codepoints (emoji_codepoint_id,emoji_id,codepoint_id,sequence_index) VALUES (6327, 2670, 1182, 1);

INSERT INTO emoji (emoji_id,emoji_version_id,emoji_name,emoji_character,emojipedia_url_ext,emojipedia_category,codepoint_string,num_codepoints,hasComponent,hasModifier,hasModifierBase,appearance_differs_flag,unicode_not_recommended) VALUES (2671, 5, 'Billed Cap', '', 'billed-cap', 'people', 'U+1F9E2', 1, 0, 0, 0, 0, 0);
INSERT INTO emoji_codepoints (emoji_codepoint_id,emoji_id,codepoint_id,sequence_index) VALUES (6328, 2671, 1178, 1);

INSERT INTO emoji (emoji_id,emoji_version_id,emoji_name,emoji_character,emojipedia_url_ext,emojipedia_category,codepoint_string,num_codepoints,hasComponent,hasModifier,hasModifierBase,appearance_differs_flag,unicode_not_recommended) VALUES (2672, 5, 'Zebra', '', 'zebra-face', 'nature', 'U+1F993', 1, 0, 0, 0, 0, 0);
INSERT INTO emoji_codepoints (emoji_codepoint_id,emoji_id,codepoint_id,sequence_index) VALUES (6329, 2672, 1154, 1);

INSERT INTO emoji (emoji_id,emoji_version_id,emoji_name,emoji_character,emojipedia_url_ext,emojipedia_category,codepoint_string,num_codepoints,hasComponent,hasModifier,hasModifierBase,appearance_differs_flag,unicode_not_recommended) VALUES (2673, 5, 'Giraffe', '', 'giraffe-face', 'nature', 'U+1F992', 1, 0, 0, 0, 0, 0);
INSERT INTO emoji_codepoints (emoji_codepoint_id,emoji_id,codepoint_id,sequence_index) VALUES (6330, 2673, 1153, 1);

INSERT INTO emoji (emoji_id,emoji_version_id,emoji_name,emoji_character,emojipedia_url_ext,emojipedia_category,codepoint_string,num_codepoints,hasComponent,hasModifier,hasModifierBase,appearance_differs_flag,unicode_not_recommended) VALUES (2674, 5, 'Hedgehog', '', 'hedgehog', 'nature', 'U+1F994', 1, 0, 0, 0, 0, 0);
INSERT INTO emoji_codepoints (emoji_codepoint_id,emoji_id,codepoint_id,sequence_index) VALUES (6331, 2674, 1155, 1);

INSERT INTO emoji (emoji_id,emoji_version_id,emoji_name,emoji_character,emojipedia_url_ext,emojipedia_category,codepoint_string,num_codepoints,hasComponent,hasModifier,hasModifierBase,appearance_differs_flag,unicode_not_recommended) VALUES (2675, 5, 'Sauropod', '', 'sauropod', 'nature', 'U+1F995', 1, 0, 0, 0, 0, 0);
INSERT INTO emoji_codepoints (emoji_codepoint_id,emoji_id,codepoint_id,sequence_index) VALUES (6332, 2675, 1156, 1);

INSERT INTO emoji (emoji_id,emoji_version_id,emoji_name,emoji_character,emojipedia_url_ext,emojipedia_category,codepoint_string,num_codepoints,hasComponent,hasModifier,hasModifierBase,appearance_differs_flag,unicode_not_recommended) VALUES (2676, 5, 'T-Rex', '', 't-rex', 'nature', 'U+1F996', 1, 0, 0, 0, 0, 0);
INSERT INTO emoji_codepoints (emoji_codepoint_id,emoji_id,codepoint_id,sequence_index) VALUES (6333, 2676, 1157, 1);

INSERT INTO emoji (emoji_id,emoji_version_id,emoji_name,emoji_character,emojipedia_url_ext,emojipedia_category,codepoint_string,num_codepoints,hasComponent,hasModifier,hasModifierBase,appearance_differs_flag,unicode_not_recommended) VALUES (2677, 5, 'Cricket', '', 'cricket', 'nature', 'U+1F997', 1, 0, 0, 0, 0, 0);
INSERT INTO emoji_codepoints (emoji_codepoint_id,emoji_id,codepoint_id,sequence_index) VALUES (6334, 2677, 1158, 1);

INSERT INTO emoji (emoji_id,emoji_version_id,emoji_name,emoji_character,emojipedia_url_ext,emojipedia_category,codepoint_string,num_codepoints,hasComponent,hasModifier,hasModifierBase,appearance_differs_flag,unicode_not_recommended) VALUES (2678, 5, 'Coconut', '', 'coconut', 'food-drink', 'U+1F965', 1, 0, 0, 0, 0, 0);
INSERT INTO emoji_codepoints (emoji_codepoint_id,emoji_id,codepoint_id,sequence_index) VALUES (6335, 2678, 1128, 1);

INSERT INTO emoji (emoji_id,emoji_version_id,emoji_name,emoji_character,emojipedia_url_ext,emojipedia_category,codepoint_string,num_codepoints,hasComponent,hasModifier,hasModifierBase,appearance_differs_flag,unicode_not_recommended) VALUES (2679, 5, 'Broccoli', '', 'broccoli', 'food-drink', 'U+1F966', 1, 0, 0, 0, 0, 0);
INSERT INTO emoji_codepoints (emoji_codepoint_id,emoji_id,codepoint_id,sequence_index) VALUES (6336, 2679, 1129, 1);

INSERT INTO emoji (emoji_id,emoji_version_id,emoji_name,emoji_character,emojipedia_url_ext,emojipedia_category,codepoint_string,num_codepoints,hasComponent,hasModifier,hasModifierBase,appearance_differs_flag,unicode_not_recommended) VALUES (2680, 5, 'Pretzel', '', 'pretzel', 'food-drink', 'U+1F968', 1, 0, 0, 0, 0, 0);
INSERT INTO emoji_codepoints (emoji_codepoint_id,emoji_id,codepoint_id,sequence_index) VALUES (6337, 2680, 1131, 1);

INSERT INTO emoji (emoji_id,emoji_version_id,emoji_name,emoji_character,emojipedia_url_ext,emojipedia_category,codepoint_string,num_codepoints,hasComponent,hasModifier,hasModifierBase,appearance_differs_flag,unicode_not_recommended) VALUES (2681, 5, 'Cut of Meat', '', 'cut-of-meat', 'food-drink', 'U+1F969', 1, 0, 0, 0, 0, 0);
INSERT INTO emoji_codepoints (emoji_codepoint_id,emoji_id,codepoint_id,sequence_index) VALUES (6338, 2681, 1132, 1);

INSERT INTO emoji (emoji_id,emoji_version_id,emoji_name,emoji_character,emojipedia_url_ext,emojipedia_category,codepoint_string,num_codepoints,hasComponent,hasModifier,hasModifierBase,appearance_differs_flag,unicode_not_recommended) VALUES (2682, 5, 'Sandwich', '', 'sandwich', 'food-drink', 'U+1F96A', 1, 0, 0, 0, 0, 0);
INSERT INTO emoji_codepoints (emoji_codepoint_id,emoji_id,codepoint_id,sequence_index) VALUES (6339, 2682, 1133, 1);

INSERT INTO emoji (emoji_id,emoji_version_id,emoji_name,emoji_character,emojipedia_url_ext,emojipedia_category,codepoint_string,num_codepoints,hasComponent,hasModifier,hasModifierBase,appearance_differs_flag,unicode_not_recommended) VALUES (2683, 5, 'Bowl With Spoon', '', 'bowl-with-spoon', 'food-drink', 'U+1F963', 1, 0, 0, 0, 0, 0);
INSERT INTO emoji_codepoints (emoji_codepoint_id,emoji_id,codepoint_id,sequence_index) VALUES (6340, 2683, 1126, 1);

INSERT INTO emoji (emoji_id,emoji_version_id,emoji_name,emoji_character,emojipedia_url_ext,emojipedia_category,codepoint_string,num_codepoints,hasComponent,hasModifier,hasModifierBase,appearance_differs_flag,unicode_not_recommended) VALUES (2684, 5, 'Canned Food', '', 'canned-food', 'food-drink', 'U+1F96B', 1, 0, 0, 0, 0, 0);
INSERT INTO emoji_codepoints (emoji_codepoint_id,emoji_id,codepoint_id,sequence_index) VALUES (6341, 2684, 1134, 1);

INSERT INTO emoji (emoji_id,emoji_version_id,emoji_name,emoji_character,emojipedia_url_ext,emojipedia_category,codepoint_string,num_codepoints,hasComponent,hasModifier,hasModifierBase,appearance_differs_flag,unicode_not_recommended) VALUES (2685, 5, 'Dumpling', '', 'dumpling', 'food-drink', 'U+1F95F', 1, 0, 0, 0, 0, 0);
INSERT INTO emoji_codepoints (emoji_codepoint_id,emoji_id,codepoint_id,sequence_index) VALUES (6342, 2685, 1122, 1);

INSERT INTO emoji (emoji_id,emoji_version_id,emoji_name,emoji_character,emojipedia_url_ext,emojipedia_category,codepoint_string,num_codepoints,hasComponent,hasModifier,hasModifierBase,appearance_differs_flag,unicode_not_recommended) VALUES (2686, 5, 'Fortune Cookie', '', 'fortune-cookie', 'food-drink', 'U+1F960', 1, 0, 0, 0, 0, 0);
INSERT INTO emoji_codepoints (emoji_codepoint_id,emoji_id,codepoint_id,sequence_index) VALUES (6343, 2686, 1123, 1);

INSERT INTO emoji (emoji_id,emoji_version_id,emoji_name,emoji_character,emojipedia_url_ext,emojipedia_category,codepoint_string,num_codepoints,hasComponent,hasModifier,hasModifierBase,appearance_differs_flag,unicode_not_recommended) VALUES (2687, 5, 'Takeout Box', '', 'takeout-box', 'food-drink', 'U+1F961', 1, 0, 0, 0, 0, 0);
INSERT INTO emoji_codepoints (emoji_codepoint_id,emoji_id,codepoint_id,sequence_index) VALUES (6344, 2687, 1124, 1);

INSERT INTO emoji (emoji_id,emoji_version_id,emoji_name,emoji_character,emojipedia_url_ext,emojipedia_category,codepoint_string,num_codepoints,hasComponent,hasModifier,hasModifierBase,appearance_differs_flag,unicode_not_recommended) VALUES (2688, 5, 'Pie', '', 'pie', 'food-drink', 'U+1F967', 1, 0, 0, 0, 0, 0);
INSERT INTO emoji_codepoints (emoji_codepoint_id,emoji_id,codepoint_id,sequence_index) VALUES (6345, 2688, 1130, 1);

INSERT INTO emoji (emoji_id,emoji_version_id,emoji_name,emoji_character,emojipedia_url_ext,emojipedia_category,codepoint_string,num_codepoints,hasComponent,hasModifier,hasModifierBase,appearance_differs_flag,unicode_not_recommended) VALUES (2689, 5, 'Cup With Straw', '', 'cup-with-straw', 'food-drink', 'U+1F964', 1, 0, 0, 0, 0, 0);
INSERT INTO emoji_codepoints (emoji_codepoint_id,emoji_id,codepoint_id,sequence_index) VALUES (6346, 2689, 1127, 1);

INSERT INTO emoji (emoji_id,emoji_version_id,emoji_name,emoji_character,emojipedia_url_ext,emojipedia_category,codepoint_string,num_codepoints,hasComponent,hasModifier,hasModifierBase,appearance_differs_flag,unicode_not_recommended) VALUES (2690, 5, 'Chopsticks', '', 'chopsticks', 'food-drink', 'U+1F962', 1, 0, 0, 0, 0, 0);
INSERT INTO emoji_codepoints (emoji_codepoint_id,emoji_id,codepoint_id,sequence_index) VALUES (6347, 2690, 1125, 1);

INSERT INTO emoji (emoji_id,emoji_version_id,emoji_name,emoji_character,emojipedia_url_ext,emojipedia_category,codepoint_string,num_codepoints,hasComponent,hasModifier,hasModifierBase,appearance_differs_flag,unicode_not_recommended) VALUES (2691, 5, 'Flying Saucer', '', 'flying-saucer', 'travel-places', 'U+1F6F8', 1, 0, 0, 0, 0, 0);
INSERT INTO emoji_codepoints (emoji_codepoint_id,emoji_id,codepoint_id,sequence_index) VALUES (6348, 2691, 1048, 1);

INSERT INTO emoji (emoji_id,emoji_version_id,emoji_name,emoji_character,emojipedia_url_ext,emojipedia_category,codepoint_string,num_codepoints,hasComponent,hasModifier,hasModifierBase,appearance_differs_flag,unicode_not_recommended) VALUES (2692, 5, 'Sled', '', 'sled', 'activity', 'U+1F6F7', 1, 0, 0, 0, 0, 0);
INSERT INTO emoji_codepoints (emoji_codepoint_id,emoji_id,codepoint_id,sequence_index) VALUES (6349, 2692, 1047, 1);

INSERT INTO emoji (emoji_id,emoji_version_id,emoji_name,emoji_character,emojipedia_url_ext,emojipedia_category,codepoint_string,num_codepoints,hasComponent,hasModifier,hasModifierBase,appearance_differs_flag,unicode_not_recommended) VALUES (2693, 5, 'Curling Stone', '', 'curling-stone', 'activity', 'U+1F94C', 1, 0, 0, 0, 0, 0);
INSERT INTO emoji_codepoints (emoji_codepoint_id,emoji_id,codepoint_id,sequence_index) VALUES (6350, 2693, 1106, 1);

INSERT INTO emoji (emoji_id,emoji_version_id,emoji_name,emoji_character,emojipedia_url_ext,emojipedia_category,codepoint_string,num_codepoints,hasComponent,hasModifier,hasModifierBase,appearance_differs_flag,unicode_not_recommended) VALUES (2694, 5, 'England', '', 'flag-for-england', 'flags', 'U+1F3F4U+E0067U+E0062U+E0065U+E006EU+E0067U+E007F', 7, 1, 0, 0, 0, 0);
INSERT INTO emoji_codepoints (emoji_codepoint_id,emoji_id,codepoint_id,sequence_index) VALUES (6351, 2694, 473, 1),(6352, 2694, 1257, 2),(6353, 2694, 1252, 3),(6354, 2694, 1255, 4),(6355, 2694, 1264, 5),(6356, 2694, 1257, 6),(6357, 2694, 1281, 7);

INSERT INTO emoji (emoji_id,emoji_version_id,emoji_name,emoji_character,emojipedia_url_ext,emojipedia_category,codepoint_string,num_codepoints,hasComponent,hasModifier,hasModifierBase,appearance_differs_flag,unicode_not_recommended) VALUES (2695, 5, 'Scotland', '', 'flag-for-scotland', 'flags', 'U+1F3F4U+E0067U+E0062U+E0073U+E0063U+E0074U+E007F', 7, 1, 0, 0, 0, 0);
INSERT INTO emoji_codepoints (emoji_codepoint_id,emoji_id,codepoint_id,sequence_index) VALUES (6358, 2695, 473, 1),(6359, 2695, 1257, 2),(6360, 2695, 1252, 3),(6361, 2695, 1269, 4),(6362, 2695, 1253, 5),(6363, 2695, 1270, 6),(6364, 2695, 1281, 7);

INSERT INTO emoji (emoji_id,emoji_version_id,emoji_name,emoji_character,emojipedia_url_ext,emojipedia_category,codepoint_string,num_codepoints,hasComponent,hasModifier,hasModifierBase,appearance_differs_flag,unicode_not_recommended) VALUES (2696, 5, 'Wales', '', 'flag-for-wales', 'flags', 'U+1F3F4U+E0067U+E0062U+E0077U+E006CU+E0073U+E007F', 7, 1, 0, 0, 0, 0);
INSERT INTO emoji_codepoints (emoji_codepoint_id,emoji_id,codepoint_id,sequence_index) VALUES (6365, 2696, 473, 1),(6366, 2696, 1257, 2),(6367, 2696, 1252, 3),(6368, 2696, 1273, 4),(6369, 2696, 1262, 5),(6370, 2696, 1269, 6),(6371, 2696, 1281, 7);

INSERT INTO emoji (emoji_id,emoji_version_id,emoji_name,emoji_character,emojipedia_url_ext,emojipedia_category,codepoint_string,num_codepoints,hasComponent,hasModifier,hasModifierBase,appearance_differs_flag,unicode_not_recommended) VALUES (2697, 5, 'Tag Digit Four', '', 'tag-digit-four', NULL, 'U+E0034', 1, 1, 0, 0, 0, 0);
INSERT INTO emoji_codepoints (emoji_codepoint_id,emoji_id,codepoint_id,sequence_index) VALUES (6372, 2697, 1206, 1);

INSERT INTO emoji (emoji_id,emoji_version_id,emoji_name,emoji_character,emojipedia_url_ext,emojipedia_category,codepoint_string,num_codepoints,hasComponent,hasModifier,hasModifierBase,appearance_differs_flag,unicode_not_recommended) VALUES (2698, 5, 'Tag Latin Small Letter H', '', 'tag-latin-small-letter-h', NULL, 'U+E0068', 1, 1, 0, 0, 0, 0);
INSERT INTO emoji_codepoints (emoji_codepoint_id,emoji_id,codepoint_id,sequence_index) VALUES (6373, 2698, 1258, 1);

INSERT INTO emoji (emoji_id,emoji_version_id,emoji_name,emoji_character,emojipedia_url_ext,emojipedia_category,codepoint_string,num_codepoints,hasComponent,hasModifier,hasModifierBase,appearance_differs_flag,unicode_not_recommended) VALUES (2699, 5, 'Tag Latin Small Letter N', '', 'tag-latin-small-letter-n', NULL, 'U+E006E', 1, 1, 0, 0, 0, 0);
INSERT INTO emoji_codepoints (emoji_codepoint_id,emoji_id,codepoint_id,sequence_index) VALUES (6374, 2699, 1264, 1);

INSERT INTO emoji (emoji_id,emoji_version_id,emoji_name,emoji_character,emojipedia_url_ext,emojipedia_category,codepoint_string,num_codepoints,hasComponent,hasModifier,hasModifierBase,appearance_differs_flag,unicode_not_recommended) VALUES (2700, 5, 'Tag Latin Small Letter L', '', 'tag-latin-small-letter-l', NULL, 'U+E006C', 1, 1, 0, 0, 0, 0);
INSERT INTO emoji_codepoints (emoji_codepoint_id,emoji_id,codepoint_id,sequence_index) VALUES (6375, 2700, 1262, 1);

INSERT INTO emoji (emoji_id,emoji_version_id,emoji_name,emoji_character,emojipedia_url_ext,emojipedia_category,codepoint_string,num_codepoints,hasComponent,hasModifier,hasModifierBase,appearance_differs_flag,unicode_not_recommended) VALUES (2701, 5, 'Tag Latin Small Letter K', '', 'tag-latin-small-letter-k', NULL, 'U+E006B', 1, 1, 0, 0, 0, 0);
INSERT INTO emoji_codepoints (emoji_codepoint_id,emoji_id,codepoint_id,sequence_index) VALUES (6376, 2701, 1261, 1);

INSERT INTO emoji (emoji_id,emoji_version_id,emoji_name,emoji_character,emojipedia_url_ext,emojipedia_category,codepoint_string,num_codepoints,hasComponent,hasModifier,hasModifierBase,appearance_differs_flag,unicode_not_recommended) VALUES (2702, 5, 'Tag Latin Small Letter X', '', 'tag-latin-small-letter-x', NULL, 'U+E0078', 1, 1, 0, 0, 0, 0);
INSERT INTO emoji_codepoints (emoji_codepoint_id,emoji_id,codepoint_id,sequence_index) VALUES (6377, 2702, 1274, 1);

INSERT INTO emoji (emoji_id,emoji_version_id,emoji_name,emoji_character,emojipedia_url_ext,emojipedia_category,codepoint_string,num_codepoints,hasComponent,hasModifier,hasModifierBase,appearance_differs_flag,unicode_not_recommended) VALUES (2703, 5, 'Tag Latin Small Letter B', '', 'tag-latin-small-letter-b', NULL, 'U+E0062', 1, 1, 0, 0, 0, 0);
INSERT INTO emoji_codepoints (emoji_codepoint_id,emoji_id,codepoint_id,sequence_index) VALUES (6378, 2703, 1252, 1);

INSERT INTO emoji (emoji_id,emoji_version_id,emoji_name,emoji_character,emojipedia_url_ext,emojipedia_category,codepoint_string,num_codepoints,hasComponent,hasModifier,hasModifierBase,appearance_differs_flag,unicode_not_recommended) VALUES (2704, 5, 'Tag Digit Two', '', 'tag-digit-two', NULL, 'U+E0032', 1, 1, 0, 0, 0, 0);
INSERT INTO emoji_codepoints (emoji_codepoint_id,emoji_id,codepoint_id,sequence_index) VALUES (6379, 2704, 1204, 1);

INSERT INTO emoji (emoji_id,emoji_version_id,emoji_name,emoji_character,emojipedia_url_ext,emojipedia_category,codepoint_string,num_codepoints,hasComponent,hasModifier,hasModifierBase,appearance_differs_flag,unicode_not_recommended) VALUES (2705, 5, 'Tag Latin Small Letter V', '', 'tag-latin-small-letter-v', NULL, 'U+E0076', 1, 1, 0, 0, 0, 0);
INSERT INTO emoji_codepoints (emoji_codepoint_id,emoji_id,codepoint_id,sequence_index) VALUES (6380, 2705, 1272, 1);

INSERT INTO emoji (emoji_id,emoji_version_id,emoji_name,emoji_character,emojipedia_url_ext,emojipedia_category,codepoint_string,num_codepoints,hasComponent,hasModifier,hasModifierBase,appearance_differs_flag,unicode_not_recommended) VALUES (2706, 5, 'Tag Digit Six', '', 'tag-digit-six', NULL, 'U+E0036', 1, 1, 0, 0, 0, 0);
INSERT INTO emoji_codepoints (emoji_codepoint_id,emoji_id,codepoint_id,sequence_index) VALUES (6381, 2706, 1208, 1);

INSERT INTO emoji (emoji_id,emoji_version_id,emoji_name,emoji_character,emojipedia_url_ext,emojipedia_category,codepoint_string,num_codepoints,hasComponent,hasModifier,hasModifierBase,appearance_differs_flag,unicode_not_recommended) VALUES (2707, 5, 'Tag Latin Small Letter a', '', 'tag-latin-small-letter-a', NULL, 'U+E0061', 1, 1, 0, 0, 0, 0);
INSERT INTO emoji_codepoints (emoji_codepoint_id,emoji_id,codepoint_id,sequence_index) VALUES (6382, 2707, 1251, 1);

INSERT INTO emoji (emoji_id,emoji_version_id,emoji_name,emoji_character,emojipedia_url_ext,emojipedia_category,codepoint_string,num_codepoints,hasComponent,hasModifier,hasModifierBase,appearance_differs_flag,unicode_not_recommended) VALUES (2708, 5, 'Tag Latin Small Letter D', '', 'tag-latin-small-letter-d', NULL, 'U+E0064', 1, 1, 0, 0, 0, 0);
INSERT INTO emoji_codepoints (emoji_codepoint_id,emoji_id,codepoint_id,sequence_index) VALUES (6383, 2708, 1254, 1);

INSERT INTO emoji (emoji_id,emoji_version_id,emoji_name,emoji_character,emojipedia_url_ext,emojipedia_category,codepoint_string,num_codepoints,hasComponent,hasModifier,hasModifierBase,appearance_differs_flag,unicode_not_recommended) VALUES (2709, 5, 'Tag Latin Small Letter S', '', 'tag-latin-small-letter-s', NULL, 'U+E0073', 1, 1, 0, 0, 0, 0);
INSERT INTO emoji_codepoints (emoji_codepoint_id,emoji_id,codepoint_id,sequence_index) VALUES (6384, 2709, 1269, 1);

INSERT INTO emoji (emoji_id,emoji_version_id,emoji_name,emoji_character,emojipedia_url_ext,emojipedia_category,codepoint_string,num_codepoints,hasComponent,hasModifier,hasModifierBase,appearance_differs_flag,unicode_not_recommended) VALUES (2710, 5, 'Tag Latin Small Letter R', '', 'tag-latin-small-letter-r', NULL, 'U+E0072', 1, 1, 0, 0, 0, 0);
INSERT INTO emoji_codepoints (emoji_codepoint_id,emoji_id,codepoint_id,sequence_index) VALUES (6385, 2710, 1268, 1);

INSERT INTO emoji (emoji_id,emoji_version_id,emoji_name,emoji_character,emojipedia_url_ext,emojipedia_category,codepoint_string,num_codepoints,hasComponent,hasModifier,hasModifierBase,appearance_differs_flag,unicode_not_recommended) VALUES (2711, 5, 'Tag Latin Small Letter P', '', 'tag-latin-small-letter-p', NULL, 'U+E0070', 1, 1, 0, 0, 0, 0);
INSERT INTO emoji_codepoints (emoji_codepoint_id,emoji_id,codepoint_id,sequence_index) VALUES (6386, 2711, 1266, 1);

INSERT INTO emoji (emoji_id,emoji_version_id,emoji_name,emoji_character,emojipedia_url_ext,emojipedia_category,codepoint_string,num_codepoints,hasComponent,hasModifier,hasModifierBase,appearance_differs_flag,unicode_not_recommended) VALUES (2712, 5, 'Tag Latin Small Letter J', '', 'tag-latin-small-letter-j', NULL, 'U+E006A', 1, 1, 0, 0, 0, 0);
INSERT INTO emoji_codepoints (emoji_codepoint_id,emoji_id,codepoint_id,sequence_index) VALUES (6387, 2712, 1260, 1);

INSERT INTO emoji (emoji_id,emoji_version_id,emoji_name,emoji_character,emojipedia_url_ext,emojipedia_category,codepoint_string,num_codepoints,hasComponent,hasModifier,hasModifierBase,appearance_differs_flag,unicode_not_recommended) VALUES (2713, 5, 'Tag Latin Small Letter O', '', 'tag-latin-small-letter-o', NULL, 'U+E006F', 1, 1, 0, 0, 0, 0);
INSERT INTO emoji_codepoints (emoji_codepoint_id,emoji_id,codepoint_id,sequence_index) VALUES (6388, 2713, 1265, 1);

INSERT INTO emoji (emoji_id,emoji_version_id,emoji_name,emoji_character,emojipedia_url_ext,emojipedia_category,codepoint_string,num_codepoints,hasComponent,hasModifier,hasModifierBase,appearance_differs_flag,unicode_not_recommended) VALUES (2714, 5, 'Tag Digit Nine', '', 'tag-digit-nine', NULL, 'U+E0039', 1, 1, 0, 0, 0, 0);
INSERT INTO emoji_codepoints (emoji_codepoint_id,emoji_id,codepoint_id,sequence_index) VALUES (6389, 2714, 1211, 1);

INSERT INTO emoji (emoji_id,emoji_version_id,emoji_name,emoji_character,emojipedia_url_ext,emojipedia_category,codepoint_string,num_codepoints,hasComponent,hasModifier,hasModifierBase,appearance_differs_flag,unicode_not_recommended) VALUES (2715, 5, 'Tag Latin Small Letter T', '', 'tag-latin-small-letter-t', NULL, 'U+E0074', 1, 1, 0, 0, 0, 0);
INSERT INTO emoji_codepoints (emoji_codepoint_id,emoji_id,codepoint_id,sequence_index) VALUES (6390, 2715, 1270, 1);

INSERT INTO emoji (emoji_id,emoji_version_id,emoji_name,emoji_character,emojipedia_url_ext,emojipedia_category,codepoint_string,num_codepoints,hasComponent,hasModifier,hasModifierBase,appearance_differs_flag,unicode_not_recommended) VALUES (2716, 5, 'Tag Latin Small Letter M', '', 'tag-latin-small-letter-m', NULL, 'U+E006D', 1, 1, 0, 0, 0, 0);
INSERT INTO emoji_codepoints (emoji_codepoint_id,emoji_id,codepoint_id,sequence_index) VALUES (6391, 2716, 1263, 1);

INSERT INTO emoji (emoji_id,emoji_version_id,emoji_name,emoji_character,emojipedia_url_ext,emojipedia_category,codepoint_string,num_codepoints,hasComponent,hasModifier,hasModifierBase,appearance_differs_flag,unicode_not_recommended) VALUES (2717, 5, 'Tag Latin Small Letter G', '', 'tag-latin-small-letter-g', NULL, 'U+E0067', 1, 1, 0, 0, 0, 0);
INSERT INTO emoji_codepoints (emoji_codepoint_id,emoji_id,codepoint_id,sequence_index) VALUES (6392, 2717, 1257, 1);

INSERT INTO emoji (emoji_id,emoji_version_id,emoji_name,emoji_character,emojipedia_url_ext,emojipedia_category,codepoint_string,num_codepoints,hasComponent,hasModifier,hasModifierBase,appearance_differs_flag,unicode_not_recommended) VALUES (2718, 5, 'Tag Latin Small Letter E', '', 'tag-latin-small-letter-e', NULL, 'U+E0065', 1, 1, 0, 0, 0, 0);
INSERT INTO emoji_codepoints (emoji_codepoint_id,emoji_id,codepoint_id,sequence_index) VALUES (6393, 2718, 1255, 1);

INSERT INTO emoji (emoji_id,emoji_version_id,emoji_name,emoji_character,emojipedia_url_ext,emojipedia_category,codepoint_string,num_codepoints,hasComponent,hasModifier,hasModifierBase,appearance_differs_flag,unicode_not_recommended) VALUES (2719, 5, 'Tag Digit Zero', '', 'tag-digit-zero', NULL, 'U+E0030', 1, 1, 0, 0, 0, 0);
INSERT INTO emoji_codepoints (emoji_codepoint_id,emoji_id,codepoint_id,sequence_index) VALUES (6394, 2719, 1202, 1);

INSERT INTO emoji (emoji_id,emoji_version_id,emoji_name,emoji_character,emojipedia_url_ext,emojipedia_category,codepoint_string,num_codepoints,hasComponent,hasModifier,hasModifierBase,appearance_differs_flag,unicode_not_recommended) VALUES (2720, 5, 'Tag Latin Small Letter U', '', 'tag-latin-small-letter-u', NULL, 'U+E0075', 1, 1, 0, 0, 0, 0);
INSERT INTO emoji_codepoints (emoji_codepoint_id,emoji_id,codepoint_id,sequence_index) VALUES (6395, 2720, 1271, 1);

INSERT INTO emoji (emoji_id,emoji_version_id,emoji_name,emoji_character,emojipedia_url_ext,emojipedia_category,codepoint_string,num_codepoints,hasComponent,hasModifier,hasModifierBase,appearance_differs_flag,unicode_not_recommended) VALUES (2721, 5, 'Tag Latin Small Letter W', '', 'tag-latin-small-letter-w', NULL, 'U+E0077', 1, 1, 0, 0, 0, 0);
INSERT INTO emoji_codepoints (emoji_codepoint_id,emoji_id,codepoint_id,sequence_index) VALUES (6396, 2721, 1273, 1);

INSERT INTO emoji (emoji_id,emoji_version_id,emoji_name,emoji_character,emojipedia_url_ext,emojipedia_category,codepoint_string,num_codepoints,hasComponent,hasModifier,hasModifierBase,appearance_differs_flag,unicode_not_recommended) VALUES (2722, 5, 'Tag Digit Five', '', 'tag-digit-five', NULL, 'U+E0035', 1, 1, 0, 0, 0, 0);
INSERT INTO emoji_codepoints (emoji_codepoint_id,emoji_id,codepoint_id,sequence_index) VALUES (6397, 2722, 1207, 1);

INSERT INTO emoji (emoji_id,emoji_version_id,emoji_name,emoji_character,emojipedia_url_ext,emojipedia_category,codepoint_string,num_codepoints,hasComponent,hasModifier,hasModifierBase,appearance_differs_flag,unicode_not_recommended) VALUES (2723, 5, 'Tag Latin Small Letter Q', '', 'tag-latin-small-letter-q', NULL, 'U+E0071', 1, 1, 0, 0, 0, 0);
INSERT INTO emoji_codepoints (emoji_codepoint_id,emoji_id,codepoint_id,sequence_index) VALUES (6398, 2723, 1267, 1);

INSERT INTO emoji (emoji_id,emoji_version_id,emoji_name,emoji_character,emojipedia_url_ext,emojipedia_category,codepoint_string,num_codepoints,hasComponent,hasModifier,hasModifierBase,appearance_differs_flag,unicode_not_recommended) VALUES (2724, 5, 'Tag Latin Small Letter F', '', 'tag-latin-small-letter-f', NULL, 'U+E0066', 1, 1, 0, 0, 0, 0);
INSERT INTO emoji_codepoints (emoji_codepoint_id,emoji_id,codepoint_id,sequence_index) VALUES (6399, 2724, 1256, 1);

INSERT INTO emoji (emoji_id,emoji_version_id,emoji_name,emoji_character,emojipedia_url_ext,emojipedia_category,codepoint_string,num_codepoints,hasComponent,hasModifier,hasModifierBase,appearance_differs_flag,unicode_not_recommended) VALUES (2725, 5, 'Cancel Tag', '', 'cancel-tag', NULL, 'U+E007F', 1, 1, 0, 0, 0, 0);
INSERT INTO emoji_codepoints (emoji_codepoint_id,emoji_id,codepoint_id,sequence_index) VALUES (6400, 2725, 1281, 1);

INSERT INTO emoji (emoji_id,emoji_version_id,emoji_name,emoji_character,emojipedia_url_ext,emojipedia_category,codepoint_string,num_codepoints,hasComponent,hasModifier,hasModifierBase,appearance_differs_flag,unicode_not_recommended) VALUES (2726, 5, 'Tag Digit Eight', '', 'tag-digit-eight', NULL, 'U+E0038', 1, 1, 0, 0, 0, 0);
INSERT INTO emoji_codepoints (emoji_codepoint_id,emoji_id,codepoint_id,sequence_index) VALUES (6401, 2726, 1210, 1);

INSERT INTO emoji (emoji_id,emoji_version_id,emoji_name,emoji_character,emojipedia_url_ext,emojipedia_category,codepoint_string,num_codepoints,hasComponent,hasModifier,hasModifierBase,appearance_differs_flag,unicode_not_recommended) VALUES (2727, 5, 'Tag Latin Small Letter C', '', 'tag-latin-small-letter-c', NULL, 'U+E0063', 1, 1, 0, 0, 0, 0);
INSERT INTO emoji_codepoints (emoji_codepoint_id,emoji_id,codepoint_id,sequence_index) VALUES (6402, 2727, 1253, 1);

INSERT INTO emoji (emoji_id,emoji_version_id,emoji_name,emoji_character,emojipedia_url_ext,emojipedia_category,codepoint_string,num_codepoints,hasComponent,hasModifier,hasModifierBase,appearance_differs_flag,unicode_not_recommended) VALUES (2728, 5, 'Tag Digit Seven', '', 'tag-digit-seven', NULL, 'U+E0037', 1, 1, 0, 0, 0, 0);
INSERT INTO emoji_codepoints (emoji_codepoint_id,emoji_id,codepoint_id,sequence_index) VALUES (6403, 2728, 1209, 1);

INSERT INTO emoji (emoji_id,emoji_version_id,emoji_name,emoji_character,emojipedia_url_ext,emojipedia_category,codepoint_string,num_codepoints,hasComponent,hasModifier,hasModifierBase,appearance_differs_flag,unicode_not_recommended) VALUES (2729, 5, 'Tag Digit One', '', 'tag-digit-one', NULL, 'U+E0031', 1, 1, 0, 0, 0, 0);
INSERT INTO emoji_codepoints (emoji_codepoint_id,emoji_id,codepoint_id,sequence_index) VALUES (6404, 2729, 1203, 1);

INSERT INTO emoji (emoji_id,emoji_version_id,emoji_name,emoji_character,emojipedia_url_ext,emojipedia_category,codepoint_string,num_codepoints,hasComponent,hasModifier,hasModifierBase,appearance_differs_flag,unicode_not_recommended) VALUES (2730, 5, 'Tag Latin Small Letter I', '', 'tag-latin-small-letter-i', NULL, 'U+E0069', 1, 1, 0, 0, 0, 0);
INSERT INTO emoji_codepoints (emoji_codepoint_id,emoji_id,codepoint_id,sequence_index) VALUES (6405, 2730, 1259, 1);

INSERT INTO emoji (emoji_id,emoji_version_id,emoji_name,emoji_character,emojipedia_url_ext,emojipedia_category,codepoint_string,num_codepoints,hasComponent,hasModifier,hasModifierBase,appearance_differs_flag,unicode_not_recommended) VALUES (2731, 5, 'Tag Latin Small Letter Z', '', 'tag-latin-small-letter-z', NULL, 'U+E007A', 1, 1, 0, 0, 0, 0);
INSERT INTO emoji_codepoints (emoji_codepoint_id,emoji_id,codepoint_id,sequence_index) VALUES (6406, 2731, 1276, 1);

INSERT INTO emoji (emoji_id,emoji_version_id,emoji_name,emoji_character,emojipedia_url_ext,emojipedia_category,codepoint_string,num_codepoints,hasComponent,hasModifier,hasModifierBase,appearance_differs_flag,unicode_not_recommended) VALUES (2732, 5, 'Tag Digit Three', '', 'tag-digit-three', NULL, 'U+E0033', 1, 1, 0, 0, 0, 0);
INSERT INTO emoji_codepoints (emoji_codepoint_id,emoji_id,codepoint_id,sequence_index) VALUES (6407, 2732, 1205, 1);

INSERT INTO emoji (emoji_id,emoji_version_id,emoji_name,emoji_character,emojipedia_url_ext,emojipedia_category,codepoint_string,num_codepoints,hasComponent,hasModifier,hasModifierBase,appearance_differs_flag,unicode_not_recommended) VALUES (2733, 5, 'Tag Latin Small Letter Y', '', 'tag-latin-small-letter-y', NULL, 'U+E0079', 1, 1, 0, 0, 0, 0);
INSERT INTO emoji_codepoints (emoji_codepoint_id,emoji_id,codepoint_id,sequence_index) VALUES (6408, 2733, 1275, 1);

